metric,scenario_id,method_short,count,mean,std,min,median,max
scenario_name,B001,Full,0,,,,,
scenario_name,B001,HCS-i,0,,,,,
scenario_name,B001,KINO,0,,,,,
scenario_name,B001,OEAC-i,0,,,,,
scenario_name,B001,RF,0,,,,,
scenario_name,B002,Full,0,,,,,
scenario_name,B002,HCS-i,0,,,,,
scenario_name,B002,KINO,0,,,,,
scenario_name,B002,OEAC-i,0,,,,,
scenario_name,B002,RF,0,,,,,
scenario_name,B003,Full,0,,,,,
scenario_name,B003,HCS-i,0,,,,,
scenario_name,B003,KINO,0,,,,,
scenario_name,B003,OEAC-i,0,,,,,
scenario_name,B003,RF,0,,,,,
scenario_name,B004,Full,0,,,,,
scenario_name,B004,HCS-i,0,,,,,
scenario_name,B004,KINO,0,,,,,
scenario_name,B004,OEAC-i,0,,,,,
scenario_name,B004,RF,0,,,,,
scenario_name,B005,Full,0,,,,,
scenario_name,B005,HCS-i,0,,,,,
scenario_name,B005,KINO,0,,,,,
scenario_name,B005,OEAC-i,0,,,,,
scenario_name,B005,RF,0,,,,,
scenario_name,B006,Full,0,,,,,
scenario_name,B006,HCS-i,0,,,,,
scenario_name,B006,KINO,0,,,,,
scenario_name,B006,OEAC-i,0,,,,,
scenario_name,B006,RF,0,,,,,
scenario_name,B007,Full,0,,,,,
scenario_name,B007,HCS-i,0,,,,,
scenario_name,B007,KINO,0,,,,,
scenario_name,B007,OEAC-i,0,,,,,
scenario_name,B007,RF,0,,,,,
scenario_name,B008,Full,0,,,,,
scenario_name,B008,HCS-i,0,,,,,
scenario_name,B008,KINO,0,,,,,
scenario_name,B008,OEAC-i,0,,,,,
scenario_name,B008,RF,0,,,,,
scenario_name,B009,Full,0,,,,,
scenario_name,B009,HCS-i,0,,,,,
scenario_name,B009,KINO,0,,,,,
scenario_name,B009,OEAC-i,0,,,,,
scenario_name,B009,RF,0,,,,,
scenario_name,B010,Full,0,,,,,
scenario_name,B010,HCS-i,0,,,,,
scenario_name,B010,KINO,0,,,,,
scenario_name,B010,OEAC-i,0,,,,,
scenario_name,B010,RF,0,,,,,
init_lane,B001,Full,81,2.0,0.8215838362577492,1.0,2.0,3.0
init_lane,B001,HCS-i,81,2.0,0.8215838362577492,1.0,2.0,3.0
init_lane,B001,KINO,81,2.0,0.8215838362577492,1.0,2.0,3.0
init_lane,B001,OEAC-i,81,2.0,0.8215838362577492,1.0,2.0,3.0
init_lane,B001,RF,81,2.0,0.8215838362577492,1.0,2.0,3.0
init_lane,B002,Full,81,2.0,0.8215838362577492,1.0,2.0,3.0
init_lane,B002,HCS-i,81,2.0,0.8215838362577492,1.0,2.0,3.0
init_lane,B002,KINO,81,2.0,0.8215838362577492,1.0,2.0,3.0
init_lane,B002,OEAC-i,81,2.0,0.8215838362577492,1.0,2.0,3.0
init_lane,B002,RF,81,2.0,0.8215838362577492,1.0,2.0,3.0
init_lane,B003,Full,81,2.0,0.8215838362577492,1.0,2.0,3.0
init_lane,B003,HCS-i,81,2.0,0.8215838362577492,1.0,2.0,3.0
init_lane,B003,KINO,81,2.0,0.8215838362577492,1.0,2.0,3.0
init_lane,B003,OEAC-i,81,2.0,0.8215838362577492,1.0,2.0,3.0
init_lane,B003,RF,81,2.0,0.8215838362577492,1.0,2.0,3.0
init_lane,B004,Full,81,2.0,0.8215838362577492,1.0,2.0,3.0
init_lane,B004,HCS-i,81,2.0,0.8215838362577492,1.0,2.0,3.0
init_lane,B004,KINO,81,2.0,0.8215838362577492,1.0,2.0,3.0
init_lane,B004,OEAC-i,81,2.0,0.8215838362577492,1.0,2.0,3.0
init_lane,B004,RF,81,2.0,0.8215838362577492,1.0,2.0,3.0
init_lane,B005,Full,81,2.0,0.8215838362577492,1.0,2.0,3.0
init_lane,B005,HCS-i,81,2.0,0.8215838362577492,1.0,2.0,3.0
init_lane,B005,KINO,81,2.0,0.8215838362577492,1.0,2.0,3.0
init_lane,B005,OEAC-i,81,2.0,0.8215838362577492,1.0,2.0,3.0
init_lane,B005,RF,81,2.0,0.8215838362577492,1.0,2.0,3.0
init_lane,B006,Full,81,2.0,0.8215838362577492,1.0,2.0,3.0
init_lane,B006,HCS-i,81,2.0,0.8215838362577492,1.0,2.0,3.0
init_lane,B006,KINO,81,2.0,0.8215838362577492,1.0,2.0,3.0
init_lane,B006,OEAC-i,81,2.0,0.8215838362577492,1.0,2.0,3.0
init_lane,B006,RF,81,2.0,0.8215838362577492,1.0,2.0,3.0
init_lane,B007,Full,81,2.0,0.8215838362577492,1.0,2.0,3.0
init_lane,B007,HCS-i,81,2.0,0.8215838362577492,1.0,2.0,3.0
init_lane,B007,KINO,81,2.0,0.8215838362577492,1.0,2.0,3.0
init_lane,B007,OEAC-i,81,2.0,0.8215838362577492,1.0,2.0,3.0
init_lane,B007,RF,81,2.0,0.8215838362577492,1.0,2.0,3.0
init_lane,B008,Full,81,2.0,0.8215838362577492,1.0,2.0,3.0
init_lane,B008,HCS-i,81,2.0,0.8215838362577492,1.0,2.0,3.0
init_lane,B008,KINO,81,2.0,0.8215838362577492,1.0,2.0,3.0
init_lane,B008,OEAC-i,81,2.0,0.8215838362577492,1.0,2.0,3.0
init_lane,B008,RF,81,2.0,0.8215838362577492,1.0,2.0,3.0
init_lane,B009,Full,81,2.0,0.8215838362577492,1.0,2.0,3.0
init_lane,B009,HCS-i,81,2.0,0.8215838362577492,1.0,2.0,3.0
init_lane,B009,KINO,81,2.0,0.8215838362577492,1.0,2.0,3.0
init_lane,B009,OEAC-i,81,2.0,0.8215838362577492,1.0,2.0,3.0
init_lane,B009,RF,81,2.0,0.8215838362577492,1.0,2.0,3.0
init_lane,B010,Full,81,2.0,0.8215838362577492,1.0,2.0,3.0
init_lane,B010,HCS-i,81,2.0,0.8215838362577492,1.0,2.0,3.0
init_lane,B010,KINO,81,2.0,0.8215838362577492,1.0,2.0,3.0
init_lane,B010,OEAC-i,81,2.0,0.8215838362577492,1.0,2.0,3.0
init_lane,B010,RF,81,2.0,0.8215838362577492,1.0,2.0,3.0
v_init,B001,Full,81,12.0,2.598076211353316,8.0,12.0,16.0
v_init,B001,HCS-i,81,12.0,2.598076211353316,8.0,12.0,16.0
v_init,B001,KINO,81,12.0,2.598076211353316,8.0,12.0,16.0
v_init,B001,OEAC-i,81,12.0,2.598076211353316,8.0,12.0,16.0
v_init,B001,RF,81,12.0,2.598076211353316,8.0,12.0,16.0
v_init,B002,Full,81,12.0,2.598076211353316,8.0,12.0,16.0
v_init,B002,HCS-i,81,12.0,2.598076211353316,8.0,12.0,16.0
v_init,B002,KINO,81,12.0,2.598076211353316,8.0,12.0,16.0
v_init,B002,OEAC-i,81,12.0,2.598076211353316,8.0,12.0,16.0
v_init,B002,RF,81,12.0,2.598076211353316,8.0,12.0,16.0
v_init,B003,Full,81,12.0,2.598076211353316,8.0,12.0,16.0
v_init,B003,HCS-i,81,12.0,2.598076211353316,8.0,12.0,16.0
v_init,B003,KINO,81,12.0,2.598076211353316,8.0,12.0,16.0
v_init,B003,OEAC-i,81,12.0,2.598076211353316,8.0,12.0,16.0
v_init,B003,RF,81,12.0,2.598076211353316,8.0,12.0,16.0
v_init,B004,Full,81,12.0,2.598076211353316,8.0,12.0,16.0
v_init,B004,HCS-i,81,12.0,2.598076211353316,8.0,12.0,16.0
v_init,B004,KINO,81,12.0,2.598076211353316,8.0,12.0,16.0
v_init,B004,OEAC-i,81,12.0,2.598076211353316,8.0,12.0,16.0
v_init,B004,RF,81,12.0,2.598076211353316,8.0,12.0,16.0
v_init,B005,Full,81,12.0,2.598076211353316,8.0,12.0,16.0
v_init,B005,HCS-i,81,12.0,2.598076211353316,8.0,12.0,16.0
v_init,B005,KINO,81,12.0,2.598076211353316,8.0,12.0,16.0
v_init,B005,OEAC-i,81,12.0,2.598076211353316,8.0,12.0,16.0
v_init,B005,RF,81,12.0,2.598076211353316,8.0,12.0,16.0
v_init,B006,Full,81,12.0,2.598076211353316,8.0,12.0,16.0
v_init,B006,HCS-i,81,12.0,2.598076211353316,8.0,12.0,16.0
v_init,B006,KINO,81,12.0,2.598076211353316,8.0,12.0,16.0
v_init,B006,OEAC-i,81,12.0,2.598076211353316,8.0,12.0,16.0
v_init,B006,RF,81,12.0,2.598076211353316,8.0,12.0,16.0
v_init,B007,Full,81,12.0,2.598076211353316,8.0,12.0,16.0
v_init,B007,HCS-i,81,12.0,2.598076211353316,8.0,12.0,16.0
v_init,B007,KINO,81,12.0,2.598076211353316,8.0,12.0,16.0
v_init,B007,OEAC-i,81,12.0,2.598076211353316,8.0,12.0,16.0
v_init,B007,RF,81,12.0,2.598076211353316,8.0,12.0,16.0
v_init,B008,Full,81,12.0,2.598076211353316,8.0,12.0,16.0
v_init,B008,HCS-i,81,12.0,2.598076211353316,8.0,12.0,16.0
v_init,B008,KINO,81,12.0,2.598076211353316,8.0,12.0,16.0
v_init,B008,OEAC-i,81,12.0,2.598076211353316,8.0,12.0,16.0
v_init,B008,RF,81,12.0,2.598076211353316,8.0,12.0,16.0
v_init,B009,Full,81,12.0,2.598076211353316,8.0,12.0,16.0
v_init,B009,HCS-i,81,12.0,2.598076211353316,8.0,12.0,16.0
v_init,B009,KINO,81,12.0,2.598076211353316,8.0,12.0,16.0
v_init,B009,OEAC-i,81,12.0,2.598076211353316,8.0,12.0,16.0
v_init,B009,RF,81,12.0,2.598076211353316,8.0,12.0,16.0
v_init,B010,Full,81,12.0,2.598076211353316,8.0,12.0,16.0
v_init,B010,HCS-i,81,12.0,2.598076211353316,8.0,12.0,16.0
v_init,B010,KINO,81,12.0,2.598076211353316,8.0,12.0,16.0
v_init,B010,OEAC-i,81,12.0,2.598076211353316,8.0,12.0,16.0
v_init,B010,RF,81,12.0,2.598076211353316,8.0,12.0,16.0
SOC_init,B001,Full,81,0.6,0.03286335345030995,0.56,0.6,0.64
SOC_init,B001,HCS-i,81,0.6,0.03286335345030995,0.56,0.6,0.64
SOC_init,B001,KINO,81,0.6,0.03286335345030995,0.56,0.6,0.64
SOC_init,B001,OEAC-i,81,0.6,0.03286335345030995,0.56,0.6,0.64
SOC_init,B001,RF,81,0.6,0.03286335345030995,0.56,0.6,0.64
SOC_init,B002,Full,81,0.6,0.03286335345030995,0.56,0.6,0.64
SOC_init,B002,HCS-i,81,0.6,0.03286335345030995,0.56,0.6,0.64
SOC_init,B002,KINO,81,0.6,0.03286335345030995,0.56,0.6,0.64
SOC_init,B002,OEAC-i,81,0.6,0.03286335345030995,0.56,0.6,0.64
SOC_init,B002,RF,81,0.6,0.03286335345030995,0.56,0.6,0.64
SOC_init,B003,Full,81,0.6,0.03286335345030995,0.56,0.6,0.64
SOC_init,B003,HCS-i,81,0.6,0.03286335345030995,0.56,0.6,0.64
SOC_init,B003,KINO,81,0.6,0.03286335345030995,0.56,0.6,0.64
SOC_init,B003,OEAC-i,81,0.6,0.03286335345030995,0.56,0.6,0.64
SOC_init,B003,RF,81,0.6,0.03286335345030995,0.56,0.6,0.64
SOC_init,B004,Full,81,0.6,0.03286335345030995,0.56,0.6,0.64
SOC_init,B004,HCS-i,81,0.6,0.03286335345030995,0.56,0.6,0.64
SOC_init,B004,KINO,81,0.6,0.03286335345030995,0.56,0.6,0.64
SOC_init,B004,OEAC-i,81,0.6,0.03286335345030995,0.56,0.6,0.64
SOC_init,B004,RF,81,0.6,0.03286335345030995,0.56,0.6,0.64
SOC_init,B005,Full,81,0.6,0.03286335345030995,0.56,0.6,0.64
SOC_init,B005,HCS-i,81,0.6,0.03286335345030995,0.56,0.6,0.64
SOC_init,B005,KINO,81,0.6,0.03286335345030995,0.56,0.6,0.64
SOC_init,B005,OEAC-i,81,0.6,0.03286335345030995,0.56,0.6,0.64
SOC_init,B005,RF,81,0.6,0.03286335345030995,0.56,0.6,0.64
SOC_init,B006,Full,81,0.6,0.03286335345030995,0.56,0.6,0.64
SOC_init,B006,HCS-i,81,0.6,0.03286335345030995,0.56,0.6,0.64
SOC_init,B006,KINO,81,0.6,0.03286335345030995,0.56,0.6,0.64
SOC_init,B006,OEAC-i,81,0.6,0.03286335345030995,0.56,0.6,0.64
SOC_init,B006,RF,81,0.6,0.03286335345030995,0.56,0.6,0.64
SOC_init,B007,Full,81,0.6,0.03286335345030995,0.56,0.6,0.64
SOC_init,B007,HCS-i,81,0.6,0.03286335345030995,0.56,0.6,0.64
SOC_init,B007,KINO,81,0.6,0.03286335345030995,0.56,0.6,0.64
SOC_init,B007,OEAC-i,81,0.6,0.03286335345030995,0.56,0.6,0.64
SOC_init,B007,RF,81,0.6,0.03286335345030995,0.56,0.6,0.64
SOC_init,B008,Full,81,0.6,0.03286335345030995,0.56,0.6,0.64
SOC_init,B008,HCS-i,81,0.6,0.03286335345030995,0.56,0.6,0.64
SOC_init,B008,KINO,81,0.6,0.03286335345030995,0.56,0.6,0.64
SOC_init,B008,OEAC-i,81,0.6,0.03286335345030995,0.56,0.6,0.64
SOC_init,B008,RF,81,0.6,0.03286335345030995,0.56,0.6,0.64
SOC_init,B009,Full,81,0.6,0.03286335345030995,0.56,0.6,0.64
SOC_init,B009,HCS-i,81,0.6,0.03286335345030995,0.56,0.6,0.64
SOC_init,B009,KINO,81,0.6,0.03286335345030995,0.56,0.6,0.64
SOC_init,B009,OEAC-i,81,0.6,0.03286335345030995,0.56,0.6,0.64
SOC_init,B009,RF,81,0.6,0.03286335345030995,0.56,0.6,0.64
SOC_init,B010,Full,81,0.6,0.03286335345030995,0.56,0.6,0.64
SOC_init,B010,HCS-i,81,0.6,0.03286335345030995,0.56,0.6,0.64
SOC_init,B010,KINO,81,0.6,0.03286335345030995,0.56,0.6,0.64
SOC_init,B010,OEAC-i,81,0.6,0.03286335345030995,0.56,0.6,0.64
SOC_init,B010,RF,81,0.6,0.03286335345030995,0.56,0.6,0.64
init_speed_mps,B001,Full,81,12.0,2.598076211353316,8.0,12.0,16.0
init_speed_mps,B001,HCS-i,81,12.0,2.598076211353316,8.0,12.0,16.0
init_speed_mps,B001,KINO,81,12.0,2.598076211353316,8.0,12.0,16.0
init_speed_mps,B001,OEAC-i,81,12.0,2.598076211353316,8.0,12.0,16.0
init_speed_mps,B001,RF,81,12.0,2.598076211353316,8.0,12.0,16.0
init_speed_mps,B002,Full,81,12.0,2.598076211353316,8.0,12.0,16.0
init_speed_mps,B002,HCS-i,81,12.0,2.598076211353316,8.0,12.0,16.0
init_speed_mps,B002,KINO,81,12.0,2.598076211353316,8.0,12.0,16.0
init_speed_mps,B002,OEAC-i,81,12.0,2.598076211353316,8.0,12.0,16.0
init_speed_mps,B002,RF,81,12.0,2.598076211353316,8.0,12.0,16.0
init_speed_mps,B003,Full,81,12.0,2.598076211353316,8.0,12.0,16.0
init_speed_mps,B003,HCS-i,81,12.0,2.598076211353316,8.0,12.0,16.0
init_speed_mps,B003,KINO,81,12.0,2.598076211353316,8.0,12.0,16.0
init_speed_mps,B003,OEAC-i,81,12.0,2.598076211353316,8.0,12.0,16.0
init_speed_mps,B003,RF,81,12.0,2.598076211353316,8.0,12.0,16.0
init_speed_mps,B004,Full,81,12.0,2.598076211353316,8.0,12.0,16.0
init_speed_mps,B004,HCS-i,81,12.0,2.598076211353316,8.0,12.0,16.0
init_speed_mps,B004,KINO,81,12.0,2.598076211353316,8.0,12.0,16.0
init_speed_mps,B004,OEAC-i,81,12.0,2.598076211353316,8.0,12.0,16.0
init_speed_mps,B004,RF,81,12.0,2.598076211353316,8.0,12.0,16.0
init_speed_mps,B005,Full,81,12.0,2.598076211353316,8.0,12.0,16.0
init_speed_mps,B005,HCS-i,81,12.0,2.598076211353316,8.0,12.0,16.0
init_speed_mps,B005,KINO,81,12.0,2.598076211353316,8.0,12.0,16.0
init_speed_mps,B005,OEAC-i,81,12.0,2.598076211353316,8.0,12.0,16.0
init_speed_mps,B005,RF,81,12.0,2.598076211353316,8.0,12.0,16.0
init_speed_mps,B006,Full,81,12.0,2.598076211353316,8.0,12.0,16.0
init_speed_mps,B006,HCS-i,81,12.0,2.598076211353316,8.0,12.0,16.0
init_speed_mps,B006,KINO,81,12.0,2.598076211353316,8.0,12.0,16.0
init_speed_mps,B006,OEAC-i,81,12.0,2.598076211353316,8.0,12.0,16.0
init_speed_mps,B006,RF,81,12.0,2.598076211353316,8.0,12.0,16.0
init_speed_mps,B007,Full,81,12.0,2.598076211353316,8.0,12.0,16.0
init_speed_mps,B007,HCS-i,81,12.0,2.598076211353316,8.0,12.0,16.0
init_speed_mps,B007,KINO,81,12.0,2.598076211353316,8.0,12.0,16.0
init_speed_mps,B007,OEAC-i,81,12.0,2.598076211353316,8.0,12.0,16.0
init_speed_mps,B007,RF,81,12.0,2.598076211353316,8.0,12.0,16.0
init_speed_mps,B008,Full,81,12.0,2.598076211353316,8.0,12.0,16.0
init_speed_mps,B008,HCS-i,81,12.0,2.598076211353316,8.0,12.0,16.0
init_speed_mps,B008,KINO,81,12.0,2.598076211353316,8.0,12.0,16.0
init_speed_mps,B008,OEAC-i,81,12.0,2.598076211353316,8.0,12.0,16.0
init_speed_mps,B008,RF,81,12.0,2.598076211353316,8.0,12.0,16.0
init_speed_mps,B009,Full,81,12.0,2.598076211353316,8.0,12.0,16.0
init_speed_mps,B009,HCS-i,81,12.0,2.598076211353316,8.0,12.0,16.0
init_speed_mps,B009,KINO,81,12.0,2.598076211353316,8.0,12.0,16.0
init_speed_mps,B009,OEAC-i,81,12.0,2.598076211353316,8.0,12.0,16.0
init_speed_mps,B009,RF,81,12.0,2.598076211353316,8.0,12.0,16.0
init_speed_mps,B010,Full,81,12.0,2.598076211353316,8.0,12.0,16.0
init_speed_mps,B010,HCS-i,81,12.0,2.598076211353316,8.0,12.0,16.0
init_speed_mps,B010,KINO,81,12.0,2.598076211353316,8.0,12.0,16.0
init_speed_mps,B010,OEAC-i,81,12.0,2.598076211353316,8.0,12.0,16.0
init_speed_mps,B010,RF,81,12.0,2.598076211353316,8.0,12.0,16.0
init_soc,B001,Full,81,0.6,0.03286335345030995,0.56,0.6,0.64
init_soc,B001,HCS-i,81,0.6,0.03286335345030995,0.56,0.6,0.64
init_soc,B001,KINO,81,0.6,0.03286335345030995,0.56,0.6,0.64
init_soc,B001,OEAC-i,81,0.6,0.03286335345030995,0.56,0.6,0.64
init_soc,B001,RF,81,0.6,0.03286335345030995,0.56,0.6,0.64
init_soc,B002,Full,81,0.6,0.03286335345030995,0.56,0.6,0.64
init_soc,B002,HCS-i,81,0.6,0.03286335345030995,0.56,0.6,0.64
init_soc,B002,KINO,81,0.6,0.03286335345030995,0.56,0.6,0.64
init_soc,B002,OEAC-i,81,0.6,0.03286335345030995,0.56,0.6,0.64
init_soc,B002,RF,81,0.6,0.03286335345030995,0.56,0.6,0.64
init_soc,B003,Full,81,0.6,0.03286335345030995,0.56,0.6,0.64
init_soc,B003,HCS-i,81,0.6,0.03286335345030995,0.56,0.6,0.64
init_soc,B003,KINO,81,0.6,0.03286335345030995,0.56,0.6,0.64
init_soc,B003,OEAC-i,81,0.6,0.03286335345030995,0.56,0.6,0.64
init_soc,B003,RF,81,0.6,0.03286335345030995,0.56,0.6,0.64
init_soc,B004,Full,81,0.6,0.03286335345030995,0.56,0.6,0.64
init_soc,B004,HCS-i,81,0.6,0.03286335345030995,0.56,0.6,0.64
init_soc,B004,KINO,81,0.6,0.03286335345030995,0.56,0.6,0.64
init_soc,B004,OEAC-i,81,0.6,0.03286335345030995,0.56,0.6,0.64
init_soc,B004,RF,81,0.6,0.03286335345030995,0.56,0.6,0.64
init_soc,B005,Full,81,0.6,0.03286335345030995,0.56,0.6,0.64
init_soc,B005,HCS-i,81,0.6,0.03286335345030995,0.56,0.6,0.64
init_soc,B005,KINO,81,0.6,0.03286335345030995,0.56,0.6,0.64
init_soc,B005,OEAC-i,81,0.6,0.03286335345030995,0.56,0.6,0.64
init_soc,B005,RF,81,0.6,0.03286335345030995,0.56,0.6,0.64
init_soc,B006,Full,81,0.6,0.03286335345030995,0.56,0.6,0.64
init_soc,B006,HCS-i,81,0.6,0.03286335345030995,0.56,0.6,0.64
init_soc,B006,KINO,81,0.6,0.03286335345030995,0.56,0.6,0.64
init_soc,B006,OEAC-i,81,0.6,0.03286335345030995,0.56,0.6,0.64
init_soc,B006,RF,81,0.6,0.03286335345030995,0.56,0.6,0.64
init_soc,B007,Full,81,0.6,0.03286335345030995,0.56,0.6,0.64
init_soc,B007,HCS-i,81,0.6,0.03286335345030995,0.56,0.6,0.64
init_soc,B007,KINO,81,0.6,0.03286335345030995,0.56,0.6,0.64
init_soc,B007,OEAC-i,81,0.6,0.03286335345030995,0.56,0.6,0.64
init_soc,B007,RF,81,0.6,0.03286335345030995,0.56,0.6,0.64
init_soc,B008,Full,81,0.6,0.03286335345030995,0.56,0.6,0.64
init_soc,B008,HCS-i,81,0.6,0.03286335345030995,0.56,0.6,0.64
init_soc,B008,KINO,81,0.6,0.03286335345030995,0.56,0.6,0.64
init_soc,B008,OEAC-i,81,0.6,0.03286335345030995,0.56,0.6,0.64
init_soc,B008,RF,81,0.6,0.03286335345030995,0.56,0.6,0.64
init_soc,B009,Full,81,0.6,0.03286335345030995,0.56,0.6,0.64
init_soc,B009,HCS-i,81,0.6,0.03286335345030995,0.56,0.6,0.64
init_soc,B009,KINO,81,0.6,0.03286335345030995,0.56,0.6,0.64
init_soc,B009,OEAC-i,81,0.6,0.03286335345030995,0.56,0.6,0.64
init_soc,B009,RF,81,0.6,0.03286335345030995,0.56,0.6,0.64
init_soc,B010,Full,81,0.6,0.03286335345030995,0.56,0.6,0.64
init_soc,B010,HCS-i,81,0.6,0.03286335345030995,0.56,0.6,0.64
init_soc,B010,KINO,81,0.6,0.03286335345030995,0.56,0.6,0.64
init_soc,B010,OEAC-i,81,0.6,0.03286335345030995,0.56,0.6,0.64
init_soc,B010,RF,81,0.6,0.03286335345030995,0.56,0.6,0.64
infeasible,B001,Full,81,0.0,0.0,0.0,0.0,0.0
infeasible,B001,HCS-i,81,0.0,0.0,0.0,0.0,0.0
infeasible,B001,KINO,81,0.0,0.0,0.0,0.0,0.0
infeasible,B001,OEAC-i,81,0.0,0.0,0.0,0.0,0.0
infeasible,B001,RF,81,0.0,0.0,0.0,0.0,0.0
infeasible,B002,Full,81,0.0,0.0,0.0,0.0,0.0
infeasible,B002,HCS-i,81,0.5925925925925926,0.49441323247304414,0.0,1.0,1.0
infeasible,B002,KINO,81,0.0,0.0,0.0,0.0,0.0
infeasible,B002,OEAC-i,81,0.0,0.0,0.0,0.0,0.0
infeasible,B002,RF,81,0.0,0.0,0.0,0.0,0.0
infeasible,B003,Full,81,0.0,0.0,0.0,0.0,0.0
infeasible,B003,HCS-i,81,0.25925925925925924,0.44095855184409843,0.0,0.0,1.0
infeasible,B003,KINO,81,0.0,0.0,0.0,0.0,0.0
infeasible,B003,OEAC-i,81,0.0,0.0,0.0,0.0,0.0
infeasible,B003,RF,81,0.0,0.0,0.0,0.0,0.0
infeasible,B004,Full,81,0.0,0.0,0.0,0.0,0.0
infeasible,B004,HCS-i,81,0.5925925925925926,0.49441323247304414,0.0,1.0,1.0
infeasible,B004,KINO,81,0.0,0.0,0.0,0.0,0.0
infeasible,B004,OEAC-i,81,0.0,0.0,0.0,0.0,0.0
infeasible,B004,RF,81,0.0,0.0,0.0,0.0,0.0
infeasible,B005,Full,81,0.0,0.0,0.0,0.0,0.0
infeasible,B005,HCS-i,81,1.0,0.0,1.0,1.0,1.0
infeasible,B005,KINO,81,0.0,0.0,0.0,0.0,0.0
infeasible,B005,OEAC-i,81,0.0,0.0,0.0,0.0,0.0
infeasible,B005,RF,81,0.0,0.0,0.0,0.0,0.0
infeasible,B006,Full,81,0.0,0.0,0.0,0.0,0.0
infeasible,B006,HCS-i,81,0.25925925925925924,0.44095855184409843,0.0,0.0,1.0
infeasible,B006,KINO,81,0.0,0.0,0.0,0.0,0.0
infeasible,B006,OEAC-i,81,0.0,0.0,0.0,0.0,0.0
infeasible,B006,RF,81,0.0,0.0,0.0,0.0,0.0
infeasible,B007,Full,81,0.0,0.0,0.0,0.0,0.0
infeasible,B007,HCS-i,81,0.3333333333333333,0.4743416490252569,0.0,0.0,1.0
infeasible,B007,KINO,81,0.0,0.0,0.0,0.0,0.0
infeasible,B007,OEAC-i,81,0.07407407407407407,0.2635231383473649,0.0,0.0,1.0
infeasible,B007,RF,81,0.0,0.0,0.0,0.0,0.0
infeasible,B008,Full,81,0.0,0.0,0.0,0.0,0.0
infeasible,B008,HCS-i,81,0.25925925925925924,0.44095855184409843,0.0,0.0,1.0
infeasible,B008,KINO,81,0.0,0.0,0.0,0.0,0.0
infeasible,B008,OEAC-i,81,0.0,0.0,0.0,0.0,0.0
infeasible,B008,RF,81,0.0,0.0,0.0,0.0,0.0
infeasible,B009,Full,81,0.0,0.0,0.0,0.0,0.0
infeasible,B009,HCS-i,81,0.5925925925925926,0.49441323247304414,0.0,1.0,1.0
infeasible,B009,KINO,81,0.0,0.0,0.0,0.0,0.0
infeasible,B009,OEAC-i,81,0.0,0.0,0.0,0.0,0.0
infeasible,B009,RF,81,0.0,0.0,0.0,0.0,0.0
infeasible,B010,Full,81,0.0,0.0,0.0,0.0,0.0
infeasible,B010,HCS-i,81,1.0,0.0,1.0,1.0,1.0
infeasible,B010,KINO,81,0.0,0.0,0.0,0.0,0.0
infeasible,B010,OEAC-i,81,1.0,0.0,1.0,1.0,1.0
infeasible,B010,RF,81,0.0,0.0,0.0,0.0,0.0
comparison_target_m,B001,Full,81,2217.6,0.0,2217.6,2217.6,2217.6
comparison_target_m,B001,HCS-i,81,2217.6,0.0,2217.6,2217.6,2217.6
comparison_target_m,B001,KINO,81,2217.6,0.0,2217.6,2217.6,2217.6
comparison_target_m,B001,OEAC-i,81,2217.6,0.0,2217.6,2217.6,2217.6
comparison_target_m,B001,RF,81,2217.6,0.0,2217.6,2217.6,2217.6
comparison_target_m,B002,Full,81,2237.7599999999998,0.0,2237.7599999999998,2237.7599999999998,2237.7599999999998
comparison_target_m,B002,HCS-i,81,2237.7599999999998,0.0,2237.7599999999998,2237.7599999999998,2237.7599999999998
comparison_target_m,B002,KINO,81,2237.7599999999998,0.0,2237.7599999999998,2237.7599999999998,2237.7599999999998
comparison_target_m,B002,OEAC-i,81,2237.7599999999998,0.0,2237.7599999999998,2237.7599999999998,2237.7599999999998
comparison_target_m,B002,RF,81,2237.7599999999998,0.0,2237.7599999999998,2237.7599999999998,2237.7599999999998
comparison_target_m,B003,Full,81,2197.44,0.0,2197.44,2197.44,2197.44
comparison_target_m,B003,HCS-i,81,2197.44,0.0,2197.44,2197.44,2197.44
comparison_target_m,B003,KINO,81,2197.44,0.0,2197.44,2197.44,2197.44
comparison_target_m,B003,OEAC-i,81,2197.44,0.0,2197.44,2197.44,2197.44
comparison_target_m,B003,RF,81,2197.44,0.0,2197.44,2197.44,2197.44
comparison_target_m,B004,Full,81,2217.6,0.0,2217.6,2217.6,2217.6
comparison_target_m,B004,HCS-i,81,2217.6,0.0,2217.6,2217.6,2217.6
comparison_target_m,B004,KINO,81,2217.6,0.0,2217.6,2217.6,2217.6
comparison_target_m,B004,OEAC-i,81,2217.6,0.0,2217.6,2217.6,2217.6
comparison_target_m,B004,RF,81,2217.6,0.0,2217.6,2217.6,2217.6
comparison_target_m,B005,Full,81,2217.6,0.0,2217.6,2217.6,2217.6
comparison_target_m,B005,HCS-i,81,2217.6,0.0,2217.6,2217.6,2217.6
comparison_target_m,B005,KINO,81,2217.6,0.0,2217.6,2217.6,2217.6
comparison_target_m,B005,OEAC-i,81,2217.6,0.0,2217.6,2217.6,2217.6
comparison_target_m,B005,RF,81,2217.6,0.0,2217.6,2217.6,2217.6
comparison_target_m,B006,Full,81,2177.28,0.0,2177.28,2177.28,2177.28
comparison_target_m,B006,HCS-i,81,2177.28,0.0,2177.28,2177.28,2177.28
comparison_target_m,B006,KINO,81,2177.28,0.0,2177.28,2177.28,2177.28
comparison_target_m,B006,OEAC-i,81,2177.28,0.0,2177.28,2177.28,2177.28
comparison_target_m,B006,RF,81,2177.28,0.0,2177.28,2177.28,2177.28
comparison_target_m,B007,Full,81,2257.92,0.0,2257.92,2257.92,2257.92
comparison_target_m,B007,HCS-i,81,2257.92,0.0,2257.92,2257.92,2257.92
comparison_target_m,B007,KINO,81,2257.92,0.0,2257.92,2257.92,2257.92
comparison_target_m,B007,OEAC-i,81,2257.92,0.0,2257.92,2257.92,2257.92
comparison_target_m,B007,RF,81,2257.92,0.0,2257.92,2257.92,2257.92
comparison_target_m,B008,Full,81,2217.6,0.0,2217.6,2217.6,2217.6
comparison_target_m,B008,HCS-i,81,2217.6,0.0,2217.6,2217.6,2217.6
comparison_target_m,B008,KINO,81,2217.6,0.0,2217.6,2217.6,2217.6
comparison_target_m,B008,OEAC-i,81,2217.6,0.0,2217.6,2217.6,2217.6
comparison_target_m,B008,RF,81,2217.6,0.0,2217.6,2217.6,2217.6
comparison_target_m,B009,Full,81,2237.7599999999998,0.0,2237.7599999999998,2237.7599999999998,2237.7599999999998
comparison_target_m,B009,HCS-i,81,2237.7599999999998,0.0,2237.7599999999998,2237.7599999999998,2237.7599999999998
comparison_target_m,B009,KINO,81,2237.7599999999998,0.0,2237.7599999999998,2237.7599999999998,2237.7599999999998
comparison_target_m,B009,OEAC-i,81,2237.7599999999998,0.0,2237.7599999999998,2237.7599999999998,2237.7599999999998
comparison_target_m,B009,RF,81,2237.7599999999998,0.0,2237.7599999999998,2237.7599999999998,2237.7599999999998
comparison_target_m,B010,Full,81,2217.6,0.0,2217.6,2217.6,2217.6
comparison_target_m,B010,HCS-i,81,2217.6,0.0,2217.6,2217.6,2217.6
comparison_target_m,B010,KINO,81,2217.6,0.0,2217.6,2217.6,2217.6
comparison_target_m,B010,OEAC-i,81,2217.6,0.0,2217.6,2217.6,2217.6
comparison_target_m,B010,RF,81,2217.6,0.0,2217.6,2217.6,2217.6
solver_time_sec,B001,Full,81,7.58150616692908,2.698665500149282,4.138999938964844,6.611000061035156,13.460000038146973
solver_time_sec,B001,HCS-i,81,6.591390354318809,1.3135995473096185,4.127957499935292,6.478654999984428,9.360219300026074
solver_time_sec,B001,KINO,81,0.6418518872908604,0.10588272965037704,0.4940001964569092,0.6159999370574951,0.990999698638916
solver_time_sec,B001,OEAC-i,81,1.306740679017866,0.16610635864356424,1.0508763000834733,1.2749514000024647,1.756509599974379
solver_time_sec,B001,RF,81,0.0,0.0,0.0,0.0,0.0
solver_time_sec,B002,Full,81,17.937592600598748,4.564120856845343,11.021999597549438,17.74400019645691,29.89900016784668
solver_time_sec,B002,HCS-i,81,2.916641192592646,3.6706146567315487,0.0,0.0,10.003381200018339
solver_time_sec,B002,KINO,81,0.8979999901335917,0.09619330348597487,0.7329995632171631,0.9079997539520264,1.1959998607635498
solver_time_sec,B002,OEAC-i,81,1.615989437042218,0.16984731387578964,1.3736055000917986,1.5722512999782339,2.215113600017503
solver_time_sec,B002,RF,81,0.0,0.0,0.0,0.0,0.0
solver_time_sec,B003,Full,81,20.71896297843368,5.447246134865727,8.88100004196167,19.527999877929688,32.80199980735779
solver_time_sec,B003,HCS-i,81,4.9151101950699765,3.129335887471213,0.0,6.23668460000772,9.622765699983574
solver_time_sec,B003,KINO,81,0.8999382772563417,0.0875219057519562,0.7269999980926514,0.9009997844696045,1.124000072479248
solver_time_sec,B003,OEAC-i,81,0.9856181814806697,0.07678778328822625,0.8773282999172807,0.9639987000264227,1.1560131000587717
solver_time_sec,B003,RF,81,0.0,0.0,0.0,0.0,0.0
solver_time_sec,B004,Full,81,14.346790122397152,3.62155796447157,7.881000280380249,13.80899977684021,22.186000108718872
solver_time_sec,B004,HCS-i,81,3.190370716051095,3.904142532969086,0.0,0.0,9.500210500089452
solver_time_sec,B004,KINO,81,0.8413210032898703,0.09196652136433055,0.6809999942779541,0.8289997577667236,1.0510003566741943
solver_time_sec,B004,OEAC-i,81,1.2516005469175677,0.10784135234096254,1.0790445000166073,1.2381270000478253,1.6941113999346271
solver_time_sec,B004,RF,81,0.0,0.0,0.0,0.0,0.0
solver_time_sec,B005,Full,81,9.709098762936062,3.9736247184526152,4.1540000438690186,9.394000053405762,23.747999906539917
solver_time_sec,B005,HCS-i,81,0.0,0.0,0.0,0.0,0.0
solver_time_sec,B005,KINO,81,0.64938270309825,0.05823180516717098,0.5709996223449707,0.6450002193450928,0.9160001277923584
solver_time_sec,B005,OEAC-i,81,1.3858605209898986,0.08082116885241226,1.2335857000434771,1.3897022999590263,1.6631396999582648
solver_time_sec,B005,RF,81,0.0,0.0,0.0,0.0,0.0
solver_time_sec,B006,Full,81,16.524753040737576,5.4789071771750155,6.667999982833862,16.465999841690063,36.38100028038025
solver_time_sec,B006,HCS-i,81,5.396947783955523,3.3410704061900858,0.0,6.997699100058526,9.524674199987203
solver_time_sec,B006,KINO,81,0.880530834197998,0.058557900287360874,0.749000072479248,0.8889997005462646,1.062999963760376
solver_time_sec,B006,OEAC-i,81,1.0244398691381018,0.059091680722569366,0.8837879000930116,1.027541899937205,1.1723765999777243
solver_time_sec,B006,RF,81,0.0,0.0,0.0,0.0,0.0
solver_time_sec,B007,Full,81,14.497123450408747,7.603522730126915,6.0959999561309814,11.400999784469604,48.33800005912781
solver_time_sec,B007,HCS-i,81,5.22386299753073,3.7959910506997376,0.0,7.372728899936192,10.462768199970014
solver_time_sec,B007,KINO,81,0.9320740994111991,0.06927353039413502,0.7920000553131104,0.932999849319458,1.138000249862671
solver_time_sec,B007,OEAC-i,81,1.6181890049354277,0.4773227041606672,0.0,1.717848000000231,2.262873600004241
solver_time_sec,B007,RF,81,0.0,0.0,0.0,0.0,0.0
solver_time_sec,B008,Full,81,16.166839523079954,10.611799245924008,5.718999862670898,14.184000253677368,93.57100033760071
solver_time_sec,B008,HCS-i,81,5.92983270987989,3.6651272107992456,0.0,7.452084199991077,10.66789779998362
solver_time_sec,B008,KINO,81,0.9038888701686153,0.0755312883554599,0.7339999675750732,0.8909997940063477,1.2370002269744873
solver_time_sec,B008,OEAC-i,81,1.3788868037029456,0.08755928994443964,1.192943700007163,1.3639949000207707,1.6472088999580592
solver_time_sec,B008,RF,81,0.0,0.0,0.0,0.0,0.0
solver_time_sec,B009,Full,81,15.048320985134737,5.860679540320203,5.880999803543091,14.545000076293945,32.19000005722046
solver_time_sec,B009,HCS-i,81,3.3611564444432633,4.131948389802064,0.0,0.0,10.764866000041366
solver_time_sec,B009,KINO,81,0.8445061283347047,0.051432985352075355,0.7309999465942383,0.8429999351501465,0.9790000915527344
solver_time_sec,B009,OEAC-i,81,1.3499352049404456,0.08403351900145546,1.169791999971494,1.3464860999956727,1.5885033999802545
solver_time_sec,B009,RF,81,0.0,0.0,0.0,0.0,0.0
solver_time_sec,B010,Full,81,20.670864225905618,10.336534040814946,6.713999509811401,19.54300022125244,61.229000091552734
solver_time_sec,B010,HCS-i,81,0.0,0.0,0.0,0.0,0.0
solver_time_sec,B010,KINO,81,1.240111118481483,0.1737903357141154,0.8429999351501465,1.252000331878662,1.5490002632141113
solver_time_sec,B010,OEAC-i,81,0.0,0.0,0.0,0.0,0.0
solver_time_sec,B010,RF,81,0.0,0.0,0.0,0.0,0.0
runtime_sec,B001,Full,81,7.610538811121067,2.7026135378594236,4.164700699970126,6.6399967999896035,13.494618600001559
runtime_sec,B001,HCS-i,81,6.591390354318809,1.3135995473096185,4.127957499935292,6.478654999984428,9.360219300026074
runtime_sec,B001,KINO,81,0.6600021098849628,0.10646899890593496,0.5089213999453932,0.6348744999850169,1.0132716000080109
runtime_sec,B001,OEAC-i,81,1.3067403061798326,0.16610631147122484,1.050876000081189,1.2749509999994189,1.7565091999713331
runtime_sec,B001,RF,81,0.019310680235287658,0.005508507417376633,0.015169699909165502,0.017916299984790385,0.049978299997746944
runtime_sec,B002,Full,81,17.975869386425288,4.567295979882446,11.057529399986379,17.77767809992656,29.949305000016466
runtime_sec,B002,HCS-i,81,2.916641192592646,3.6706146567315487,0.0,0.0,10.003381200018339
runtime_sec,B002,KINO,81,0.9170578407327771,0.0968498422864103,0.7478884999873117,0.9250593999167904,1.2125050000613555
runtime_sec,B002,OEAC-i,81,1.6159890691396195,0.16984730065542541,1.3736053000902757,1.572250899975188,2.2151131000136957
runtime_sec,B002,RF,81,0.020080555558066676,0.006063748712677384,0.015096499933861196,0.018340099952183664,0.04468110005836934
runtime_sec,B003,Full,81,20.75846052963149,5.454289469486489,8.904701400082558,19.566877499921247,32.92196059995331
runtime_sec,B003,HCS-i,81,4.9151101950699765,3.129335887471213,0.0,6.23668460000772,9.622765699983574
runtime_sec,B003,KINO,81,0.9206447098749103,0.08768097340329178,0.7441226999508217,0.9182762999553233,1.145727499970235
runtime_sec,B003,OEAC-i,81,0.9856178172846773,0.07678776099061158,0.8773279000306502,0.9639983000233769,1.1560127000557259
runtime_sec,B003,RF,81,0.018596008639886148,0.0032493875350521643,0.015392799978144467,0.017353100003674626,0.028865700005553663
runtime_sec,B004,Full,81,14.381491279015375,3.6238241462858776,7.904490999993868,13.84082609997131,22.23527229996398
runtime_sec,B004,HCS-i,81,3.190370716051095,3.904142532969086,0.0,0.0,9.500210500089452
runtime_sec,B004,KINO,81,0.860119607405921,0.09238513720804975,0.7004535000305623,0.8463064000243321,1.0686702999519184
runtime_sec,B004,OEAC-i,81,1.2516001629669011,0.10784134444713697,1.0790441000135615,1.2381266000447795,1.6941111999331042
runtime_sec,B004,RF,81,0.018686764192319027,0.004595259203474412,0.014932799967937171,0.017302800086326897,0.040623200009576976
runtime_sec,B005,Full,81,9.74325158147653,3.9796762144524642,4.180189199978486,9.427515899995342,23.812777699902654
runtime_sec,B005,HCS-i,81,0.0,0.0,0.0,0.0,0.0
runtime_sec,B005,KINO,81,0.6674386506086721,0.058959454640102625,0.5865605000872165,0.6627199000213295,0.9408381999237463
runtime_sec,B005,OEAC-i,81,1.3858601716059593,0.08082116527372714,1.2335855000419542,1.3897014999529347,1.663139299955219
runtime_sec,B005,RF,81,0.018112425929521798,0.0048851261037751205,0.014572399901226163,0.01638779998756945,0.03943700005766004
runtime_sec,B006,Full,81,16.56487313826873,5.483523467430055,6.691677100025117,16.494875599979423,36.41885000001639
runtime_sec,B006,HCS-i,81,5.396947783955523,3.3410704061900858,0.0,6.997699100058526,9.524674199987203
runtime_sec,B006,KINO,81,0.9003887987684136,0.059097314119361324,0.7664070000173524,0.9074967999476939,1.0836988999508321
runtime_sec,B006,OEAC-i,81,1.0244395296322182,0.05909168069150187,0.8837875000899658,1.0275416999356821,1.1723761999746785
runtime_sec,B006,RF,81,0.018964682720072658,0.005920693225014791,0.014693300006911159,0.01704710000194609,0.05269390007015318
runtime_sec,B007,Full,81,14.528940771595735,7.606465980824265,6.11855359992478,11.433280299999751,48.359824100043625
runtime_sec,B007,HCS-i,81,5.22386299753073,3.7959910506997376,0.0,7.372728899936192,10.462768199970014
runtime_sec,B007,KINO,81,0.9515643024638893,0.07080188297031165,0.8072441999102011,0.949843000038527,1.1677987000439316
runtime_sec,B007,OEAC-i,81,1.6181886469108846,0.4773225966506409,0.0,1.7178476999979466,2.2628728999989107
runtime_sec,B007,RF,81,0.0198135432186479,0.006811554799574239,0.014491699985228479,0.018188900081440806,0.05634249991271645
runtime_sec,B008,Full,81,16.206231061729923,10.615042028874353,5.741747099906206,14.22084059996996,93.61202559992671
runtime_sec,B008,HCS-i,81,5.92983270987989,3.6651272107992456,0.0,7.452084199991077,10.66789779998362
runtime_sec,B008,KINO,81,0.9242557419699697,0.07607398087678026,0.7546899999724701,0.9113771000411361,1.2578445998951793
runtime_sec,B008,OEAC-i,81,1.3788864678993569,0.08755928356912185,1.1929434000048786,1.3639946000184864,1.6472085999557748
runtime_sec,B008,RF,81,0.018642585182757933,0.006041444097623341,0.014807599945925176,0.016290799947455525,0.046998600009828806
runtime_sec,B009,Full,81,15.094336556798181,5.8631255784481855,5.907490100013092,14.615302699967287,32.25372320006136
runtime_sec,B009,HCS-i,81,3.3611564444432633,4.131948389802064,0.0,0.0,10.764866000041366
runtime_sec,B009,KINO,81,0.864590996298594,0.05212315094598404,0.746543399989605,0.865485499962233,0.9968877000501379
runtime_sec,B009,OEAC-i,81,1.3499348098757091,0.08403351372950353,1.1697915999684483,1.3464857999933884,1.5885030999779701
runtime_sec,B009,RF,81,0.01910577653935984,0.005734114822138894,0.014644899987615645,0.016023000003769994,0.042446000035852194
runtime_sec,B010,Full,81,20.70592093457077,10.33903652708092,6.739539100090042,19.581640499993227,61.287008300074376
runtime_sec,B010,HCS-i,81,0.0,0.0,0.0,0.0,0.0
runtime_sec,B010,KINO,81,1.2607824901207982,0.1741675669669004,0.8638142000418156,1.2759814000455663,1.572895499994047
runtime_sec,B010,OEAC-i,81,0.0,0.0,0.0,0.0,0.0
runtime_sec,B010,RF,81,0.020638434568500535,0.007523779769317044,0.014177599921822548,0.018233500071801245,0.04349409998394549
mip_gap,B001,Full,81,0.00013732260656173186,2.0886267603618812e-05,6.264021669938863e-05,0.00014112880009064488,0.00016778147697587688
mip_gap,B001,HCS-i,0,,,,,
mip_gap,B001,KINO,81,0.0,0.0,0.0,0.0,0.0
mip_gap,B001,OEAC-i,0,,,,,
mip_gap,B001,RF,0,,,,,
mip_gap,B002,Full,81,0.00023928060075531572,3.109648957433291e-05,0.00019126478487934025,0.00024113278208339346,0.00030743329315007347
mip_gap,B002,HCS-i,0,,,,,
mip_gap,B002,KINO,81,2.940056078919952e-05,6.205538415298868e-05,0.0,0.0,0.00015876302826167742
mip_gap,B002,OEAC-i,0,,,,,
mip_gap,B002,RF,0,,,,,
mip_gap,B003,Full,81,0.0002943438993879764,3.592874589515471e-05,0.00022677511889256335,0.00028883617933449425,0.0003604738404601284
mip_gap,B003,HCS-i,0,,,,,
mip_gap,B003,KINO,81,2.1729601577524034e-11,5.2430403701285074e-11,0.0,0.0,1.4667481064828724e-10
mip_gap,B003,OEAC-i,0,,,,,
mip_gap,B003,RF,0,,,,,
mip_gap,B004,Full,81,0.00025469265197203077,4.683495097268874e-05,0.0001949830494581725,0.00024496844673389806,0.0004064321891326625
mip_gap,B004,HCS-i,0,,,,,
mip_gap,B004,KINO,81,0.0005767983758364435,0.00011339216069381333,4.097400493822821e-06,0.0005972859849803145,0.0006455006367799466
mip_gap,B004,OEAC-i,0,,,,,
mip_gap,B004,RF,0,,,,,
mip_gap,B005,Full,81,0.0001961942373878035,3.156973760163942e-05,0.00013226946460820373,0.00020844203087784152,0.0002273612846714713
mip_gap,B005,HCS-i,0,,,,,
mip_gap,B005,KINO,81,0.0002277483386440471,3.526665295350258e-07,0.00022736632794876082,0.00022756610894361447,0.00022847000580306407
mip_gap,B005,OEAC-i,0,,,,,
mip_gap,B005,RF,0,,,,,
mip_gap,B006,Full,81,0.0002902326947630598,3.637327165668262e-05,0.00022409209821998576,0.0002863504417890192,0.00040069487814489767
mip_gap,B006,HCS-i,0,,,,,
mip_gap,B006,KINO,81,3.893209543465099e-05,0.00011080268636102841,0.0,0.0,0.00035041711209805334
mip_gap,B006,OEAC-i,0,,,,,
mip_gap,B006,RF,0,,,,,
mip_gap,B007,Full,81,0.0001559518343660657,7.890277494840396e-05,8.368809564932557e-05,0.00014817281753903028,0.0007594085547412609
mip_gap,B007,HCS-i,0,,,,,
mip_gap,B007,KINO,81,0.0005814329165264985,0.0001700560575209236,5.598314816045221e-06,0.0006228291359689593,0.0007973233797196729
mip_gap,B007,OEAC-i,0,,,,,
mip_gap,B007,RF,0,,,,,
mip_gap,B008,Full,81,0.00023198525631217437,0.00011189426455941823,0.00014809154684312058,0.00020698326011536758,0.0009999623379346417
mip_gap,B008,HCS-i,0,,,,,
mip_gap,B008,KINO,81,8.5337015415914e-07,1.771180997110908e-06,0.0,0.0,4.9218639490614554e-06
mip_gap,B008,OEAC-i,0,,,,,
mip_gap,B008,RF,0,,,,,
mip_gap,B009,Full,81,0.0001779586299536684,6.788473689147526e-05,9.260748637715892e-05,0.00016637468815965264,0.0004984123331667241
mip_gap,B009,HCS-i,0,,,,,
mip_gap,B009,KINO,81,0.0,0.0,0.0,0.0,0.0
mip_gap,B009,OEAC-i,0,,,,,
mip_gap,B009,RF,0,,,,,
mip_gap,B010,Full,81,0.00013645839468702606,0.00019355951363634192,6.0632347093947366e-05,8.322720578478382e-05,0.0009933797163169504
mip_gap,B010,HCS-i,0,,,,,
mip_gap,B010,KINO,81,0.00011761697729673271,0.0002562718935816082,2.154611563236104e-14,3.078539276715639e-13,0.0009310051092611506
mip_gap,B010,OEAC-i,0,,,,,
mip_gap,B010,RF,0,,,,,
obj_val,B001,Full,81,-9126.921941301724,12.468965776031538,-9140.819636608654,-9131.888170640314,-9100.67183566065
obj_val,B001,HCS-i,0,,,,,
obj_val,B001,KINO,81,-9130.756303189257,12.344651205604242,-9143.913170858637,-9135.841776241425,-9104.791230958317
obj_val,B001,OEAC-i,0,,,,,
obj_val,B001,RF,0,,,,,
obj_val,B002,Full,81,-8817.109208382204,0.7519745854874909,-8818.338613919987,-8817.0264838499,-8815.437907670545
obj_val,B002,HCS-i,0,,,,,
obj_val,B002,KINO,81,-8819.969343017343,1.0078286003864796,-8821.17184519699,-8820.345045873659,-8818.332963186462
obj_val,B002,OEAC-i,0,,,,,
obj_val,B002,RF,0,,,,,
obj_val,B003,Full,81,-8696.873942715112,0.7692741513650546,-8698.13665942158,-8696.816392749499,-8694.93136371368
obj_val,B003,HCS-i,0,,,,,
obj_val,B003,KINO,81,-8699.991719952548,0.6342719344319039,-8700.870972954412,-8700.083151973231,-8698.683151973228
obj_val,B003,OEAC-i,0,,,,,
obj_val,B003,RF,0,,,,,
obj_val,B004,Full,81,-8783.882582152855,0.7275021657164285,-8785.198041400261,-8783.827712088138,-8782.310374999746
obj_val,B004,HCS-i,0,,,,,
obj_val,B004,KINO,81,-8787.053410537272,0.6925896345303005,-8788.017401401035,-8787.177842627696,-8785.56869133644
obj_val,B004,OEAC-i,0,,,,,
obj_val,B004,RF,0,,,,,
obj_val,B005,Full,81,-9118.376480735244,14.21706602087056,-9133.699610928168,-9125.55850823422,-9089.133790296217
obj_val,B005,HCS-i,0,,,,,
obj_val,B005,KINO,81,-9122.613391979163,14.108525897454301,-9137.919183896174,-9129.896976238419,-9093.776325857665
obj_val,B005,OEAC-i,0,,,,,
obj_val,B005,RF,0,,,,,
obj_val,B006,Full,81,-8681.680400227695,0.7749661925695147,-8682.937895556923,-8681.581318378945,-8679.759702491881
obj_val,B006,HCS-i,0,,,,,
obj_val,B006,KINO,81,-8684.472283291865,1.2468136423645502,-8685.71400791273,-8684.861964766995,-8680.756106743429
obj_val,B006,OEAC-i,0,,,,,
obj_val,B006,RF,0,,,,,
obj_val,B007,Full,81,-8973.564471738855,1.5221429925905254,-8975.70677028582,-8973.608468986253,-8969.57714081879
obj_val,B007,HCS-i,0,,,,,
obj_val,B007,KINO,81,-8976.885427819043,1.3015673124126959,-8978.614467642385,-8977.010108577804,-8973.720968527226
obj_val,B007,OEAC-i,0,,,,,
obj_val,B007,RF,0,,,,,
obj_val,B008,Full,81,-8855.524972744795,1.5984671535108965,-8857.090345985147,-8855.72926012228,-8846.340005953025
obj_val,B008,HCS-i,0,,,,,
obj_val,B008,KINO,81,-8858.911936792789,0.7455126374510808,-8859.981043146327,-8859.03031236678,-8857.16595009118
obj_val,B008,OEAC-i,0,,,,,
obj_val,B008,RF,0,,,,,
obj_val,B009,Full,81,-8942.555275668125,1.179446008943632,-8944.130722180078,-8942.529033945908,-8938.615970694278
obj_val,B009,HCS-i,0,,,,,
obj_val,B009,KINO,81,-8945.869121877495,0.8709028499353171,-8947.071583155897,-8945.862969391666,-8943.72790110389
obj_val,B009,OEAC-i,0,,,,,
obj_val,B009,RF,0,,,,,
obj_val,B010,Full,81,-8770.48045820529,11.37362863514111,-8783.935818168515,-8776.495614942267,-8751.86829850967
obj_val,B010,HCS-i,0,,,,,
obj_val,B010,KINO,81,-8774.363622226201,11.082471320468448,-8787.212096599444,-8780.000126084868,-8755.595217231345
obj_val,B010,OEAC-i,0,,,,,
obj_val,B010,RF,0,,,,,
obj_bound,B001,Full,81,-9128.17520561217,12.421361144335481,-9141.457417475765,-9133.267359137506,-9102.072733811487
obj_bound,B001,HCS-i,0,,,,,
obj_bound,B001,KINO,81,-9130.756303189257,12.344651205604702,-9143.913170858637,-9135.841776241425,-9104.791230958317
obj_bound,B001,OEAC-i,0,,,,,
obj_bound,B001,RF,0,,,,,
obj_bound,B002,Full,81,-8819.218979329842,0.8828759017395438,-8820.476761277718,-8819.158093277694,-8817.138093737523
obj_bound,B002,HCS-i,0,,,,,
obj_bound,B002,KINO,81,-8820.228606951687,0.6753212782369195,-8821.17184519699,-8820.345045873659,-8818.73378482624
obj_bound,B002,OEAC-i,0,,,,,
obj_bound,B002,RF,0,,,,,
obj_bound,B003,Full,81,-8699.433817117093,0.8577846177240892,-8700.666571747937,-8699.383300876681,-8697.452378110222
obj_bound,B003,HCS-i,0,,,,,
obj_bound,B003,KINO,81,-8699.9917201416,0.6342719879389268,-8700.870972954412,-8700.083151973231,-8698.68315197323
obj_bound,B003,OEAC-i,0,,,,,
obj_bound,B003,RF,0,,,,,
obj_bound,B004,Full,81,-8786.11977755245,0.8880322877576431,-8787.393128023547,-8786.042093206672,-8784.032686534836
obj_bound,B004,HCS-i,0,,,,,
obj_bound,B004,KINO,81,-8792.121769124304,1.2169845700348083,-8793.26700081637,-8792.42415380769,-8787.004151912244
obj_bound,B004,OEAC-i,0,,,,,
obj_bound,B004,RF,0,,,,,
obj_bound,B005,Full,81,-9120.16540819285,14.19333859910257,-9135.595697722563,-9127.500740275178,-9091.16396019045
obj_bound,B005,HCS-i,0,,,,,
obj_bound,B005,KINO,81,-9124.691047109105,14.10852589745253,-9139.99683902611,-9131.974631368357,-9095.853980987606
obj_bound,B005,OEAC-i,0,,,,,
obj_bound,B005,RF,0,,,,,
obj_bound,B006,Full,81,-8684.200109208427,0.8524691493804893,-8685.422805228787,-8684.152586774257,-8682.22255503662
obj_bound,B006,HCS-i,0,,,,,
obj_bound,B006,KINO,81,-8684.81027056806,0.6445980646654793,-8685.71400791273,-8684.893271098754,-8683.461964766995
obj_bound,B006,OEAC-i,0,,,,,
obj_bound,B006,RF,0,,,,,
obj_bound,B007,Full,81,-8974.9638754777,1.4456744655106544,-8976.730613424166,-8975.126257695767,-8971.362234235781
obj_bound,B007,HCS-i,0,,,,,
obj_bound,B007,KINO,81,-8982.104895055709,2.0538194430780945,-8983.622353894883,-8982.601252027314,-8975.21762576722
obj_bound,B007,OEAC-i,0,,,,,
obj_bound,B007,RF,0,,,,,
obj_bound,B008,Full,81,-8857.579177064594,0.9506058971112828,-8858.908543438658,-8857.41975136166,-8855.186012787542
obj_bound,B008,HCS-i,0,,,,,
obj_bound,B008,KINO,81,-8858.919496746852,0.7459551064806339,-8859.981043146327,-8859.03031236678,-8857.186389014752
obj_bound,B008,OEAC-i,0,,,,,
obj_bound,B008,RF,0,,,,,
obj_bound,B009,Full,81,-8944.146648080412,1.0825778908622912,-8945.624236921698,-8944.00701954457,-8941.538548416223
obj_bound,B009,HCS-i,0,,,,,
obj_bound,B009,KINO,81,-8945.869121877495,0.8709028499351165,-8947.071583155897,-8945.862969391666,-8943.72790110389
obj_bound,B009,OEAC-i,0,,,,,
obj_bound,B009,RF,0,,,,,
obj_bound,B010,Full,81,-8771.676689504413,11.048359223061615,-8784.526970102903,-8777.226519873817,-8752.653150410737
obj_bound,B010,HCS-i,0,,,,,
obj_bound,B010,KINO,81,-8775.393724385873,9.692809566262985,-8787.21209660218,-8780.000126085057,-8758.60853253404
obj_bound,B010,OEAC-i,0,,,,,
obj_bound,B010,RF,0,,,,,
gurobi_trust_level,B001,Full,0,,,,,
gurobi_trust_level,B001,HCS-i,0,,,,,
gurobi_trust_level,B001,KINO,0,,,,,
gurobi_trust_level,B001,OEAC-i,0,,,,,
gurobi_trust_level,B001,RF,0,,,,,
gurobi_trust_level,B002,Full,0,,,,,
gurobi_trust_level,B002,HCS-i,0,,,,,
gurobi_trust_level,B002,KINO,0,,,,,
gurobi_trust_level,B002,OEAC-i,0,,,,,
gurobi_trust_level,B002,RF,0,,,,,
gurobi_trust_level,B003,Full,0,,,,,
gurobi_trust_level,B003,HCS-i,0,,,,,
gurobi_trust_level,B003,KINO,0,,,,,
gurobi_trust_level,B003,OEAC-i,0,,,,,
gurobi_trust_level,B003,RF,0,,,,,
gurobi_trust_level,B004,Full,0,,,,,
gurobi_trust_level,B004,HCS-i,0,,,,,
gurobi_trust_level,B004,KINO,0,,,,,
gurobi_trust_level,B004,OEAC-i,0,,,,,
gurobi_trust_level,B004,RF,0,,,,,
gurobi_trust_level,B005,Full,0,,,,,
gurobi_trust_level,B005,HCS-i,0,,,,,
gurobi_trust_level,B005,KINO,0,,,,,
gurobi_trust_level,B005,OEAC-i,0,,,,,
gurobi_trust_level,B005,RF,0,,,,,
gurobi_trust_level,B006,Full,0,,,,,
gurobi_trust_level,B006,HCS-i,0,,,,,
gurobi_trust_level,B006,KINO,0,,,,,
gurobi_trust_level,B006,OEAC-i,0,,,,,
gurobi_trust_level,B006,RF,0,,,,,
gurobi_trust_level,B007,Full,0,,,,,
gurobi_trust_level,B007,HCS-i,0,,,,,
gurobi_trust_level,B007,KINO,0,,,,,
gurobi_trust_level,B007,OEAC-i,0,,,,,
gurobi_trust_level,B007,RF,0,,,,,
gurobi_trust_level,B008,Full,0,,,,,
gurobi_trust_level,B008,HCS-i,0,,,,,
gurobi_trust_level,B008,KINO,0,,,,,
gurobi_trust_level,B008,OEAC-i,0,,,,,
gurobi_trust_level,B008,RF,0,,,,,
gurobi_trust_level,B009,Full,0,,,,,
gurobi_trust_level,B009,HCS-i,0,,,,,
gurobi_trust_level,B009,KINO,0,,,,,
gurobi_trust_level,B009,OEAC-i,0,,,,,
gurobi_trust_level,B009,RF,0,,,,,
gurobi_trust_level,B010,Full,0,,,,,
gurobi_trust_level,B010,HCS-i,0,,,,,
gurobi_trust_level,B010,KINO,0,,,,,
gurobi_trust_level,B010,OEAC-i,0,,,,,
gurobi_trust_level,B010,RF,0,,,,,
gurobi_MaxVio,B001,Full,81,2.1224579497776997e-07,1.3008535607311314e-07,1.005476590876242e-08,1.8723949324339628e-07,9.067682997798698e-07
gurobi_MaxVio,B001,HCS-i,0,,,,,
gurobi_MaxVio,B001,KINO,81,2.2737367544323206e-13,0.0,2.2737367544323206e-13,2.2737367544323206e-13,2.2737367544323206e-13
gurobi_MaxVio,B001,OEAC-i,0,,,,,
gurobi_MaxVio,B001,RF,0,,,,,
gurobi_MaxVio,B002,Full,81,8.58986237746491e-08,1.7208293843357815e-07,3.108517609984318e-10,8.722974342845191e-09,9.722024572056398e-07
gurobi_MaxVio,B002,HCS-i,0,,,,,
gurobi_MaxVio,B002,KINO,81,1.741092866588453e-12,4.2156863678367634e-13,2.7000623958883807e-13,1.8189894035458565e-12,2.5561774918969604e-12
gurobi_MaxVio,B002,OEAC-i,0,,,,,
gurobi_MaxVio,B002,RF,0,,,,,
gurobi_MaxVio,B003,Full,81,1.898126512976541e-07,2.290362371098878e-07,7.73070496506989e-10,6.814480002503842e-08,8.747220361371433e-07
gurobi_MaxVio,B003,HCS-i,0,,,,,
gurobi_MaxVio,B003,KINO,81,1.5112191333712502e-12,6.060090093184024e-13,5.329070518200751e-13,1.5294432387236157e-12,2.7959856652159942e-12
gurobi_MaxVio,B003,OEAC-i,0,,,,,
gurobi_MaxVio,B003,RF,0,,,,,
gurobi_MaxVio,B004,Full,81,1.2135917095948105e-07,2.0256898845420588e-07,4.729372449219227e-10,3.204155518687912e-08,8.642886628607016e-07
gurobi_MaxVio,B004,HCS-i,0,,,,,
gurobi_MaxVio,B004,KINO,81,1.655301410344826e-12,3.9401732105669955e-13,4.813927034774679e-13,1.8189894035458565e-12,2.225775119768514e-12
gurobi_MaxVio,B004,OEAC-i,0,,,,,
gurobi_MaxVio,B004,RF,0,,,,,
gurobi_MaxVio,B005,Full,81,2.008182372546265e-07,1.3489020010918826e-07,7.236284460532261e-09,1.8884747987613082e-07,7.377420843113214e-07
gurobi_MaxVio,B005,HCS-i,0,,,,,
gurobi_MaxVio,B005,KINO,81,2.1316282072803006e-13,0.0,2.1316282072803006e-13,2.1316282072803006e-13,2.1316282072803006e-13
gurobi_MaxVio,B005,OEAC-i,0,,,,,
gurobi_MaxVio,B005,RF,0,,,,,
gurobi_MaxVio,B006,Full,81,1.506266628483579e-07,1.7436595783838441e-07,6.082954584485378e-09,1.1298740787424322e-07,8.592537175111659e-07
gurobi_MaxVio,B006,HCS-i,0,,,,,
gurobi_MaxVio,B006,KINO,81,1.0134586307283708e-06,2.8843493186948326e-06,6.235012506294879e-13,1.5187850976872141e-12,9.121114999288693e-06
gurobi_MaxVio,B006,OEAC-i,0,,,,,
gurobi_MaxVio,B006,RF,0,,,,,
gurobi_MaxVio,B007,Full,81,1.8192079014319644e-07,2.478032619470918e-07,1.8189894035458565e-12,1.718317435006611e-07,1.639473681813719e-06
gurobi_MaxVio,B007,HCS-i,0,,,,,
gurobi_MaxVio,B007,KINO,81,2.1530355769843684e-08,1.1046144076741464e-07,4.2454928461665986e-13,1.0764722446765518e-12,5.812877788002879e-07
gurobi_MaxVio,B007,OEAC-i,0,,,,,
gurobi_MaxVio,B007,RF,0,,,,,
gurobi_MaxVio,B008,Full,81,8.275124434760824e-08,1.323649005411737e-07,1.4574652595911175e-10,5.8636366873088264e-08,9.935997695720289e-07
gurobi_MaxVio,B008,HCS-i,0,,,,,
gurobi_MaxVio,B008,KINO,81,4.213206368477687e-07,1.0165836227064626e-06,2.2382096176443156e-13,1.1830536550405668e-12,2.843908378125093e-06
gurobi_MaxVio,B008,OEAC-i,0,,,,,
gurobi_MaxVio,B008,RF,0,,,,,
gurobi_MaxVio,B009,Full,81,7.580163669942312e-08,1.662575678019195e-07,3.637978807091713e-12,7.321489192690933e-09,9.810919436858967e-07
gurobi_MaxVio,B009,HCS-i,0,,,,,
gurobi_MaxVio,B009,KINO,81,1.5348381002358683e-12,1.0594784904789355e-12,3.4994229736184934e-13,1.3695711231775931e-12,3.637978807091713e-12
gurobi_MaxVio,B009,OEAC-i,0,,,,,
gurobi_MaxVio,B009,RF,0,,,,,
gurobi_MaxVio,B010,Full,81,3.578107622234307e-08,1.3727249804127601e-07,3.318323393841638e-11,7.2772188275394e-09,8.540697322700908e-07
gurobi_MaxVio,B010,HCS-i,0,,,,,
gurobi_MaxVio,B010,KINO,81,1.604261435921813e-06,1.4289908390288734e-06,5.861511444401821e-12,1.698149858953002e-06,3.6445668616380544e-06
gurobi_MaxVio,B010,OEAC-i,0,,,,,
gurobi_MaxVio,B010,RF,0,,,,,
gurobi_ConstrVio,B001,Full,81,2.1224579497776997e-07,1.3008535607311314e-07,1.005476590876242e-08,1.8723949324339628e-07,9.067682997798698e-07
gurobi_ConstrVio,B001,HCS-i,0,,,,,
gurobi_ConstrVio,B001,KINO,81,2.2737367544323206e-13,0.0,2.2737367544323206e-13,2.2737367544323206e-13,2.2737367544323206e-13
gurobi_ConstrVio,B001,OEAC-i,0,,,,,
gurobi_ConstrVio,B001,RF,0,,,,,
gurobi_ConstrVio,B002,Full,81,6.797302553979899e-08,1.2737531915303615e-07,3.108517609984318e-10,8.722974342845191e-09,8.732890544038696e-07
gurobi_ConstrVio,B002,HCS-i,0,,,,,
gurobi_ConstrVio,B002,KINO,81,1.741092866588453e-12,4.2156863678367634e-13,2.7000623958883807e-13,1.8189894035458565e-12,2.5561774918969604e-12
gurobi_ConstrVio,B002,OEAC-i,0,,,,,
gurobi_ConstrVio,B002,RF,0,,,,,
gurobi_ConstrVio,B003,Full,81,1.8306799254023217e-07,2.2854882098213486e-07,7.73070496506989e-10,6.405645791573988e-08,8.747220361371433e-07
gurobi_ConstrVio,B003,HCS-i,0,,,,,
gurobi_ConstrVio,B003,KINO,81,1.5112191333712502e-12,6.060090093184024e-13,5.329070518200751e-13,1.5294432387236157e-12,2.7959856652159942e-12
gurobi_ConstrVio,B003,OEAC-i,0,,,,,
gurobi_ConstrVio,B003,RF,0,,,,,
gurobi_ConstrVio,B004,Full,81,1.1884656901404742e-07,2.0118543251558887e-07,4.729372449219227e-10,1.3452774894062713e-08,8.642886628607016e-07
gurobi_ConstrVio,B004,HCS-i,0,,,,,
gurobi_ConstrVio,B004,KINO,81,1.655301410344826e-12,3.9401732105669955e-13,4.813927034774679e-13,1.8189894035458565e-12,2.225775119768514e-12
gurobi_ConstrVio,B004,OEAC-i,0,,,,,
gurobi_ConstrVio,B004,RF,0,,,,,
gurobi_ConstrVio,B005,Full,81,2.008182372546265e-07,1.3489020010918826e-07,7.236284460532261e-09,1.8884747987613082e-07,7.377420843113214e-07
gurobi_ConstrVio,B005,HCS-i,0,,,,,
gurobi_ConstrVio,B005,KINO,81,2.1316282072803006e-13,0.0,2.1316282072803006e-13,2.1316282072803006e-13,2.1316282072803006e-13
gurobi_ConstrVio,B005,OEAC-i,0,,,,,
gurobi_ConstrVio,B005,RF,0,,,,,
gurobi_ConstrVio,B006,Full,81,1.355790752663489e-07,1.5292136822995328e-07,6.02575767061353e-10,9.895266117609935e-08,8.592537175111659e-07
gurobi_ConstrVio,B006,HCS-i,0,,,,,
gurobi_ConstrVio,B006,KINO,81,1.0134586307283708e-06,2.8843493186948326e-06,6.235012506294879e-13,1.5187850976872141e-12,9.121114999288693e-06
gurobi_ConstrVio,B006,OEAC-i,0,,,,,
gurobi_ConstrVio,B006,RF,0,,,,,
gurobi_ConstrVio,B007,Full,81,1.6003105901055103e-07,1.8665158248416884e-07,1.8189894035458565e-12,1.2473265087464824e-07,9.964419405150693e-07
gurobi_ConstrVio,B007,HCS-i,0,,,,,
gurobi_ConstrVio,B007,KINO,81,2.1530355769843684e-08,1.1046144076741464e-07,4.2454928461665986e-13,1.0764722446765518e-12,5.812877788002879e-07
gurobi_ConstrVio,B007,OEAC-i,0,,,,,
gurobi_ConstrVio,B007,RF,0,,,,,
gurobi_ConstrVio,B008,Full,81,7.929633968346753e-08,1.3063714644411272e-07,1.4574652595911175e-10,5.8636366873088264e-08,9.935997695720289e-07
gurobi_ConstrVio,B008,HCS-i,0,,,,,
gurobi_ConstrVio,B008,KINO,81,4.213206368477687e-07,1.0165836227064626e-06,2.2382096176443156e-13,1.1830536550405668e-12,2.843908378125093e-06
gurobi_ConstrVio,B008,OEAC-i,0,,,,,
gurobi_ConstrVio,B008,RF,0,,,,,
gurobi_ConstrVio,B009,Full,81,5.661944879000914e-08,1.342724467003036e-07,3.637978807091713e-12,7.2500103698303064e-09,9.810919436858967e-07
gurobi_ConstrVio,B009,HCS-i,0,,,,,
gurobi_ConstrVio,B009,KINO,81,1.5348381002358683e-12,1.0594784904789355e-12,3.4994229736184934e-13,1.3695711231775931e-12,3.637978807091713e-12
gurobi_ConstrVio,B009,OEAC-i,0,,,,,
gurobi_ConstrVio,B009,RF,0,,,,,
gurobi_ConstrVio,B010,Full,81,2.0562631863048198e-08,9.586552026913969e-08,3.318323393841638e-11,7.2772188275394e-09,8.540697322700908e-07
gurobi_ConstrVio,B010,HCS-i,0,,,,,
gurobi_ConstrVio,B010,KINO,81,1.604261435921813e-06,1.4289908390288734e-06,5.861511444401821e-12,1.698149858953002e-06,3.6445668616380544e-06
gurobi_ConstrVio,B010,OEAC-i,0,,,,,
gurobi_ConstrVio,B010,RF,0,,,,,
gurobi_BoundVio,B001,Full,81,6.644762676988188e-08,1.2512390233818864e-07,0.0,0.0,5.002070793125313e-07
gurobi_BoundVio,B001,HCS-i,0,,,,,
gurobi_BoundVio,B001,KINO,81,0.0,0.0,0.0,0.0,0.0
gurobi_BoundVio,B001,OEAC-i,0,,,,,
gurobi_BoundVio,B001,RF,0,,,,,
gurobi_BoundVio,B002,Full,81,4.0109978482616026e-08,1.4173063960328228e-07,0.0,0.0,9.722024572056398e-07
gurobi_BoundVio,B002,HCS-i,0,,,,,
gurobi_BoundVio,B002,KINO,81,0.0,0.0,0.0,0.0,0.0
gurobi_BoundVio,B002,OEAC-i,0,,,,,
gurobi_BoundVio,B002,RF,0,,,,,
gurobi_BoundVio,B003,Full,81,4.58470805353028e-08,1.226213740969054e-07,0.0,0.0,8.412630450038705e-07
gurobi_BoundVio,B003,HCS-i,0,,,,,
gurobi_BoundVio,B003,KINO,81,0.0,0.0,0.0,0.0,0.0
gurobi_BoundVio,B003,OEAC-i,0,,,,,
gurobi_BoundVio,B003,RF,0,,,,,
gurobi_BoundVio,B004,Full,81,5.3999194273818615e-08,9.954837661584624e-08,0.0,0.0,3.469758667051792e-07
gurobi_BoundVio,B004,HCS-i,0,,,,,
gurobi_BoundVio,B004,KINO,81,0.0,0.0,0.0,0.0,0.0
gurobi_BoundVio,B004,OEAC-i,0,,,,,
gurobi_BoundVio,B004,RF,0,,,,,
gurobi_BoundVio,B005,Full,81,3.0009732093018143e-08,1.0542533700127055e-07,0.0,0.0,7.377420843113214e-07
gurobi_BoundVio,B005,HCS-i,0,,,,,
gurobi_BoundVio,B005,KINO,81,0.0,0.0,0.0,0.0,0.0
gurobi_BoundVio,B005,OEAC-i,0,,,,,
gurobi_BoundVio,B005,RF,0,,,,,
gurobi_BoundVio,B006,Full,81,4.980436461597425e-08,1.1696258586764167e-07,0.0,0.0,8.548005894226662e-07
gurobi_BoundVio,B006,HCS-i,0,,,,,
gurobi_BoundVio,B006,KINO,81,0.0,0.0,0.0,0.0,0.0
gurobi_BoundVio,B006,OEAC-i,0,,,,,
gurobi_BoundVio,B006,RF,0,,,,,
gurobi_BoundVio,B007,Full,81,4.142754147479997e-08,1.8620822770383996e-07,0.0,0.0,1.639473681813719e-06
gurobi_BoundVio,B007,HCS-i,0,,,,,
gurobi_BoundVio,B007,KINO,81,0.0,0.0,0.0,0.0,0.0
gurobi_BoundVio,B007,OEAC-i,0,,,,,
gurobi_BoundVio,B007,RF,0,,,,,
gurobi_BoundVio,B008,Full,81,3.413550581293984e-08,6.176759993478183e-08,0.0,0.0,2.8555251674333704e-07
gurobi_BoundVio,B008,HCS-i,0,,,,,
gurobi_BoundVio,B008,KINO,81,0.0,0.0,0.0,0.0,0.0
gurobi_BoundVio,B008,OEAC-i,0,,,,,
gurobi_BoundVio,B008,RF,0,,,,,
gurobi_BoundVio,B009,Full,81,3.780935759677431e-08,1.4834350062097206e-07,0.0,0.0,9.193576316901542e-07
gurobi_BoundVio,B009,HCS-i,0,,,,,
gurobi_BoundVio,B009,KINO,81,0.0,0.0,0.0,0.0,0.0
gurobi_BoundVio,B009,OEAC-i,0,,,,,
gurobi_BoundVio,B009,RF,0,,,,,
gurobi_BoundVio,B010,Full,81,1.5663620041620706e-08,1.0138515177522027e-07,0.0,0.0,7.962894983393198e-07
gurobi_BoundVio,B010,HCS-i,0,,,,,
gurobi_BoundVio,B010,KINO,81,0.0,0.0,0.0,0.0,0.0
gurobi_BoundVio,B010,OEAC-i,0,,,,,
gurobi_BoundVio,B010,RF,0,,,,,
gurobi_IntVio,B001,Full,81,0.0,0.0,0.0,0.0,0.0
gurobi_IntVio,B001,HCS-i,0,,,,,
gurobi_IntVio,B001,KINO,81,0.0,0.0,0.0,0.0,0.0
gurobi_IntVio,B001,OEAC-i,0,,,,,
gurobi_IntVio,B001,RF,0,,,,,
gurobi_IntVio,B002,Full,81,0.0,0.0,0.0,0.0,0.0
gurobi_IntVio,B002,HCS-i,0,,,,,
gurobi_IntVio,B002,KINO,81,0.0,0.0,0.0,0.0,0.0
gurobi_IntVio,B002,OEAC-i,0,,,,,
gurobi_IntVio,B002,RF,0,,,,,
gurobi_IntVio,B003,Full,81,8.53040556921087e-10,7.677365012289785e-09,0.0,0.0,6.909628511060805e-08
gurobi_IntVio,B003,HCS-i,0,,,,,
gurobi_IntVio,B003,KINO,81,0.0,0.0,0.0,0.0,0.0
gurobi_IntVio,B003,OEAC-i,0,,,,,
gurobi_IntVio,B003,RF,0,,,,,
gurobi_IntVio,B004,Full,81,0.0,0.0,0.0,0.0,0.0
gurobi_IntVio,B004,HCS-i,0,,,,,
gurobi_IntVio,B004,KINO,81,0.0,0.0,0.0,0.0,0.0
gurobi_IntVio,B004,OEAC-i,0,,,,,
gurobi_IntVio,B004,RF,0,,,,,
gurobi_IntVio,B005,Full,81,0.0,0.0,0.0,0.0,0.0
gurobi_IntVio,B005,HCS-i,0,,,,,
gurobi_IntVio,B005,KINO,81,0.0,0.0,0.0,0.0,0.0
gurobi_IntVio,B005,OEAC-i,0,,,,,
gurobi_IntVio,B005,RF,0,,,,,
gurobi_IntVio,B006,Full,81,1.9297536041775245e-11,1.7367782437597721e-10,0.0,0.0,1.5631004193837948e-09
gurobi_IntVio,B006,HCS-i,0,,,,,
gurobi_IntVio,B006,KINO,81,0.0,0.0,0.0,0.0,0.0
gurobi_IntVio,B006,OEAC-i,0,,,,,
gurobi_IntVio,B006,RF,0,,,,,
gurobi_IntVio,B007,Full,81,0.0,0.0,0.0,0.0,0.0
gurobi_IntVio,B007,HCS-i,0,,,,,
gurobi_IntVio,B007,KINO,81,0.0,0.0,0.0,0.0,0.0
gurobi_IntVio,B007,OEAC-i,0,,,,,
gurobi_IntVio,B007,RF,0,,,,,
gurobi_IntVio,B008,Full,81,0.0,0.0,0.0,0.0,0.0
gurobi_IntVio,B008,HCS-i,0,,,,,
gurobi_IntVio,B008,KINO,81,0.0,0.0,0.0,0.0,0.0
gurobi_IntVio,B008,OEAC-i,0,,,,,
gurobi_IntVio,B008,RF,0,,,,,
gurobi_IntVio,B009,Full,81,0.0,0.0,0.0,0.0,0.0
gurobi_IntVio,B009,HCS-i,0,,,,,
gurobi_IntVio,B009,KINO,81,0.0,0.0,0.0,0.0,0.0
gurobi_IntVio,B009,OEAC-i,0,,,,,
gurobi_IntVio,B009,RF,0,,,,,
gurobi_IntVio,B010,Full,81,2.0223128893832566e-11,1.8200816004449309e-10,0.0,0.0,1.6380734404004379e-09
gurobi_IntVio,B010,HCS-i,0,,,,,
gurobi_IntVio,B010,KINO,81,0.0,0.0,0.0,0.0,0.0
gurobi_IntVio,B010,OEAC-i,0,,,,,
gurobi_IntVio,B010,RF,0,,,,,
max_hard_constraint_violation,B001,Full,81,4.444567898265058e-05,8.36683273467571e-05,0.0,1.2434497875801753e-14,0.00020009999717629512
max_hard_constraint_violation,B001,HCS-i,81,0.0,0.0,0.0,0.0,0.0
max_hard_constraint_violation,B001,KINO,81,4.4444444452498944e-05,8.366600264978014e-05,0.0,1.7763568394002505e-14,0.00020000000000131024
max_hard_constraint_violation,B001,OEAC-i,81,1.9942274111540483,0.10733032420775102,1.9171073806656924,1.9196816514033852,2.1450709134615416
max_hard_constraint_violation,B001,RF,81,0.02064749333690901,0.0011373663834073325,0.020315753852324647,0.020453035809321563,0.026404722744878484
max_hard_constraint_violation,B002,Full,81,0.0,0.0,0.0,0.0,0.0
max_hard_constraint_violation,B002,HCS-i,33,0.0,0.0,0.0,0.0,0.0
max_hard_constraint_violation,B002,KINO,81,7.631755310015892e-15,7.826280516939514e-15,0.0,1.0658141036401503e-14,1.7763568394002505e-14
max_hard_constraint_violation,B002,OEAC-i,81,279.2793871416963,0.003602947842752429,279.2740578028079,279.28060337774104,279.2847619030415
max_hard_constraint_violation,B002,RF,81,0.022423991211232064,0.0,0.022423991211232064,0.022423991211232064,0.022423991211232064
max_hard_constraint_violation,B003,Full,81,0.0,0.0,0.0,0.0,0.0
max_hard_constraint_violation,B003,HCS-i,60,0.0,0.0,0.0,0.0,0.0
max_hard_constraint_violation,B003,KINO,81,0.0,0.0,0.0,0.0,0.0
max_hard_constraint_violation,B003,OEAC-i,81,285.3302276146174,0.0007933408526845916,285.329012507298,285.3305555103173,285.331409831658
max_hard_constraint_violation,B003,RF,81,1.0824883485377739,1.5059087582651411,0.024120754109763,0.024302581486077557,3.1989779574870116
max_hard_constraint_violation,B004,Full,81,7.01770603219852e-16,3.1736569010644027e-15,0.0,0.0,1.5987211554602254e-14
max_hard_constraint_violation,B004,HCS-i,33,0.0,0.0,0.0,0.0,0.0
max_hard_constraint_violation,B004,KINO,81,9.118631775587953e-14,1.7447654124949958e-13,0.0,1.0658141036401503e-14,4.547473508864641e-13
max_hard_constraint_violation,B004,OEAC-i,81,283.4523801436563,0.00027527950829214776,283.45195042679865,283.45228852219566,283.45279855904255
max_hard_constraint_violation,B004,RF,81,48.11203862748833,68.44467388129904,0.025931763081340264,0.026070245170412676,146.42656508089135
max_hard_constraint_violation,B005,Full,81,4.444444445539375e-05,8.366600264822316e-05,7.105427357601002e-15,1.9539925233402755e-14,0.00020000000000131024
max_hard_constraint_violation,B005,HCS-i,0,,,,,
max_hard_constraint_violation,B005,KINO,81,4.4444444453683184e-05,8.36660026491432e-05,0.0,2.4868995751603507e-14,0.00020000000000131024
max_hard_constraint_violation,B005,OEAC-i,81,2.1450709134615416,0.0,2.1450709134615416,2.1450709134615416,2.1450709134615416
max_hard_constraint_violation,B005,RF,81,0.03238028178352009,0.008781115099559788,0.02751493881478062,0.02772572733549694,0.0487063537717205
max_hard_constraint_violation,B006,Full,81,4.828181750152582e-13,4.3453635751373245e-12,0.0,0.0,3.9108272176235914e-11
max_hard_constraint_violation,B006,HCS-i,60,0.024775363467105026,0.06861335780981717,0.0,0.0,0.2534735805449735
max_hard_constraint_violation,B006,KINO,81,3.2983211816094304e-08,9.387186649797308e-08,0.0,0.0,2.9684890634484873e-07
max_hard_constraint_violation,B006,OEAC-i,81,277.81501594814074,0.04364111053917823,277.747377700716,277.8011167086704,277.88189743370265
max_hard_constraint_violation,B006,RF,81,1.3078789243375846,1.8177891302833824,0.0282731100673832,0.029256961910276047,3.862692709371535
max_hard_constraint_violation,B007,Full,81,2.409924112119673e-13,1.9810992169512552e-12,0.0,1.9539925233402755e-14,1.7845280808614916e-11
max_hard_constraint_violation,B007,HCS-i,54,0.0,0.0,0.0,0.0,0.0
max_hard_constraint_violation,B007,KINO,81,2.1529181400599857e-08,1.1046167251322695e-07,0.0,0.0,5.812877788002879e-07
max_hard_constraint_violation,B007,OEAC-i,75,272.4009505826399,0.05931329154163606,272.2871820229376,272.41828090962525,272.4635761832264
max_hard_constraint_violation,B007,RF,81,0.030660661609728024,0.0,0.030660661609728024,0.030660661609728024,0.030660661609728024
max_hard_constraint_violation,B008,Full,81,1.1272190314218873e-14,7.10027185939137e-14,0.0,0.0,4.547473508864641e-13
max_hard_constraint_violation,B008,HCS-i,60,0.0,0.0,0.0,0.0,0.0
max_hard_constraint_violation,B008,KINO,81,4.2131975972223597e-07,1.0165839907720151e-06,0.0,0.0,2.843908378125093e-06
max_hard_constraint_violation,B008,OEAC-i,81,258.2690365655155,2.512310823895195,257.2501496758698,257.4150428230605,265.3756601097833
max_hard_constraint_violation,B008,RF,81,1.4483685899238392,1.0213728649143734,0.03192675869232531,1.9547117393715965,2.358467271707596
max_hard_constraint_violation,B009,Full,81,3.3553406966449175e-15,6.5388271932341825e-15,0.0,0.0,1.9539925233402755e-14
max_hard_constraint_violation,B009,HCS-i,33,0.04194492011283108,0.07166203918647217,0.0,0.0,0.19950709245741827
max_hard_constraint_violation,B009,KINO,81,7.237009345704725e-15,1.1240906848384958e-14,0.0,0.0,3.552713678800501e-14
max_hard_constraint_violation,B009,OEAC-i,81,261.62959157983886,3.370173115497123,260.11351051352415,260.2214188104124,269.673610531182
max_hard_constraint_violation,B009,RF,81,1.3131348559024947,0.9107932383738049,0.03305436223942948,1.9531751027340274,1.9531751027340274
max_hard_constraint_violation,B010,Full,81,0.0001999409052946458,1.4424004335765675e-07,0.0001994728778607069,0.00020000000006348273,0.00020000000006348273
max_hard_constraint_violation,B010,HCS-i,0,,,,,
max_hard_constraint_violation,B010,KINO,81,0.00020000000586151145,0.0,0.00020000000586151145,0.00020000000586151145,0.00020000000586151145
max_hard_constraint_violation,B010,OEAC-i,0,,,,,
max_hard_constraint_violation,B010,RF,0,,,,,
max_nonlinear_equality_residual,B001,Full,0,,,,,
max_nonlinear_equality_residual,B001,HCS-i,0,,,,,
max_nonlinear_equality_residual,B001,KINO,0,,,,,
max_nonlinear_equality_residual,B001,OEAC-i,0,,,,,
max_nonlinear_equality_residual,B001,RF,0,,,,,
max_nonlinear_equality_residual,B002,Full,0,,,,,
max_nonlinear_equality_residual,B002,HCS-i,0,,,,,
max_nonlinear_equality_residual,B002,KINO,0,,,,,
max_nonlinear_equality_residual,B002,OEAC-i,0,,,,,
max_nonlinear_equality_residual,B002,RF,0,,,,,
max_nonlinear_equality_residual,B003,Full,0,,,,,
max_nonlinear_equality_residual,B003,HCS-i,0,,,,,
max_nonlinear_equality_residual,B003,KINO,0,,,,,
max_nonlinear_equality_residual,B003,OEAC-i,0,,,,,
max_nonlinear_equality_residual,B003,RF,0,,,,,
max_nonlinear_equality_residual,B004,Full,0,,,,,
max_nonlinear_equality_residual,B004,HCS-i,0,,,,,
max_nonlinear_equality_residual,B004,KINO,0,,,,,
max_nonlinear_equality_residual,B004,OEAC-i,0,,,,,
max_nonlinear_equality_residual,B004,RF,0,,,,,
max_nonlinear_equality_residual,B005,Full,0,,,,,
max_nonlinear_equality_residual,B005,HCS-i,0,,,,,
max_nonlinear_equality_residual,B005,KINO,0,,,,,
max_nonlinear_equality_residual,B005,OEAC-i,0,,,,,
max_nonlinear_equality_residual,B005,RF,0,,,,,
max_nonlinear_equality_residual,B006,Full,0,,,,,
max_nonlinear_equality_residual,B006,HCS-i,0,,,,,
max_nonlinear_equality_residual,B006,KINO,0,,,,,
max_nonlinear_equality_residual,B006,OEAC-i,0,,,,,
max_nonlinear_equality_residual,B006,RF,0,,,,,
max_nonlinear_equality_residual,B007,Full,0,,,,,
max_nonlinear_equality_residual,B007,HCS-i,0,,,,,
max_nonlinear_equality_residual,B007,KINO,0,,,,,
max_nonlinear_equality_residual,B007,OEAC-i,0,,,,,
max_nonlinear_equality_residual,B007,RF,0,,,,,
max_nonlinear_equality_residual,B008,Full,0,,,,,
max_nonlinear_equality_residual,B008,HCS-i,0,,,,,
max_nonlinear_equality_residual,B008,KINO,0,,,,,
max_nonlinear_equality_residual,B008,OEAC-i,0,,,,,
max_nonlinear_equality_residual,B008,RF,0,,,,,
max_nonlinear_equality_residual,B009,Full,0,,,,,
max_nonlinear_equality_residual,B009,HCS-i,0,,,,,
max_nonlinear_equality_residual,B009,KINO,0,,,,,
max_nonlinear_equality_residual,B009,OEAC-i,0,,,,,
max_nonlinear_equality_residual,B009,RF,0,,,,,
max_nonlinear_equality_residual,B010,Full,0,,,,,
max_nonlinear_equality_residual,B010,HCS-i,0,,,,,
max_nonlinear_equality_residual,B010,KINO,0,,,,,
max_nonlinear_equality_residual,B010,OEAC-i,0,,,,,
max_nonlinear_equality_residual,B010,RF,0,,,,,
J_safe,B001,Full,81,0.0,0.0,0.0,0.0,0.0
J_safe,B001,HCS-i,0,,,,,
J_safe,B001,KINO,81,0.0,0.0,0.0,0.0,0.0
J_safe,B001,OEAC-i,0,,,,,
J_safe,B001,RF,0,,,,,
J_safe,B002,Full,81,0.0,0.0,0.0,0.0,0.0
J_safe,B002,HCS-i,0,,,,,
J_safe,B002,KINO,81,0.0,0.0,0.0,0.0,0.0
J_safe,B002,OEAC-i,0,,,,,
J_safe,B002,RF,0,,,,,
J_safe,B003,Full,81,1.2345556471897568e-09,1.111100082470781e-08,0.0,0.0,9.99990074223703e-08
J_safe,B003,HCS-i,0,,,,,
J_safe,B003,KINO,81,0.0,0.0,0.0,0.0,0.0
J_safe,B003,OEAC-i,0,,,,,
J_safe,B003,RF,0,,,,,
J_safe,B004,Full,81,0.0,0.0,0.0,0.0,0.0
J_safe,B004,HCS-i,0,,,,,
J_safe,B004,KINO,81,0.0,0.0,0.0,0.0,0.0
J_safe,B004,OEAC-i,0,,,,,
J_safe,B004,RF,0,,,,,
J_safe,B005,Full,81,0.0,0.0,0.0,0.0,0.0
J_safe,B005,HCS-i,0,,,,,
J_safe,B005,KINO,81,0.0,0.0,0.0,0.0,0.0
J_safe,B005,OEAC-i,0,,,,,
J_safe,B005,RF,0,,,,,
J_safe,B006,Full,81,1.234565692638493e-09,1.1111091233746436e-08,0.0,0.0,9.999982110371793e-08
J_safe,B006,HCS-i,0,,,,,
J_safe,B006,KINO,81,0.0,0.0,0.0,0.0,0.0
J_safe,B006,OEAC-i,0,,,,,
J_safe,B006,RF,0,,,,,
J_safe,B007,Full,81,0.0,0.0,0.0,0.0,0.0
J_safe,B007,HCS-i,0,,,,,
J_safe,B007,KINO,81,0.0,0.0,0.0,0.0,0.0
J_safe,B007,OEAC-i,0,,,,,
J_safe,B007,RF,0,,,,,
J_safe,B008,Full,81,2.4691161427715634e-09,1.5614841584819694e-08,0.0,0.0,9.999920412813751e-08
J_safe,B008,HCS-i,0,,,,,
J_safe,B008,KINO,81,0.0,0.0,0.0,0.0,0.0
J_safe,B008,OEAC-i,0,,,,,
J_safe,B008,RF,0,,,,,
J_safe,B009,Full,81,0.0,0.0,0.0,0.0,0.0
J_safe,B009,HCS-i,0,,,,,
J_safe,B009,KINO,81,0.0,0.0,0.0,0.0,0.0
J_safe,B009,OEAC-i,0,,,,,
J_safe,B009,RF,0,,,,,
J_safe,B010,Full,81,0.0,0.0,0.0,0.0,0.0
J_safe,B010,HCS-i,0,,,,,
J_safe,B010,KINO,81,0.0,0.0,0.0,0.0,0.0
J_safe,B010,OEAC-i,0,,,,,
J_safe,B010,RF,0,,,,,
J_perm,B001,Full,81,0.0,0.0,0.0,0.0,0.0
J_perm,B001,HCS-i,0,,,,,
J_perm,B001,KINO,81,0.0,0.0,0.0,0.0,0.0
J_perm,B001,OEAC-i,0,,,,,
J_perm,B001,RF,0,,,,,
J_perm,B002,Full,81,0.0,0.0,0.0,0.0,0.0
J_perm,B002,HCS-i,0,,,,,
J_perm,B002,KINO,81,0.0,0.0,0.0,0.0,0.0
J_perm,B002,OEAC-i,0,,,,,
J_perm,B002,RF,0,,,,,
J_perm,B003,Full,81,0.0,0.0,0.0,0.0,0.0
J_perm,B003,HCS-i,0,,,,,
J_perm,B003,KINO,81,0.0,0.0,0.0,0.0,0.0
J_perm,B003,OEAC-i,0,,,,,
J_perm,B003,RF,0,,,,,
J_perm,B004,Full,81,0.0,0.0,0.0,0.0,0.0
J_perm,B004,HCS-i,0,,,,,
J_perm,B004,KINO,81,0.0,0.0,0.0,0.0,0.0
J_perm,B004,OEAC-i,0,,,,,
J_perm,B004,RF,0,,,,,
J_perm,B005,Full,81,0.0,0.0,0.0,0.0,0.0
J_perm,B005,HCS-i,0,,,,,
J_perm,B005,KINO,81,0.0,0.0,0.0,0.0,0.0
J_perm,B005,OEAC-i,0,,,,,
J_perm,B005,RF,0,,,,,
J_perm,B006,Full,81,0.0,0.0,0.0,0.0,0.0
J_perm,B006,HCS-i,0,,,,,
J_perm,B006,KINO,81,0.0,0.0,0.0,0.0,0.0
J_perm,B006,OEAC-i,0,,,,,
J_perm,B006,RF,0,,,,,
J_perm,B007,Full,81,0.0,0.0,0.0,0.0,0.0
J_perm,B007,HCS-i,0,,,,,
J_perm,B007,KINO,81,0.0,0.0,0.0,0.0,0.0
J_perm,B007,OEAC-i,0,,,,,
J_perm,B007,RF,0,,,,,
J_perm,B008,Full,81,0.0,0.0,0.0,0.0,0.0
J_perm,B008,HCS-i,0,,,,,
J_perm,B008,KINO,81,0.0,0.0,0.0,0.0,0.0
J_perm,B008,OEAC-i,0,,,,,
J_perm,B008,RF,0,,,,,
J_perm,B009,Full,81,0.0,0.0,0.0,0.0,0.0
J_perm,B009,HCS-i,0,,,,,
J_perm,B009,KINO,81,0.0,0.0,0.0,0.0,0.0
J_perm,B009,OEAC-i,0,,,,,
J_perm,B009,RF,0,,,,,
J_perm,B010,Full,81,0.0,0.0,0.0,0.0,0.0
J_perm,B010,HCS-i,0,,,,,
J_perm,B010,KINO,81,0.0,0.0,0.0,0.0,0.0
J_perm,B010,OEAC-i,0,,,,,
J_perm,B010,RF,0,,,,,
J_dyn,B001,Full,81,7.407258376368118e-09,2.6351783647707755e-08,0.0,0.0,9.999815074120474e-08
J_dyn,B001,HCS-i,0,,,,,
J_dyn,B001,KINO,81,0.0,0.0,0.0,0.0,0.0
J_dyn,B001,OEAC-i,0,,,,,
J_dyn,B001,RF,0,,,,,
J_dyn,B002,Full,81,2.4688772589965803e-09,1.5613330918161088e-08,0.0,0.0,9.999734854487929e-08
J_dyn,B002,HCS-i,0,,,,,
J_dyn,B002,KINO,81,0.0,0.0,0.0,0.0,0.0
J_dyn,B002,OEAC-i,0,,,,,
J_dyn,B002,RF,0,,,,,
J_dyn,B003,Full,81,0.0,0.0,0.0,0.0,0.0
J_dyn,B003,HCS-i,0,,,,,
J_dyn,B003,KINO,81,0.0,0.0,0.0,0.0,0.0
J_dyn,B003,OEAC-i,0,,,,,
J_dyn,B003,RF,0,,,,,
J_dyn,B004,Full,81,1.2345266812159336e-09,1.1110740130943403e-08,0.0,0.0,9.999666117849061e-08
J_dyn,B004,HCS-i,0,,,,,
J_dyn,B004,KINO,81,0.0,0.0,0.0,0.0,0.0
J_dyn,B004,OEAC-i,0,,,,,
J_dyn,B004,RF,0,,,,,
J_dyn,B005,Full,81,1.2345265739086357e-09,1.111073916517772e-08,0.0,0.0,9.999665248659949e-08
J_dyn,B005,HCS-i,0,,,,,
J_dyn,B005,KINO,81,0.0,0.0,0.0,0.0,0.0
J_dyn,B005,OEAC-i,0,,,,,
J_dyn,B005,RF,0,,,,,
J_dyn,B006,Full,81,-7.047278370484509e-09,4.415420831070543e-08,-2.236027568896039e-07,0.0,9.99787226595665e-08
J_dyn,B006,HCS-i,0,,,,,
J_dyn,B006,KINO,81,0.0,0.0,0.0,0.0,0.0
J_dyn,B006,OEAC-i,0,,,,,
J_dyn,B006,RF,0,,,,,
J_dyn,B007,Full,81,2.4690681463516945e-09,1.561453805271351e-08,0.0,0.0,9.999774738295535e-08
J_dyn,B007,HCS-i,0,,,,,
J_dyn,B007,KINO,81,0.0,0.0,0.0,0.0,0.0
J_dyn,B007,OEAC-i,0,,,,,
J_dyn,B007,RF,0,,,,,
J_dyn,B008,Full,81,0.0,0.0,0.0,0.0,0.0
J_dyn,B008,HCS-i,0,,,,,
J_dyn,B008,KINO,81,0.0,0.0,0.0,0.0,0.0
J_dyn,B008,OEAC-i,0,,,,,
J_dyn,B008,RF,0,,,,,
J_dyn,B009,Full,81,0.0,0.0,0.0,0.0,0.0
J_dyn,B009,HCS-i,0,,,,,
J_dyn,B009,KINO,81,0.0,0.0,0.0,0.0,0.0
J_dyn,B009,OEAC-i,0,,,,,
J_dyn,B009,RF,0,,,,,
J_dyn,B010,Full,81,0.0,0.0,0.0,0.0,0.0
J_dyn,B010,HCS-i,0,,,,,
J_dyn,B010,KINO,81,0.0,0.0,0.0,0.0,0.0
J_dyn,B010,OEAC-i,0,,,,,
J_dyn,B010,RF,0,,,,,
J_eco,B001,Full,81,-9126.921941301724,12.468965776031538,-9140.819636608654,-9131.888170640314,-9100.67183566065
J_eco,B001,HCS-i,0,,,,,
J_eco,B001,KINO,81,-9130.756303189257,12.344651205604242,-9143.913170858637,-9135.841776241425,-9104.791230958317
J_eco,B001,OEAC-i,0,,,,,
J_eco,B001,RF,0,,,,,
J_eco,B002,Full,81,-8817.109208382204,0.7519745854874909,-8818.338613919987,-8817.0264838499,-8815.437907670545
J_eco,B002,HCS-i,0,,,,,
J_eco,B002,KINO,81,-8819.969343017343,1.0078286003864796,-8821.17184519699,-8820.345045873659,-8818.332963186462
J_eco,B002,OEAC-i,0,,,,,
J_eco,B002,RF,0,,,,,
J_eco,B003,Full,81,-8696.873942715112,0.7692741513650546,-8698.13665942158,-8696.816392749499,-8694.93136371368
J_eco,B003,HCS-i,0,,,,,
J_eco,B003,KINO,81,-8699.991719952548,0.6342719344319039,-8700.870972954412,-8700.083151973231,-8698.683151973228
J_eco,B003,OEAC-i,0,,,,,
J_eco,B003,RF,0,,,,,
J_eco,B004,Full,81,-8783.882582152855,0.7275021657164285,-8785.198041400261,-8783.827712088138,-8782.310374999746
J_eco,B004,HCS-i,0,,,,,
J_eco,B004,KINO,81,-8787.053410537272,0.6925896345303005,-8788.017401401035,-8787.177842627696,-8785.56869133644
J_eco,B004,OEAC-i,0,,,,,
J_eco,B004,RF,0,,,,,
J_eco,B005,Full,81,-9118.376480735244,14.21706602087056,-9133.699610928168,-9125.55850823422,-9089.133790296217
J_eco,B005,HCS-i,0,,,,,
J_eco,B005,KINO,81,-9122.613391979163,14.108525897454301,-9137.919183896174,-9129.896976238419,-9093.776325857665
J_eco,B005,OEAC-i,0,,,,,
J_eco,B005,RF,0,,,,,
J_eco,B006,Full,81,-8681.680400227695,0.7749661925695147,-8682.937895556923,-8681.581318378945,-8679.759702491881
J_eco,B006,HCS-i,0,,,,,
J_eco,B006,KINO,81,-8684.472283291865,1.2468136423645502,-8685.71400791273,-8684.861964766995,-8680.756106743429
J_eco,B006,OEAC-i,0,,,,,
J_eco,B006,RF,0,,,,,
J_eco,B007,Full,81,-8973.564471738855,1.5221429925905254,-8975.70677028582,-8973.608468986253,-8969.57714081879
J_eco,B007,HCS-i,0,,,,,
J_eco,B007,KINO,81,-8976.885427819043,1.3015673124126959,-8978.614467642385,-8977.010108577804,-8973.720968527226
J_eco,B007,OEAC-i,0,,,,,
J_eco,B007,RF,0,,,,,
J_eco,B008,Full,81,-8855.524972744795,1.5984671535108965,-8857.090345985147,-8855.72926012228,-8846.340005953025
J_eco,B008,HCS-i,0,,,,,
J_eco,B008,KINO,81,-8858.911936792789,0.7455126374510808,-8859.981043146327,-8859.03031236678,-8857.16595009118
J_eco,B008,OEAC-i,0,,,,,
J_eco,B008,RF,0,,,,,
J_eco,B009,Full,81,-8942.555275668125,1.179446008943632,-8944.130722180078,-8942.529033945908,-8938.615970694278
J_eco,B009,HCS-i,0,,,,,
J_eco,B009,KINO,81,-8945.869121877495,0.8709028499353171,-8947.071583155897,-8945.862969391666,-8943.72790110389
J_eco,B009,OEAC-i,0,,,,,
J_eco,B009,RF,0,,,,,
J_eco,B010,Full,81,-8770.48045820529,11.37362863514111,-8783.935818168515,-8776.495614942267,-8751.86829850967
J_eco,B010,HCS-i,0,,,,,
J_eco,B010,KINO,81,-8774.363622226201,11.082471320468448,-8787.212096599444,-8780.000126084868,-8755.595217231345
J_eco,B010,OEAC-i,0,,,,,
J_eco,B010,RF,0,,,,,
fuel_kg,B001,Full,81,0.07739453595518485,0.005789138093727487,0.058003559700993426,0.07835501829980353,0.08703870127375483
fuel_kg,B001,HCS-i,81,0.09789083333333307,0.0031884397144214182,0.0918574999999998,0.09864499999999972,0.10226499999999968
fuel_kg,B001,KINO,81,0.10968482237367642,0.0009431464981568624,0.1085999999999996,0.10921850281928329,0.11132773531625223
fuel_kg,B001,OEAC-i,81,0.10214739437599211,0.00032482404284791465,0.1018354639054792,0.10199919994113944,0.10290288416037686
fuel_kg,B001,RF,81,0.1096204426119978,0.001107349023828094,0.1081474999999996,0.10978633734513939,0.11217827510058184
fuel_kg,B002,Full,81,0.055265532207605925,0.0063262942418853465,0.04822935596278194,0.05298004328128544,0.06782918424980056
fuel_kg,B002,HCS-i,33,0.09704068181818155,0.00376570494068292,0.0914049999999998,0.09909749999999971,0.10135999999999969
fuel_kg,B002,KINO,81,0.1085999999999996,0.0,0.1085999999999996,0.1085999999999996,0.1085999999999996
fuel_kg,B002,OEAC-i,81,0.10253172396323344,0.00034008266192365674,0.10231792476682233,0.10231914266692604,0.10336017691559525
fuel_kg,B002,RF,81,0.11025208602963549,0.0010203522474021612,0.10860062828637895,0.11055687861456091,0.11233053070593649
fuel_kg,B003,Full,81,0.05612234412920553,0.0067362240457200795,0.04928704668812714,0.05264920668846485,0.07001333700561538
fuel_kg,B003,HCS-i,60,0.09859974999999972,0.0017249810057907613,0.09638249999999975,0.09887124999999972,0.10181249999999968
fuel_kg,B003,KINO,81,0.1085999999999996,0.0,0.1085999999999996,0.1085999999999996,0.1085999999999996
fuel_kg,B003,OEAC-i,81,0.10180951624280564,0.00039192399662311934,0.10122236745777412,0.10167357015426264,0.10260966870992405
fuel_kg,B003,RF,81,0.11143092124927897,0.0013577272838705878,0.10929982785594418,0.11161641462935444,0.1145518540246098
fuel_kg,B004,Full,81,0.05583025737510417,0.00664163478429457,0.04777044227722902,0.05252461566831779,0.06891434743935126
fuel_kg,B004,HCS-i,33,0.09868613636363607,0.0025279416721932534,0.09638249999999975,0.09864499999999972,0.10452749999999965
fuel_kg,B004,KINO,81,0.10860719080239437,3.689449279767793e-05,0.1085999999999996,0.1085999999999996,0.10879415166465839
fuel_kg,B004,OEAC-i,81,0.10262038378073264,0.0003901984505361775,0.10201051640047626,0.10246174845600504,0.10347393834402616
fuel_kg,B004,RF,81,0.11011441710632265,0.0013284652763533135,0.1081474999999996,0.10988295696810281,0.11266497305199918
fuel_kg,B005,Full,81,0.07532932345758878,0.0076637897037332755,0.05880546266500719,0.0784497272306763,0.08536326331243696
fuel_kg,B005,HCS-i,0,,,,,
fuel_kg,B005,KINO,81,0.10905978968735544,0.0010815806150162035,0.10775814616544467,0.10862810405239327,0.11088466670613
fuel_kg,B005,OEAC-i,81,0.10161857647868706,0.00040754758760702003,0.10092612291155553,0.10149706983010424,0.1024716144232532
fuel_kg,B005,RF,81,0.10951837282702301,0.0010952048241700948,0.1081474999999996,0.10901692706131533,0.11145826467308446
fuel_kg,B006,Full,81,0.05430762522343441,0.007193879950184457,0.047093519399655726,0.05121035126806668,0.06951192620285161
fuel_kg,B006,HCS-i,60,0.09848662499999973,0.0008927416618418293,0.09728749999999974,0.09864499999999972,0.1004549999999997
fuel_kg,B006,KINO,81,0.10882185706996665,0.000631416290496454,0.1085999999999996,0.1085999999999996,0.11059671362970293
fuel_kg,B006,OEAC-i,81,0.10141080210846824,0.0003901681710997024,0.1008246591630857,0.10127575359211702,0.10220236276793782
fuel_kg,B006,RF,81,0.11144608999467549,0.0018585034461999874,0.10895194846124127,0.11166758121702088,0.11477867259435445
fuel_kg,B007,Full,81,0.062769291766153,0.009512402594105285,0.051738026265041856,0.05941400929558135,0.07979008658373289
fuel_kg,B007,HCS-i,54,0.09854444444444416,0.0013407960767755885,0.09728749999999974,0.09864499999999972,0.10090749999999969
fuel_kg,B007,KINO,81,0.10699239815981153,0.001823357768719726,0.10462036580255907,0.1085999999999996,0.1085999999999996
fuel_kg,B007,OEAC-i,75,0.10146836547740967,0.0003913515119634807,0.10083601006213853,0.10130907472612802,0.10237427595435751
fuel_kg,B007,RF,81,0.11062352426881245,0.0013096264841147478,0.10851596557088067,0.11086716047355702,0.1136716692622114
fuel_kg,B008,Full,81,0.055424073101522794,0.007393811930299412,0.04842313006825744,0.05250656997043601,0.07649921042407816
fuel_kg,B008,HCS-i,60,0.09735537499999974,0.00048453647800443615,0.09683499999999974,0.09728749999999974,0.09864499999999972
fuel_kg,B008,KINO,81,0.10833185185185146,0.000766509415485395,0.10588499999999963,0.1085999999999996,0.1085999999999996
fuel_kg,B008,OEAC-i,81,0.10017803504915064,0.00037818754602330403,0.0996224673190144,0.10005906496394518,0.10112209212324139
fuel_kg,B008,RF,81,0.11080626293929449,0.0013846409480906448,0.1089954305459751,0.11100807754476322,0.11352343517887484
fuel_kg,B009,Full,81,0.05681277697486887,0.00849761963098466,0.04907628895495538,0.053087707779519294,0.08808377230154511
fuel_kg,B009,HCS-i,33,0.09685797054612708,0.0014180208436504408,0.09411999999999977,0.09638249999999975,0.09889767600740035
fuel_kg,B009,KINO,81,0.10784583333333295,0.001423758011390961,0.10497999999999964,0.1085999999999996,0.1085999999999996
fuel_kg,B009,OEAC-i,81,0.10009229607200941,0.0005264193721994617,0.09931482487085741,0.0997837723527646,0.10123213030839942
fuel_kg,B009,RF,81,0.11014202583631556,0.0011883098705524656,0.1081474999999996,0.1098750356889086,0.11229292144784173
fuel_kg,B010,Full,81,0.06487319741341084,0.0022181285971541727,0.060649482365943815,0.06422662085690446,0.06957496026065109
fuel_kg,B010,HCS-i,0,,,,,
fuel_kg,B010,KINO,81,0.10799430435780906,0.0006227828522040787,0.10705109667988831,0.10811771226518908,0.10898600935032222
fuel_kg,B010,OEAC-i,0,,,,,
fuel_kg,B010,RF,81,0.11108828536762422,0.002367676631974823,0.1081474999999996,0.11075805011939822,0.11654109063888539
fuel_g,B001,Full,81,77.39453595518485,5.789138093727491,58.00355970099343,78.35501829980353,87.03870127375484
fuel_g,B001,HCS-i,81,97.89083333333306,3.188439714421423,91.8574999999998,98.64499999999973,102.26499999999967
fuel_g,B001,KINO,81,109.68482237367641,0.9431464981568577,108.5999999999996,109.21850281928329,111.32773531625223
fuel_g,B001,OEAC-i,81,102.14739437599212,0.3248240428479154,101.8354639054792,101.99919994113944,102.90288416037687
fuel_g,B001,RF,81,109.62044261199779,1.1073490238281016,108.14749999999961,109.78633734513939,112.17827510058184
fuel_g,B002,Full,81,55.26553220760592,6.326294241885349,48.22935596278194,52.98004328128544,67.82918424980056
fuel_g,B002,HCS-i,33,97.04068181818157,3.765704940682916,91.4049999999998,99.09749999999971,101.35999999999969
fuel_g,B002,KINO,81,108.5999999999996,0.0,108.5999999999996,108.5999999999996,108.5999999999996
fuel_g,B002,OEAC-i,81,102.53172396323343,0.34008266192365466,102.31792476682233,102.31914266692604,103.36017691559525
fuel_g,B002,RF,81,110.25208602963548,1.0203522474021558,108.60062828637895,110.55687861456092,112.33053070593648
fuel_g,B003,Full,81,56.12234412920554,6.736224045720081,49.28704668812714,52.64920668846485,70.01333700561538
fuel_g,B003,HCS-i,60,98.59974999999972,1.7249810057907633,96.38249999999975,98.87124999999972,101.81249999999969
fuel_g,B003,KINO,81,108.5999999999996,0.0,108.5999999999996,108.5999999999996,108.5999999999996
fuel_g,B003,OEAC-i,81,101.80951624280563,0.3919239966231105,101.22236745777411,101.67357015426263,102.60966870992405
fuel_g,B003,RF,81,111.43092124927895,1.3577272838705858,109.29982785594417,111.61641462935444,114.5518540246098
fuel_g,B004,Full,81,55.83025737510417,6.64163478429457,47.77044227722902,52.524615668317786,68.91434743935126
fuel_g,B004,HCS-i,33,98.68613636363608,2.52794167219325,96.38249999999975,98.64499999999973,104.52749999999965
fuel_g,B004,KINO,81,108.60719080239436,0.03689449279767695,108.5999999999996,108.5999999999996,108.79415166465839
fuel_g,B004,OEAC-i,81,102.62038378073265,0.39019845053617525,102.01051640047626,102.46174845600504,103.47393834402615
fuel_g,B004,RF,81,110.11441710632266,1.3284652763533131,108.14749999999961,109.8829569681028,112.66497305199918
fuel_g,B005,Full,81,75.32932345758879,7.6637897037332765,58.80546266500719,78.44972723067629,85.36326331243696
fuel_g,B005,HCS-i,0,,,,,
fuel_g,B005,KINO,81,109.05978968735543,1.0815806150162013,107.75814616544467,108.62810405239327,110.88466670612999
fuel_g,B005,OEAC-i,81,101.61857647868705,0.40754758760702336,100.92612291155554,101.49706983010424,102.4716144232532
fuel_g,B005,RF,81,109.518372827023,1.0952048241700993,108.14749999999961,109.01692706131533,111.45826467308447
fuel_g,B006,Full,81,54.30762522343441,7.1938799501844555,47.093519399655726,51.21035126806668,69.51192620285161
fuel_g,B006,HCS-i,60,98.48662499999973,0.8927416618418329,97.28749999999974,98.64499999999973,100.4549999999997
fuel_g,B006,KINO,81,108.82185706996663,0.6314162904964565,108.5999999999996,108.5999999999996,110.59671362970293
fuel_g,B006,OEAC-i,81,101.41080210846825,0.39016817109971086,100.8246591630857,101.27575359211701,102.20236276793781
fuel_g,B006,RF,81,111.4460899946755,1.8585034461999759,108.95194846124127,111.66758121702088,114.77867259435445
fuel_g,B007,Full,81,62.76929176615301,9.512402594105295,51.73802626504185,59.414009295581344,79.79008658373289
fuel_g,B007,HCS-i,54,98.54444444444417,1.3407960767755824,97.28749999999974,98.64499999999973,100.90749999999969
fuel_g,B007,KINO,81,106.99239815981154,1.8233577687197318,104.62036580255906,108.5999999999996,108.5999999999996
fuel_g,B007,OEAC-i,75,101.46836547740968,0.3913515119634853,100.83601006213853,101.30907472612802,102.37427595435751
fuel_g,B007,RF,81,110.62352426881246,1.3096264841147507,108.51596557088067,110.86716047355702,113.6716692622114
fuel_g,B008,Full,81,55.424073101522794,7.393811930299413,48.42313006825744,52.50656997043601,76.49921042407816
fuel_g,B008,HCS-i,60,97.35537499999973,0.48453647800443644,96.83499999999974,97.28749999999974,98.64499999999973
fuel_g,B008,KINO,81,108.33185185185145,0.7665094154853969,105.88499999999964,108.5999999999996,108.5999999999996
fuel_g,B008,OEAC-i,81,100.17803504915064,0.3781875460232992,99.6224673190144,100.05906496394518,101.12209212324139
fuel_g,B008,RF,81,110.80626293929448,1.3846409480906456,108.9954305459751,111.00807754476321,113.52343517887483
fuel_g,B009,Full,81,56.81277697486886,8.49761963098466,49.07628895495538,53.08770777951929,88.08377230154511
fuel_g,B009,HCS-i,33,96.85797054612708,1.41802084365044,94.11999999999978,96.38249999999975,98.89767600740035
fuel_g,B009,KINO,81,107.84583333333293,1.4237580113909598,104.97999999999965,108.5999999999996,108.5999999999996
fuel_g,B009,OEAC-i,81,100.0922960720094,0.5264193721994533,99.31482487085741,99.7837723527646,101.23213030839942
fuel_g,B009,RF,81,110.14202583631557,1.1883098705524644,108.14749999999961,109.87503568890861,112.29292144784172
fuel_g,B010,Full,81,64.87319741341084,2.2181285971541693,60.64948236594381,64.22662085690446,69.5749602606511
fuel_g,B010,HCS-i,0,,,,,
fuel_g,B010,KINO,81,107.99430435780909,0.6227828522040797,107.05109667988832,108.11771226518908,108.98600935032222
fuel_g,B010,OEAC-i,0,,,,,
fuel_g,B010,RF,81,111.08828536762422,2.367676631974825,108.14749999999961,110.75805011939822,116.5410906388854
equivalent_energy_kwh,B001,Full,81,1.0324592841876303,0.06310549313449808,0.8243086638168436,1.045307657783448,1.133898719270471
equivalent_energy_kwh,B001,HCS-i,81,1.1692516203703671,0.03808414103336704,1.0971868055555531,1.1782597222222189,1.2214986111111072
equivalent_energy_kwh,B001,KINO,81,1.3143521112149172,0.014306779540087522,1.297166666666662,1.3078143818768773,1.3393448702679618
equivalent_energy_kwh,B001,OEAC-i,81,1.247318584698068,0.003968471727253905,1.2447077079151885,1.2448687391197952,1.2571014002495722
equivalent_energy_kwh,B001,RF,81,1.3391983688286309,0.04789660038107576,1.2917618055555509,1.3174424576811503,1.4259293968266156
equivalent_energy_kwh,B002,Full,81,0.7977186801361817,0.061634701995814924,0.7211319112386063,0.7811964937141591,0.9260940620597377
equivalent_energy_kwh,B002,HCS-i,33,1.1591034513560556,0.04496934846554457,1.091816536026954,1.18366458333333,1.2106888888888854
equivalent_energy_kwh,B002,KINO,81,1.2974651871931313,0.0008496043127602694,1.297166666666662,1.297166666666662,1.2998533514048918
equivalent_energy_kwh,B002,OEAC-i,81,1.2512305173912088,0.004354160965730792,1.2485548457238127,1.2485722477500139,1.262155313826418
equivalent_energy_kwh,B002,RF,81,1.3284642764470798,0.016198437825440545,1.3011028200873864,1.329582408785986,1.3641792841463252
equivalent_energy_kwh,B003,Full,81,0.7851999495469673,0.0829527841112916,0.6938375376059686,0.771772710527253,0.9652468884577186
equivalent_energy_kwh,B003,HCS-i,60,1.1777192361111077,0.02060393979138967,1.1512354166666636,1.1809621527777745,1.2160937499999962
equivalent_energy_kwh,B003,KINO,81,1.297166666666662,0.0,1.297166666666662,1.297166666666662,1.297166666666662
equivalent_energy_kwh,B003,OEAC-i,81,1.236009050955742,0.004860076851207648,1.228913362380605,1.2342994672033873,1.2463838295401102
equivalent_energy_kwh,B003,RF,81,1.366902231158669,0.038681703406690894,1.3108749100410602,1.3587407594188476,1.4226949156978645
equivalent_energy_kwh,B004,Full,81,0.7976999148437199,0.06376780209031682,0.7101551733156144,0.7842411993264826,0.9315712709011833
equivalent_energy_kwh,B004,HCS-i,33,1.1787510732323199,0.030194858862308382,1.1512354166666636,1.1782597222222189,1.2485229166666625
equivalent_energy_kwh,B004,KINO,81,1.2976772558130194,0.0014375299573130818,1.297166666666662,1.297166666666662,1.3039231013122974
equivalent_energy_kwh,B004,OEAC-i,81,1.2495552733380444,0.0049082767492321,1.2421629499428657,1.2475497923270378,1.2607214478736384
equivalent_energy_kwh,B004,RF,81,1.3477178510933994,0.0395731017770942,1.2917618055555509,1.346134566885134,1.4241625485155731
equivalent_energy_kwh,B005,Full,81,1.0092469212417106,0.08586441173532358,0.832489445685261,1.044975065832684,1.114652137328754
equivalent_energy_kwh,B005,HCS-i,0,,,,,
equivalent_energy_kwh,B005,KINO,81,1.3087827606759352,0.016258300234686558,1.2884264174023092,1.3024943168379326,1.3362788216334418
equivalent_energy_kwh,B005,OEAC-i,81,1.2434271940958534,0.00537828745314015,1.2339944105037095,1.2423825391078898,1.2550167920531974
equivalent_energy_kwh,B005,RF,81,1.3361621333172846,0.040166093304239925,1.2917618055555509,1.3238055968614315,1.4134396370319497
equivalent_energy_kwh,B006,Full,81,0.7735859625462485,0.0811897629629416,0.6832364483833391,0.746457026052761,0.9400892928520336
equivalent_energy_kwh,B006,HCS-i,60,1.17636802083333,0.010663303183110751,1.1620451388888857,1.1782597222222189,1.199879166666663
equivalent_energy_kwh,B006,KINO,81,1.300963910663679,0.010807145875778157,1.297166666666662,1.297166666666662,1.331341862639816
equivalent_energy_kwh,B006,OEAC-i,81,1.2334151995522353,0.00483146776993875,1.226335025101655,1.2317198140974135,1.243669173751535
equivalent_energy_kwh,B006,RF,81,1.3658194470597005,0.03751562365721638,1.3059226725990198,1.3786501161303346,1.4351899143864224
equivalent_energy_kwh,B007,Full,81,0.8702467868498132,0.10188471475449057,0.7259933849293292,0.8523110178966148,1.0473436626789592
equivalent_energy_kwh,B007,HCS-i,54,1.1770612353476193,0.016012588713073282,1.1620451388888857,1.1782597222222189,1.205284027777774
equivalent_energy_kwh,B007,KINO,81,1.2823242776085275,0.0171925569220032,1.2586374813638612,1.297166666666662,1.2981110680639558
equivalent_energy_kwh,B007,OEAC-i,75,1.2368682352686822,0.004915366309269473,1.229214672560151,1.2348747791324166,1.2488458532486857
equivalent_energy_kwh,B007,RF,81,1.3479735957770065,0.03496431888883153,1.300766672808259,1.3410839398692715,1.4132801644606536
equivalent_energy_kwh,B008,Full,81,0.8015229077513458,0.06942575309965236,0.7215240065704225,0.7706493295542942,1.0235355882854995
equivalent_energy_kwh,B008,HCS-i,60,1.1628558680555523,0.005787519042830788,1.1566402777777747,1.1620451388888857,1.1782597222222189
equivalent_energy_kwh,B008,KINO,81,1.2948302386648505,0.007619710036187309,1.2694699808396257,1.297166666666662,1.2986877297178225
equivalent_energy_kwh,B008,OEAC-i,81,1.2262335434128424,0.004731687142858122,1.2194976523680587,1.2247338595728572,1.2385743172042059
equivalent_energy_kwh,B008,RF,81,1.3368579107297984,0.023823185431027665,1.3087210296318423,1.336790922525797,1.3839831168173775
equivalent_energy_kwh,B009,Full,81,0.816748046010505,0.08405953150062939,0.7443073223785746,0.7761371170964244,1.1058511026033166
equivalent_energy_kwh,B009,HCS-i,33,1.1570568179805507,0.017153141345409354,1.1242111111111084,1.1512354166666636,1.1828416644527544
equivalent_energy_kwh,B009,KINO,81,1.2904019680350647,0.01337358835958377,1.2651508207218518,1.297166666666662,1.299466697978604
equivalent_energy_kwh,B009,OEAC-i,81,1.2244402411561586,0.006462648157654606,1.2151892859561095,1.2205855655126574,1.2391740404488654
equivalent_energy_kwh,B009,RF,81,1.3220999207878323,0.0180684695627396,1.2917618055555509,1.318868443272999,1.354952355488695
equivalent_energy_kwh,B010,Full,81,0.9395363447759928,0.028838920999022744,0.8750488275796898,0.9378413337546685,1.0000862104414436
equivalent_energy_kwh,B010,HCS-i,0,,,,,
equivalent_energy_kwh,B010,KINO,81,1.3063518244571306,0.009686342641207248,1.2902479593387772,1.3061168758027735,1.3209771067285372
equivalent_energy_kwh,B010,OEAC-i,0,,,,,
equivalent_energy_kwh,B010,RF,81,1.341469697786503,0.041432649637291895,1.2917618055555509,1.331216975459421,1.4297705063905939
equivalent_energy_kwh_per_km,B001,Full,81,0.33908255839911255,0.020888020402782117,0.27044247500552615,0.34335311885363157,0.3731461866464576
equivalent_energy_kwh_per_km,B001,HCS-i,81,0.5501632173164162,0.017139417484834867,0.5179194211738967,0.5528235246683505,0.5736755732271831
equivalent_energy_kwh_per_km,B001,KINO,81,0.43165355526712273,0.005108515219805854,0.4255796150481174,0.4293380363003427,0.440754515874646
equivalent_energy_kwh_per_km,B001,OEAC-i,81,0.5723153499422248,0.0018214246227723928,0.5711588519475452,0.5711748574669322,0.5768626346679587
equivalent_energy_kwh_per_km,B001,RF,81,0.48572414042847384,0.04721449063698783,0.44247432795417513,0.457298955589581,0.5600360677640618
equivalent_energy_kwh_per_km,B002,Full,81,0.271296569131189,0.020961391858743714,0.24525009698376476,0.26567747657825397,0.3149558217605787
equivalent_energy_kwh_per_km,B002,HCS-i,33,0.5390539308283656,0.020267129916373004,0.5091127495845502,0.5488388148154995,0.5646500898208952
equivalent_energy_kwh_per_km,B002,KINO,81,0.44125479992565525,0.00028913524134318214,0.4411531249891091,0.44115314791673815,0.44206753400463755
equivalent_energy_kwh_per_km,B002,OEAC-i,81,0.5694554040946888,0.001981754459187032,0.5682377226977036,0.5682454637262402,0.5744276475105151
equivalent_energy_kwh_per_km,B002,RF,81,0.46324866629672584,0.012375332664669223,0.44237940623653466,0.4691925555361808,0.4811893378572109
equivalent_energy_kwh_per_km,B003,Full,81,0.27073123344700334,0.02860152899397138,0.23923006183823667,0.26610165650981654,0.33281016951632897
equivalent_energy_kwh_per_km,B003,HCS-i,60,0.5607103314702037,0.00982277704576212,0.5489808951092602,0.5611097296540495,0.580446274170752
equivalent_energy_kwh_per_km,B003,KINO,81,0.447252677715479,1.5380624722439088e-07,0.4472525752351757,0.44725259017888064,0.4472530624277855
equivalent_energy_kwh_per_km,B003,OEAC-i,81,0.5720706183242905,0.0022493852684140306,0.5687865226022698,0.5712793770766875,0.5768723880862829
equivalent_energy_kwh_per_km,B003,RF,81,0.501443961760732,0.03876003076129856,0.46472754909077907,0.479588456233127,0.5595869426047789
equivalent_energy_kwh_per_km,B004,Full,81,0.27231427106740147,0.02176779924938898,0.24242804309254198,0.2677190649409556,0.3180137199503601
equivalent_energy_kwh_per_km,B004,HCS-i,33,0.5547280752764184,0.014393075653827116,0.5428296890992018,0.5530553814705358,0.5890819650186198
equivalent_energy_kwh_per_km,B004,KINO,81,0.4429917162566326,0.0004908143643859821,0.44281722620750047,0.4428172476409296,0.44512367657125934
equivalent_energy_kwh_per_km,B004,OEAC-i,81,0.5736560293835694,0.0022532603337718925,0.5702624280511648,0.5727354093385305,0.5787821699060808
equivalent_energy_kwh_per_km,B004,RF,81,0.4953801584923088,0.035099490051867875,0.4522581142618137,0.48310132641409176,0.5528482085012354
equivalent_energy_kwh_per_km,B005,Full,81,0.3316213737338024,0.0283416142226565,0.27324220273616545,0.3434870583086293,0.3670547902680323
equivalent_energy_kwh_per_km,B005,HCS-i,0,,,,,
equivalent_energy_kwh_per_km,B005,KINO,81,0.4300498175827227,0.0058170645144447735,0.4228552509445912,0.42772119327097513,0.44009285991661634
equivalent_energy_kwh_per_km,B005,OEAC-i,81,0.5712464710256498,0.0024437938625666263,0.5670079858128088,0.5707186372256651,0.5765229091165788
equivalent_energy_kwh_per_km,B005,RF,81,0.47601452755311335,0.043925604781210194,0.43262005614975646,0.44999122829716587,0.5463573305070093
equivalent_energy_kwh_per_km,B006,Full,81,0.26719220161589047,0.028042515222458153,0.23598589771030137,0.25782200859495313,0.32470167658364113
equivalent_energy_kwh_per_km,B006,HCS-i,60,0.5649485571639212,0.005485010149637894,0.5590771164570176,0.5647989875637162,0.5777340323902579
equivalent_energy_kwh_per_km,B006,KINO,81,0.44934434062057826,0.003732672608640862,0.44803268952292763,0.44803272423643997,0.4598365603413414
equivalent_energy_kwh_per_km,B006,OEAC-i,81,0.576562290275533,0.002258408809443382,0.5732527346064251,0.5757698133108332,0.5813554162004297
equivalent_energy_kwh_per_km,B006,RF,81,0.5067897477892845,0.03181711717032762,0.47084802442055357,0.49242553442711634,0.5636252765122367
equivalent_energy_kwh_per_km,B007,Full,81,0.2907216986993085,0.034036397731017236,0.2425289545269902,0.2847302803422486,0.34988721022439334
equivalent_energy_kwh_per_km,B007,HCS-i,54,0.5437071851744256,0.007487347371842714,0.5356089872552497,0.5431198077519214,0.5557230199703772
equivalent_energy_kwh_per_km,B007,KINO,81,0.4283800588331609,0.005740880765899013,0.4204688410324911,0.43333571231244994,0.43365171558872817
equivalent_energy_kwh_per_km,B007,OEAC-i,75,0.5582857847769559,0.0022185568411166715,0.5548311409998478,0.5573865254908378,0.5636919221481165
equivalent_energy_kwh_per_km,B007,RF,81,0.4800355767550593,0.0320611765357589,0.44904247508768325,0.4630941616219482,0.5328671604135563
equivalent_energy_kwh_per_km,B008,Full,81,0.271395506271231,0.023507643214603153,0.2443077065238431,0.2609416886865654,0.34657036875436664
equivalent_energy_kwh_per_km,B008,HCS-i,60,0.5453889274816182,0.0029369098481983272,0.5411236210783548,0.5448439394626821,0.5535949938425296
equivalent_energy_kwh_per_km,B008,KINO,81,0.43842807950965246,0.0025796242552737665,0.4298425523666206,0.4392188637114338,0.4397348115579898
equivalent_energy_kwh_per_km,B008,OEAC-i,81,0.5643559287840927,0.0021784469909889256,0.5612479347082543,0.5636608064722668,0.5700284267877924
equivalent_energy_kwh_per_km,B008,RF,81,0.4788191161079877,0.031591896856852604,0.44363509486855285,0.46421799776562395,0.5290947134574674
equivalent_energy_kwh_per_km,B009,Full,81,0.27385743876468427,0.02818584705226853,0.2495673984540441,0.26024094127696784,0.3707955587713046
equivalent_energy_kwh_per_km,B009,HCS-i,33,0.5412795297200996,0.008755347897008669,0.5266640615099859,0.5375541418706369,0.5558254721442554
equivalent_energy_kwh_per_km,B009,KINO,81,0.4326733831169144,0.004483067993811608,0.42420966382733366,0.43494074121372167,0.4357129241798334
equivalent_energy_kwh_per_km,B009,OEAC-i,81,0.5578693567547583,0.0029458971601570723,0.5536452411601942,0.5561039107589966,0.5645736632867618
equivalent_energy_kwh_per_km,B009,RF,81,0.4655338650110671,0.019560196216755192,0.43395550224175305,0.47018997440562793,0.49295023863090215
equivalent_energy_kwh_per_km,B010,Full,81,0.31875689875580077,0.010226235910738164,0.2963733836254083,0.3176414224094812,0.3401450525302059
equivalent_energy_kwh_per_km,B010,HCS-i,0,,,,,
equivalent_energy_kwh_per_km,B010,KINO,81,0.44314286320918805,0.0037492431323788507,0.4369988651145986,0.4424963673661471,0.4492855286157538
equivalent_energy_kwh_per_km,B010,OEAC-i,0,,,,,
equivalent_energy_kwh_per_km,B010,RF,81,0.48120725219746074,0.037287307317679916,0.43445527396503203,0.47121997800111703,0.5427214795403547
battery_discharge_kwh,B001,Full,81,0.10802454916736691,0.008650210457477318,0.09066671275874065,0.10716161702909253,0.13148836738831107
battery_discharge_kwh,B001,HCS-i,81,0.0,0.0,0.0,0.0,0.0
battery_discharge_kwh,B001,KINO,81,0.004227843973782307,0.0030651248619322697,0.0,0.003260042646549352,0.009596920657171276
battery_discharge_kwh,B001,OEAC-i,81,0.027224707429273107,0.0009009471545281566,0.02654199895173964,0.026545395776022773,0.029293875450948758
battery_discharge_kwh,B001,RF,81,0.029843082074212556,0.039053210069919304,0.0,0.004651592990395343,0.08602222201411013
battery_discharge_kwh,B002,Full,81,0.1376026009897777,0.029436810688317713,0.07859131592488389,0.13159795037872987,0.17698671603597627
battery_discharge_kwh,B002,HCS-i,33,6.418527775752191e-06,1.3830283689910769e-05,0.0,0.0,3.601222302140207e-05
battery_discharge_kwh,B002,KINO,81,0.0002985205264693752,0.0008496043127602276,0.0,0.0,0.0026866847382297364
battery_discharge_kwh,B002,OEAC-i,81,0.02654603671925408,0.0003446253461572045,0.02642237036406966,0.02642576185911413,0.027575422890141657
battery_discharge_kwh,B002,RF,81,0.0115643599819893,0.005828655718785281,0.0039286488889711925,0.009041914223175152,0.022453500714305907
battery_discharge_kwh,B003,Full,81,0.11484972800367901,0.02406707819211861,0.08536677854488856,0.10904713324856005,0.18249999632205025
battery_discharge_kwh,B003,HCS-i,60,0.0,0.0,0.0,0.0,0.0
battery_discharge_kwh,B003,KINO,81,0.0,0.0,0.0,0.0,0.0
battery_discharge_kwh,B003,OEAC-i,81,0.019950940277785933,0.00025363787980419616,0.019858523705905497,0.019865154068480325,0.02076834217157283
battery_discharge_kwh,B003,RF,81,0.03592178290339248,0.030932990756943182,0.0053491884283936005,0.02015787118864425,0.08392503648379097
battery_discharge_kwh,B004,Full,81,0.13083850730775334,0.024182561299137182,0.07474321856733497,0.1414635825229648,0.16913282904481874
battery_discharge_kwh,B004,HCS-i,33,0.0,0.0,0.0,0.0,0.0
battery_discharge_kwh,B004,KINO,81,0.00042469900664209996,0.0010836837457499288,0.0,0.0,0.0044374008733224085
battery_discharge_kwh,B004,OEAC-i,81,0.023811800401515565,0.0003248597310092316,0.02369214428121402,0.023699082964862433,0.024782739875548274
battery_discharge_kwh,B004,RF,81,0.032462313434545205,0.03378457859661387,0.0,0.015454260242690674,0.0848786262058651
battery_discharge_kwh,B005,Full,81,0.10948000216495579,0.007676583331868816,0.09492878311126943,0.10716161018264571,0.13009086385323063
battery_discharge_kwh,B005,HCS-i,0,,,,,
battery_discharge_kwh,B005,KINO,81,0.006124161632523278,0.003356591629469988,0.001315227092831194,0.004991962878790698,0.011823080421333485
battery_discharge_kwh,B005,OEAC-i,81,0.029649752822647046,0.000808073012061543,0.02848158818197017,0.030055681030015446,0.031050286442117454
battery_discharge_kwh,B005,RF,81,0.02802601343895427,0.03573967543811042,0.0,0.005685169511905068,0.08292843376882654
battery_discharge_kwh,B006,Full,81,0.12491155015522638,0.02404806620477377,0.08109129152590229,0.12094814584527196,0.16845536487956467
battery_discharge_kwh,B006,HCS-i,60,0.0,0.0,0.0,0.0,0.0
battery_discharge_kwh,B006,KINO,81,0.0011472845501886173,0.0032652290726260143,0.0,0.0,0.010325560951697557
battery_discharge_kwh,B006,OEAC-i,81,0.022119507701086956,0.00024578756977045377,0.02202879273495424,0.022037201747126926,0.02291872957894458
battery_discharge_kwh,B006,RF,81,0.034657816567743166,0.027207326290671068,0.004552177089748972,0.024632779002435164,0.0757269545936374
battery_discharge_kwh,B007,Full,81,0.12050246853187441,0.024216656774526186,0.0661514508218829,0.11286597157124759,0.1780016440468843
battery_discharge_kwh,B007,HCS-i,54,2.5933723140218807e-06,7.404385842173697e-06,0.0,0.0,2.3552770121480612e-05
battery_discharge_kwh,B007,KINO,81,0.004359521810778424,0.005060185318066076,0.0,0.00094440139729364,0.012987957848757494
battery_discharge_kwh,B007,OEAC-i,75,0.024884980955177702,0.00034352469114744635,0.02477894354487032,0.0247823923297693,0.026042001571637673
battery_discharge_kwh,B007,RF,81,0.026637055899524226,0.02359727701814783,0.0038047727017173783,0.015230182444493727,0.06110840367088367
battery_discharge_kwh,B008,Full,81,0.13951314570537915,0.03030391238965974,0.0630191017586732,0.14105449501618217,0.20000006211485846
battery_discharge_kwh,B008,HCS-i,60,0.0,0.0,0.0,0.0,0.0
battery_discharge_kwh,B008,KINO,81,0.0008664526566246198,0.0016546145659915457,0.0,0.0,0.005577909288448261
battery_discharge_kwh,B008,OEAC-i,81,0.029662569214654447,0.0003267473972605057,0.029066168373474584,0.029583862216046322,0.030727105732156142
battery_discharge_kwh,B008,RF,81,0.013338658954891945,0.007979073953849737,0.003425973936731016,0.011059054779298905,0.028008752180817085
battery_discharge_kwh,B009,Full,81,0.1381509876995713,0.031225570258583978,0.05373937789041659,0.15229312320840777,0.19252795170626855
battery_discharge_kwh,B009,HCS-i,33,0.00014216979069949434,0.0004565510067987869,0.0,0.0,0.0015638676976944378
battery_discharge_kwh,B009,KINO,81,0.002243403220254623,0.0038302522896590412,0.0,0.0,0.01122304294408193
battery_discharge_kwh,B009,OEAC-i,81,0.028893371407157267,0.0004175662510692545,0.028071523388846286,0.028921796255833694,0.030012483987427962
battery_discharge_kwh,B009,RF,81,0.00651461218739642,0.0039471907371021984,0.0,0.006472183655479458,0.013675793750585322
battery_discharge_kwh,B010,Full,81,0.16466204233802995,0.028176764330875723,0.099595209140344,0.16626423214990013,0.20814162823218438
battery_discharge_kwh,B010,HCS-i,0,,,,,
battery_discharge_kwh,B010,KINO,81,0.016419855738855668,0.0036039225399092456,0.011582082329000072,0.014987280194789494,0.022502991612913116
battery_discharge_kwh,B010,OEAC-i,0,,,,,
battery_discharge_kwh,B010,RF,81,0.014581844784325003,0.013624682032733381,0.0,0.008378102297522536,0.037751923759463
brake_loss_kwh,B001,Full,81,0.032215166562903866,0.009903927962711959,0.0,0.033482892516097304,0.04647513397259572
brake_loss_kwh,B001,HCS-i,81,0.00045197038967889044,0.0003371381058171819,0.0001442095184535431,0.0003919809676921878,0.0013310564420835095
brake_loss_kwh,B001,KINO,81,0.0,0.0,0.0,0.0,0.0
brake_loss_kwh,B001,OEAC-i,81,0.034825497023328586,0.007241551943328404,0.02254832568228841,0.03635836969429041,0.04588664205353695
brake_loss_kwh,B001,RF,81,0.06386222136095737,0.09011393150118574,0.0,0.0,0.19437270234069473
brake_loss_kwh,B002,Full,81,0.006156585735744452,0.012159097526474148,0.0,0.0,0.03420539758813152
brake_loss_kwh,B002,HCS-i,33,0.0006204181447941883,0.0004288848852499848,0.00015607757080081342,0.0004376539843785759,0.001442453811975935
brake_loss_kwh,B002,KINO,81,0.0,0.0,0.0,0.0,0.0
brake_loss_kwh,B002,OEAC-i,81,0.032956206532644264,0.007005520670741822,0.02220519883188809,0.03578694508768351,0.04234133368728482
brake_loss_kwh,B002,RF,81,0.02519257270504299,0.013137805441356227,0.0,0.02138167875949422,0.04395303811952115
brake_loss_kwh,B003,Full,81,0.010682879354854551,0.015812851866602858,0.0,0.0,0.041019671591658584
brake_loss_kwh,B003,HCS-i,60,0.0004924570392006708,0.00019938870816769923,0.0002026842184683902,0.0004693990804267849,0.0008981033773887077
brake_loss_kwh,B003,KINO,81,0.0,0.0,0.0,0.0,0.0
brake_loss_kwh,B003,OEAC-i,81,0.023524625317406785,0.00738952540713613,0.01184149031699113,0.026881545503979302,0.03325157615657432
brake_loss_kwh,B003,RF,81,0.08435458667696949,0.0728951812591267,0.014428688007694347,0.05522414628563192,0.18439860856239554
brake_loss_kwh,B004,Full,81,0.007804350233109809,0.012978044818735377,0.0,0.0,0.03691014288017591
brake_loss_kwh,B004,HCS-i,33,0.0005167363014890945,0.0002328072639833722,0.00013493945520585282,0.0004993875661305706,0.0008961210862824876
brake_loss_kwh,B004,KINO,81,0.0,0.0,0.0,0.0,0.0
brake_loss_kwh,B004,OEAC-i,81,0.027189078525611907,0.0074888664342800644,0.015745672894295345,0.030238121046152082,0.03718314946761587
brake_loss_kwh,B004,RF,81,0.07554971457897756,0.07430171777707341,0.009031835630783868,0.03932798419893839,0.18283185251020637
brake_loss_kwh,B005,Full,81,0.029184735110649215,0.014334556108341097,0.0019708536813224944,0.035674591788755976,0.045474960177624084
brake_loss_kwh,B005,HCS-i,0,,,,,
brake_loss_kwh,B005,KINO,81,0.0020592933178974013,8.39819391591652e-20,0.0020592933178974013,0.0020592933178974013,0.0020592933178974018
brake_loss_kwh,B005,OEAC-i,81,0.03834451029709309,0.00771514834645278,0.024140236109620992,0.042762159183992184,0.047078597840961044
brake_loss_kwh,B005,RF,81,0.05903637185680558,0.08339657500765078,0.0,0.0,0.17684693229221382
brake_loss_kwh,B006,Full,81,0.008479733662339343,0.014127916724425791,0.0,0.0,0.03802322947866206
brake_loss_kwh,B006,HCS-i,60,0.0005910203737905203,0.00011531975679427289,0.00033306888684844354,0.0005918184570276736,0.0008314705956312679
brake_loss_kwh,B006,KINO,81,0.0,0.0,0.0,0.0,0.0
brake_loss_kwh,B006,OEAC-i,81,0.02805526699728929,0.007720639436111266,0.015986236756721398,0.031007673565958314,0.038326004629637485
brake_loss_kwh,B006,RF,81,0.08183079700116182,0.06292941826355362,0.01752103058247736,0.06312269434247551,0.1677934074731047
brake_loss_kwh,B007,Full,81,0.017147969049622576,0.018541312120494546,0.0003337344306116242,0.002947201709961511,0.062186028695653345
brake_loss_kwh,B007,HCS-i,54,0.0005581476692059198,0.00013833981607234844,0.00031572970817343976,0.0006455731610538563,0.0006714707409730276
brake_loss_kwh,B007,KINO,81,0.001243618503508021,0.0016592268700206447,0.0,0.0,0.004578378915148237
brake_loss_kwh,B007,OEAC-i,75,0.02964182657455721,0.007178197785274302,0.01757502916461432,0.03159315406987292,0.0389426433958319
brake_loss_kwh,B007,RF,81,0.058884910659311944,0.04870454512021956,0.009733999066995139,0.04093926084972415,0.13400301255696037
brake_loss_kwh,B008,Full,81,0.005745663895576608,0.011813336056951186,0.0,0.0,0.046575951316424495
brake_loss_kwh,B008,HCS-i,60,0.0006039615588955804,8.63832071845786e-05,0.00045063184488183507,0.0006316366663754512,0.0006944931478131967
brake_loss_kwh,B008,KINO,81,4.1688168843112524e-05,0.0001249424472738227,0.0,0.0,0.0005403115200436014
brake_loss_kwh,B008,OEAC-i,81,0.03744412040736285,0.00761089451786304,0.024951032717800314,0.04041909759797421,0.04764453158087332
brake_loss_kwh,B008,RF,81,0.032184848455726674,0.02176088482255754,0.00852206284220261,0.030714716849253875,0.06383858700192065
brake_loss_kwh,B009,Full,81,0.005852115287125486,0.014040864092136314,0.0,7.251290899444359e-05,0.08151945579065994
brake_loss_kwh,B009,HCS-i,33,0.0011805362571012984,0.0014631780305778418,0.0004574160917618008,0.0007506559472613605,0.005721774658603566
brake_loss_kwh,B009,KINO,81,0.0002810382600193198,0.0005882187925079443,0.0,0.0,0.0018067139919513019
brake_loss_kwh,B009,OEAC-i,81,0.03637171848516171,0.007844952276405534,0.023086355212840762,0.03939233110683307,0.04633605412955077
brake_loss_kwh,B009,RF,81,0.005861582994290729,0.0035820503192230888,0.0,0.008336663466173053,0.008336663466173053
brake_loss_kwh,B010,Full,81,0.03568557048957898,0.0019189099722555535,0.032487650814983955,0.03664086271774884,0.03739257830053246
brake_loss_kwh,B010,HCS-i,0,,,,,
brake_loss_kwh,B010,KINO,81,0.035838200621191973,0.0018185327239466022,0.032944817364909874,0.03698944683664664,0.0373606072141925
brake_loss_kwh,B010,OEAC-i,0,,,,,
brake_loss_kwh,B010,RF,81,0.03237420958392451,0.03528826543977172,0.0,0.014980716216270786,0.08808585157595318
engine_energy_kwh,B001,Full,81,0.25636181718453876,0.018536500822959854,0.19564904643251368,0.2602965002495117,0.2866615129911033
engine_energy_kwh,B001,HCS-i,81,0.30046296296296293,0.00978649390552935,0.28194444444444444,0.30277777777777776,0.3138888888888889
engine_energy_kwh,B001,KINO,81,0.33751464048657764,0.0036209591195064503,0.3333333333333333,0.3357384279767928,0.3438183451619069
engine_energy_kwh,B001,OEAC-i,81,0.31950778092112564,0.0009748685498368304,0.318860696521454,0.3189263307338412,0.32190995307980724
engine_energy_kwh,B001,RF,81,0.34345053888606325,0.011486257220255964,0.33194444444444443,0.3383303609823592,0.36461333298548876
engine_energy_kwh,B002,Full,81,0.19279385208780256,0.016470511861378604,0.1653739767314732,0.19121703946066507,0.22636851735411134
engine_energy_kwh,B002,HCS-i,33,0.2978535353535353,0.011558333151267544,0.28055555555555556,0.30416666666666664,0.3111111111111111
engine_energy_kwh,B002,KINO,81,0.3333333333333333,0.0,0.3333333333333333,0.3333333333333333,0.3333333333333333
engine_energy_kwh,B002,OEAC-i,81,0.3206887315496458,0.0010683177163718007,0.32002198952506056,0.3200265645949958,0.32333541048116776
engine_energy_kwh,B002,RF,81,0.34113970127265947,0.004050664820835859,0.33434423377791533,0.3415018026619102,0.35002942262248277
engine_energy_kwh,B003,Full,81,0.18761561211318287,0.023417818656759924,0.16113911290287564,0.18850598869967383,0.23537038494292511
engine_energy_kwh,B003,HCS-i,60,0.30263888888888885,0.0052946009999717,0.29583333333333334,0.3034722222222222,0.3125
engine_energy_kwh,B003,KINO,81,0.3333333333333333,0.0,0.3333333333333333,0.3333333333333333,0.3333333333333333
engine_energy_kwh,B003,OEAC-i,81,0.3169304021431579,0.001206364065235222,0.3151274425299422,0.3165114601679332,0.31941128024123167
engine_energy_kwh,B003,RF,81,0.350627114034471,0.009389681165713178,0.33671856415095,0.3489702196216546,0.3638858149483047
engine_energy_kwh,B004,Full,81,0.19263917535683248,0.016304571944525434,0.1623992685250707,0.19133780723395172,0.22783471206101114
engine_energy_kwh,B004,HCS-i,33,0.3029040404040404,0.007759182542029723,0.29583333333333334,0.30277777777777776,0.32083333333333336
engine_energy_kwh,B004,KINO,81,0.33336142703694893,0.0001441428770813438,0.3333333333333333,0.3333333333333333,0.3340918633309545
engine_energy_kwh,B004,OEAC-i,81,0.32008083169409624,0.0012137948625515142,0.318203330920228,0.319587328409022,0.32278374672378335
engine_energy_kwh,B004,RF,81,0.3455471293532517,0.009314594847514037,0.33194444444444443,0.34575253649328125,0.3637477930488693
engine_energy_kwh,B005,Full,81,0.250341720559758,0.02498479822627178,0.19922802644844145,0.2604644231778972,0.28199707663667356
engine_energy_kwh,B005,HCS-i,0,,,,,
engine_energy_kwh,B005,KINO,81,0.3358130030912402,0.0041472525435254206,0.33080229758549856,0.33416992104996746,0.34280986830758253
engine_energy_kwh,B005,OEAC-i,81,0.3186483916884074,0.001291682449308228,0.31641682091541756,0.318315695137788,0.3213652351921802
engine_energy_kwh,B005,RF,81,0.3425498721508543,0.009328050560202137,0.33194444444444443,0.34005791031116833,0.36088986328400535
engine_energy_kwh,B006,Full,81,0.18578863624819164,0.022003582230753344,0.15839514198781401,0.1798351990113664,0.23035964661754574
engine_energy_kwh,B006,HCS-i,60,0.3022916666666667,0.0027401524304537872,0.2986111111111111,0.30277777777777776,0.30833333333333335
engine_energy_kwh,B006,KINO,81,0.3341949165234654,0.002452108747078126,0.3333333333333333,0.3333333333333333,0.34108758204452194
engine_energy_kwh,B006,OEAC-i,81,0.3157988855173778,0.001199256573217108,0.3140001465384316,0.31538354754064174,0.3182458472341401
engine_energy_kwh,B006,RF,81,0.3503786057006077,0.009300562531523698,0.33538641662778673,0.3534736529402449,0.3673337965122402
engine_energy_kwh,B007,Full,81,0.21171431672833677,0.028390489404500372,0.17118644969028213,0.20400107174796941,0.2620769534335915
engine_energy_kwh,B007,HCS-i,54,0.3024691358024691,0.0041153961840872015,0.2986111111111111,0.30277777777777776,0.30972222222222223
engine_energy_kwh,B007,KINO,81,0.3285817533346498,0.005385695890346617,0.3211965307311325,0.3333333333333333,0.3333333333333333
engine_energy_kwh,B007,OEAC-i,75,0.31667452583119,0.0012279250801926602,0.3147196317390849,0.3161880453760411,0.31959102952993546
engine_energy_kwh,B007,RF,81,0.3455314496771182,0.00803111082936136,0.33408372936403985,0.3444630187912667,0.3615815554776157
engine_energy_kwh,B008,Full,81,0.1937561199893949,0.01754695259982931,0.17172952373567393,0.18643090797646986,0.2535682953337006
engine_energy_kwh,B008,HCS-i,60,0.29881944444444447,0.0014872206200259046,0.2972222222222222,0.2986111111111111,0.30277777777777776
engine_energy_kwh,B008,KINO,81,0.33251028806584365,0.0023526992494948013,0.325,0.3333333333333333,0.3333333333333333
engine_energy_kwh,B008,OEAC-i,81,0.3138384120905926,0.0011822814975050275,0.3121531403184681,0.3134827219072535,0.31687496517189706
engine_energy_kwh,B008,RF,81,0.34339251863078446,0.006010633172431367,0.33628182627837744,0.34348442013111385,0.35526739547240754
engine_energy_kwh,B009,Full,81,0.1975521720049231,0.022533601659532287,0.17756864573936784,0.18676655368280926,0.27771338214902863
engine_energy_kwh,B009,HCS-i,33,0.2973116453369202,0.004380821205582276,0.28888888888888886,0.29583333333333334,0.3037614320394561
engine_energy_kwh,B009,KINO,81,0.33101851851851855,0.004370036867375623,0.32222222222222224,0.3333333333333333,0.3333333333333333
engine_energy_kwh,B009,OEAC-i,81,0.31330697320320344,0.0016218660803158905,0.31096829005412124,0.31235483530033287,0.31694330217587
engine_energy_kwh,B009,RF,81,0.3395409723162768,0.004555175859464372,0.33194444444444443,0.3385955704590791,0.3478581124116926
engine_energy_kwh,B010,Full,81,0.23364829465432913,0.009437692386882503,0.21246691564889697,0.23574610047242478,0.25256864330329
engine_energy_kwh,B010,HCS-i,0,,,,,
engine_energy_kwh,B010,KINO,81,0.33467567311526175,0.0023726510387752087,0.3309276755197655,0.3347046855371388,0.33806983830621673
engine_energy_kwh,B010,OEAC-i,0,,,,,
engine_energy_kwh,B010,RF,81,0.34448646886384204,0.010523707996054992,0.33194444444444443,0.34204283527069823,0.3671596806956735
motor_discharge_kwh,B001,Full,81,0.17983134528212674,0.01893588627876152,0.10630053560405582,0.18350614308507865,0.19925703393344024
motor_discharge_kwh,B001,HCS-i,81,0.0,0.0,0.0,0.0,0.0
motor_discharge_kwh,B001,KINO,81,0.0038050595764040763,0.0027586123757390433,0.0,0.0029340383818944166,0.008637228591454148
motor_discharge_kwh,B001,OEAC-i,81,0.024502236686345796,0.0008108524390753444,0.023887799056565677,0.0238908561984205,0.02636448790585389
motor_discharge_kwh,B001,RF,81,0.026858773866791308,0.035147889062927394,0.0,0.004186433691355809,0.07741999981269912
motor_discharge_kwh,B002,Full,81,0.12996360249558817,0.02453527787342225,0.07073218433239548,0.1363873467869293,0.15928804443237662
motor_discharge_kwh,B002,HCS-i,33,5.776674998176973e-06,1.2447255320919691e-05,0.0,0.0,3.241100071926187e-05
motor_discharge_kwh,B002,KINO,81,0.0002686684738224375,0.0007646438814842045,0.0,0.0,0.002418016264406762
motor_discharge_kwh,B002,OEAC-i,81,0.023891433047328672,0.00031016281154148283,0.023780133327662694,0.02378318567320272,0.024817880601127492
motor_discharge_kwh,B002,RF,81,0.010407923983790372,0.005245790146906754,0.0035357840000740737,0.008137722800857637,0.02020815064287532
motor_discharge_kwh,B003,Full,81,0.10745210305896122,0.023184811674295747,0.076830100690398,0.10568187037374067,0.1642504636812091
motor_discharge_kwh,B003,HCS-i,60,0.0,0.0,0.0,0.0,0.0
motor_discharge_kwh,B003,KINO,81,0.0,0.0,0.0,0.0,0.0
motor_discharge_kwh,B003,OEAC-i,81,0.01795584625000734,0.0002282740918237759,0.017872671335314942,0.017878638661632293,0.018691507954415546
motor_discharge_kwh,B003,RF,81,0.03232960461305323,0.027839691681248873,0.004814269585554242,0.018142084069779827,0.07553253283541189
motor_discharge_kwh,B004,Full,81,0.1275353965664083,0.01976541228080608,0.06726889671060146,0.1327791336295828,0.15383787641361496
motor_discharge_kwh,B004,HCS-i,33,0.0,0.0,0.0,0.0,0.0
motor_discharge_kwh,B004,KINO,81,0.00038222910597789,0.0009753153711749359,0.0,0.0,0.003993660785990168
motor_discharge_kwh,B004,OEAC-i,81,0.02143062036136401,0.00029237375790830856,0.021322929853092618,0.021329174668376194,0.02230446588799345
motor_discharge_kwh,B004,RF,81,0.029216082091090684,0.03040612073695249,0.0,0.013908834218421607,0.0763907635852786
motor_discharge_kwh,B005,Full,81,0.16699971353575813,0.030830519960954286,0.1036961294171618,0.18068495135579718,0.19442186467028325
motor_discharge_kwh,B005,HCS-i,0,,,,,
motor_discharge_kwh,B005,KINO,81,0.00551174546927095,0.00302093246652299,0.0011837043835480746,0.004492766590911628,0.010640772379200138
motor_discharge_kwh,B005,OEAC-i,81,0.026684777540382343,0.0007272657108553898,0.025633429363773157,0.027050112927013908,0.027945257797905704
motor_discharge_kwh,B005,RF,81,0.02522341209505884,0.03216570789429938,0.0,0.005116652560714562,0.07463559039194387
motor_discharge_kwh,B006,Full,81,0.11851735850096748,0.021840378106192413,0.07298216237331029,0.12009642385859326,0.15160982839160622
motor_discharge_kwh,B006,HCS-i,60,0.0,0.0,0.0,0.0,0.0
motor_discharge_kwh,B006,KINO,81,0.0010325560951697556,0.002938706165363411,0.0,0.0,0.0092930048565278
motor_discharge_kwh,B006,OEAC-i,81,0.01990755693097826,0.0002212088127934077,0.01982591346145882,0.019833481572414227,0.02062685662105012
motor_discharge_kwh,B006,RF,81,0.03119203491096885,0.024486593661603964,0.004096959380774075,0.022169501102191642,0.06815425913427367
motor_discharge_kwh,B007,Full,81,0.13410271443523275,0.03254031043438969,0.06100154203097156,0.13971965402396838,0.1808059201167959
motor_discharge_kwh,B007,HCS-i,54,2.3340350826196927e-06,6.663947257956328e-06,0.0,0.0,2.1197493109332552e-05
motor_discharge_kwh,B007,KINO,81,0.003923569629700582,0.004554166786259469,0.0,0.0008499612575642762,0.011689162063881747
motor_discharge_kwh,B007,OEAC-i,75,0.022396482859659932,0.0003091722220327018,0.02230104919038329,0.02230415309679237,0.023437801414473908
motor_discharge_kwh,B007,RF,81,0.0239733503095718,0.021237549316333062,0.0034242954315456407,0.013707164200044353,0.054997563303795294
motor_discharge_kwh,B008,Full,81,0.13198438215254865,0.026716090632278786,0.056717191582805894,0.14153228198519718,0.18000003238168935
motor_discharge_kwh,B008,HCS-i,60,0.0,0.0,0.0,0.0,0.0
motor_discharge_kwh,B008,KINO,81,0.0007798073909621579,0.0014891531093923912,0.0,0.0,0.005020118359603435
motor_discharge_kwh,B008,OEAC-i,81,0.026696312293189,0.00029407265753445574,0.02615955153612712,0.026625475994441695,0.02765439515894053
motor_discharge_kwh,B008,RF,81,0.012004793059402752,0.007181166558464763,0.0030833765430579147,0.009953149301369016,0.025207876962735375
motor_discharge_kwh,B009,Full,81,0.13437261861568509,0.031124868194296194,0.05849879592615564,0.13767244810234025,0.19651315838275651
motor_discharge_kwh,B009,HCS-i,33,0.00012795281162954493,0.00041089590611890825,0.0,0.0,0.0014074809279249942
motor_discharge_kwh,B009,KINO,81,0.002019062898229161,0.0034472270606931373,0.0,0.0,0.010100738649673736
motor_discharge_kwh,B009,OEAC-i,81,0.02600403426644154,0.0003758096259623266,0.025264371049961667,0.026029616630250333,0.02701123558868516
motor_discharge_kwh,B009,RF,81,0.005863150968656778,0.003552471663391979,0.0,0.005824965289931513,0.012308214375526788
motor_discharge_kwh,B010,Full,81,0.1482693055619008,0.025311413496295787,0.0896358094261545,0.14963780854580383,0.187327465408966
motor_discharge_kwh,B010,HCS-i,0,,,,,
motor_discharge_kwh,B010,KINO,81,0.014777870164970104,0.0032435302859183217,0.010423874096100069,0.013488552175310543,0.0202526924516218
motor_discharge_kwh,B010,OEAC-i,0,,,,,
motor_discharge_kwh,B010,RF,81,0.013123660305892503,0.012262213829460043,0.0,0.007540292067770283,0.033976731383516694
motor_charge_kwh,B001,Full,81,0.1968809361663824,0.02405070408972854,0.10345745136300244,0.20235748358394434,0.22115653397940496
motor_charge_kwh,B001,HCS-i,81,0.20713795670468318,0.014373150413614314,0.1767537630685501,0.2125828799313334,0.22239294252058792
motor_charge_kwh,B001,KINO,81,0.13676774810646072,0.0003776534099972345,0.1362428751713025,0.13656346184292897,0.13754742095418435
motor_charge_kwh,B001,OEAC-i,81,0.21922429911043143,0.006302760429119001,0.20850842877790218,0.22043428196667775,0.2289573793461494
motor_charge_kwh,B001,RF,81,0.19824046597504325,0.06295818781087337,0.14956930071785485,0.15657257350951337,0.28966302096150687
motor_charge_kwh,B002,Full,81,0.13356417652673117,0.03007998032230173,0.06379088536936618,0.14087865183833911,0.16887412892885895
motor_charge_kwh,B002,HCS-i,33,0.20107457581639343,0.01770827700817473,0.17369558112246525,0.21264342274057743,0.21748353301619483
motor_charge_kwh,B002,KINO,81,0.15085091657650676,0.007480119116731953,0.1389120868511596,0.15407466587017327,0.16062266212056314
motor_charge_kwh,B002,OEAC-i,81,0.21765512189800404,0.006187329807627908,0.2077876925550507,0.22005820249889405,0.2260711038185703
motor_charge_kwh,B002,RF,81,0.17562348557700874,0.013940354184537589,0.1470419369255175,0.17523843546658877,0.1929039806842037
motor_charge_kwh,B003,Full,81,0.10629549712758904,0.028672478243635977,0.06707419838321062,0.10570291224825254,0.1750006002109146
motor_charge_kwh,B003,HCS-i,60,0.2103811411351992,0.010923962298468426,0.19229478812840417,0.21643296981757223,0.22240014695966662
motor_charge_kwh,B003,KINO,81,0.15601994876488706,0.00816228103763164,0.14161832830243545,0.15993546282050627,0.16634845417716287
motor_charge_kwh,B003,OEAC-i,81,0.2120921695321673,0.006294337505599254,0.201597331071093,0.21517479376369436,0.21967803655738383
motor_charge_kwh,B003,RF,81,0.21981962953573148,0.05158685527702664,0.17077178411457983,0.19754749973281702,0.29309387485769245
motor_charge_kwh,B004,Full,81,0.13156499972342894,0.022977809146250815,0.0641975772217748,0.13614707855503635,0.16791993217857926
motor_charge_kwh,B004,HCS-i,33,0.20756297808917284,0.01233907978782445,0.19073205363203607,0.21336385668100835,0.22910365684755238
motor_charge_kwh,B004,KINO,81,0.1533115536591378,0.007997478203440161,0.1404945433971012,0.15655568131203237,0.16362011078560165
motor_charge_kwh,B004,OEAC-i,81,0.21362320505474283,0.006438198139556399,0.20328401632979123,0.21639435094591541,0.22145550268940992
motor_charge_kwh,B004,RF,81,0.2151458959559554,0.0462882754941813,0.175138802258823,0.18480935343665808,0.2834552158218463
motor_charge_kwh,B005,Full,81,0.1801931474175171,0.03903238903176985,0.10024213508288321,0.19810510431812994,0.2129324898250291
motor_charge_kwh,B005,HCS-i,0,,,,,
motor_charge_kwh,B005,KINO,81,0.13527690262399325,0.0004140350045347803,0.13478874231777518,0.13513795345932858,0.1361658151805207
motor_charge_kwh,B005,OEAC-i,81,0.2182505846172081,0.006502565243667338,0.20710811606547255,0.22159786350369345,0.22549802410414183
motor_charge_kwh,B005,RF,81,0.19173021801276235,0.061812045088224826,0.14303061112421836,0.15210849805021415,0.2801361544102931
motor_charge_kwh,B006,Full,81,0.1196118999765896,0.02718889104808618,0.06232365725100366,0.12068532959293979,0.160371433137705
motor_charge_kwh,B006,HCS-i,60,0.21190487955430354,0.008387536447880465,0.19651318128323406,0.21485722830362092,0.2206244738899385
motor_charge_kwh,B006,KINO,81,0.1595621211793471,0.00768356557455306,0.14299522875586992,0.16210386674037772,0.16859257262546035
motor_charge_kwh,B006,OEAC-i,81,0.21256951085691672,0.006614494526319755,0.20169320804546734,0.21530430903662545,0.22060613189974748
motor_charge_kwh,B006,RF,81,0.2202078388378358,0.04498452602946711,0.17568559305403272,0.20325955833558698,0.28492742578034413
motor_charge_kwh,B007,Full,81,0.13976036601353564,0.040328629597300596,0.05859574758142656,0.14471562733911808,0.19901509861163616
motor_charge_kwh,B007,HCS-i,54,0.2068323614451548,0.008710908214583228,0.19070293241989034,0.20676753363817896,0.21699977920905805
motor_charge_kwh,B007,KINO,81,0.14480897082380148,0.009245016373262114,0.13239286380883084,0.15001680748787524,0.15687345888685944
motor_charge_kwh,B007,OEAC-i,75,0.2073093002727308,0.0060293497629756955,0.19681528521124358,0.20894056706272301,0.21425458508738668
motor_charge_kwh,B007,RF,81,0.19971052525330316,0.04055361121040147,0.15939342968642375,0.18313032795598397,0.26086091849610005
motor_charge_kwh,B008,Full,81,0.137360063222451,0.02961603250092911,0.06680891357215854,0.14750021394977977,0.19444448484993745
motor_charge_kwh,B008,HCS-i,60,0.20466904020126972,0.0071907004644115894,0.1935045038600046,0.20660689448591968,0.21366542940529096
motor_charge_kwh,B008,KINO,81,0.15095221003884723,0.008925932049464251,0.13223883646251694,0.15458678759234432,0.16196233700775445
motor_charge_kwh,B008,OEAC-i,81,0.21196653644194818,0.006797931686713396,0.19958103280138623,0.214891934680402,0.22009289478031116
motor_charge_kwh,B008,RF,81,0.18554563423385118,0.027526845657541436,0.16272296667250186,0.1715868529821967,0.2279721830512176
motor_charge_kwh,B009,Full,81,0.13994967462029143,0.036388041551537666,0.05567267424537527,0.14218820753375308,0.21858738952724838
motor_charge_kwh,B009,HCS-i,33,0.20252918465485392,0.005640117661646002,0.19532509358780178,0.20147593961600893,0.20946395162437328
motor_charge_kwh,B009,KINO,81,0.1472466544885522,0.009093992784684195,0.13182330762391195,0.15120557333213225,0.1585062450862631
motor_charge_kwh,B009,OEAC-i,81,0.2081725730629361,0.006365482864720227,0.19569296285572527,0.21117265176936034,0.21570611016677887
motor_charge_kwh,B009,RF,81,0.1630092835481828,0.012484511461094437,0.14407024882147487,0.1693128332634939,0.17455273128880922
motor_charge_kwh,B010,Full,81,0.15527088253548363,0.03124858709404291,0.08288371916505512,0.15696025752022952,0.20349069803575492
motor_charge_kwh,B010,HCS-i,0,,,,,
motor_charge_kwh,B010,KINO,81,0.15554766184314883,0.003767750688587229,0.1494248947522948,0.15808659229464195,0.15853197790247375
motor_charge_kwh,B010,OEAC-i,0,,,,,
motor_charge_kwh,B010,RF,81,0.18520361684688058,0.04090328662669192,0.14441473658919424,0.16831738951403832,0.2435942126043871
battery_net_kwh,B001,Full,81,0.02261976331927223,0.0010248519627417572,0.021253379868672314,0.022436917699094033,0.02500000000000573
battery_net_kwh,B001,HCS-i,81,-0.18642416103421489,0.012935835372252926,-0.2001536482685292,-0.19132459193820003,-0.15907838676169503
battery_net_kwh,B001,KINO,81,-0.11886312932203237,0.0033557181279586503,-0.12379267885876594,-0.11964707301208677,-0.11302166699700102
battery_net_kwh,B001,OEAC-i,81,-0.17007716177011514,0.005569493326145023,-0.17772179407233124,-0.17184636533948638,-0.16048245897209965
battery_net_kwh,B001,RF,81,-0.14857333730332634,0.01804682595245501,-0.178999396998677,-0.14001269342182196,-0.12697436360720696
battery_net_kwh,B002,Full,81,0.024196243898818935,0.0018460733968812587,0.013403247500994206,0.025000000000001237,0.025000000108571865
battery_net_kwh,B002,HCS-i,33,-0.1809606997069783,0.015947685654127457,-0.1957351797145754,-0.1913790804665197,-0.15629120428494495
battery_net_kwh,B002,KINO,81,-0.13546730439238672,0.007248341804217753,-0.14456039590850683,-0.138667199283156,-0.122334193427821
battery_net_kwh,B002,OEAC-i,81,-0.1693435729889495,0.005761736488932393,-0.1770357937206794,-0.17162662038989052,-0.1596270433982072
battery_net_kwh,B002,RF,81,-0.14649677703731856,0.008350927115879873,-0.15687819706997905,-0.1486726776967547,-0.12432182730553924
battery_net_kwh,B003,Full,81,0.023725278206238286,0.0022655113345445596,0.015845399999817975,0.024999999999998423,0.025000000000012866
battery_net_kwh,B003,HCS-i,60,-0.1893430270216793,0.0098315660686216,-0.2001601322637001,-0.19478967283581497,-0.17306530931556377
battery_net_kwh,B003,KINO,81,-0.14041795388839837,0.00734605293386848,-0.14971360875944675,-0.14394191653845564,-0.12745649547219187
battery_net_kwh,B003,OEAC-i,81,-0.1709320123011647,0.005807165555966047,-0.1778408672437119,-0.17379216031884465,-0.16104101913621863
battery_net_kwh,B003,RF,81,-0.16191588367876586,0.016267150267677364,-0.18759093875738495,-0.15660162962800553,-0.1400174892519872
battery_net_kwh,B004,Full,81,0.023297496433812154,0.0038320170646097733,0.0010624164398067865,0.025000000000000154,0.025000000000005712
battery_net_kwh,B004,HCS-i,33,-0.1868066802802555,0.011105171809042058,-0.20619329116279703,-0.19202747101290743,-0.17165884826883226
battery_net_kwh,B004,KINO,81,-0.13755569928658196,0.0075450839907384255,-0.1472580997070415,-0.1409001131808291,-0.12412724649374937
battery_net_kwh,B004,OEAC-i,81,-0.16844908414775298,0.005976136474746374,-0.17560763294829806,-0.17105617622397712,-0.15835748725756368
battery_net_kwh,B004,RF,81,-0.16116899292581466,0.011694439946453597,-0.17699126722679698,-0.1627592140261263,-0.1383810953794319
battery_net_kwh,B005,Full,81,0.023381404586173788,0.0013351744208006712,0.02116413756529997,0.02352827279613496,0.025000000001177827
battery_net_kwh,B005,HCS-i,0,,,,,
battery_net_kwh,B005,KINO,81,-0.11562505072907066,0.0036869498168538893,-0.12123400656963744,-0.11694343316464813,-0.10948678766466416
battery_net_kwh,B005,OEAC-i,81,-0.16677577333284016,0.006044919220590721,-0.17378278181223641,-0.16938179213856264,-0.15673573079087874
battery_net_kwh,B005,RF,81,-0.1445311827725319,0.020490431564219896,-0.17551017939755478,-0.13497791598655953,-0.1200433268548296
battery_net_kwh,B006,Full,81,0.024035243911035387,0.0017349525841948794,0.01588120465885002,0.025000000000000664,0.025000000000006385
battery_net_kwh,B006,HCS-i,60,-0.19071439159887316,0.0075487828030924116,-0.1985620265009446,-0.1933715054732588,-0.1768618631549106
battery_net_kwh,B006,KINO,81,-0.1424586245112238,0.0070442267829104715,-0.15173331536291423,-0.14505832578441996,-0.12869570588028306
battery_net_kwh,B006,OEAC-i,81,-0.1691930520701381,0.006087611668396062,-0.1765029233194475,-0.17173727850015227,-0.15899759907465683
battery_net_kwh,B006,RF,81,-0.16352923838630906,0.01437958219789063,-0.18566363157822194,-0.15715274138159743,-0.144839098310296
battery_net_kwh,B007,Full,81,0.02321868662696537,0.0025550409322203623,0.014130468472578267,0.024999995317360073,0.025000000000003002
battery_net_kwh,B007,HCS-i,54,-0.18614653192832534,0.007844711811658198,-0.19529980128815236,-0.18609078027436132,-0.1716095112463704
battery_net_kwh,B007,KINO,81,-0.12596855193064296,0.013191131569244256,-0.14118611299817355,-0.13407072534179415,-0.1061656195791903
battery_net_kwh,B007,OEAC-i,75,-0.16169338929028,0.0056085233880033575,-0.1680445742051515,-0.16326437003860791,-0.15109175511848147
battery_net_kwh,B007,RF,81,-0.1531024168284486,0.013699166979828632,-0.17366642297560636,-0.14958711271589184,-0.133905347410578
battery_net_kwh,B008,Full,81,0.023025256602627383,0.005131313791248026,0.00019559749582121906,0.02500000000000021,0.025000000000019482
battery_net_kwh,B008,HCS-i,60,-0.18420213618114267,0.006471630417970384,-0.1922988864647617,-0.18594620503732773,-0.17415405347400398
battery_net_kwh,B008,KINO,81,-0.134990536378338,0.009296783265771023,-0.14576610330697914,-0.13912810883311005,-0.11428247197663521
battery_net_kwh,B008,OEAC-i,81,-0.16110731358309896,0.006236899734891142,-0.1685209792446711,-0.1638188789963155,-0.14989098536075762
battery_net_kwh,B008,RF,81,-0.15365241185557407,0.017988494018622004,-0.1833470914968809,-0.14438323675365608,-0.13329685628972693
battery_net_kwh,B009,Full,81,0.023348202414718137,0.005032239876485205,0.00043978925666268666,0.025000000000000563,0.0250000000000152
battery_net_kwh,B009,HCS-i,33,-0.182134096398669,0.0051622099585887996,-0.18851755646193596,-0.1813283456544082,-0.17579258422902144
battery_net_kwh,B009,KINO,81,-0.1302785858194423,0.011732111203899206,-0.14265562057763675,-0.136085015998919,-0.10741793391744262
battery_net_kwh,B009,OEAC-i,81,-0.1584619443494852,0.005723418277072531,-0.16520782154089353,-0.1611513918995789,-0.14756045457090444
battery_net_kwh,B009,RF,81,-0.14019374300596812,0.009414186740934128,-0.15062527450444885,-0.14368347026923897,-0.12112962830828752
battery_net_kwh,B010,Full,81,0.024999878564621117,6.173826892500534e-07,0.02499559391509432,0.02499999933265534,0.025000000027661815
battery_net_kwh,B010,HCS-i,0,,,,,
battery_net_kwh,B010,KINO,81,-0.12357303991997826,0.006775921706133926,-0.13051738435119847,-0.12756706487438493,-0.11312275537217789
battery_net_kwh,B010,OEAC-i,0,,,,,
battery_net_kwh,B010,RF,81,-0.15210141037786756,0.023856992700188328,-0.1869508475158616,-0.14488991721848307,-0.12150852483128782
brake_energy_proxy_kwh,B001,Full,81,0.032215166562903866,0.009903927962711959,0.0,0.033482892516097304,0.04647513397259572
brake_energy_proxy_kwh,B001,HCS-i,81,0.00045197038967889044,0.0003371381058171819,0.0001442095184535431,0.0003919809676921878,0.0013310564420835095
brake_energy_proxy_kwh,B001,KINO,81,0.0,0.0,0.0,0.0,0.0
brake_energy_proxy_kwh,B001,OEAC-i,81,0.034825497023328586,0.007241551943328404,0.02254832568228841,0.03635836969429041,0.04588664205353695
brake_energy_proxy_kwh,B001,RF,81,0.06386222136095737,0.09011393150118574,0.0,0.0,0.19437270234069473
brake_energy_proxy_kwh,B002,Full,81,0.006156585735744452,0.012159097526474148,0.0,0.0,0.03420539758813152
brake_energy_proxy_kwh,B002,HCS-i,33,0.0006204181447941883,0.0004288848852499848,0.00015607757080081342,0.0004376539843785759,0.001442453811975935
brake_energy_proxy_kwh,B002,KINO,81,0.0,0.0,0.0,0.0,0.0
brake_energy_proxy_kwh,B002,OEAC-i,81,0.032956206532644264,0.007005520670741822,0.02220519883188809,0.03578694508768351,0.04234133368728482
brake_energy_proxy_kwh,B002,RF,81,0.02519257270504299,0.013137805441356227,0.0,0.02138167875949422,0.04395303811952115
brake_energy_proxy_kwh,B003,Full,81,0.010682879354854551,0.015812851866602858,0.0,0.0,0.041019671591658584
brake_energy_proxy_kwh,B003,HCS-i,60,0.0004924570392006708,0.00019938870816769923,0.0002026842184683902,0.0004693990804267849,0.0008981033773887077
brake_energy_proxy_kwh,B003,KINO,81,0.0,0.0,0.0,0.0,0.0
brake_energy_proxy_kwh,B003,OEAC-i,81,0.023524625317406785,0.00738952540713613,0.01184149031699113,0.026881545503979302,0.03325157615657432
brake_energy_proxy_kwh,B003,RF,81,0.08435458667696949,0.0728951812591267,0.014428688007694347,0.05522414628563192,0.18439860856239554
brake_energy_proxy_kwh,B004,Full,81,0.007804350233109809,0.012978044818735377,0.0,0.0,0.03691014288017591
brake_energy_proxy_kwh,B004,HCS-i,33,0.0005167363014890945,0.0002328072639833722,0.00013493945520585282,0.0004993875661305706,0.0008961210862824876
brake_energy_proxy_kwh,B004,KINO,81,0.0,0.0,0.0,0.0,0.0
brake_energy_proxy_kwh,B004,OEAC-i,81,0.027189078525611907,0.0074888664342800644,0.015745672894295345,0.030238121046152082,0.03718314946761587
brake_energy_proxy_kwh,B004,RF,81,0.07554971457897756,0.07430171777707341,0.009031835630783868,0.03932798419893839,0.18283185251020637
brake_energy_proxy_kwh,B005,Full,81,0.029184735110649215,0.014334556108341097,0.0019708536813224944,0.035674591788755976,0.045474960177624084
brake_energy_proxy_kwh,B005,HCS-i,0,,,,,
brake_energy_proxy_kwh,B005,KINO,81,0.0020592933178974013,8.39819391591652e-20,0.0020592933178974013,0.0020592933178974013,0.0020592933178974018
brake_energy_proxy_kwh,B005,OEAC-i,81,0.03834451029709309,0.00771514834645278,0.024140236109620992,0.042762159183992184,0.047078597840961044
brake_energy_proxy_kwh,B005,RF,81,0.05903637185680558,0.08339657500765078,0.0,0.0,0.17684693229221382
brake_energy_proxy_kwh,B006,Full,81,0.008479733662339343,0.014127916724425791,0.0,0.0,0.03802322947866206
brake_energy_proxy_kwh,B006,HCS-i,60,0.0005910203737905203,0.00011531975679427289,0.00033306888684844354,0.0005918184570276736,0.0008314705956312679
brake_energy_proxy_kwh,B006,KINO,81,0.0,0.0,0.0,0.0,0.0
brake_energy_proxy_kwh,B006,OEAC-i,81,0.02805526699728929,0.007720639436111266,0.015986236756721398,0.031007673565958314,0.038326004629637485
brake_energy_proxy_kwh,B006,RF,81,0.08183079700116182,0.06292941826355362,0.01752103058247736,0.06312269434247551,0.1677934074731047
brake_energy_proxy_kwh,B007,Full,81,0.017147969049622576,0.018541312120494546,0.0003337344306116242,0.002947201709961511,0.062186028695653345
brake_energy_proxy_kwh,B007,HCS-i,54,0.0005581476692059198,0.00013833981607234844,0.00031572970817343976,0.0006455731610538563,0.0006714707409730276
brake_energy_proxy_kwh,B007,KINO,81,0.001243618503508021,0.0016592268700206447,0.0,0.0,0.004578378915148237
brake_energy_proxy_kwh,B007,OEAC-i,75,0.02964182657455721,0.007178197785274302,0.01757502916461432,0.03159315406987292,0.0389426433958319
brake_energy_proxy_kwh,B007,RF,81,0.058884910659311944,0.04870454512021956,0.009733999066995139,0.04093926084972415,0.13400301255696037
brake_energy_proxy_kwh,B008,Full,81,0.005745663895576608,0.011813336056951186,0.0,0.0,0.046575951316424495
brake_energy_proxy_kwh,B008,HCS-i,60,0.0006039615588955804,8.63832071845786e-05,0.00045063184488183507,0.0006316366663754512,0.0006944931478131967
brake_energy_proxy_kwh,B008,KINO,81,4.1688168843112524e-05,0.0001249424472738227,0.0,0.0,0.0005403115200436014
brake_energy_proxy_kwh,B008,OEAC-i,81,0.03744412040736285,0.00761089451786304,0.024951032717800314,0.04041909759797421,0.04764453158087332
brake_energy_proxy_kwh,B008,RF,81,0.032184848455726674,0.02176088482255754,0.00852206284220261,0.030714716849253875,0.06383858700192065
brake_energy_proxy_kwh,B009,Full,81,0.005852115287125486,0.014040864092136314,0.0,7.251290899444359e-05,0.08151945579065994
brake_energy_proxy_kwh,B009,HCS-i,33,0.0011805362571012984,0.0014631780305778418,0.0004574160917618008,0.0007506559472613605,0.005721774658603566
brake_energy_proxy_kwh,B009,KINO,81,0.0002810382600193198,0.0005882187925079443,0.0,0.0,0.0018067139919513019
brake_energy_proxy_kwh,B009,OEAC-i,81,0.03637171848516171,0.007844952276405534,0.023086355212840762,0.03939233110683307,0.04633605412955077
brake_energy_proxy_kwh,B009,RF,81,0.005861582994290729,0.0035820503192230888,0.0,0.008336663466173053,0.008336663466173053
brake_energy_proxy_kwh,B010,Full,81,0.03568557048957898,0.0019189099722555535,0.032487650814983955,0.03664086271774884,0.03739257830053246
brake_energy_proxy_kwh,B010,HCS-i,0,,,,,
brake_energy_proxy_kwh,B010,KINO,81,0.035838200621191973,0.0018185327239466022,0.032944817364909874,0.03698944683664664,0.0373606072141925
brake_energy_proxy_kwh,B010,OEAC-i,0,,,,,
brake_energy_proxy_kwh,B010,RF,81,0.03237420958392451,0.03528826543977172,0.0,0.014980716216270786,0.08808585157595318
SOC_final,B001,Full,81,0.595476035713305,0.032905306476923246,0.555,0.5955721435252205,0.6357493240263378
SOC_final,B001,HCS-i,81,0.6372848322068428,0.03296503349719396,0.5918156773523395,0.6382649183876403,0.680030729653706
SOC_final,B001,KINO,81,0.6237726258644066,0.03287020586741392,0.5826043333994003,0.6239294146024176,0.6647585357717535
SOC_final,B001,OEAC-i,81,0.6340154323540229,0.0328822257494288,0.5920964917944204,0.6343692730678966,0.6755443588144658
SOC_final,B001,RF,81,0.6297146674606648,0.03306096666884268,0.5853948727214411,0.6280025386843638,0.6757998793997354
SOC_final,B002,Full,81,0.5951607491427293,0.03286170874618123,0.555,0.595,0.6364815472397759
SOC_final,B002,HCS-i,33,0.6361921399413957,0.03331926090280088,0.5912582408569885,0.6382758160933041,0.6791470359429146
SOC_final,B002,KINO,81,0.6270934608784771,0.032895311799045625,0.5844668386855633,0.6277334398566307,0.6689120791817013
SOC_final,B002,OEAC-i,81,0.6338687145977898,0.032883550664347595,0.5919254086796414,0.634325324077978,0.6754071587441358
SOC_final,B002,RF,81,0.6292993554074636,0.03290576726575128,0.584864365461108,0.6297345355393509,0.6713756394139957
SOC_final,B003,Full,81,0.5952549536046713,0.03289529725999326,0.555,0.595,0.6368309199999976
SOC_final,B003,HCS-i,60,0.6378686054043358,0.032994122967072936,0.5946130618631131,0.6389579345671622,0.6800320264527397
SOC_final,B003,KINO,81,0.6280835907776798,0.032896178801621996,0.5854912990944394,0.6287883833076908,0.6699427217518876
SOC_final,B003,OEAC-i,81,0.6341864024602333,0.032883870314666046,0.5922082038272445,0.6347584320637691,0.6755681734487435
SOC_final,B003,RF,81,0.6323831767357531,0.03302400349917083,0.5880034978503966,0.6313203259256016,0.677518187751477
SOC_final,B004,Full,81,0.5953404958827313,0.03302461793430637,0.555,0.595534286358062,0.6397875167120388
SOC_final,B004,HCS-i,33,0.6373613360560513,0.033240532390988155,0.5943317696537669,0.6384054942025813,0.6812386582325604
SOC_final,B004,KINO,81,0.6275111398573165,0.03289798066290834,0.5848254492987505,0.6281800226361652,0.6694516199414081
SOC_final,B004,OEAC-i,81,0.6336898168295506,0.03288508124190346,0.5916714974515125,0.6342112352447951,0.6751215265896594
SOC_final,B004,RF,81,0.6322337985851628,0.03294647776358569,0.5876762190758871,0.6325518428052243,0.6753982534453598
SOC_final,B005,Full,81,0.5953237182093436,0.032872094452527346,0.555,0.5952322322825377,0.635759397267977
SOC_final,B005,HCS-i,0,,,,,
SOC_final,B005,KINO,81,0.6231250101458138,0.03287162521017297,0.5818973575329326,0.6233886866329292,0.6642468013139272
SOC_final,B005,OEAC-i,81,0.6333551546665678,0.03288558410512633,0.591347146158176,0.6338763584277127,0.6747565563624468
SOC_final,B005,RF,81,0.6289062365545065,0.03311788506875882,0.5840086653709654,0.6269955831973125,0.6751020358795112
SOC_final,B006,Full,81,0.5951929509927318,0.03293756505705529,0.555,0.595,0.6368237327786929
SOC_final,B006,HCS-i,60,0.6381428783197747,0.0329700641125278,0.5953723726309821,0.6386743010946515,0.6797124053001888
SOC_final,B006,KINO,81,0.6284917249022449,0.032893538046837735,0.5857391411760574,0.6290116651568832,0.6703466630725837
SOC_final,B006,OEAC-i,81,0.6338386104140277,0.03288589911547206,0.5917995198149324,0.6343474557000305,0.6753005846638894
SOC_final,B006,RF,81,0.6327058476772623,0.03298895111044656,0.5889678196620601,0.6314305482763195,0.6771327263156447
SOC_final,B007,Full,81,0.5953562552711846,0.03292348377738643,0.555,0.5950000000980392,0.6371739063054837
SOC_final,B007,HCS-i,54,0.6372293063856648,0.03300384875990232,0.5943219022492745,0.637218156054872,0.6790599602576313
SOC_final,B007,KINO,81,0.6251937103861286,0.03296908003088777,0.5812331239158379,0.6268141450683589,0.6682372225996347
SOC_final,B007,OEAC-i,75,0.6323386778580558,0.032898925551829675,0.5902183510236965,0.632652874007721,0.6736089148410295
SOC_final,B007,RF,81,0.6306204833656897,0.032977366284129575,0.586781069482116,0.6299174225431782,0.6747332845951205
SOC_final,B008,Full,81,0.5953949461115393,0.03300296582928334,0.555,0.595,0.6399608805008362
SOC_final,B008,HCS-i,60,0.6368404272362285,0.032960901727994874,0.5948308106948007,0.6371892410074655,0.6784597772929523
SOC_final,B008,KINO,81,0.6269981072756683,0.03291591115499656,0.5828564943953279,0.6278256217666222,0.6691532206613965
SOC_final,B008,OEAC-i,81,0.6322214627166196,0.03288701805777048,0.5899781970721514,0.6327637757992627,0.6737041958489336
SOC_final,B008,RF,81,0.630730482371115,0.033059695048235374,0.5866593712579453,0.6288766473507315,0.6766694182993762
SOC_final,B009,Full,81,0.5953303584112541,0.03293581489741759,0.555,0.595,0.639912042148668
SOC_final,B009,HCS-i,33,0.636426819279734,0.03318231360930491,0.5951585168458046,0.6362656691308822,0.6777035112923875
SOC_final,B009,KINO,81,0.6260557171638886,0.03294701348122503,0.581483586783489,0.6272170031997839,0.6685311241155274
SOC_final,B009,OEAC-i,81,0.6316923888698972,0.03288328299715484,0.5895120909141811,0.632230278379916,0.6730415643081791
SOC_final,B009,RF,81,0.6280387486011932,0.032917245882359704,0.5842259256616569,0.6287366940538475,0.6701250549008895
SOC_final,B010,Full,81,0.5950000242891326,0.032863337538001636,0.555,0.5950000000880873,0.635000003514035
SOC_final,B010,HCS-i,0,,,,,
SOC_final,B010,KINO,81,0.6247146079839958,0.03289128341367519,0.5826245510744359,0.6255134129748772,0.6661034768702397
SOC_final,B010,OEAC-i,0,,,,,
SOC_final,B010,RF,81,0.6304202820755733,0.033207924416137104,0.5843017049662572,0.6289779834436963,0.6773901695031724
SOC_drop,B001,Full,81,0.004523964286695035,0.00020495547442168265,0.0042506759736622435,0.004487383539703904,0.0050000000000000044
SOC_drop,B001,HCS-i,81,-0.03728483220684283,0.0025871670744504268,-0.04003072965370602,-0.038264918387640345,-0.03181567735233948
SOC_drop,B001,KINO,81,-0.02377262586440664,0.0006711436255917749,-0.024758535771753465,-0.023929414602417487,-0.022604333399400267
SOC_drop,B001,OEAC-i,81,-0.034015432354022844,0.001113898665228953,-0.035544358814465826,-0.03436927306789661,-0.03209649179442031
SOC_drop,B001,RF,81,-0.029714667460664822,0.0036093651904910077,-0.03579987939973539,-0.028002538684363865,-0.02539487272144103
SOC_drop,B002,Full,81,0.004839250857270644,0.00036921228170414146,0.0026806495001986397,0.0050000000000000044,0.0050000000000000044
SOC_drop,B002,HCS-i,33,-0.03619213994139567,0.0031895371308257405,-0.039147035942914576,-0.038275816093304105,-0.03125824085698847
SOC_drop,B002,KINO,81,-0.027093460878477044,0.0014496683608437545,-0.028912079181701245,-0.02773343985663068,-0.024466838685563208
SOC_drop,B002,OEAC-i,81,-0.0338687145977898,0.0011523472977865582,-0.0354071587441358,-0.03432532407797806,-0.03192540867964133
SOC_drop,B002,RF,81,-0.029299355407463652,0.0016701854231759212,-0.03137563941399568,-0.029734535539350904,-0.02486436546110793
SOC_drop,B003,Full,81,0.004745046395328788,0.0004531082828570038,0.0031690800000023778,0.0050000000000000044,0.0050000000000000044
SOC_drop,B003,HCS-i,60,-0.037868605404335814,0.001966313213724216,-0.04003202645273973,-0.03895793456716223,-0.03461306186311308
SOC_drop,B003,KINO,81,-0.02808359077767979,0.0014692105867728576,-0.029942721751887613,-0.028788383307690846,-0.025491299094439368
SOC_drop,B003,OEAC-i,81,-0.034186402460233245,0.0011614331111933483,-0.03556817344874352,-0.03475843206376916,-0.03220820382724443
SOC_drop,B003,RF,81,-0.03238317673575313,0.0032534300535356333,-0.03751818775147697,-0.03132032592560163,-0.028003497850396575
SOC_drop,B004,Full,81,0.0046595041172687495,0.0007664010594317284,0.00021248328796119598,0.0050000000000000044,0.0050000000000000044
SOC_drop,B004,HCS-i,33,-0.03736133605605128,0.00222103436180844,-0.04123865823256034,-0.038405494202581325,-0.03433176965376683
SOC_drop,B004,KINO,81,-0.02751113985731658,0.0015090167981475615,-0.029451619941408103,-0.02818002263616526,-0.024825449298750413
SOC_drop,B004,OEAC-i,81,-0.03368981682955065,0.0011952272949493053,-0.03512152658965939,-0.03421123524479508,-0.03167149745151243
SOC_drop,B004,RF,81,-0.03223379858516279,0.002338887989290532,-0.03539825344535974,-0.032551842805224274,-0.02767621907588702
SOC_drop,B005,Full,81,0.0046762817906564206,0.0002670346762277108,0.004232827513015347,0.004705654559152395,0.0050000000000000044
SOC_drop,B005,HCS-i,0,,,,,
SOC_drop,B005,KINO,81,-0.023125010145813817,0.0007373899633707641,-0.024246801313927202,-0.023388686632929256,-0.021897357532932538
SOC_drop,B005,OEAC-i,81,-0.03335515466656778,0.0012089838441180125,-0.03475655636244679,-0.03387635842771275,-0.03134714615817591
SOC_drop,B005,RF,81,-0.028906236554506505,0.004098086312844085,-0.03510203587951122,-0.026995583197312545,-0.024008665370965354
SOC_drop,B006,Full,81,0.0048070490072681035,0.0003469935412516038,0.0031762672213071497,0.0050000000000000044,0.0050000000000000044
SOC_drop,B006,HCS-i,60,-0.03814287831977471,0.001509756560618353,-0.039712405300188824,-0.03867430109465153,-0.03537237263098203
SOC_drop,B006,KINO,81,-0.028491724902244928,0.001408845356581917,-0.030346663072583713,-0.02901166515688325,-0.025739141176057356
SOC_drop,B006,OEAC-i,81,-0.033838610414027706,0.0012175223336791277,-0.03530058466388941,-0.034347455700030505,-0.03179951981493234
SOC_drop,B006,RF,81,-0.032705847677262374,0.0028759164395780277,-0.03713272631564468,-0.031430548276319525,-0.02896781966206008
SOC_drop,B007,Full,81,0.0046437447288153275,0.0005110048301909068,0.002826093694516363,0.004999999063471927,0.0050000000000000044
SOC_drop,B007,HCS-i,54,-0.03722930638566479,0.0015689423623315966,-0.039059960257631254,-0.037218156054872,-0.03432190224927445
SOC_drop,B007,KINO,81,-0.02519371038612854,0.00263822631384877,-0.02823722259963468,-0.026814145068358886,-0.02123312391583787
SOC_drop,B007,OEAC-i,75,-0.032338677858055775,0.0011217046776005343,-0.03360891484102946,-0.03265287400772099,-0.03021835102369641
SOC_drop,B007,RF,81,-0.030620483365689642,0.0027398333959653496,-0.034733284595120484,-0.029917422543178196,-0.026781069482115893
SOC_drop,B008,Full,81,0.004605053888460711,0.0010262619818473615,3.9119499163797755e-05,0.0050000000000000044,0.0050000000000000044
SOC_drop,B008,HCS-i,60,-0.03684042723622853,0.0012943260835940192,-0.038459777292952246,-0.03718924100746551,-0.03483081069480065
SOC_drop,B008,KINO,81,-0.026998107275668298,0.0018593566531541618,-0.029153220661396473,-0.027825621766622177,-0.022856494395327887
SOC_drop,B008,OEAC-i,81,-0.03222146271661964,0.0012473799469781492,-0.03370419584893358,-0.03276377579926271,-0.029978197072151325
SOC_drop,B008,RF,81,-0.030730482371114913,0.003597698803724422,-0.0366694182993762,-0.028876647350731477,-0.026659371257945264
SOC_drop,B009,Full,81,0.004669641588745872,0.0010064474784164496,8.795785133197676e-05,0.0050000000000000044,0.0050000000000000044
SOC_drop,B009,HCS-i,33,-0.03642681927973396,0.0010324419917178242,-0.03770351129238747,-0.03626566913088225,-0.03515851684580451
SOC_drop,B009,KINO,81,-0.026055717163888627,0.0023464222407796748,-0.028531124115527384,-0.02721700319978393,-0.02148358678348894
SOC_drop,B009,OEAC-i,81,-0.031692388869897205,0.0011446836554145658,-0.03304156430817906,-0.03223027837991599,-0.029512090914181055
SOC_drop,B009,RF,81,-0.02803874860119322,0.001882837348186947,-0.03012505490088946,-0.02873669405384749,-0.024225925661656822
SOC_drop,B010,Full,81,0.004999975710867376,1.2347660276998363e-07,0.004999118775421363,0.00499999986271582,0.0050000000000000044
SOC_drop,B010,HCS-i,0,,,,,
SOC_drop,B010,KINO,81,-0.024714607983995815,0.001355184341226792,-0.026103476870239728,-0.025513412974877192,-0.02262455107443584
SOC_drop,B010,OEAC-i,0,,,,,
SOC_drop,B010,RF,81,-0.03042028207557327,0.004771398540037911,-0.03739016950317242,-0.028977983443696287,-0.024301704966257165
s_final_m,B001,Full,81,3044.956001652821,2.926174174822222,3038.751947944819,3046.1180067683813,3048.0
s_final_m,B001,HCS-i,81,2125.192642674962,6.226282032446635,2117.664174967826,2129.249820137239,2131.5073521678155
s_final_m,B001,KINO,81,3044.9572279527965,2.925518771229979,3038.75473087355,3046.1181430521983,3048.0
s_final_m,B001,OEAC-i,81,2179.4253668864476,0.1559826514887313,2179.2040681802137,2179.533746733596,2179.536570264928
s_final_m,B001,RF,81,2772.7004267558787,163.40353210989088,2545.6199700874404,2856.292138759253,2919.4050907498804
s_final_m,B002,Full,81,2940.3935563252503,0.0011875088574544875,2940.3903871302546,2940.3939551608178,2940.3955589593024
s_final_m,B002,HCS-i,81,875.9919003931224,1063.0753148573601,0.0,0.0,2156.6706861489683
s_final_m,B002,KINO,81,2940.3990342523493,0.0015064634999766555,2940.3954179346165,2940.3998878672514,2940.4000406858404
s_final_m,B002,OEAC-i,81,2197.240572629182,0.0005125038043484331,2197.2398145466364,2197.240745638824,2197.2413371578446
s_final_m,B002,RF,81,2868.9558465619416,50.21894887044142,2832.130755448737,2833.7670602351623,2941.146901833182
s_final_m,B003,Full,81,2900.2931921680283,0.0004863354887903569,2900.2924020603036,2900.2930718066673,2900.294479078247
s_final_m,B003,HCS-i,81,1555.8589333018106,926.2006551435683,0.0,2096.5243151324926,2105.4514690159085
s_final_m,B003,KINO,81,2900.299386227509,0.0009973867752350052,2900.2968914854673,2900.29995387585,2900.3000507813326
s_final_m,B003,OEAC-i,81,2160.5882404174417,0.0001549196584750717,2160.5880103993554,2160.5881759394074,2160.5884783816255
s_final_m,B003,RF,81,2736.6951806408824,148.36050191919483,2541.8936636681065,2768.937167347773,2901.327557337395
s_final_m,B004,Full,81,2929.3349201310234,0.044745717312135135,2929.108224824851,2929.344095853068,2929.3443843497207
s_final_m,B004,HCS-i,81,865.7153050706414,1050.6025464046752,0.0,0.0,2131.2242059315586
s_final_m,B004,KINO,81,2929.348808230121,0.001828361648131337,2929.3445090186474,2929.3499148400488,2929.350133329863
s_final_m,B004,OEAC-i,81,2178.2308713440707,0.0003081904817083295,2178.2303880476184,2178.2307700465876,2178.231337924294
s_final_m,B004,RF,81,2729.9922751609665,148.21322129985262,2574.57250903621,2687.851521037224,2929.2278917428516
s_final_m,B005,Full,81,3043.472259360995,3.4021719931772734,3036.454323368451,3045.186002226992,3047.0691123596293
s_final_m,B005,HCS-i,81,0.0,0.0,0.0,0.0,0.0
s_final_m,B005,KINO,81,3043.372875356484,3.4012803586045,3036.356513229104,3045.086096493235,3046.9679979713387
s_final_m,B005,OEAC-i,81,2176.690823505364,0.2599961906005571,2176.3242547287887,2176.872838270056,2176.8745271452667
s_final_m,B005,RF,81,2822.4678533918063,171.7837554361977,2584.659900247232,2899.375478994938,2985.90365192961
s_final_m,B006,Full,81,2895.2415805545033,0.0007224494622460409,2895.2400330765536,2895.2417183939874,2895.2429697828006
s_final_m,B006,HCS-i,81,1542.4241787574297,918.2021079996277,0.0,2078.996572320527,2086.2148479931398
s_final_m,B006,KINO,81,2895.2493489479934,0.0013305762045914794,2895.245715914094,2895.2498714950593,2895.2501333333466
s_final_m,B006,OEAC-i,81,2139.2574918213754,0.00028466571936993984,2139.2570510929263,2139.2574009005657,2139.2579284485614
s_final_m,B006,RF,81,2702.9915704004843,145.21200517279482,2546.3547754059314,2667.80883444998,2896.3562734587917
s_final_m,B007,Full,81,2993.401671806227,0.13666274086248864,2992.1979515280545,2993.4258342877597,2993.4420899554143
s_final_m,B007,HCS-i,81,1443.260980706992,1026.9065075121168,0.0,2159.6303987750694,2169.5773718134074
s_final_m,B007,KINO,81,2993.4263969873505,0.021676215419743947,2993.383069733893,2993.4415601276532,2993.4451045921646
s_final_m,B007,OEAC-i,81,2051.365799493823,583.8289416524599,0.0,2215.475482033641,2215.4758728661313
s_final_m,B007,RF,81,2815.5575777062663,115.43697610356594,2652.218544231196,2896.156243174778,2898.1330866785443
s_final_m,B008,Full,81,2953.3389878201065,0.004640984687147079,2953.3254752975595,2953.3399820364357,2953.3494736980965
s_final_m,B008,HCS-i,81,1579.3838766916665,940.2061793548904,0.0,2128.3784135788546,2137.4788176365582
s_final_m,B008,KINO,81,2953.3469505891107,0.0036246190087182053,2953.3371553146544,2953.349170173389,2953.3497207140804
s_final_m,B008,OEAC-i,81,2172.801750980665,0.06184729214494946,2172.6253334424873,2172.8206849044354,2172.832320535795
s_final_m,B008,RF,81,2800.959451092181,140.18496986371335,2614.468180708086,2834.6101650355577,2954.5719309768433
s_final_m,B009,Full,81,2982.384469803838,0.008567558418195825,2982.3662456847396,2982.3880617795567,2982.398756245524
s_final_m,B009,HCS-i,81,870.9066976378449,1056.9011540261324,0.0,0.0,2143.3927280207463
s_final_m,B009,KINO,81,2982.3926867995046,0.008698975655304874,2982.3715219198934,2982.397424851708,2982.399005969109
s_final_m,B009,OEAC-i,81,2194.851256720839,0.0811920640247486,2194.6575094621603,2194.885197352125,2194.887981714813
s_final_m,B009,RF,81,2843.8083781775636,96.20766595474088,2743.061334246785,2810.8514109471444,2976.7148910026285
s_final_m,B010,Full,81,2947.6323448097737,5.751719316363463,2939.9143204636594,2951.699124229142,2952.5216374055776
s_final_m,B010,HCS-i,81,0.0,0.0,0.0,0.0,0.0
s_final_m,B010,KINO,81,2947.9542259389664,5.632840040115427,2939.9893096517135,2951.700787007855,2952.5201604366243
s_final_m,B010,OEAC-i,81,0.0,0.0,0.0,0.0,0.0
s_final_m,B010,RF,81,2797.9630424537295,137.96400139941343,2634.446139116338,2789.020708376507,2973.2906537567337
v_final_mps,B001,Full,81,12.829050025598313,0.06398522605074934,12.706393978930333,12.860208515535367,12.88720466055933
v_final_mps,B001,HCS-i,81,5.122412241437813,0.5549159283582908,4.331176337376466,5.55429536976747,5.668914849568181
v_final_mps,B001,KINO,81,12.873109255693064,0.0,12.873109255693064,12.873109255693064,12.873109255693064
v_final_mps,B001,OEAC-i,81,12.8515477427963,0.0,12.851547742796301,12.851547742796301,12.851547742796301
v_final_mps,B001,RF,81,11.64995450482224,1.0538056949842245,9.3,12.251547742796303,12.287204660559308
v_final_mps,B002,Full,81,10.780173953664894,0.011982498031855174,10.67696850195011,10.780736147091403,10.804027229460905
v_final_mps,B002,HCS-i,33,5.0974419941462195,0.6721440149321515,4.266427560704641,4.596141831832656,5.828181357275258
v_final_mps,B002,KINO,81,10.799703738252116,0.0005610745650655983,10.798327173846953,10.799977168867208,10.800074755166014
v_final_mps,B002,OEAC-i,81,13.02562903153121,0.0,13.025629031531212,13.025629031531212,13.025629031531212
v_final_mps,B002,RF,81,10.875883278616394,0.9949563116440023,10.0,10.458141420440436,12.458141420440436
v_final_mps,B003,Full,81,10.578994599631377,0.016782163028229557,10.477115836902682,10.580778810111036,10.587186692636509
v_final_mps,B003,HCS-i,60,5.086428465189418,0.3850976374260379,4.493414972165347,5.1446597911482925,5.4624767999884565
v_final_mps,B003,KINO,81,10.599828738031922,0.00035087797698698164,10.598916594187056,10.599991127935027,10.600048239109029
v_final_mps,B003,OEAC-i,81,12.571319385639836,0.0,12.571319385639836,12.571319385639836,12.571319385639836
v_final_mps,B003,RF,81,10.623773128546611,1.43417626685352,9.200000000000001,10.1,12.571319385639836
v_final_mps,B004,Full,81,10.675725849385557,0.02692536178302544,10.571890270692956,10.680939009212434,10.692256319357043
v_final_mps,B004,HCS-i,33,5.123255672529593,0.4573014550880337,4.495739597709294,4.813166644183152,5.616554285387791
v_final_mps,B004,KINO,81,10.699599714996827,0.0006791225198950783,10.697963607459432,10.69996224820079,10.70005677330058
v_final_mps,B004,OEAC-i,81,13.27858987587618,0.0,13.278589875876182,13.278589875876182,13.278589875876182
v_final_mps,B004,RF,81,9.896296296296297,0.8850768955921905,9.3,9.3,12.2
v_final_mps,B005,Full,81,13.31009796866404,0.06037767092022999,13.184665967092291,13.339699381288447,13.358807341450238
v_final_mps,B005,HCS-i,0,,,,,
v_final_mps,B005,KINO,81,13.353082607960562,0.0,13.353082607960562,13.353082607960562,13.353082607960562
v_final_mps,B005,OEAC-i,81,13.343117613511952,0.0,13.343117613511952,13.343117613511952,13.343117613511952
v_final_mps,B005,RF,81,11.600641651654051,1.6369479208262072,9.3,12.74311761351195,12.758807341450202
v_final_mps,B006,Full,81,10.478802880342183,0.016592463276758392,10.37531915801583,10.480357976511455,10.486524570046363
v_final_mps,B006,HCS-i,60,5.0790299479889836,0.2732222847148203,4.641429009739245,5.127789302940828,5.3603852063835555
v_final_mps,B006,KINO,81,10.499808079590672,0.0004927740160624372,10.498446365636761,10.499970659507017,10.500090202518125
v_final_mps,B006,OEAC-i,81,12.76684221685618,0.0,12.76684221685618,12.76684221685618,12.76684221685618
v_final_mps,B006,RF,81,10.918577035248356,1.5709063573533637,9.100000000000001,10.0,12.76684221685618
v_final_mps,B007,Full,81,10.880936066712906,0.09867881071588873,10.8014776773057,10.874759275821086,11.734832315052405
v_final_mps,B007,HCS-i,54,5.282106103698316,0.39129721390800637,4.753996262981911,5.615470453695948,5.665790390133108
v_final_mps,B007,KINO,81,10.890718794940009,0.008670486167898485,10.87338789355705,10.896784051060912,10.8982018368657
v_final_mps,B007,OEAC-i,75,13.357538417905879,0.0,13.357538417905879,13.357538417905879,13.357538417905879
v_final_mps,B007,RF,81,10.616441547905353,1.1136820764126962,9.5,10.1,12.75298210183747
v_final_mps,B008,Full,81,10.680870092471421,0.005660871281061934,10.673429689371426,10.679591391480848,10.715408655655969
v_final_mps,B008,HCS-i,60,5.123848948971022,0.4822984823619862,4.574267548622625,5.123100481127459,5.633621058412195
v_final_mps,B008,KINO,81,10.698940235644846,0.0014498476034130855,10.695022125862156,10.699828069356084,10.700048285632752
v_final_mps,B008,OEAC-i,81,13.32742927185643,0.0,13.32742927185643,13.32742927185643,13.32742927185643
v_final_mps,B008,RF,81,11.038787461574024,1.3827535232578563,9.3,10.2,12.727473495833182
v_final_mps,B009,Full,81,10.777303323884823,0.00922651014072772,10.727400180655724,10.778395002016511,10.79575917724326
v_final_mps,B009,HCS-i,33,5.138761451696532,0.19597999316501893,4.913345712564549,5.095709032016617,5.374307513899754
v_final_mps,B009,KINO,81,10.797234719800786,0.0034795902618077108,10.788768767956155,10.799129940681565,10.799762387639605
v_final_mps,B009,OEAC-i,81,13.291240519860406,0.0,13.291240519860406,13.291240519860406,13.291240519860406
v_final_mps,B009,RF,81,12.692363135383644,0.0014237168626292705,12.691362649154957,12.691362649154957,12.694364107841022
v_final_mps,B010,Full,81,13.245583094860615,1.6399949934635613e-06,13.245569009240738,13.245583396942077,13.245583461617185
v_final_mps,B010,HCS-i,0,,,,,
v_final_mps,B010,KINO,81,13.26646184984961,0.0,13.266461849849609,13.266461849849609,13.266461849849609
v_final_mps,B010,OEAC-i,0,,,,,
v_final_mps,B010,RF,81,11.618097223709125,1.535296913871337,9.3,12.663946186405031,12.668123262500124
distance_m,B001,Full,81,3044.956001652821,2.926174174822222,3038.751947944819,3046.1180067683813,3048.0
distance_m,B001,HCS-i,81,2125.192642674962,6.226282032446635,2117.664174967826,2129.249820137239,2131.5073521678155
distance_m,B001,KINO,81,3044.9572279527965,2.925518771229979,3038.75473087355,3046.1181430521983,3048.0
distance_m,B001,OEAC-i,81,2179.4253668864476,0.1559826514887313,2179.2040681802137,2179.533746733596,2179.536570264928
distance_m,B001,RF,81,2772.7004267558787,163.40353210989088,2545.6199700874404,2856.292138759253,2919.4050907498804
distance_m,B002,Full,81,2940.3935563252503,0.0011875088574544875,2940.3903871302546,2940.3939551608178,2940.3955589593024
distance_m,B002,HCS-i,81,875.9919003931224,1063.0753148573601,0.0,0.0,2156.6706861489683
distance_m,B002,KINO,81,2940.3990342523493,0.0015064634999766555,2940.3954179346165,2940.3998878672514,2940.4000406858404
distance_m,B002,OEAC-i,81,2197.240572629182,0.0005125038043484331,2197.2398145466364,2197.240745638824,2197.2413371578446
distance_m,B002,RF,81,2868.9558465619416,50.21894887044142,2832.130755448737,2833.7670602351623,2941.146901833182
distance_m,B003,Full,81,2900.2931921680283,0.0004863354887903569,2900.2924020603036,2900.2930718066673,2900.294479078247
distance_m,B003,HCS-i,81,1555.8589333018106,926.2006551435683,0.0,2096.5243151324926,2105.4514690159085
distance_m,B003,KINO,81,2900.299386227509,0.0009973867752350052,2900.2968914854673,2900.29995387585,2900.3000507813326
distance_m,B003,OEAC-i,81,2160.5882404174417,0.0001549196584750717,2160.5880103993554,2160.5881759394074,2160.5884783816255
distance_m,B003,RF,81,2736.6951806408824,148.36050191919483,2541.8936636681065,2768.937167347773,2901.327557337395
distance_m,B004,Full,81,2929.3349201310234,0.044745717312135135,2929.108224824851,2929.344095853068,2929.3443843497207
distance_m,B004,HCS-i,81,865.7153050706414,1050.6025464046752,0.0,0.0,2131.2242059315586
distance_m,B004,KINO,81,2929.348808230121,0.001828361648131337,2929.3445090186474,2929.3499148400488,2929.350133329863
distance_m,B004,OEAC-i,81,2178.2308713440707,0.0003081904817083295,2178.2303880476184,2178.2307700465876,2178.231337924294
distance_m,B004,RF,81,2729.9922751609665,148.21322129985262,2574.57250903621,2687.851521037224,2929.2278917428516
distance_m,B005,Full,81,3043.472259360995,3.4021719931772734,3036.454323368451,3045.186002226992,3047.0691123596293
distance_m,B005,HCS-i,81,0.0,0.0,0.0,0.0,0.0
distance_m,B005,KINO,81,3043.372875356484,3.4012803586045,3036.356513229104,3045.086096493235,3046.9679979713387
distance_m,B005,OEAC-i,81,2176.690823505364,0.2599961906005571,2176.3242547287887,2176.872838270056,2176.8745271452667
distance_m,B005,RF,81,2822.4678533918063,171.7837554361977,2584.659900247232,2899.375478994938,2985.90365192961
distance_m,B006,Full,81,2895.2415805545033,0.0007224494622460409,2895.2400330765536,2895.2417183939874,2895.2429697828006
distance_m,B006,HCS-i,81,1542.4241787574297,918.2021079996277,0.0,2078.996572320527,2086.2148479931398
distance_m,B006,KINO,81,2895.2493489479934,0.0013305762045914794,2895.245715914094,2895.2498714950593,2895.2501333333466
distance_m,B006,OEAC-i,81,2139.2574918213754,0.00028466571936993984,2139.2570510929263,2139.2574009005657,2139.2579284485614
distance_m,B006,RF,81,2702.9915704004843,145.21200517279482,2546.3547754059314,2667.80883444998,2896.3562734587917
distance_m,B007,Full,81,2993.401671806227,0.13666274086248864,2992.1979515280545,2993.4258342877597,2993.4420899554143
distance_m,B007,HCS-i,81,1443.260980706992,1026.9065075121168,0.0,2159.6303987750694,2169.5773718134074
distance_m,B007,KINO,81,2993.4263969873505,0.021676215419743947,2993.383069733893,2993.4415601276532,2993.4451045921646
distance_m,B007,OEAC-i,81,2051.365799493823,583.8289416524599,0.0,2215.475482033641,2215.4758728661313
distance_m,B007,RF,81,2815.5575777062663,115.43697610356594,2652.218544231196,2896.156243174778,2898.1330866785443
distance_m,B008,Full,81,2953.3389878201065,0.004640984687147079,2953.3254752975595,2953.3399820364357,2953.3494736980965
distance_m,B008,HCS-i,81,1579.3838766916665,940.2061793548904,0.0,2128.3784135788546,2137.4788176365582
distance_m,B008,KINO,81,2953.3469505891107,0.0036246190087182053,2953.3371553146544,2953.349170173389,2953.3497207140804
distance_m,B008,OEAC-i,81,2172.801750980665,0.06184729214494946,2172.6253334424873,2172.8206849044354,2172.832320535795
distance_m,B008,RF,81,2800.959451092181,140.18496986371335,2614.468180708086,2834.6101650355577,2954.5719309768433
distance_m,B009,Full,81,2982.384469803838,0.008567558418195825,2982.3662456847396,2982.3880617795567,2982.398756245524
distance_m,B009,HCS-i,81,870.9066976378449,1056.9011540261324,0.0,0.0,2143.3927280207463
distance_m,B009,KINO,81,2982.3926867995046,0.008698975655304874,2982.3715219198934,2982.397424851708,2982.399005969109
distance_m,B009,OEAC-i,81,2194.851256720839,0.0811920640247486,2194.6575094621603,2194.885197352125,2194.887981714813
distance_m,B009,RF,81,2843.8083781775636,96.20766595474088,2743.061334246785,2810.8514109471444,2976.7148910026285
distance_m,B010,Full,81,2947.6323448097737,5.751719316363463,2939.9143204636594,2951.699124229142,2952.5216374055776
distance_m,B010,HCS-i,81,0.0,0.0,0.0,0.0,0.0
distance_m,B010,KINO,81,2947.9542259389664,5.632840040115427,2939.9893096517135,2951.700787007855,2952.5201604366243
distance_m,B010,OEAC-i,81,0.0,0.0,0.0,0.0,0.0
distance_m,B010,RF,81,2797.9630424537295,137.96400139941343,2634.446139116338,2789.020708376507,2973.2906537567337
distance_progress_m,B001,Full,81,3044.956001652821,2.926174174822222,3038.751947944819,3046.1180067683813,3048.0
distance_progress_m,B001,HCS-i,81,2125.192642674962,6.226282032446635,2117.664174967826,2129.249820137239,2131.5073521678155
distance_progress_m,B001,KINO,81,3044.9572279527965,2.925518771229979,3038.75473087355,3046.1181430521983,3048.0
distance_progress_m,B001,OEAC-i,81,2179.4253668864476,0.1559826514887313,2179.2040681802137,2179.533746733596,2179.536570264928
distance_progress_m,B001,RF,81,2772.7004267558787,163.40353210989088,2545.6199700874404,2856.292138759253,2919.4050907498804
distance_progress_m,B002,Full,81,2940.3935563252503,0.0011875088574544875,2940.3903871302546,2940.3939551608178,2940.3955589593024
distance_progress_m,B002,HCS-i,81,875.9919003931224,1063.0753148573601,0.0,0.0,2156.6706861489683
distance_progress_m,B002,KINO,81,2940.3990342523493,0.0015064634999766555,2940.3954179346165,2940.3998878672514,2940.4000406858404
distance_progress_m,B002,OEAC-i,81,2197.240572629182,0.0005125038043484331,2197.2398145466364,2197.240745638824,2197.2413371578446
distance_progress_m,B002,RF,81,2868.9558465619416,50.21894887044142,2832.130755448737,2833.7670602351623,2941.146901833182
distance_progress_m,B003,Full,81,2900.2931921680283,0.0004863354887903569,2900.2924020603036,2900.2930718066673,2900.294479078247
distance_progress_m,B003,HCS-i,81,1555.8589333018106,926.2006551435683,0.0,2096.5243151324926,2105.4514690159085
distance_progress_m,B003,KINO,81,2900.299386227509,0.0009973867752350052,2900.2968914854673,2900.29995387585,2900.3000507813326
distance_progress_m,B003,OEAC-i,81,2160.5882404174417,0.0001549196584750717,2160.5880103993554,2160.5881759394074,2160.5884783816255
distance_progress_m,B003,RF,81,2736.6951806408824,148.36050191919483,2541.8936636681065,2768.937167347773,2901.327557337395
distance_progress_m,B004,Full,81,2929.3349201310234,0.044745717312135135,2929.108224824851,2929.344095853068,2929.3443843497207
distance_progress_m,B004,HCS-i,81,865.7153050706414,1050.6025464046752,0.0,0.0,2131.2242059315586
distance_progress_m,B004,KINO,81,2929.348808230121,0.001828361648131337,2929.3445090186474,2929.3499148400488,2929.350133329863
distance_progress_m,B004,OEAC-i,81,2178.2308713440707,0.0003081904817083295,2178.2303880476184,2178.2307700465876,2178.231337924294
distance_progress_m,B004,RF,81,2729.9922751609665,148.21322129985262,2574.57250903621,2687.851521037224,2929.2278917428516
distance_progress_m,B005,Full,81,3043.472259360995,3.4021719931772734,3036.454323368451,3045.186002226992,3047.0691123596293
distance_progress_m,B005,HCS-i,81,0.0,0.0,0.0,0.0,0.0
distance_progress_m,B005,KINO,81,3043.372875356484,3.4012803586045,3036.356513229104,3045.086096493235,3046.9679979713387
distance_progress_m,B005,OEAC-i,81,2176.690823505364,0.2599961906005571,2176.3242547287887,2176.872838270056,2176.8745271452667
distance_progress_m,B005,RF,81,2822.4678533918063,171.7837554361977,2584.659900247232,2899.375478994938,2985.90365192961
distance_progress_m,B006,Full,81,2895.2415805545033,0.0007224494622460409,2895.2400330765536,2895.2417183939874,2895.2429697828006
distance_progress_m,B006,HCS-i,81,1542.4241787574297,918.2021079996277,0.0,2078.996572320527,2086.2148479931398
distance_progress_m,B006,KINO,81,2895.2493489479934,0.0013305762045914794,2895.245715914094,2895.2498714950593,2895.2501333333466
distance_progress_m,B006,OEAC-i,81,2139.2574918213754,0.00028466571936993984,2139.2570510929263,2139.2574009005657,2139.2579284485614
distance_progress_m,B006,RF,81,2702.9915704004843,145.21200517279482,2546.3547754059314,2667.80883444998,2896.3562734587917
distance_progress_m,B007,Full,81,2993.401671806227,0.13666274086248864,2992.1979515280545,2993.4258342877597,2993.4420899554143
distance_progress_m,B007,HCS-i,81,1443.260980706992,1026.9065075121168,0.0,2159.6303987750694,2169.5773718134074
distance_progress_m,B007,KINO,81,2993.4263969873505,0.021676215419743947,2993.383069733893,2993.4415601276532,2993.4451045921646
distance_progress_m,B007,OEAC-i,81,2051.365799493823,583.8289416524599,0.0,2215.475482033641,2215.4758728661313
distance_progress_m,B007,RF,81,2815.5575777062663,115.43697610356594,2652.218544231196,2896.156243174778,2898.1330866785443
distance_progress_m,B008,Full,81,2953.3389878201065,0.004640984687147079,2953.3254752975595,2953.3399820364357,2953.3494736980965
distance_progress_m,B008,HCS-i,81,1579.3838766916665,940.2061793548904,0.0,2128.3784135788546,2137.4788176365582
distance_progress_m,B008,KINO,81,2953.3469505891107,0.0036246190087182053,2953.3371553146544,2953.349170173389,2953.3497207140804
distance_progress_m,B008,OEAC-i,81,2172.801750980665,0.06184729214494946,2172.6253334424873,2172.8206849044354,2172.832320535795
distance_progress_m,B008,RF,81,2800.959451092181,140.18496986371335,2614.468180708086,2834.6101650355577,2954.5719309768433
distance_progress_m,B009,Full,81,2982.384469803838,0.008567558418195825,2982.3662456847396,2982.3880617795567,2982.398756245524
distance_progress_m,B009,HCS-i,81,870.9066976378449,1056.9011540261324,0.0,0.0,2143.3927280207463
distance_progress_m,B009,KINO,81,2982.3926867995046,0.008698975655304874,2982.3715219198934,2982.397424851708,2982.399005969109
distance_progress_m,B009,OEAC-i,81,2194.851256720839,0.0811920640247486,2194.6575094621603,2194.885197352125,2194.887981714813
distance_progress_m,B009,RF,81,2843.8083781775636,96.20766595474088,2743.061334246785,2810.8514109471444,2976.7148910026285
distance_progress_m,B010,Full,81,2947.6323448097737,5.751719316363463,2939.9143204636594,2951.699124229142,2952.5216374055776
distance_progress_m,B010,HCS-i,81,0.0,0.0,0.0,0.0,0.0
distance_progress_m,B010,KINO,81,2947.9542259389664,5.632840040115427,2939.9893096517135,2951.700787007855,2952.5201604366243
distance_progress_m,B010,OEAC-i,81,0.0,0.0,0.0,0.0,0.0
distance_progress_m,B010,RF,81,2797.9630424537295,137.96400139941343,2634.446139116338,2789.020708376507,2973.2906537567337
avg_speed_mps,B001,Full,81,12.687316673553422,0.012192392395091907,12.66146644977008,12.692158361534922,12.7
avg_speed_mps,B001,HCS-i,81,8.854969344479008,0.02594284180186165,8.82360072903261,8.87187425057183,8.881280634032565
avg_speed_mps,B001,KINO,81,12.687321783136653,0.01218966154679189,12.66147804530646,12.69215892938416,12.7
avg_speed_mps,B001,OEAC-i,81,9.08093902869353,0.0006499277145352781,9.08001695075089,9.081390611389985,9.081402376103865
avg_speed_mps,B001,RF,81,11.55291844481616,0.680848050457879,10.606749875364335,11.90121724483022,12.164187878124501
avg_speed_mps,B002,Full,81,12.251639818021877,4.947953572831274e-06,12.251626613042728,12.25164147983674,12.251648162330428
avg_speed_mps,B002,HCS-i,81,3.64996625163801,4.429480478572334,0.0,0.0,8.986127858954035
avg_speed_mps,B002,KINO,81,12.251662642718122,6.276931248527725e-06,12.251647574727569,12.25166619944688,12.251666836191001
avg_speed_mps,B002,OEAC-i,81,9.155169052621591,2.135432518965064e-06,9.155165893944318,9.1551697734951,9.155172238157686
avg_speed_mps,B002,RF,81,11.953982694008088,0.20924562029350632,11.800544814369738,11.807362750979843,12.254778757638258
avg_speed_mps,B003,Full,81,12.084554967366785,2.026397871345784e-06,12.084551675251266,12.084554465861114,12.084560329492696
avg_speed_mps,B003,HCS-i,81,6.482745555424209,3.859169396431535,0.0,8.735517979718718,8.772714454232952
avg_speed_mps,B003,KINO,81,12.084580775947954,4.155778229124857e-06,12.084570381189447,12.084583141149375,12.08458354492222
avg_speed_mps,B003,OEAC-i,81,9.00245100173934,6.454985779779071e-07,9.002450043330647,9.002450733080865,9.002451993256773
avg_speed_mps,B003,RF,81,11.402896586003678,0.6181687579966445,10.59122359861711,11.537238197282388,12.088864822239145
avg_speed_mps,B004,Full,81,12.205562167212596,0.0001864404888020502,12.204617603436878,12.205600399387784,12.20560160145717
avg_speed_mps,B004,HCS-i,81,3.607147104461006,4.3775106100194785,0.0,0.0,8.880100858048161
avg_speed_mps,B004,KINO,81,12.20562003429217,7.618173534641223e-06,12.205602120911031,12.20562464516687,12.205625555541097
avg_speed_mps,B004,OEAC-i,81,9.075961963933628,1.284127006455327e-06,9.07595995019841,9.075961541860782,9.075963908017892
avg_speed_mps,B004,RF,81,11.374967813170693,0.6175550887493827,10.72738545431754,11.1993813376551,12.205116215595215
avg_speed_mps,B005,Full,81,12.681134414004147,0.014175716638237705,12.651893014035211,12.688275009279133,12.696121301498456
avg_speed_mps,B005,HCS-i,81,0.0,0.0,0.0,0.0,0.0
avg_speed_mps,B005,KINO,81,12.680720313985352,0.014172001494184927,12.651485471787934,12.68785873538848,12.695699991547245
avg_speed_mps,B005,OEAC-i,81,9.069545097939015,0.001083317460835295,9.068017728036619,9.0703034927919,9.070310529771945
avg_speed_mps,B005,RF,81,11.76028272246586,0.7157656476508212,10.769416251030133,12.080731162478909,12.441265216373376
avg_speed_mps,B006,Full,81,12.063506585643765,3.010206090335489e-06,12.063500137818973,12.063507159974948,12.063512374095003
avg_speed_mps,B006,HCS-i,81,6.4267674114892905,3.8258421166651164,0.0,8.662485718002195,8.692561866638082
avg_speed_mps,B006,KINO,81,12.063538953949973,5.544067518679372e-06,12.063523816308726,12.063541131229414,12.063542222222278
avg_speed_mps,B006,OEAC-i,81,8.913572882589063,1.1861071627802278e-06,8.913571046220527,8.913572503752357,8.913574701869006
avg_speed_mps,B006,RF,81,11.262464876668684,0.6050500215533144,10.60981156419138,11.115870143541583,12.068151139411633
avg_speed_mps,B007,Full,81,12.47250696585928,0.0005694280869270064,12.467491464700228,12.472607642865665,12.472675374814227
avg_speed_mps,B007,HCS-i,81,6.013587419612468,4.2787771146338205,0.0,8.998459994896121,9.039905715889198
avg_speed_mps,B007,KINO,81,12.472609987447296,9.031756424836594e-05,12.472429457224555,12.472673167198556,12.472687935800685
avg_speed_mps,B007,OEAC-i,81,8.54735749789093,2.4326205902185825,0.0,9.231147841806838,9.231149470275547
avg_speed_mps,B007,RF,81,11.731489907109442,0.4809874004315272,11.050910600963316,12.067317679894908,12.075554527827268
avg_speed_mps,B008,Full,81,12.305579115917109,1.9337436196234868e-05,12.305522813739831,12.305583258485148,12.305622807075402
avg_speed_mps,B008,HCS-i,81,6.580766152881944,3.917525747312042,0.0,8.868243389911894,8.906161740152326
avg_speed_mps,B008,KINO,81,12.305612294121296,1.5102579202063216e-05,12.305571480477727,12.305621542389122,12.305623836308667
avg_speed_mps,B008,OEAC-i,81,9.053340629086104,0.00025769705060620324,9.052605556010365,9.053419520435147,9.05346800223248
avg_speed_mps,B008,RF,81,11.670664379550756,0.5841040410988049,10.893617419617025,11.810875687648156,12.31071637907018
avg_speed_mps,B009,Full,81,12.426601957515992,3.569816007563014e-05,12.426526023686415,12.426616924081486,12.42666148435635
avg_speed_mps,B009,HCS-i,81,3.6287779068243533,4.40375480844222,0.0,0.0,8.930803033419776
avg_speed_mps,B009,KINO,81,12.426636194997936,3.6245731897621505e-05,12.426548007999555,12.426655936882117,12.426662524871288
avg_speed_mps,B009,OEAC-i,81,9.145213569670162,0.0003383002667703156,9.144406289425667,9.145354988967188,9.145366590478387
avg_speed_mps,B009,RF,81,11.849201575739848,0.4008652748114187,11.42942222602827,11.711880878946435,12.402978712510953
avg_speed_mps,B010,Full,81,12.28180143670739,0.02396549715151485,12.249643001931913,12.298746350954758,12.302173489189906
avg_speed_mps,B010,HCS-i,81,0.0,0.0,0.0,0.0,0.0
avg_speed_mps,B010,KINO,81,12.283142608079027,0.023470166833814338,12.24995545688214,12.298753279199396,12.302167335152602
avg_speed_mps,B010,OEAC-i,81,0.0,0.0,0.0,0.0,0.0
avg_speed_mps,B010,RF,81,11.658179343557206,0.5748500058308883,10.976858912984742,11.620919618235446,12.388711057319723
travel_time_s,B001,Full,81,240.0,0.0,240.0,240.0,240.0
travel_time_s,B001,HCS-i,81,240.0,0.0,240.0,240.0,240.0
travel_time_s,B001,KINO,81,240.0,0.0,240.0,240.0,240.0
travel_time_s,B001,OEAC-i,81,240.0,0.0,240.0,240.0,240.0
travel_time_s,B001,RF,81,240.0,0.0,240.0,240.0,240.0
travel_time_s,B002,Full,81,240.0,0.0,240.0,240.0,240.0
travel_time_s,B002,HCS-i,81,240.0,0.0,240.0,240.0,240.0
travel_time_s,B002,KINO,81,240.0,0.0,240.0,240.0,240.0
travel_time_s,B002,OEAC-i,81,240.0,0.0,240.0,240.0,240.0
travel_time_s,B002,RF,81,240.0,0.0,240.0,240.0,240.0
travel_time_s,B003,Full,81,240.0,0.0,240.0,240.0,240.0
travel_time_s,B003,HCS-i,81,240.0,0.0,240.0,240.0,240.0
travel_time_s,B003,KINO,81,240.0,0.0,240.0,240.0,240.0
travel_time_s,B003,OEAC-i,81,240.0,0.0,240.0,240.0,240.0
travel_time_s,B003,RF,81,240.0,0.0,240.0,240.0,240.0
travel_time_s,B004,Full,81,240.0,0.0,240.0,240.0,240.0
travel_time_s,B004,HCS-i,81,240.0,0.0,240.0,240.0,240.0
travel_time_s,B004,KINO,81,240.0,0.0,240.0,240.0,240.0
travel_time_s,B004,OEAC-i,81,240.0,0.0,240.0,240.0,240.0
travel_time_s,B004,RF,81,240.0,0.0,240.0,240.0,240.0
travel_time_s,B005,Full,81,240.0,0.0,240.0,240.0,240.0
travel_time_s,B005,HCS-i,81,240.0,0.0,240.0,240.0,240.0
travel_time_s,B005,KINO,81,240.0,0.0,240.0,240.0,240.0
travel_time_s,B005,OEAC-i,81,240.0,0.0,240.0,240.0,240.0
travel_time_s,B005,RF,81,240.0,0.0,240.0,240.0,240.0
travel_time_s,B006,Full,81,240.0,0.0,240.0,240.0,240.0
travel_time_s,B006,HCS-i,81,240.0,0.0,240.0,240.0,240.0
travel_time_s,B006,KINO,81,240.0,0.0,240.0,240.0,240.0
travel_time_s,B006,OEAC-i,81,240.0,0.0,240.0,240.0,240.0
travel_time_s,B006,RF,81,240.0,0.0,240.0,240.0,240.0
travel_time_s,B007,Full,81,240.0,0.0,240.0,240.0,240.0
travel_time_s,B007,HCS-i,81,240.0,0.0,240.0,240.0,240.0
travel_time_s,B007,KINO,81,240.0,0.0,240.0,240.0,240.0
travel_time_s,B007,OEAC-i,81,240.0,0.0,240.0,240.0,240.0
travel_time_s,B007,RF,81,240.0,0.0,240.0,240.0,240.0
travel_time_s,B008,Full,81,240.0,0.0,240.0,240.0,240.0
travel_time_s,B008,HCS-i,81,240.0,0.0,240.0,240.0,240.0
travel_time_s,B008,KINO,81,240.0,0.0,240.0,240.0,240.0
travel_time_s,B008,OEAC-i,81,240.0,0.0,240.0,240.0,240.0
travel_time_s,B008,RF,81,240.0,0.0,240.0,240.0,240.0
travel_time_s,B009,Full,81,240.0,0.0,240.0,240.0,240.0
travel_time_s,B009,HCS-i,81,240.0,0.0,240.0,240.0,240.0
travel_time_s,B009,KINO,81,240.0,0.0,240.0,240.0,240.0
travel_time_s,B009,OEAC-i,81,240.0,0.0,240.0,240.0,240.0
travel_time_s,B009,RF,81,240.0,0.0,240.0,240.0,240.0
travel_time_s,B010,Full,81,240.0,0.0,240.0,240.0,240.0
travel_time_s,B010,HCS-i,81,240.0,0.0,240.0,240.0,240.0
travel_time_s,B010,KINO,81,240.0,0.0,240.0,240.0,240.0
travel_time_s,B010,OEAC-i,81,240.0,0.0,240.0,240.0,240.0
travel_time_s,B010,RF,81,240.0,0.0,240.0,240.0,240.0
travel_time_to_target_s,B001,Full,81,171.03425255749613,0.24734240360058862,170.77705533813526,170.93597289515324,171.55875022716023
travel_time_to_target_s,B001,HCS-i,0,,,,,
travel_time_to_target_s,B001,KINO,81,171.03414893603252,0.24728698550260958,170.7770553379526,170.9359613861321,171.55851490441933
travel_time_to_target_s,B001,OEAC-i,0,,,,,
travel_time_to_target_s,B001,RF,81,190.77599150300784,11.330471338179155,181.26220939142553,184.14494518999786,206.6253063707769
travel_time_to_target_s,B002,Full,81,179.4153399842343,0.27754877889943874,179.049901328414,179.30863798478282,180.09038000535313
travel_time_to_target_s,B002,HCS-i,0,,,,,
travel_time_to_target_s,B002,KINO,81,178.41801171773906,0.9028678390260835,177.4142578701431,177.93906157724058,180.0230292206488
travel_time_to_target_s,B002,OEAC-i,0,,,,,
travel_time_to_target_s,B002,RF,81,184.52549278332452,2.3389350793818036,181.26068605521448,184.952224178492,187.43573184139603
travel_time_to_target_s,B003,Full,81,178.80421180299575,0.44558707253999497,178.02466313841157,178.69062972033836,179.5935367929701
travel_time_to_target_s,B003,HCS-i,0,,,,,
travel_time_to_target_s,B003,KINO,81,177.5324167551842,1.0676335813923408,176.28773311696708,176.94819299528507,179.51998984365065
travel_time_to_target_s,B003,OEAC-i,0,,,,,
travel_time_to_target_s,B003,RF,81,190.97818570063788,11.374788913108187,176.6520936732588,191.41893263479867,204.5555084467576
travel_time_to_target_s,B004,Full,81,179.04197059989306,0.35619391927198585,178.59552813897847,178.91146578836126,179.9310619763523
travel_time_to_target_s,B004,HCS-i,0,,,,,
travel_time_to_target_s,B004,KINO,81,177.35891946929976,1.5962658249496384,173.48270980459634,176.61348485481432,179.9156987105614
travel_time_to_target_s,B004,OEAC-i,0,,,,,
travel_time_to_target_s,B004,RF,81,190.39751704154222,10.492107408541667,177.8359413038718,189.43532031857907,203.5943874653184
travel_time_to_target_s,B005,Full,81,173.60118713003692,0.29337427802596083,173.29100423871006,173.45340766948667,174.2062898280712
travel_time_to_target_s,B005,HCS-i,0,,,,,
travel_time_to_target_s,B005,KINO,81,173.60975750137246,0.29329588062561907,173.29972455879144,173.46202375168292,174.21471879020362
travel_time_to_target_s,B005,OEAC-i,0,,,,,
travel_time_to_target_s,B005,RF,81,187.8303285887679,10.609735428813597,177.79568477785412,182.8870786965753,202.49893831474364
travel_time_to_target_s,B006,Full,81,178.55196584161862,0.44143916432638947,177.8785947092834,178.37337560599033,179.2657290345182
travel_time_to_target_s,B006,HCS-i,0,,,,,
travel_time_to_target_s,B006,KINO,81,175.58691958277103,1.9685012431874271,172.0761425974946,175.32428019194862,179.4504861839631
travel_time_to_target_s,B006,OEAC-i,0,,,,,
travel_time_to_target_s,B006,RF,81,192.2310798517797,12.331342551626918,174.69092517430857,200.22610713576597,201.4729747843275
travel_time_to_target_s,B007,Full,81,180.96049072358898,0.4857090908845994,180.24072301952125,180.80324873072504,182.58258295515054
travel_time_to_target_s,B007,HCS-i,0,,,,,
travel_time_to_target_s,B007,KINO,81,180.66033445613584,0.6858318256223194,179.57313363299946,180.3354465424399,181.68028658958045
travel_time_to_target_s,B007,OEAC-i,0,,,,,
travel_time_to_target_s,B007,RF,81,190.59055255664524,7.191970710159592,183.58519600396548,187.36591998508013,200.55464357784626
travel_time_to_target_s,B008,Full,81,179.01619411991345,0.822630023713292,176.34482511900998,178.8014712693607,180.7410545981907
travel_time_to_target_s,B008,HCS-i,0,,,,,
travel_time_to_target_s,B008,KINO,81,177.62095698949756,1.993186968780014,175.25356945326942,176.8904727285628,180.8304611927911
travel_time_to_target_s,B008,OEAC-i,0,,,,,
travel_time_to_target_s,B008,RF,81,190.060114781456,8.560681440916305,179.34346958909163,190.1176868093286,200.80493329014192
travel_time_to_target_s,B009,Full,81,179.59660249488624,0.8714060681677476,177.56002276446523,179.45664127202068,181.02534205478287
travel_time_to_target_s,B009,HCS-i,0,,,,,
travel_time_to_target_s,B009,KINO,81,178.95613436285615,1.3668443577408962,177.16192777346467,178.3995979450851,181.07291652810773
travel_time_to_target_s,B009,OEAC-i,0,,,,,
travel_time_to_target_s,B009,RF,81,191.68998935084826,7.389316812752912,181.53000263172797,194.0010882135249,199.6046334448852
travel_time_to_target_s,B010,Full,81,183.8673138264014,0.4601160129464147,183.47613892628868,183.5420080737243,184.48469981753578
travel_time_to_target_s,B010,HCS-i,0,,,,,
travel_time_to_target_s,B010,KINO,81,183.84156363248542,0.4506032745543997,183.47625721811204,183.54187491363393,184.47870767829139
travel_time_to_target_s,B010,OEAC-i,0,,,,,
travel_time_to_target_s,B010,RF,81,190.68152055740657,7.407101390348591,180.2174047277405,194.20738185271793,197.47142487717815
reached_target,B001,Full,81,1.0,0.0,1.0,1.0,1.0
reached_target,B001,HCS-i,81,0.0,0.0,0.0,0.0,0.0
reached_target,B001,KINO,81,1.0,0.0,1.0,1.0,1.0
reached_target,B001,OEAC-i,81,0.0,0.0,0.0,0.0,0.0
reached_target,B001,RF,81,1.0,0.0,1.0,1.0,1.0
reached_target,B002,Full,81,1.0,0.0,1.0,1.0,1.0
reached_target,B002,HCS-i,81,0.0,0.0,0.0,0.0,0.0
reached_target,B002,KINO,81,1.0,0.0,1.0,1.0,1.0
reached_target,B002,OEAC-i,81,0.0,0.0,0.0,0.0,0.0
reached_target,B002,RF,81,1.0,0.0,1.0,1.0,1.0
reached_target,B003,Full,81,1.0,0.0,1.0,1.0,1.0
reached_target,B003,HCS-i,81,0.0,0.0,0.0,0.0,0.0
reached_target,B003,KINO,81,1.0,0.0,1.0,1.0,1.0
reached_target,B003,OEAC-i,81,0.0,0.0,0.0,0.0,0.0
reached_target,B003,RF,81,1.0,0.0,1.0,1.0,1.0
reached_target,B004,Full,81,1.0,0.0,1.0,1.0,1.0
reached_target,B004,HCS-i,81,0.0,0.0,0.0,0.0,0.0
reached_target,B004,KINO,81,1.0,0.0,1.0,1.0,1.0
reached_target,B004,OEAC-i,81,0.0,0.0,0.0,0.0,0.0
reached_target,B004,RF,81,1.0,0.0,1.0,1.0,1.0
reached_target,B005,Full,81,1.0,0.0,1.0,1.0,1.0
reached_target,B005,HCS-i,81,0.0,0.0,0.0,0.0,0.0
reached_target,B005,KINO,81,1.0,0.0,1.0,1.0,1.0
reached_target,B005,OEAC-i,81,0.0,0.0,0.0,0.0,0.0
reached_target,B005,RF,81,1.0,0.0,1.0,1.0,1.0
reached_target,B006,Full,81,1.0,0.0,1.0,1.0,1.0
reached_target,B006,HCS-i,81,0.0,0.0,0.0,0.0,0.0
reached_target,B006,KINO,81,1.0,0.0,1.0,1.0,1.0
reached_target,B006,OEAC-i,81,0.0,0.0,0.0,0.0,0.0
reached_target,B006,RF,81,1.0,0.0,1.0,1.0,1.0
reached_target,B007,Full,81,1.0,0.0,1.0,1.0,1.0
reached_target,B007,HCS-i,81,0.0,0.0,0.0,0.0,0.0
reached_target,B007,KINO,81,1.0,0.0,1.0,1.0,1.0
reached_target,B007,OEAC-i,81,0.0,0.0,0.0,0.0,0.0
reached_target,B007,RF,81,1.0,0.0,1.0,1.0,1.0
reached_target,B008,Full,81,1.0,0.0,1.0,1.0,1.0
reached_target,B008,HCS-i,81,0.0,0.0,0.0,0.0,0.0
reached_target,B008,KINO,81,1.0,0.0,1.0,1.0,1.0
reached_target,B008,OEAC-i,81,0.0,0.0,0.0,0.0,0.0
reached_target,B008,RF,81,1.0,0.0,1.0,1.0,1.0
reached_target,B009,Full,81,1.0,0.0,1.0,1.0,1.0
reached_target,B009,HCS-i,81,0.0,0.0,0.0,0.0,0.0
reached_target,B009,KINO,81,1.0,0.0,1.0,1.0,1.0
reached_target,B009,OEAC-i,81,0.0,0.0,0.0,0.0,0.0
reached_target,B009,RF,81,1.0,0.0,1.0,1.0,1.0
reached_target,B010,Full,81,1.0,0.0,1.0,1.0,1.0
reached_target,B010,HCS-i,81,0.0,0.0,0.0,0.0,0.0
reached_target,B010,KINO,81,1.0,0.0,1.0,1.0,1.0
reached_target,B010,OEAC-i,81,0.0,0.0,0.0,0.0,0.0
reached_target,B010,RF,81,1.0,0.0,1.0,1.0,1.0
lane_changes,B001,Full,81,1.0,0.8215838362577492,0.0,1.0,2.0
lane_changes,B001,HCS-i,81,0.0,0.0,0.0,0.0,0.0
lane_changes,B001,KINO,81,1.0,0.8215838362577492,0.0,1.0,2.0
lane_changes,B001,OEAC-i,81,1.0,0.8215838362577492,0.0,1.0,2.0
lane_changes,B001,RF,81,0.0,0.0,0.0,0.0,0.0
lane_changes,B002,Full,81,1.0,0.8215838362577492,0.0,1.0,2.0
lane_changes,B002,HCS-i,33,0.0,0.0,0.0,0.0,0.0
lane_changes,B002,KINO,81,1.3703703703703705,1.426923652866933,0.0,1.0,4.0
lane_changes,B002,OEAC-i,81,5.0,0.8215838362577491,4.0,5.0,6.0
lane_changes,B002,RF,81,0.3333333333333333,0.47434164902525683,0.0,0.0,1.0
lane_changes,B003,Full,81,1.0,0.8215838362577492,0.0,1.0,2.0
lane_changes,B003,HCS-i,60,0.0,0.0,0.0,0.0,0.0
lane_changes,B003,KINO,81,1.0,0.8215838362577492,0.0,1.0,2.0
lane_changes,B003,OEAC-i,81,4.0,0.8215838362577491,3.0,4.0,5.0
lane_changes,B003,RF,81,0.0,0.0,0.0,0.0,0.0
lane_changes,B004,Full,81,1.0,0.8215838362577492,0.0,1.0,2.0
lane_changes,B004,HCS-i,33,0.0,0.0,0.0,0.0,0.0
lane_changes,B004,KINO,81,1.0,0.8215838362577492,0.0,1.0,2.0
lane_changes,B004,OEAC-i,81,5.0,0.8215838362577491,4.0,5.0,6.0
lane_changes,B004,RF,81,0.3333333333333333,0.47434164902525683,0.0,0.0,1.0
lane_changes,B005,Full,81,3.0,0.8215838362577492,2.0,3.0,4.0
lane_changes,B005,HCS-i,0,,,,,
lane_changes,B005,KINO,81,3.0,0.8215838362577492,2.0,3.0,4.0
lane_changes,B005,OEAC-i,81,1.6666666666666667,0.47434164902525694,1.0,2.0,2.0
lane_changes,B005,RF,81,0.0,0.0,0.0,0.0,0.0
lane_changes,B006,Full,81,1.0,0.8215838362577492,0.0,1.0,2.0
lane_changes,B006,HCS-i,60,0.0,0.0,0.0,0.0,0.0
lane_changes,B006,KINO,81,1.0,0.8215838362577492,0.0,1.0,2.0
lane_changes,B006,OEAC-i,81,6.0,0.8215838362577491,5.0,6.0,7.0
lane_changes,B006,RF,81,0.0,0.0,0.0,0.0,0.0
lane_changes,B007,Full,81,3.0,0.8215838362577492,2.0,3.0,4.0
lane_changes,B007,HCS-i,54,0.0,0.0,0.0,0.0,0.0
lane_changes,B007,KINO,81,3.1481481481481484,0.9761033642897557,2.0,3.0,6.0
lane_changes,B007,OEAC-i,75,4.92,0.8013502119311897,4.0,5.0,6.0
lane_changes,B007,RF,81,0.3333333333333333,0.4743416490252569,0.0,0.0,1.0
lane_changes,B008,Full,81,1.0246913580246915,0.8212080832830267,0.0,1.0,2.0
lane_changes,B008,HCS-i,60,0.0,0.0,0.0,0.0,0.0
lane_changes,B008,KINO,81,1.0,0.8215838362577492,0.0,1.0,2.0
lane_changes,B008,OEAC-i,81,5.0,0.8215838362577491,4.0,5.0,6.0
lane_changes,B008,RF,81,0.0,0.0,0.0,0.0,0.0
lane_changes,B009,Full,81,1.0,0.8215838362577492,0.0,1.0,2.0
lane_changes,B009,HCS-i,33,0.0,0.0,0.0,0.0,0.0
lane_changes,B009,KINO,81,1.0,0.8215838362577492,0.0,1.0,2.0
lane_changes,B009,OEAC-i,81,5.0,0.8215838362577491,4.0,5.0,6.0
lane_changes,B009,RF,81,0.3333333333333333,0.47434164902525683,0.0,0.0,1.0
lane_changes,B010,Full,81,1.0,0.8215838362577492,0.0,1.0,2.0
lane_changes,B010,HCS-i,0,,,,,
lane_changes,B010,KINO,81,1.0,0.8215838362577492,0.0,1.0,2.0
lane_changes,B010,OEAC-i,0,,,,,
lane_changes,B010,RF,81,0.0,0.0,0.0,0.0,0.0
num_lane_changes,B001,Full,81,1.0,0.8215838362577492,0.0,1.0,2.0
num_lane_changes,B001,HCS-i,81,0.0,0.0,0.0,0.0,0.0
num_lane_changes,B001,KINO,81,1.0,0.8215838362577492,0.0,1.0,2.0
num_lane_changes,B001,OEAC-i,81,1.0,0.8215838362577492,0.0,1.0,2.0
num_lane_changes,B001,RF,81,0.0,0.0,0.0,0.0,0.0
num_lane_changes,B002,Full,81,1.0,0.8215838362577492,0.0,1.0,2.0
num_lane_changes,B002,HCS-i,33,0.0,0.0,0.0,0.0,0.0
num_lane_changes,B002,KINO,81,1.3703703703703705,1.426923652866933,0.0,1.0,4.0
num_lane_changes,B002,OEAC-i,81,5.0,0.8215838362577491,4.0,5.0,6.0
num_lane_changes,B002,RF,81,0.3333333333333333,0.47434164902525683,0.0,0.0,1.0
num_lane_changes,B003,Full,81,1.0,0.8215838362577492,0.0,1.0,2.0
num_lane_changes,B003,HCS-i,60,0.0,0.0,0.0,0.0,0.0
num_lane_changes,B003,KINO,81,1.0,0.8215838362577492,0.0,1.0,2.0
num_lane_changes,B003,OEAC-i,81,4.0,0.8215838362577491,3.0,4.0,5.0
num_lane_changes,B003,RF,81,0.0,0.0,0.0,0.0,0.0
num_lane_changes,B004,Full,81,1.0,0.8215838362577492,0.0,1.0,2.0
num_lane_changes,B004,HCS-i,33,0.0,0.0,0.0,0.0,0.0
num_lane_changes,B004,KINO,81,1.0,0.8215838362577492,0.0,1.0,2.0
num_lane_changes,B004,OEAC-i,81,5.0,0.8215838362577491,4.0,5.0,6.0
num_lane_changes,B004,RF,81,0.3333333333333333,0.47434164902525683,0.0,0.0,1.0
num_lane_changes,B005,Full,81,3.0,0.8215838362577492,2.0,3.0,4.0
num_lane_changes,B005,HCS-i,0,,,,,
num_lane_changes,B005,KINO,81,3.0,0.8215838362577492,2.0,3.0,4.0
num_lane_changes,B005,OEAC-i,81,1.6666666666666667,0.47434164902525694,1.0,2.0,2.0
num_lane_changes,B005,RF,81,0.0,0.0,0.0,0.0,0.0
num_lane_changes,B006,Full,81,1.0,0.8215838362577492,0.0,1.0,2.0
num_lane_changes,B006,HCS-i,60,0.0,0.0,0.0,0.0,0.0
num_lane_changes,B006,KINO,81,1.0,0.8215838362577492,0.0,1.0,2.0
num_lane_changes,B006,OEAC-i,81,6.0,0.8215838362577491,5.0,6.0,7.0
num_lane_changes,B006,RF,81,0.0,0.0,0.0,0.0,0.0
num_lane_changes,B007,Full,81,3.0,0.8215838362577492,2.0,3.0,4.0
num_lane_changes,B007,HCS-i,54,0.0,0.0,0.0,0.0,0.0
num_lane_changes,B007,KINO,81,3.1481481481481484,0.9761033642897557,2.0,3.0,6.0
num_lane_changes,B007,OEAC-i,75,4.92,0.8013502119311897,4.0,5.0,6.0
num_lane_changes,B007,RF,81,0.3333333333333333,0.4743416490252569,0.0,0.0,1.0
num_lane_changes,B008,Full,81,1.0246913580246915,0.8212080832830267,0.0,1.0,2.0
num_lane_changes,B008,HCS-i,60,0.0,0.0,0.0,0.0,0.0
num_lane_changes,B008,KINO,81,1.0,0.8215838362577492,0.0,1.0,2.0
num_lane_changes,B008,OEAC-i,81,5.0,0.8215838362577491,4.0,5.0,6.0
num_lane_changes,B008,RF,81,0.0,0.0,0.0,0.0,0.0
num_lane_changes,B009,Full,81,1.0,0.8215838362577492,0.0,1.0,2.0
num_lane_changes,B009,HCS-i,33,0.0,0.0,0.0,0.0,0.0
num_lane_changes,B009,KINO,81,1.0,0.8215838362577492,0.0,1.0,2.0
num_lane_changes,B009,OEAC-i,81,5.0,0.8215838362577491,4.0,5.0,6.0
num_lane_changes,B009,RF,81,0.3333333333333333,0.47434164902525683,0.0,0.0,1.0
num_lane_changes,B010,Full,81,1.0,0.8215838362577492,0.0,1.0,2.0
num_lane_changes,B010,HCS-i,0,,,,,
num_lane_changes,B010,KINO,81,1.0,0.8215838362577492,0.0,1.0,2.0
num_lane_changes,B010,OEAC-i,0,,,,,
num_lane_changes,B010,RF,81,0.0,0.0,0.0,0.0,0.0
stops,B001,Full,81,0.0,0.0,0.0,0.0,0.0
stops,B001,HCS-i,81,0.0,0.0,0.0,0.0,0.0
stops,B001,KINO,81,0.0,0.0,0.0,0.0,0.0
stops,B001,OEAC-i,81,0.0,0.0,0.0,0.0,0.0
stops,B001,RF,81,0.0,0.0,0.0,0.0,0.0
stops,B002,Full,81,0.0,0.0,0.0,0.0,0.0
stops,B002,HCS-i,33,0.0,0.0,0.0,0.0,0.0
stops,B002,KINO,81,0.0,0.0,0.0,0.0,0.0
stops,B002,OEAC-i,81,0.0,0.0,0.0,0.0,0.0
stops,B002,RF,81,0.0,0.0,0.0,0.0,0.0
stops,B003,Full,81,0.0,0.0,0.0,0.0,0.0
stops,B003,HCS-i,60,0.0,0.0,0.0,0.0,0.0
stops,B003,KINO,81,0.0,0.0,0.0,0.0,0.0
stops,B003,OEAC-i,81,0.0,0.0,0.0,0.0,0.0
stops,B003,RF,81,0.0,0.0,0.0,0.0,0.0
stops,B004,Full,81,0.0,0.0,0.0,0.0,0.0
stops,B004,HCS-i,33,0.0,0.0,0.0,0.0,0.0
stops,B004,KINO,81,0.0,0.0,0.0,0.0,0.0
stops,B004,OEAC-i,81,0.0,0.0,0.0,0.0,0.0
stops,B004,RF,81,0.0,0.0,0.0,0.0,0.0
stops,B005,Full,81,0.0,0.0,0.0,0.0,0.0
stops,B005,HCS-i,0,,,,,
stops,B005,KINO,81,0.0,0.0,0.0,0.0,0.0
stops,B005,OEAC-i,81,0.0,0.0,0.0,0.0,0.0
stops,B005,RF,81,0.0,0.0,0.0,0.0,0.0
stops,B006,Full,81,0.0,0.0,0.0,0.0,0.0
stops,B006,HCS-i,60,0.0,0.0,0.0,0.0,0.0
stops,B006,KINO,81,0.0,0.0,0.0,0.0,0.0
stops,B006,OEAC-i,81,0.0,0.0,0.0,0.0,0.0
stops,B006,RF,81,0.0,0.0,0.0,0.0,0.0
stops,B007,Full,81,0.0,0.0,0.0,0.0,0.0
stops,B007,HCS-i,54,0.0,0.0,0.0,0.0,0.0
stops,B007,KINO,81,0.0,0.0,0.0,0.0,0.0
stops,B007,OEAC-i,75,0.0,0.0,0.0,0.0,0.0
stops,B007,RF,81,0.0,0.0,0.0,0.0,0.0
stops,B008,Full,81,0.0,0.0,0.0,0.0,0.0
stops,B008,HCS-i,60,0.0,0.0,0.0,0.0,0.0
stops,B008,KINO,81,0.0,0.0,0.0,0.0,0.0
stops,B008,OEAC-i,81,0.0,0.0,0.0,0.0,0.0
stops,B008,RF,81,0.0,0.0,0.0,0.0,0.0
stops,B009,Full,81,0.0,0.0,0.0,0.0,0.0
stops,B009,HCS-i,33,0.0,0.0,0.0,0.0,0.0
stops,B009,KINO,81,0.0,0.0,0.0,0.0,0.0
stops,B009,OEAC-i,81,0.0,0.0,0.0,0.0,0.0
stops,B009,RF,81,0.0,0.0,0.0,0.0,0.0
stops,B010,Full,81,1.0,0.0,1.0,1.0,1.0
stops,B010,HCS-i,0,,,,,
stops,B010,KINO,81,1.0,0.0,1.0,1.0,1.0
stops,B010,OEAC-i,0,,,,,
stops,B010,RF,81,0.0,0.0,0.0,0.0,0.0
comfort_sum_a2,B001,Full,81,2.5785619552833623,2.83118946123398,0.08590336247157569,0.805296635727686,8.257167159964522
comfort_sum_a2,B001,HCS-i,81,0.7462180170556121,0.11613359251707125,0.5103358268234972,0.7701678420782107,0.9277511414324612
comfort_sum_a2,B001,KINO,81,2.5760618199072467,2.8300938991707567,0.0863664864870963,0.8058055309685273,8.240627972323162
comfort_sum_a2,B001,OEAC-i,81,52.82754137749151,5.0697619469342055,45.591760524646304,52.18996345603004,62.07960079524723
comfort_sum_a2,B001,RF,81,48.56089746766188,65.89072265325244,0.05493472892350224,4.137421245970492,144.8901388833429
comfort_sum_a2,B002,Full,81,0.374333220126971,0.3959147427257839,0.08001657377922973,0.14149980255158173,1.299113407223163
comfort_sum_a2,B002,HCS-i,33,0.7552918659449065,0.12009324435288013,0.567739725015353,0.7899441844537668,0.9291706405765449
comfort_sum_a2,B002,KINO,81,0.2668913283889624,0.3349373044593226,0.028162007821444082,0.06637892864416262,1.0456953190154759
comfort_sum_a2,B002,OEAC-i,81,51.25507041347752,3.1703578092913696,46.55431875555918,52.22323652993548,55.884015150680916
comfort_sum_a2,B002,RF,81,19.85366179391084,8.661972101786185,7.690450686711759,16.272844472603914,36.03826189844849
comfort_sum_a2,B003,Full,81,0.3570821689185078,0.30829526163802523,0.11467308798171985,0.15651055312652035,1.0356465741423924
comfort_sum_a2,B003,HCS-i,60,0.7371754596834951,0.11323474086090993,0.5217446822209637,0.7754488335027458,0.8655701323093632
comfort_sum_a2,B003,KINO,81,0.20537996828272634,0.2559818201199466,0.029025780120162395,0.0478414438588098,0.803285433020937
comfort_sum_a2,B003,OEAC-i,81,38.101990373875175,3.38357045825101,33.0410153154003,39.403082946291306,42.48780940373351
comfort_sum_a2,B003,RF,81,65.24702945648676,54.34988698111729,10.140133026956873,41.95390424067374,143.5063098072212
comfort_sum_a2,B004,Full,81,0.4105704408022517,0.3853157505904499,0.11788404272424245,0.16701540145700128,1.3054769991384743
comfort_sum_a2,B004,HCS-i,33,0.7541579469283928,0.0990401891979414,0.5748312679644016,0.8141962675535792,0.8368071722103588
comfort_sum_a2,B004,KINO,81,0.2901420650188665,0.33844386144193633,0.03267562207985869,0.06945548935859383,1.0588323664532135
comfort_sum_a2,B004,OEAC-i,81,43.88849023341951,3.3712491983168524,38.90787325014717,44.97355569311326,48.349119850234395
comfort_sum_a2,B004,RF,81,55.3965587586067,53.13393141112739,4.126092463145327,30.920618907497534,133.86621908435404
comfort_sum_a2,B005,Full,81,3.495917099509987,3.1576763576247857,0.5985046056492425,1.7017094700532442,9.622955479529752
comfort_sum_a2,B005,HCS-i,0,,,,,
comfort_sum_a2,B005,KINO,81,3.36853416335624,3.158484453440918,0.47522548470174664,1.5781583878655407,9.475932792258222
comfort_sum_a2,B005,OEAC-i,81,58.802182196023985,3.7970341461910997,51.03303024159737,60.26868405094877,63.79445030375387
comfort_sum_a2,B005,RF,81,43.70544074022575,58.30296054978662,0.08479840839399862,4.660586989832724,131.20144457123686
comfort_sum_a2,B006,Full,81,0.4222773608402864,0.30614678986973176,0.18699881540128552,0.22401029565790326,1.0891673097749763
comfort_sum_a2,B006,HCS-i,60,0.7850713201104542,0.1474672564488871,0.5096054135943943,0.8295123205472886,0.9749619217501887
comfort_sum_a2,B006,KINO,81,0.5516255645922767,1.0401774898593124,0.03587942176167783,0.06780425796056615,3.386443369336325
comfort_sum_a2,B006,OEAC-i,81,42.49659609240339,3.540208590586367,37.22908924372279,43.611879825558724,46.82823566427594
comfort_sum_a2,B006,RF,81,64.62337895276488,47.53707314968774,11.842619078014042,52.2225273510579,132.0009845717636
comfort_sum_a2,B007,Full,81,1.2331120531730904,1.0084085008283,0.40924792530334686,0.6037536211713918,3.4644829021693107
comfort_sum_a2,B007,HCS-i,54,0.8300238671311492,0.11080717583564159,0.5992127650320149,0.8881122823439662,0.9356026920530397
comfort_sum_a2,B007,KINO,81,1.1443345218272474,1.034646027702808,0.3098152143222013,0.5384933366421962,3.485836731257828
comfort_sum_a2,B007,OEAC-i,75,45.80840668814168,3.182713648553442,40.495949516699916,46.36398726277803,49.980540541121314
comfort_sum_a2,B007,RF,81,41.764465024910876,31.706225277366958,7.301522042672232,30.017720114930853,87.3508935591075
comfort_sum_a2,B008,Full,81,0.7219443873747243,1.0645321582515448,0.20057081528127532,0.26272820834506755,6.493504745550855
comfort_sum_a2,B008,HCS-i,60,0.826947129878641,0.11258947125156747,0.5964820971571714,0.8674173247750527,0.9438477484476477
comfort_sum_a2,B008,KINO,81,0.42368084577330467,0.4397890283090573,0.06761253719923947,0.1562709466285031,1.4248687038411914
comfort_sum_a2,B008,OEAC-i,81,56.71452996759205,3.7486062894945498,49.52478889989788,57.93915839966746,61.609995995947585
comfort_sum_a2,B008,RF,81,27.547601241514826,17.861217936905824,7.868056806563519,20.705280143384034,52.8899528432768
comfort_sum_a2,B009,Full,81,0.7986031461091624,0.790297748233674,0.22507544405210006,0.3470292036214839,4.256238786310563
comfort_sum_a2,B009,HCS-i,33,1.558511995742684,2.3646061954059117,0.5643982954292784,0.8605104223714016,8.910561478511779
comfort_sum_a2,B009,KINO,81,0.6002450251817917,0.6012440725804038,0.12363338837073179,0.24623778206026636,1.958754981418014
comfort_sum_a2,B009,OEAC-i,81,54.135617511784446,3.8104503682994766,47.12682008674487,55.40456828584947,58.787210636136464
comfort_sum_a2,B009,RF,81,8.222793634445697,4.910861832234489,0.15410875711090985,8.799640525979754,16.959133221892767
comfort_sum_a2,B010,Full,81,50.94821150840876,4.292937252780887,41.032844051967054,52.451752089579074,56.46433088794183
comfort_sum_a2,B010,HCS-i,0,,,,,
comfort_sum_a2,B010,KINO,81,51.326530941166716,4.180215721675703,43.181370258674185,53.295163498284644,56.462370200830286
comfort_sum_a2,B010,OEAC-i,0,,,,,
comfort_sum_a2,B010,RF,81,28.67608694454751,30.348072612649673,0.16833883563098834,10.445966050767153,76.40367377507422
comfort_sum_jerk2,B001,Full,81,0.5654063822157461,0.49258185771261603,0.00010189268519666833,0.2551977245226128,1.3576769037885392
comfort_sum_jerk2,B001,HCS-i,81,0.04175192014962923,0.015252866627855396,0.00788510230288303,0.042797469145676316,0.06995116882121416
comfort_sum_jerk2,B001,KINO,81,0.5595458994847067,0.4901810120303776,0.00030843658526483826,0.2550408487551086,1.325158785843678
comfort_sum_jerk2,B001,OEAC-i,81,47.608116812970785,2.0869958001066786,44.48101298727025,47.33730228659997,51.3832278596698
comfort_sum_jerk2,B001,RF,81,102.40401741074551,144.06101387112383,0.00015784995640703029,2.1659229267267515,310.155811191645
comfort_sum_jerk2,B002,Full,81,0.005050137841362763,0.0022181604964428294,0.0034573228618599095,0.0040803079821946425,0.01601371054934542
comfort_sum_jerk2,B002,HCS-i,33,0.043850472293776595,0.023821050298409977,0.013525333119346665,0.04006990739792974,0.0882284245224906
comfort_sum_jerk2,B002,KINO,81,0.001072768038113696,0.0014423091197787986,7.656847429582693e-05,0.0002143244331542999,0.0045157723964459355
comfort_sum_jerk2,B002,OEAC-i,81,47.67997680017045,1.4112656085631743,45.353045947967466,47.609991833424914,49.68349869900586
comfort_sum_jerk2,B002,RF,81,36.07441077825078,19.073664639285443,2.5886870846022934,32.25738845146321,64.70497111115748
comfort_sum_jerk2,B003,Full,81,0.005493741942806546,0.0022244775169780262,0.0035582779109545708,0.005147412779481599,0.01834251047658278
comfort_sum_jerk2,B003,HCS-i,60,0.039232672526121795,0.014032867290464789,0.010892364837335864,0.04130958644331283,0.06138625972338865
comfort_sum_jerk2,B003,KINO,81,0.0007058411291129223,0.0009087536507747338,6.0584902809598586e-05,0.00017679080120565775,0.0028247001012531485
comfort_sum_jerk2,B003,OEAC-i,81,34.79209254592014,1.2923046083091114,32.43580810205461,34.834318351489145,36.30767938319662
comfort_sum_jerk2,B003,RF,81,129.84796243720263,119.8919312429467,12.186675591538181,82.59312237335341,298.30684504130716
comfort_sum_jerk2,B004,Full,81,0.018955078269475262,0.06384792950991369,0.003959771721201222,0.005274570185126077,0.3420199287162379
comfort_sum_jerk2,B004,HCS-i,33,0.04482553903125552,0.013453674835471196,0.025020928449337794,0.043870283258100225,0.06858684549352315
comfort_sum_jerk2,B004,KINO,81,0.0019147253795822469,0.003606562834175118,6.190664993788225e-05,0.000213670035017389,0.018127276343787267
comfort_sum_jerk2,B004,OEAC-i,81,30.92774955980933,1.3335814075931036,28.630818145440955,30.929786016825034,32.83958194120905
comfort_sum_jerk2,B004,RF,81,119.53527593597535,125.24065001470957,7.899912373011003,56.80737393173365,297.16088063662255
comfort_sum_jerk2,B005,Full,81,1.800934092626674,0.5059806071253017,1.1739806496312066,1.6298461014862762,2.5171388154109002
comfort_sum_jerk2,B005,HCS-i,0,,,,,
comfort_sum_jerk2,B005,KINO,81,1.3577999512900338,0.5068298724207169,0.7397230220935446,1.1939884124908475,2.0535670216958883
comfort_sum_jerk2,B005,OEAC-i,81,50.196884649959586,2.586614511083301,44.65297552474834,51.242569444411174,53.41883991626491
comfort_sum_jerk2,B005,RF,81,98.18001930515724,137.88261197415352,0.00011680848869507641,2.117663888957039,295.14421862354925
comfort_sum_jerk2,B006,Full,81,0.014014279203781635,0.061223846995045406,0.00497345254586313,0.006546544564612879,0.5578809066063366
comfort_sum_jerk2,B006,HCS-i,60,0.05431520166949536,0.040438914917403534,0.008873986365477999,0.043838948127432484,0.18368869282965142
comfort_sum_jerk2,B006,KINO,81,0.01609199168167743,0.0435841760654993,6.805067936658457e-05,0.0002616689674127155,0.13856659151417264
comfort_sum_jerk2,B006,OEAC-i,81,32.22378875228679,1.3091271611217075,29.928341035526884,32.42186396349258,34.07498029028776
comfort_sum_jerk2,B006,RF,81,125.55465815482123,105.36880661889192,13.891170463873863,97.34229394096877,269.4993571793506
comfort_sum_jerk2,B007,Full,81,0.04362123844244357,0.06973308201249162,0.014211490359921582,0.020505360921856168,0.6020301509179313
comfort_sum_jerk2,B007,HCS-i,54,0.049715453629834,0.018367226508663365,0.015405740556220017,0.049064614390091264,0.09179511708323006
comfort_sum_jerk2,B007,KINO,81,0.030483278318959677,0.028113246342044,0.007353946521198834,0.014753958895322624,0.09493596213234673
comfort_sum_jerk2,B007,OEAC-i,75,31.52837402271091,1.314207991826477,28.96855735942027,31.30113938339002,33.33207629932772
comfort_sum_jerk2,B007,RF,81,97.23886763223905,92.63562305748144,6.111927081295272,55.978259451637555,243.44789976022588
comfort_sum_jerk2,B008,Full,81,0.037364165308002475,0.20750505121170235,0.006727578972121664,0.007148465415923112,1.8463675859234205
comfort_sum_jerk2,B008,HCS-i,60,0.04765380613789326,0.016616483629624472,0.014433370952678092,0.04944127138438455,0.07394362496761628
comfort_sum_jerk2,B008,KINO,81,0.003489419180932655,0.003761271477858062,0.0003376391426604849,0.001934756668018404,0.013764765964679612
comfort_sum_jerk2,B008,OEAC-i,81,46.37792652482848,1.9482023819259113,41.05900869181661,46.61701356993532,48.61312670855681
comfort_sum_jerk2,B008,RF,81,47.87025938380185,34.12669119028566,15.398026969997916,34.801203762171234,100.84701927993248
comfort_sum_jerk2,B009,Full,81,0.030138475412463315,0.1070663599421193,0.0047202459786543855,0.007424043653012317,0.8576931651654897
comfort_sum_jerk2,B009,HCS-i,33,1.4968468778739101,4.607145932764632,0.016641125483693224,0.046412898317439444,15.84319744640938
comfort_sum_jerk2,B009,KINO,81,0.00579566388817759,0.005926521112053737,0.0012009087058369129,0.0020826035845415455,0.018606449579158073
comfort_sum_jerk2,B009,OEAC-i,81,43.97501012873482,1.9072183255406805,39.18132174470191,44.6879743719466,46.3023209593888
comfort_sum_jerk2,B009,RF,81,10.585967905866722,6.726822833307908,0.09467918005599804,14.166225220443204,18.033533306849016
comfort_sum_jerk2,B010,Full,81,11.507356725871894,1.8580859203980853,8.238130231684817,12.41269109890277,13.806817661062304
comfort_sum_jerk2,B010,HCS-i,0,,,,,
comfort_sum_jerk2,B010,KINO,81,11.648349766355189,1.8668594794353033,8.609999992388794,12.705118344225333,13.805578445850028
comfort_sum_jerk2,B010,OEAC-i,0,,,,,
comfort_sum_jerk2,B010,RF,81,51.34822222150888,62.64953061401081,0.11156479772393149,12.99681124613008,148.07704202858312
max_abs_a,B001,Full,81,1.0310885563670844,0.6887198291653418,0.03656847808255126,0.7065027591915163,2.0002000999971763
max_abs_a,B001,HCS-i,81,0.14539360007510554,0.016848471461082464,0.12280729166524296,0.1436681187926574,0.18487303863897253
max_abs_a,B001,KINO,81,1.026180600579247,0.6962553449480128,0.03656847808253971,0.7067763452132048,2.0002000000000013
max_abs_a,B001,OEAC-i,81,2.1273768696581175,0.08259051239093224,1.9738209134615394,2.1712499999999935,2.1712500000000023
max_abs_a,B001,RF,81,1.3272101086204742,0.8198580701010526,0.03656847808253971,2.0,2.0156250390467587
max_abs_a,B002,Full,81,0.1502962119396431,0.07514684938401761,0.09216464897759336,0.09811969974185786,0.31572051317430416
max_abs_a,B002,HCS-i,33,0.154093044572584,0.026982322835293043,0.12135189229412902,0.15210373650818276,0.20621686797949046
max_abs_a,B002,KINO,81,0.07969382225345073,0.07585744841360112,0.01695913419780363,0.03095408325825561,0.2395080922135638
max_abs_a,B002,OEAC-i,81,2.1681994572555046,0.004341001505909377,2.1620858820343063,2.1712499999999935,2.1712499999999935
max_abs_a,B002,RF,81,2.0,0.0,2.0,2.0,2.0
max_abs_a,B003,Full,81,0.14507471467963445,0.05483728231706532,0.09727279267038513,0.10946561679819178,0.2546531345663725
max_abs_a,B003,HCS-i,60,0.14929500417450453,0.008424084182766791,0.13310025557153082,0.1521279678404337,0.15858352622707983
max_abs_a,B003,KINO,81,0.06257893413187991,0.058320721968691216,0.016014540740350733,0.023727559067051377,0.18692527953462518
max_abs_a,B003,OEAC-i,81,2.1054403044871752,0.09364883847420022,1.9738209134615392,2.1712499999999935,2.1712499999999935
max_abs_a,B003,RF,81,2.002928284982407,0.004167212749776465,2.0,2.0,2.0088392602119374
max_abs_a,B004,Full,81,0.16318505551236887,0.06744513114445373,0.10701978230577547,0.13810000037846493,0.30672099952876675
max_abs_a,B004,HCS-i,33,0.1535911362804863,0.013389929993433037,0.13574719113217526,0.15517294399117887,0.17711741782684598
max_abs_a,B004,KINO,81,0.09129615011403484,0.08887674732156674,0.017812403872132784,0.031408581515880545,0.3397306825027172
max_abs_a,B004,OEAC-i,81,2.1712500000000015,0.0,2.1712500000000015,2.1712500000000015,2.1712500000000015
max_abs_a,B004,RF,81,2.012020997882377,0.010101828586758203,2.0,2.0114017534745763,2.024551242014063
max_abs_a,B005,Full,81,1.1718188144511197,0.6081696887922446,0.5578271721831072,0.9588886655876179,2.0002000000000013
max_abs_a,B005,HCS-i,0,,,,,
max_abs_a,B005,KINO,81,1.136352321085705,0.6452356014402134,0.4117086831233889,0.9591016970321333,2.0002000000000013
max_abs_a,B005,OEAC-i,81,2.1712500000000023,0.0,2.1712500000000023,2.1712500000000023,2.1712500000000023
max_abs_a,B005,RF,81,1.3845387783468108,0.807710219010353,0.03463639591103984,2.0,2.020311406002275
max_abs_a,B006,Full,81,0.1568555811664917,0.048530311331449166,0.11604326583061253,0.12740648515183706,0.27138882613142323
max_abs_a,B006,HCS-i,60,0.16129458563165572,0.024754819703870987,0.1415961875516194,0.1580082291195435,0.2534735805449735
max_abs_a,B006,KINO,81,0.1644460196908178,0.30902234523638583,0.016936127170084667,0.028824218447156345,1.020524857470488
max_abs_a,B006,OEAC-i,81,2.1712500000000006,0.0,2.1712500000000006,2.1712500000000006,2.1712500000000006
max_abs_a,B006,RF,81,2.0074445768187705,0.008117155473238713,2.0,2.003824293580159,2.0228712451468294
max_abs_a,B007,Full,81,0.32833373213025724,0.1952777341609039,0.17007848194084316,0.20930435901857075,0.8476937087219238
max_abs_a,B007,HCS-i,54,0.15922738229424785,0.016435791388461993,0.1410363046007408,0.15771812243679406,0.20106099720142367
max_abs_a,B007,KINO,81,0.2689737593365389,0.19222786873163256,0.10583355514260485,0.14518746588081521,0.6866628358286985
max_abs_a,B007,OEAC-i,75,2.1712500000000023,0.0,2.1712500000000023,2.1712500000000023,2.1712500000000023
max_abs_a,B007,RF,81,1.999650628340379,0.0017925524123658478,1.9905669651902382,2.0,2.0
max_abs_a,B008,Full,81,0.22972520520071474,0.24873861208689124,0.1324869590844071,0.13677232050211918,1.5783722749608966
max_abs_a,B008,HCS-i,60,0.1573082277139474,0.013760367092548898,0.1411149075920548,0.1563875702646378,0.18588196344477304
max_abs_a,B008,KINO,81,0.12252358626093642,0.08218406845303053,0.032098595718556285,0.09756740065179761,0.3028173497096665
max_abs_a,B008,OEAC-i,81,2.1712500000000023,0.0,2.1712500000000023,2.1712500000000023,2.1712500000000023
max_abs_a,B008,RF,81,1.9981624314168003,0.003459195404051114,1.9917309413756001,2.0,2.0
max_abs_a,B009,Full,81,0.25882882627757836,0.2306978536139586,0.12694474849284845,0.15189873158920442,1.2770690478145659
max_abs_a,B009,HCS-i,33,0.34047350128986203,0.5723093303802295,0.14200385870888255,0.1581563117667315,2.1219877444478152
max_abs_a,B009,KINO,81,0.1524230311710896,0.11465026085107954,0.05884958450678896,0.08021228807441984,0.39911460471374227
max_abs_a,B009,OEAC-i,81,2.1712500000000023,0.0,2.1712500000000023,2.1712500000000023,2.1712500000000023
max_abs_a,B009,RF,81,1.7220134854755935,0.5633328018518096,0.30563589215897835,2.0,2.0
max_abs_a,B010,Full,81,2.6480972748590252,0.46715883695661553,2.0001995833002923,3.0,3.0
max_abs_a,B010,HCS-i,0,,,,,
max_abs_a,B010,KINO,81,2.6724609697607113,0.4589171970658871,2.0002000000058615,3.0,3.0
max_abs_a,B010,OEAC-i,0,,,,,
max_abs_a,B010,RF,81,1.7210416023148194,0.5627696941942265,0.3318767374998757,2.0,2.0
max_abs_jerk,B001,Full,81,0.5056444675463089,0.23332730259568701,0.001186334126844546,0.45552099525522394,0.8087995387418685
max_abs_jerk,B001,HCS-i,81,0.13481242252786338,0.032223693261958695,0.0492326550409814,0.1436681187926574,0.16626968340028903
max_abs_jerk,B001,KINO,81,0.4978871158737275,0.2483731669385956,0.014374341931174685,0.4560681672986257,0.808948754330935
max_abs_jerk,B001,OEAC-i,81,3.9942274111540486,0.10733032420775147,3.9171073806656924,3.919681651403385,4.1450709134615416
max_abs_jerk,B001,RF,81,1.2227721527465392,0.7648038914523669,0.010109700759485918,1.2872046605593077,2.0
max_abs_jerk,B002,Full,81,0.052658479063470764,0.009859068420124848,0.03672832564596007,0.04956531903330941,0.11094718654911118
max_abs_jerk,B002,HCS-i,33,0.13920333440146362,0.03965144872707986,0.07266439603492536,0.152103736508181,0.1925513822814846
max_abs_jerk,B002,KINO,81,0.01691408784192705,0.010680545183991752,0.006670619455681148,0.0102335778010736,0.03785652306139298
max_abs_jerk,B002,OEAC-i,81,4.135872053145235,3.9717093100047094e-05,4.135812804266413,4.135858646101703,4.1359308009315825
max_abs_jerk,B002,RF,81,1.9830317992429467,0.08706026480103278,1.5418585795595643,2.0,2.0
max_abs_jerk,B003,Full,81,0.05689050465321211,0.009074072869244392,0.04536737413423442,0.0566255467041028,0.10895509387720059
max_abs_jerk,B003,HCS-i,60,0.13821706340314632,0.027299470665343262,0.07441256563468457,0.14914757383758737,0.1560687299820671
max_abs_jerk,B003,KINO,81,0.014793650569552027,0.008738221366863976,0.005943744010898477,0.010172326190171718,0.029884658156297123
max_abs_jerk,B003,OEAC-i,81,3.5012478391864823,2.832217216481169e-05,3.501204334874638,3.5012596270053358,3.5012898906535934
max_abs_jerk,B003,RF,81,2.0,0.0,2.0,2.0,2.0
max_abs_jerk,B004,Full,81,0.0719146950914604,0.08107349666574443,0.04612520326101821,0.04922072364675589,0.4734030652743741
max_abs_jerk,B004,HCS-i,33,0.15316143348531533,0.007501187622373874,0.13574719113217348,0.1551729439911771,0.16397301387982566
max_abs_jerk,B004,KINO,81,0.019882642498014046,0.014233881036038027,0.005522805754974769,0.010196794048119438,0.05449960444509608
max_abs_jerk,B004,OEAC-i,81,4.1450709134615416,0.0,4.1450709134615416,4.1450709134615416,4.1450709134615416
max_abs_jerk,B004,RF,81,2.0,0.0,2.0,2.0,2.0
max_abs_jerk,B005,Full,81,0.884272193680118,0.0007275987867110811,0.8831859072613464,0.8836463126146263,0.8852560752370828
max_abs_jerk,B005,HCS-i,0,,,,,
max_abs_jerk,B005,KINO,81,0.7729179972883765,0.009896969689579092,0.7679861731153148,0.7679861731153148,0.79834972666104
max_abs_jerk,B005,OEAC-i,81,4.1450709134615416,0.0,4.1450709134615416,4.1450709134615416,4.1450709134615416
max_abs_jerk,B005,RF,81,1.2437131937468977,0.751536133635765,0.005362222429010188,1.2411926585497977,2.0
max_abs_jerk,B006,Full,81,0.07315103615320671,0.04074164107464506,0.05922392020901812,0.06748763374016065,0.4293909170554097
max_abs_jerk,B006,HCS-i,60,0.14973961385131201,0.04235500447709414,0.07029433367293692,0.1580082291195435,0.260840724105563
max_abs_jerk,B006,KINO,81,0.031103548505563818,0.04617417235841535,0.00601225018555418,0.010452259120424516,0.15838000064058827
max_abs_jerk,B006,OEAC-i,81,4.14507091346154,0.0,4.14507091346154,4.14507091346154,4.14507091346154
max_abs_jerk,B006,RF,81,2.0,0.0,2.0,2.0,2.0
max_abs_jerk,B007,Full,81,0.08882501702001636,0.03792845498451074,0.06326724619885837,0.07639437809984706,0.35024965972746197
max_abs_jerk,B007,HCS-i,54,0.15391276828609624,0.031000359007514668,0.08130479291196657,0.15771812243679406,0.20942018922858985
max_abs_jerk,B007,KINO,81,0.07234784894349934,0.01866527495594028,0.040363262677638304,0.06871897876997088,0.1078535627604265
max_abs_jerk,B007,OEAC-i,75,4.1450709134615416,0.0,4.1450709134615416,4.1450709134615416,4.1450709134615416
max_abs_jerk,B007,RF,81,2.0,0.0,2.0,2.0,2.0
max_abs_jerk,B008,Full,81,0.08521886883966481,0.1033280808699694,0.03784161633157268,0.07193251257195232,0.9765841357153315
max_abs_jerk,B008,HCS-i,60,0.14748731413762756,0.021888114993967617,0.09789248040201848,0.1563875702646378,0.16692771866736678
max_abs_jerk,B008,KINO,81,0.0334413885958136,0.02174500645094521,0.010650511748756107,0.023115838678530842,0.08198314879722197
max_abs_jerk,B008,OEAC-i,81,4.1450709134615416,0.0,4.1450709134615416,4.1450709134615416,4.1450709134615416
max_abs_jerk,B008,RF,81,1.9972436471252,0.0039223589037844,1.9917309413756001,2.0,2.0
max_abs_jerk,B009,Full,81,0.08435327897050875,0.07005649032035,0.042460610254909284,0.07044779729398698,0.5882383746066097
max_abs_jerk,B009,HCS-i,33,0.3264447102317524,0.5378447891887939,0.11011431612384825,0.1581563117667315,2.0
max_abs_jerk,B009,KINO,81,0.04585154160665434,0.021394213351427216,0.027056741392256,0.03028126692692762,0.0812887838748189
max_abs_jerk,B009,OEAC-i,81,4.1450709134615416,0.0,4.1450709134615416,4.1450709134615416,4.1450709134615416
max_abs_jerk,B009,RF,81,1.6592592592592594,0.5636438244922345,0.30563589215897835,2.0,2.0
max_abs_jerk,B010,Full,81,2.000002469117762,2.2222224255279834e-05,1.99999999886145,2.0,2.0002000000000084
max_abs_jerk,B010,HCS-i,0,,,,,
max_abs_jerk,B010,KINO,81,2.0,0.0,2.0,2.0,2.0
max_abs_jerk,B010,OEAC-i,0,,,,,
max_abs_jerk,B010,RF,81,1.6592592592592594,0.5617420818382967,0.3318767374998757,2.0,2.0
fuel_g_raw,B001,Full,81,77.39453595518485,5.789138093727491,58.00355970099343,78.35501829980353,87.03870127375484
fuel_g_raw,B001,HCS-i,81,97.89083333333306,3.188439714421423,91.8574999999998,98.64499999999973,102.26499999999967
fuel_g_raw,B001,KINO,81,109.68482237367641,0.9431464981568577,108.5999999999996,109.21850281928329,111.32773531625223
fuel_g_raw,B001,OEAC-i,81,102.14739437599212,0.3248240428479154,101.8354639054792,101.99919994113944,102.90288416037687
fuel_g_raw,B001,RF,81,109.62044261199779,1.1073490238281016,108.14749999999961,109.78633734513939,112.17827510058184
fuel_g_raw,B002,Full,81,55.26553220760592,6.326294241885349,48.22935596278194,52.98004328128544,67.82918424980056
fuel_g_raw,B002,HCS-i,33,97.04068181818157,3.765704940682916,91.4049999999998,99.09749999999971,101.35999999999969
fuel_g_raw,B002,KINO,81,108.5999999999996,0.0,108.5999999999996,108.5999999999996,108.5999999999996
fuel_g_raw,B002,OEAC-i,81,102.53172396323343,0.34008266192365466,102.31792476682233,102.31914266692604,103.36017691559525
fuel_g_raw,B002,RF,81,110.25208602963548,1.0203522474021558,108.60062828637895,110.55687861456092,112.33053070593648
fuel_g_raw,B003,Full,81,56.12234412920554,6.736224045720081,49.28704668812714,52.64920668846485,70.01333700561538
fuel_g_raw,B003,HCS-i,60,98.59974999999972,1.7249810057907633,96.38249999999975,98.87124999999972,101.81249999999969
fuel_g_raw,B003,KINO,81,108.5999999999996,0.0,108.5999999999996,108.5999999999996,108.5999999999996
fuel_g_raw,B003,OEAC-i,81,101.80951624280563,0.3919239966231105,101.22236745777411,101.67357015426263,102.60966870992405
fuel_g_raw,B003,RF,81,111.43092124927895,1.3577272838705858,109.29982785594417,111.61641462935444,114.5518540246098
fuel_g_raw,B004,Full,81,55.83025737510417,6.64163478429457,47.77044227722902,52.524615668317786,68.91434743935126
fuel_g_raw,B004,HCS-i,33,98.68613636363608,2.52794167219325,96.38249999999975,98.64499999999973,104.52749999999965
fuel_g_raw,B004,KINO,81,108.60719080239436,0.03689449279767695,108.5999999999996,108.5999999999996,108.79415166465839
fuel_g_raw,B004,OEAC-i,81,102.62038378073265,0.39019845053617525,102.01051640047626,102.46174845600504,103.47393834402615
fuel_g_raw,B004,RF,81,110.11441710632266,1.3284652763533131,108.14749999999961,109.8829569681028,112.66497305199918
fuel_g_raw,B005,Full,81,75.32932345758879,7.6637897037332765,58.80546266500719,78.44972723067629,85.36326331243696
fuel_g_raw,B005,HCS-i,0,,,,,
fuel_g_raw,B005,KINO,81,109.05978968735543,1.0815806150162013,107.75814616544467,108.62810405239327,110.88466670612999
fuel_g_raw,B005,OEAC-i,81,101.61857647868705,0.40754758760702336,100.92612291155554,101.49706983010424,102.4716144232532
fuel_g_raw,B005,RF,81,109.518372827023,1.0952048241700993,108.14749999999961,109.01692706131533,111.45826467308447
fuel_g_raw,B006,Full,81,54.30762522343441,7.1938799501844555,47.093519399655726,51.21035126806668,69.51192620285161
fuel_g_raw,B006,HCS-i,60,98.48662499999973,0.8927416618418329,97.28749999999974,98.64499999999973,100.4549999999997
fuel_g_raw,B006,KINO,81,108.82185706996663,0.6314162904964565,108.5999999999996,108.5999999999996,110.59671362970293
fuel_g_raw,B006,OEAC-i,81,101.41080210846825,0.39016817109971086,100.8246591630857,101.27575359211701,102.20236276793781
fuel_g_raw,B006,RF,81,111.4460899946755,1.8585034461999759,108.95194846124127,111.66758121702088,114.77867259435445
fuel_g_raw,B007,Full,81,62.76929176615301,9.512402594105295,51.73802626504185,59.414009295581344,79.79008658373289
fuel_g_raw,B007,HCS-i,54,98.54444444444417,1.3407960767755824,97.28749999999974,98.64499999999973,100.90749999999969
fuel_g_raw,B007,KINO,81,106.99239815981154,1.8233577687197318,104.62036580255906,108.5999999999996,108.5999999999996
fuel_g_raw,B007,OEAC-i,75,101.46836547740968,0.3913515119634853,100.83601006213853,101.30907472612802,102.37427595435751
fuel_g_raw,B007,RF,81,110.62352426881246,1.3096264841147507,108.51596557088067,110.86716047355702,113.6716692622114
fuel_g_raw,B008,Full,81,55.424073101522794,7.393811930299413,48.42313006825744,52.50656997043601,76.49921042407816
fuel_g_raw,B008,HCS-i,60,97.35537499999973,0.48453647800443644,96.83499999999974,97.28749999999974,98.64499999999973
fuel_g_raw,B008,KINO,81,108.33185185185145,0.7665094154853969,105.88499999999964,108.5999999999996,108.5999999999996
fuel_g_raw,B008,OEAC-i,81,100.17803504915064,0.3781875460232992,99.6224673190144,100.05906496394518,101.12209212324139
fuel_g_raw,B008,RF,81,110.80626293929448,1.3846409480906456,108.9954305459751,111.00807754476321,113.52343517887483
fuel_g_raw,B009,Full,81,56.81277697486886,8.49761963098466,49.07628895495538,53.08770777951929,88.08377230154511
fuel_g_raw,B009,HCS-i,33,96.85797054612708,1.41802084365044,94.11999999999978,96.38249999999975,98.89767600740035
fuel_g_raw,B009,KINO,81,107.84583333333293,1.4237580113909598,104.97999999999965,108.5999999999996,108.5999999999996
fuel_g_raw,B009,OEAC-i,81,100.0922960720094,0.5264193721994533,99.31482487085741,99.7837723527646,101.23213030839942
fuel_g_raw,B009,RF,81,110.14202583631557,1.1883098705524644,108.14749999999961,109.87503568890861,112.29292144784172
fuel_g_raw,B010,Full,81,64.87319741341084,2.2181285971541693,60.64948236594381,64.22662085690446,69.5749602606511
fuel_g_raw,B010,HCS-i,0,,,,,
fuel_g_raw,B010,KINO,81,107.99430435780909,0.6227828522040797,107.05109667988832,108.11771226518908,108.98600935032222
fuel_g_raw,B010,OEAC-i,0,,,,,
fuel_g_raw,B010,RF,81,111.08828536762422,2.367676631974825,108.14749999999961,110.75805011939822,116.5410906388854
equivalent_energy_kwh_raw,B001,Full,81,1.0324592841876303,0.06310549313449808,0.8243086638168436,1.045307657783448,1.133898719270471
equivalent_energy_kwh_raw,B001,HCS-i,81,1.1692516203703671,0.03808414103336704,1.0971868055555531,1.1782597222222189,1.2214986111111072
equivalent_energy_kwh_raw,B001,KINO,81,1.3143521112149172,0.014306779540087522,1.297166666666662,1.3078143818768773,1.3393448702679618
equivalent_energy_kwh_raw,B001,OEAC-i,81,1.247318584698068,0.003968471727253905,1.2447077079151885,1.2448687391197952,1.2571014002495722
equivalent_energy_kwh_raw,B001,RF,81,1.3391983688286309,0.04789660038107576,1.2917618055555509,1.3174424576811503,1.4259293968266156
equivalent_energy_kwh_raw,B002,Full,81,0.7977186801361817,0.061634701995814924,0.7211319112386063,0.7811964937141591,0.9260940620597377
equivalent_energy_kwh_raw,B002,HCS-i,33,1.1591034513560556,0.04496934846554457,1.091816536026954,1.18366458333333,1.2106888888888854
equivalent_energy_kwh_raw,B002,KINO,81,1.2974651871931313,0.0008496043127602694,1.297166666666662,1.297166666666662,1.2998533514048918
equivalent_energy_kwh_raw,B002,OEAC-i,81,1.2512305173912088,0.004354160965730792,1.2485548457238127,1.2485722477500139,1.262155313826418
equivalent_energy_kwh_raw,B002,RF,81,1.3284642764470798,0.016198437825440545,1.3011028200873864,1.329582408785986,1.3641792841463252
equivalent_energy_kwh_raw,B003,Full,81,0.7851999495469673,0.0829527841112916,0.6938375376059686,0.771772710527253,0.9652468884577186
equivalent_energy_kwh_raw,B003,HCS-i,60,1.1777192361111077,0.02060393979138967,1.1512354166666636,1.1809621527777745,1.2160937499999962
equivalent_energy_kwh_raw,B003,KINO,81,1.297166666666662,0.0,1.297166666666662,1.297166666666662,1.297166666666662
equivalent_energy_kwh_raw,B003,OEAC-i,81,1.236009050955742,0.004860076851207648,1.228913362380605,1.2342994672033873,1.2463838295401102
equivalent_energy_kwh_raw,B003,RF,81,1.366902231158669,0.038681703406690894,1.3108749100410602,1.3587407594188476,1.4226949156978645
equivalent_energy_kwh_raw,B004,Full,81,0.7976999148437199,0.06376780209031682,0.7101551733156144,0.7842411993264826,0.9315712709011833
equivalent_energy_kwh_raw,B004,HCS-i,33,1.1787510732323199,0.030194858862308382,1.1512354166666636,1.1782597222222189,1.2485229166666625
equivalent_energy_kwh_raw,B004,KINO,81,1.2976772558130194,0.0014375299573130818,1.297166666666662,1.297166666666662,1.3039231013122974
equivalent_energy_kwh_raw,B004,OEAC-i,81,1.2495552733380444,0.0049082767492321,1.2421629499428657,1.2475497923270378,1.2607214478736384
equivalent_energy_kwh_raw,B004,RF,81,1.3477178510933994,0.0395731017770942,1.2917618055555509,1.346134566885134,1.4241625485155731
equivalent_energy_kwh_raw,B005,Full,81,1.0092469212417106,0.08586441173532358,0.832489445685261,1.044975065832684,1.114652137328754
equivalent_energy_kwh_raw,B005,HCS-i,0,,,,,
equivalent_energy_kwh_raw,B005,KINO,81,1.3087827606759352,0.016258300234686558,1.2884264174023092,1.3024943168379326,1.3362788216334418
equivalent_energy_kwh_raw,B005,OEAC-i,81,1.2434271940958534,0.00537828745314015,1.2339944105037095,1.2423825391078898,1.2550167920531974
equivalent_energy_kwh_raw,B005,RF,81,1.3361621333172846,0.040166093304239925,1.2917618055555509,1.3238055968614315,1.4134396370319497
equivalent_energy_kwh_raw,B006,Full,81,0.7735859625462485,0.0811897629629416,0.6832364483833391,0.746457026052761,0.9400892928520336
equivalent_energy_kwh_raw,B006,HCS-i,60,1.17636802083333,0.010663303183110751,1.1620451388888857,1.1782597222222189,1.199879166666663
equivalent_energy_kwh_raw,B006,KINO,81,1.300963910663679,0.010807145875778157,1.297166666666662,1.297166666666662,1.331341862639816
equivalent_energy_kwh_raw,B006,OEAC-i,81,1.2334151995522353,0.00483146776993875,1.226335025101655,1.2317198140974135,1.243669173751535
equivalent_energy_kwh_raw,B006,RF,81,1.3658194470597005,0.03751562365721638,1.3059226725990198,1.3786501161303346,1.4351899143864224
equivalent_energy_kwh_raw,B007,Full,81,0.8702467868498132,0.10188471475449057,0.7259933849293292,0.8523110178966148,1.0473436626789592
equivalent_energy_kwh_raw,B007,HCS-i,54,1.1770612353476193,0.016012588713073282,1.1620451388888857,1.1782597222222189,1.205284027777774
equivalent_energy_kwh_raw,B007,KINO,81,1.2823242776085275,0.0171925569220032,1.2586374813638612,1.297166666666662,1.2981110680639558
equivalent_energy_kwh_raw,B007,OEAC-i,75,1.2368682352686822,0.004915366309269473,1.229214672560151,1.2348747791324166,1.2488458532486857
equivalent_energy_kwh_raw,B007,RF,81,1.3479735957770065,0.03496431888883153,1.300766672808259,1.3410839398692715,1.4132801644606536
equivalent_energy_kwh_raw,B008,Full,81,0.8015229077513458,0.06942575309965236,0.7215240065704225,0.7706493295542942,1.0235355882854995
equivalent_energy_kwh_raw,B008,HCS-i,60,1.1628558680555523,0.005787519042830788,1.1566402777777747,1.1620451388888857,1.1782597222222189
equivalent_energy_kwh_raw,B008,KINO,81,1.2948302386648505,0.007619710036187309,1.2694699808396257,1.297166666666662,1.2986877297178225
equivalent_energy_kwh_raw,B008,OEAC-i,81,1.2262335434128424,0.004731687142858122,1.2194976523680587,1.2247338595728572,1.2385743172042059
equivalent_energy_kwh_raw,B008,RF,81,1.3368579107297984,0.023823185431027665,1.3087210296318423,1.336790922525797,1.3839831168173775
equivalent_energy_kwh_raw,B009,Full,81,0.816748046010505,0.08405953150062939,0.7443073223785746,0.7761371170964244,1.1058511026033166
equivalent_energy_kwh_raw,B009,HCS-i,33,1.1570568179805507,0.017153141345409354,1.1242111111111084,1.1512354166666636,1.1828416644527544
equivalent_energy_kwh_raw,B009,KINO,81,1.2904019680350647,0.01337358835958377,1.2651508207218518,1.297166666666662,1.299466697978604
equivalent_energy_kwh_raw,B009,OEAC-i,81,1.2244402411561586,0.006462648157654606,1.2151892859561095,1.2205855655126574,1.2391740404488654
equivalent_energy_kwh_raw,B009,RF,81,1.3220999207878323,0.0180684695627396,1.2917618055555509,1.318868443272999,1.354952355488695
equivalent_energy_kwh_raw,B010,Full,81,0.9395363447759928,0.028838920999022744,0.8750488275796898,0.9378413337546685,1.0000862104414436
equivalent_energy_kwh_raw,B010,HCS-i,0,,,,,
equivalent_energy_kwh_raw,B010,KINO,81,1.3063518244571306,0.009686342641207248,1.2902479593387772,1.3061168758027735,1.3209771067285372
equivalent_energy_kwh_raw,B010,OEAC-i,0,,,,,
equivalent_energy_kwh_raw,B010,RF,81,1.341469697786503,0.041432649637291895,1.2917618055555509,1.331216975459421,1.4297705063905939
equivalent_energy_kwh_per_km_raw,B001,Full,81,0.33908255839911255,0.020888020402782117,0.27044247500552615,0.34335311885363157,0.3731461866464576
equivalent_energy_kwh_per_km_raw,B001,HCS-i,81,0.5501632173164162,0.017139417484834867,0.5179194211738967,0.5528235246683505,0.5736755732271831
equivalent_energy_kwh_per_km_raw,B001,KINO,81,0.43165355526712273,0.005108515219805854,0.4255796150481174,0.4293380363003427,0.440754515874646
equivalent_energy_kwh_per_km_raw,B001,OEAC-i,81,0.5723153499422248,0.0018214246227723928,0.5711588519475452,0.5711748574669322,0.5768626346679587
equivalent_energy_kwh_per_km_raw,B001,RF,81,0.48572414042847384,0.04721449063698783,0.44247432795417513,0.457298955589581,0.5600360677640618
equivalent_energy_kwh_per_km_raw,B002,Full,81,0.271296569131189,0.020961391858743714,0.24525009698376476,0.26567747657825397,0.3149558217605787
equivalent_energy_kwh_per_km_raw,B002,HCS-i,33,0.5390539308283656,0.020267129916373004,0.5091127495845502,0.5488388148154995,0.5646500898208952
equivalent_energy_kwh_per_km_raw,B002,KINO,81,0.44125479992565525,0.00028913524134318214,0.4411531249891091,0.44115314791673815,0.44206753400463755
equivalent_energy_kwh_per_km_raw,B002,OEAC-i,81,0.5694554040946888,0.001981754459187032,0.5682377226977036,0.5682454637262402,0.5744276475105151
equivalent_energy_kwh_per_km_raw,B002,RF,81,0.46324866629672584,0.012375332664669223,0.44237940623653466,0.4691925555361808,0.4811893378572109
equivalent_energy_kwh_per_km_raw,B003,Full,81,0.27073123344700334,0.02860152899397138,0.23923006183823667,0.26610165650981654,0.33281016951632897
equivalent_energy_kwh_per_km_raw,B003,HCS-i,60,0.5607103314702037,0.00982277704576212,0.5489808951092602,0.5611097296540495,0.580446274170752
equivalent_energy_kwh_per_km_raw,B003,KINO,81,0.447252677715479,1.5380624722439088e-07,0.4472525752351757,0.44725259017888064,0.4472530624277855
equivalent_energy_kwh_per_km_raw,B003,OEAC-i,81,0.5720706183242905,0.0022493852684140306,0.5687865226022698,0.5712793770766875,0.5768723880862829
equivalent_energy_kwh_per_km_raw,B003,RF,81,0.501443961760732,0.03876003076129856,0.46472754909077907,0.479588456233127,0.5595869426047789
equivalent_energy_kwh_per_km_raw,B004,Full,81,0.27231427106740147,0.02176779924938898,0.24242804309254198,0.2677190649409556,0.3180137199503601
equivalent_energy_kwh_per_km_raw,B004,HCS-i,33,0.5547280752764184,0.014393075653827116,0.5428296890992018,0.5530553814705358,0.5890819650186198
equivalent_energy_kwh_per_km_raw,B004,KINO,81,0.4429917162566326,0.0004908143643859821,0.44281722620750047,0.4428172476409296,0.44512367657125934
equivalent_energy_kwh_per_km_raw,B004,OEAC-i,81,0.5736560293835694,0.0022532603337718925,0.5702624280511648,0.5727354093385305,0.5787821699060808
equivalent_energy_kwh_per_km_raw,B004,RF,81,0.4953801584923088,0.035099490051867875,0.4522581142618137,0.48310132641409176,0.5528482085012354
equivalent_energy_kwh_per_km_raw,B005,Full,81,0.3316213737338024,0.0283416142226565,0.27324220273616545,0.3434870583086293,0.3670547902680323
equivalent_energy_kwh_per_km_raw,B005,HCS-i,0,,,,,
equivalent_energy_kwh_per_km_raw,B005,KINO,81,0.4300498175827227,0.0058170645144447735,0.4228552509445912,0.42772119327097513,0.44009285991661634
equivalent_energy_kwh_per_km_raw,B005,OEAC-i,81,0.5712464710256498,0.0024437938625666263,0.5670079858128088,0.5707186372256651,0.5765229091165788
equivalent_energy_kwh_per_km_raw,B005,RF,81,0.47601452755311335,0.043925604781210194,0.43262005614975646,0.44999122829716587,0.5463573305070093
equivalent_energy_kwh_per_km_raw,B006,Full,81,0.26719220161589047,0.028042515222458153,0.23598589771030137,0.25782200859495313,0.32470167658364113
equivalent_energy_kwh_per_km_raw,B006,HCS-i,60,0.5649485571639212,0.005485010149637894,0.5590771164570176,0.5647989875637162,0.5777340323902579
equivalent_energy_kwh_per_km_raw,B006,KINO,81,0.44934434062057826,0.003732672608640862,0.44803268952292763,0.44803272423643997,0.4598365603413414
equivalent_energy_kwh_per_km_raw,B006,OEAC-i,81,0.576562290275533,0.002258408809443382,0.5732527346064251,0.5757698133108332,0.5813554162004297
equivalent_energy_kwh_per_km_raw,B006,RF,81,0.5067897477892845,0.03181711717032762,0.47084802442055357,0.49242553442711634,0.5636252765122367
equivalent_energy_kwh_per_km_raw,B007,Full,81,0.2907216986993085,0.034036397731017236,0.2425289545269902,0.2847302803422486,0.34988721022439334
equivalent_energy_kwh_per_km_raw,B007,HCS-i,54,0.5437071851744256,0.007487347371842714,0.5356089872552497,0.5431198077519214,0.5557230199703772
equivalent_energy_kwh_per_km_raw,B007,KINO,81,0.4283800588331609,0.005740880765899013,0.4204688410324911,0.43333571231244994,0.43365171558872817
equivalent_energy_kwh_per_km_raw,B007,OEAC-i,75,0.5582857847769559,0.0022185568411166715,0.5548311409998478,0.5573865254908378,0.5636919221481165
equivalent_energy_kwh_per_km_raw,B007,RF,81,0.4800355767550593,0.0320611765357589,0.44904247508768325,0.4630941616219482,0.5328671604135563
equivalent_energy_kwh_per_km_raw,B008,Full,81,0.271395506271231,0.023507643214603153,0.2443077065238431,0.2609416886865654,0.34657036875436664
equivalent_energy_kwh_per_km_raw,B008,HCS-i,60,0.5453889274816182,0.0029369098481983272,0.5411236210783548,0.5448439394626821,0.5535949938425296
equivalent_energy_kwh_per_km_raw,B008,KINO,81,0.43842807950965246,0.0025796242552737665,0.4298425523666206,0.4392188637114338,0.4397348115579898
equivalent_energy_kwh_per_km_raw,B008,OEAC-i,81,0.5643559287840927,0.0021784469909889256,0.5612479347082543,0.5636608064722668,0.5700284267877924
equivalent_energy_kwh_per_km_raw,B008,RF,81,0.4788191161079877,0.031591896856852604,0.44363509486855285,0.46421799776562395,0.5290947134574674
equivalent_energy_kwh_per_km_raw,B009,Full,81,0.27385743876468427,0.02818584705226853,0.2495673984540441,0.26024094127696784,0.3707955587713046
equivalent_energy_kwh_per_km_raw,B009,HCS-i,33,0.5412795297200996,0.008755347897008669,0.5266640615099859,0.5375541418706369,0.5558254721442554
equivalent_energy_kwh_per_km_raw,B009,KINO,81,0.4326733831169144,0.004483067993811608,0.42420966382733366,0.43494074121372167,0.4357129241798334
equivalent_energy_kwh_per_km_raw,B009,OEAC-i,81,0.5578693567547583,0.0029458971601570723,0.5536452411601942,0.5561039107589966,0.5645736632867618
equivalent_energy_kwh_per_km_raw,B009,RF,81,0.4655338650110671,0.019560196216755192,0.43395550224175305,0.47018997440562793,0.49295023863090215
equivalent_energy_kwh_per_km_raw,B010,Full,81,0.31875689875580077,0.010226235910738164,0.2963733836254083,0.3176414224094812,0.3401450525302059
equivalent_energy_kwh_per_km_raw,B010,HCS-i,0,,,,,
equivalent_energy_kwh_per_km_raw,B010,KINO,81,0.44314286320918805,0.0037492431323788507,0.4369988651145986,0.4424963673661471,0.4492855286157538
equivalent_energy_kwh_per_km_raw,B010,OEAC-i,0,,,,,
equivalent_energy_kwh_per_km_raw,B010,RF,81,0.48120725219746074,0.037287307317679916,0.43445527396503203,0.47121997800111703,0.5427214795403547
battery_discharge_kwh_raw,B001,Full,81,0.10802454916736691,0.008650210457477318,0.09066671275874065,0.10716161702909253,0.13148836738831107
battery_discharge_kwh_raw,B001,HCS-i,81,0.0,0.0,0.0,0.0,0.0
battery_discharge_kwh_raw,B001,KINO,81,0.004227843973782307,0.0030651248619322697,0.0,0.003260042646549352,0.009596920657171276
battery_discharge_kwh_raw,B001,OEAC-i,81,0.027224707429273107,0.0009009471545281566,0.02654199895173964,0.026545395776022773,0.029293875450948758
battery_discharge_kwh_raw,B001,RF,81,0.029843082074212556,0.039053210069919304,0.0,0.004651592990395343,0.08602222201411013
battery_discharge_kwh_raw,B002,Full,81,0.1376026009897777,0.029436810688317713,0.07859131592488389,0.13159795037872987,0.17698671603597627
battery_discharge_kwh_raw,B002,HCS-i,33,6.418527775752191e-06,1.3830283689910769e-05,0.0,0.0,3.601222302140207e-05
battery_discharge_kwh_raw,B002,KINO,81,0.0002985205264693752,0.0008496043127602276,0.0,0.0,0.0026866847382297364
battery_discharge_kwh_raw,B002,OEAC-i,81,0.02654603671925408,0.0003446253461572045,0.02642237036406966,0.02642576185911413,0.027575422890141657
battery_discharge_kwh_raw,B002,RF,81,0.0115643599819893,0.005828655718785281,0.0039286488889711925,0.009041914223175152,0.022453500714305907
battery_discharge_kwh_raw,B003,Full,81,0.11484972800367901,0.02406707819211861,0.08536677854488856,0.10904713324856005,0.18249999632205025
battery_discharge_kwh_raw,B003,HCS-i,60,0.0,0.0,0.0,0.0,0.0
battery_discharge_kwh_raw,B003,KINO,81,0.0,0.0,0.0,0.0,0.0
battery_discharge_kwh_raw,B003,OEAC-i,81,0.019950940277785933,0.00025363787980419616,0.019858523705905497,0.019865154068480325,0.02076834217157283
battery_discharge_kwh_raw,B003,RF,81,0.03592178290339248,0.030932990756943182,0.0053491884283936005,0.02015787118864425,0.08392503648379097
battery_discharge_kwh_raw,B004,Full,81,0.13083850730775334,0.024182561299137182,0.07474321856733497,0.1414635825229648,0.16913282904481874
battery_discharge_kwh_raw,B004,HCS-i,33,0.0,0.0,0.0,0.0,0.0
battery_discharge_kwh_raw,B004,KINO,81,0.00042469900664209996,0.0010836837457499288,0.0,0.0,0.0044374008733224085
battery_discharge_kwh_raw,B004,OEAC-i,81,0.023811800401515565,0.0003248597310092316,0.02369214428121402,0.023699082964862433,0.024782739875548274
battery_discharge_kwh_raw,B004,RF,81,0.032462313434545205,0.03378457859661387,0.0,0.015454260242690674,0.0848786262058651
battery_discharge_kwh_raw,B005,Full,81,0.10948000216495579,0.007676583331868816,0.09492878311126943,0.10716161018264571,0.13009086385323063
battery_discharge_kwh_raw,B005,HCS-i,0,,,,,
battery_discharge_kwh_raw,B005,KINO,81,0.006124161632523278,0.003356591629469988,0.001315227092831194,0.004991962878790698,0.011823080421333485
battery_discharge_kwh_raw,B005,OEAC-i,81,0.029649752822647046,0.000808073012061543,0.02848158818197017,0.030055681030015446,0.031050286442117454
battery_discharge_kwh_raw,B005,RF,81,0.02802601343895427,0.03573967543811042,0.0,0.005685169511905068,0.08292843376882654
battery_discharge_kwh_raw,B006,Full,81,0.12491155015522638,0.02404806620477377,0.08109129152590229,0.12094814584527196,0.16845536487956467
battery_discharge_kwh_raw,B006,HCS-i,60,0.0,0.0,0.0,0.0,0.0
battery_discharge_kwh_raw,B006,KINO,81,0.0011472845501886173,0.0032652290726260143,0.0,0.0,0.010325560951697557
battery_discharge_kwh_raw,B006,OEAC-i,81,0.022119507701086956,0.00024578756977045377,0.02202879273495424,0.022037201747126926,0.02291872957894458
battery_discharge_kwh_raw,B006,RF,81,0.034657816567743166,0.027207326290671068,0.004552177089748972,0.024632779002435164,0.0757269545936374
battery_discharge_kwh_raw,B007,Full,81,0.12050246853187441,0.024216656774526186,0.0661514508218829,0.11286597157124759,0.1780016440468843
battery_discharge_kwh_raw,B007,HCS-i,54,2.5933723140218807e-06,7.404385842173697e-06,0.0,0.0,2.3552770121480612e-05
battery_discharge_kwh_raw,B007,KINO,81,0.004359521810778424,0.005060185318066076,0.0,0.00094440139729364,0.012987957848757494
battery_discharge_kwh_raw,B007,OEAC-i,75,0.024884980955177702,0.00034352469114744635,0.02477894354487032,0.0247823923297693,0.026042001571637673
battery_discharge_kwh_raw,B007,RF,81,0.026637055899524226,0.02359727701814783,0.0038047727017173783,0.015230182444493727,0.06110840367088367
battery_discharge_kwh_raw,B008,Full,81,0.13951314570537915,0.03030391238965974,0.0630191017586732,0.14105449501618217,0.20000006211485846
battery_discharge_kwh_raw,B008,HCS-i,60,0.0,0.0,0.0,0.0,0.0
battery_discharge_kwh_raw,B008,KINO,81,0.0008664526566246198,0.0016546145659915457,0.0,0.0,0.005577909288448261
battery_discharge_kwh_raw,B008,OEAC-i,81,0.029662569214654447,0.0003267473972605057,0.029066168373474584,0.029583862216046322,0.030727105732156142
battery_discharge_kwh_raw,B008,RF,81,0.013338658954891945,0.007979073953849737,0.003425973936731016,0.011059054779298905,0.028008752180817085
battery_discharge_kwh_raw,B009,Full,81,0.1381509876995713,0.031225570258583978,0.05373937789041659,0.15229312320840777,0.19252795170626855
battery_discharge_kwh_raw,B009,HCS-i,33,0.00014216979069949434,0.0004565510067987869,0.0,0.0,0.0015638676976944378
battery_discharge_kwh_raw,B009,KINO,81,0.002243403220254623,0.0038302522896590412,0.0,0.0,0.01122304294408193
battery_discharge_kwh_raw,B009,OEAC-i,81,0.028893371407157267,0.0004175662510692545,0.028071523388846286,0.028921796255833694,0.030012483987427962
battery_discharge_kwh_raw,B009,RF,81,0.00651461218739642,0.0039471907371021984,0.0,0.006472183655479458,0.013675793750585322
battery_discharge_kwh_raw,B010,Full,81,0.16466204233802995,0.028176764330875723,0.099595209140344,0.16626423214990013,0.20814162823218438
battery_discharge_kwh_raw,B010,HCS-i,0,,,,,
battery_discharge_kwh_raw,B010,KINO,81,0.016419855738855668,0.0036039225399092456,0.011582082329000072,0.014987280194789494,0.022502991612913116
battery_discharge_kwh_raw,B010,OEAC-i,0,,,,,
battery_discharge_kwh_raw,B010,RF,81,0.014581844784325003,0.013624682032733381,0.0,0.008378102297522536,0.037751923759463
fuel_kg_physical,B001,Full,81,0.07870755629957214,0.0058215701798443615,0.059375191336810657,0.07953173343725548,0.08849346181369695
fuel_kg_physical,B001,HCS-i,81,0.09789083333333307,0.0031884397144214182,0.0918574999999998,0.09864499999999972,0.10226499999999968
fuel_kg_physical,B001,KINO,81,0.10968482237367642,0.0009431464981568624,0.1085999999999996,0.10921850281928329,0.11132773531625223
fuel_kg_physical,B001,OEAC-i,81,0.10214739437599211,0.00032482404284791465,0.1018354639054792,0.10199919994113944,0.10290288416037686
fuel_kg_physical,B001,RF,81,0.1096204426119978,0.001107349023828094,0.1081474999999996,0.10978633734513939,0.11217827510058184
fuel_kg_physical,B002,Full,81,0.056812249281668885,0.006029614597939998,0.05022124176086434,0.05377744676229132,0.06872795649222911
fuel_kg_physical,B002,HCS-i,33,0.09704068181818155,0.00376570494068292,0.0914049999999998,0.09909749999999971,0.10135999999999969
fuel_kg_physical,B002,KINO,81,0.1085999999999996,0.0,0.1085999999999996,0.1085999999999996,0.1085999999999996
fuel_kg_physical,B002,OEAC-i,81,0.10253172396323344,0.00034008266192365674,0.10231792476682233,0.10231914266692604,0.10336017691559525
fuel_kg_physical,B002,RF,81,0.11025208602963549,0.0010203522474021612,0.10860062828637895,0.11055687861456091,0.11233053070593649
fuel_kg_physical,B003,Full,81,0.05722868572140546,0.006760229390272561,0.05012257218620631,0.054161934768118425,0.0714536868464633
fuel_kg_physical,B003,HCS-i,60,0.09859974999999972,0.0017249810057907613,0.09638249999999975,0.09887124999999972,0.10181249999999968
fuel_kg_physical,B003,KINO,81,0.1085999999999996,0.0,0.1085999999999996,0.1085999999999996,0.1085999999999996
fuel_kg_physical,B003,OEAC-i,81,0.10180951624280564,0.00039192399662311934,0.10122236745777412,0.10167357015426264,0.10260966870992405
fuel_kg_physical,B003,RF,81,0.11143092124927897,0.0013577272838705878,0.10929982785594418,0.11161641462935444,0.1145518540246098
fuel_kg_physical,B004,Full,81,0.05729778966764435,0.006310106673461193,0.04889611995557341,0.0544476844819913,0.0700165840854911
fuel_kg_physical,B004,HCS-i,33,0.09868613636363607,0.0025279416721932534,0.09638249999999975,0.09864499999999972,0.10452749999999965
fuel_kg_physical,B004,KINO,81,0.10860719080239437,3.689449279767793e-05,0.1085999999999996,0.1085999999999996,0.10879415166465839
fuel_kg_physical,B004,OEAC-i,81,0.10262038378073264,0.0003901984505361775,0.10201051640047626,0.10246174845600504,0.10347393834402616
fuel_kg_physical,B004,RF,81,0.11011441710632265,0.0013284652763533135,0.1081474999999996,0.10988295696810281,0.11266497305199918
fuel_kg_physical,B005,Full,81,0.07663917463908634,0.007709736144527261,0.06021374660079874,0.07978810121586315,0.0867474651961864
fuel_kg_physical,B005,HCS-i,0,,,,,
fuel_kg_physical,B005,KINO,81,0.10905978968735544,0.0010815806150162035,0.10775814616544467,0.10862810405239327,0.11088466670613
fuel_kg_physical,B005,OEAC-i,81,0.10161857647868706,0.00040754758760702003,0.10092612291155553,0.10149706983010424,0.1024716144232532
fuel_kg_physical,B005,RF,81,0.10951837282702301,0.0010952048241700948,0.1081474999999996,0.10901692706131533,0.11145826467308446
fuel_kg_physical,B006,Full,81,0.05568174224229369,0.007037536028401565,0.04933992789953995,0.052392847768432935,0.07067698043041146
fuel_kg_physical,B006,HCS-i,60,0.09848662499999973,0.0008927416618418293,0.09728749999999974,0.09864499999999972,0.1004549999999997
fuel_kg_physical,B006,KINO,81,0.10882185706996665,0.000631416290496454,0.1085999999999996,0.1085999999999996,0.11059671362970293
fuel_kg_physical,B006,OEAC-i,81,0.10141080210846824,0.0003901681710997024,0.1008246591630857,0.10127575359211702,0.10220236276793782
fuel_kg_physical,B006,RF,81,0.11144608999467549,0.0018585034461999874,0.10895194846124127,0.11166758121702088,0.11477867259435445
fuel_kg_physical,B007,Full,81,0.06390615408705684,0.009495515759843993,0.05286114955618451,0.060062475458021736,0.08060795079325438
fuel_kg_physical,B007,HCS-i,54,0.09854444444444416,0.0013407960767755885,0.09728749999999974,0.09864499999999972,0.10090749999999969
fuel_kg_physical,B007,KINO,81,0.10699239815981153,0.001823357768719726,0.10462036580255907,0.1085999999999996,0.1085999999999996
fuel_kg_physical,B007,OEAC-i,75,0.10146836547740967,0.0003913515119634807,0.10083601006213853,0.10130907472612802,0.10237427595435751
fuel_kg_physical,B007,RF,81,0.11062352426881245,0.0013096264841147478,0.10851596557088067,0.11086716047355702,0.1136716692622114
fuel_kg_physical,B008,Full,81,0.05706393298186907,0.00694462866661257,0.0505139513072848,0.054301608361002264,0.07775466189489955
fuel_kg_physical,B008,HCS-i,60,0.09735537499999974,0.00048453647800443615,0.09683499999999974,0.09728749999999974,0.09864499999999972
fuel_kg_physical,B008,KINO,81,0.10833185185185146,0.000766509415485395,0.10588499999999963,0.1085999999999996,0.1085999999999996
fuel_kg_physical,B008,OEAC-i,81,0.10017803504915064,0.00037818754602330403,0.0996224673190144,0.10005906496394518,0.10112209212324139
fuel_kg_physical,B008,RF,81,0.11080626293929449,0.0013846409480906448,0.1089954305459751,0.11100807754476322,0.11352343517887484
fuel_kg_physical,B009,Full,81,0.05833246782133431,0.008183632132493518,0.051179915359969984,0.05452653243017611,0.08876251164777586
fuel_kg_physical,B009,HCS-i,33,0.09685797054612708,0.0014180208436504408,0.09411999999999977,0.09638249999999975,0.09889767600740035
fuel_kg_physical,B009,KINO,81,0.10784583333333295,0.001423758011390961,0.10497999999999964,0.1085999999999996,0.1085999999999996
fuel_kg_physical,B009,OEAC-i,81,0.10009229607200941,0.0005264193721994617,0.09931482487085741,0.0997837723527646,0.10123213030839942
fuel_kg_physical,B009,RF,81,0.11014202583631556,0.0011883098705524656,0.1081474999999996,0.1098750356889086,0.11229292144784173
fuel_kg_physical,B010,Full,81,0.06656517797504548,0.0019264899454691752,0.06365880614594366,0.06597727471481477,0.07054903588145842
fuel_kg_physical,B010,HCS-i,0,,,,,
fuel_kg_physical,B010,KINO,81,0.10799430435780906,0.0006227828522040787,0.10705109667988831,0.10811771226518908,0.10898600935032222
fuel_kg_physical,B010,OEAC-i,0,,,,,
fuel_kg_physical,B010,RF,81,0.11108828536762422,0.002367676631974823,0.1081474999999996,0.11075805011939822,0.11654109063888539
fuel_g_physical,B001,Full,81,78.70755629957215,5.821570179844346,59.37519133681066,79.53173343725547,88.49346181369695
fuel_g_physical,B001,HCS-i,81,97.89083333333306,3.188439714421423,91.8574999999998,98.64499999999973,102.26499999999967
fuel_g_physical,B001,KINO,81,109.68482237367641,0.9431464981568577,108.5999999999996,109.21850281928329,111.32773531625223
fuel_g_physical,B001,OEAC-i,81,102.14739437599212,0.3248240428479154,101.8354639054792,101.99919994113944,102.90288416037687
fuel_g_physical,B001,RF,81,109.62044261199779,1.1073490238281016,108.14749999999961,109.78633734513939,112.17827510058184
fuel_g_physical,B002,Full,81,56.812249281668876,6.029614597939996,50.22124176086434,53.77744676229132,68.72795649222911
fuel_g_physical,B002,HCS-i,33,97.04068181818157,3.765704940682916,91.4049999999998,99.09749999999971,101.35999999999969
fuel_g_physical,B002,KINO,81,108.5999999999996,0.0,108.5999999999996,108.5999999999996,108.5999999999996
fuel_g_physical,B002,OEAC-i,81,102.53172396323343,0.34008266192365466,102.31792476682233,102.31914266692604,103.36017691559525
fuel_g_physical,B002,RF,81,110.25208602963548,1.0203522474021558,108.60062828637895,110.55687861456092,112.33053070593648
fuel_g_physical,B003,Full,81,57.228685721405455,6.760229390272561,50.12257218620631,54.16193476811843,71.4536868464633
fuel_g_physical,B003,HCS-i,60,98.59974999999972,1.7249810057907633,96.38249999999975,98.87124999999972,101.81249999999969
fuel_g_physical,B003,KINO,81,108.5999999999996,0.0,108.5999999999996,108.5999999999996,108.5999999999996
fuel_g_physical,B003,OEAC-i,81,101.80951624280563,0.3919239966231105,101.22236745777411,101.67357015426263,102.60966870992405
fuel_g_physical,B003,RF,81,111.43092124927895,1.3577272838705858,109.29982785594417,111.61641462935444,114.5518540246098
fuel_g_physical,B004,Full,81,57.29778966764435,6.310106673461191,48.896119955573404,54.447684481991296,70.01658408549109
fuel_g_physical,B004,HCS-i,33,98.68613636363608,2.52794167219325,96.38249999999975,98.64499999999973,104.52749999999965
fuel_g_physical,B004,KINO,81,108.60719080239436,0.03689449279767695,108.5999999999996,108.5999999999996,108.79415166465839
fuel_g_physical,B004,OEAC-i,81,102.62038378073265,0.39019845053617525,102.01051640047626,102.46174845600504,103.47393834402615
fuel_g_physical,B004,RF,81,110.11441710632266,1.3284652763533131,108.14749999999961,109.8829569681028,112.66497305199918
fuel_g_physical,B005,Full,81,76.63917463908633,7.709736144527263,60.21374660079874,79.78810121586315,86.7474651961864
fuel_g_physical,B005,HCS-i,0,,,,,
fuel_g_physical,B005,KINO,81,109.05978968735543,1.0815806150162013,107.75814616544467,108.62810405239327,110.88466670612999
fuel_g_physical,B005,OEAC-i,81,101.61857647868705,0.40754758760702336,100.92612291155554,101.49706983010424,102.4716144232532
fuel_g_physical,B005,RF,81,109.518372827023,1.0952048241700993,108.14749999999961,109.01692706131533,111.45826467308447
fuel_g_physical,B006,Full,81,55.681742242293694,7.037536028401567,49.33992789953995,52.39284776843294,70.67698043041146
fuel_g_physical,B006,HCS-i,60,98.48662499999973,0.8927416618418329,97.28749999999974,98.64499999999973,100.4549999999997
fuel_g_physical,B006,KINO,81,108.82185706996663,0.6314162904964565,108.5999999999996,108.5999999999996,110.59671362970293
fuel_g_physical,B006,OEAC-i,81,101.41080210846825,0.39016817109971086,100.8246591630857,101.27575359211701,102.20236276793781
fuel_g_physical,B006,RF,81,111.4460899946755,1.8585034461999759,108.95194846124127,111.66758121702088,114.77867259435445
fuel_g_physical,B007,Full,81,63.90615408705684,9.495515759843997,52.861149556184515,60.06247545802174,80.60795079325437
fuel_g_physical,B007,HCS-i,54,98.54444444444417,1.3407960767755824,97.28749999999974,98.64499999999973,100.90749999999969
fuel_g_physical,B007,KINO,81,106.99239815981154,1.8233577687197318,104.62036580255906,108.5999999999996,108.5999999999996
fuel_g_physical,B007,OEAC-i,75,101.46836547740968,0.3913515119634853,100.83601006213853,101.30907472612802,102.37427595435751
fuel_g_physical,B007,RF,81,110.62352426881246,1.3096264841147507,108.51596557088067,110.86716047355702,113.6716692622114
fuel_g_physical,B008,Full,81,57.063932981869065,6.944628666612569,50.513951307284806,54.301608361002266,77.75466189489954
fuel_g_physical,B008,HCS-i,60,97.35537499999973,0.48453647800443644,96.83499999999974,97.28749999999974,98.64499999999973
fuel_g_physical,B008,KINO,81,108.33185185185145,0.7665094154853969,105.88499999999964,108.5999999999996,108.5999999999996
fuel_g_physical,B008,OEAC-i,81,100.17803504915064,0.3781875460232992,99.6224673190144,100.05906496394518,101.12209212324139
fuel_g_physical,B008,RF,81,110.80626293929448,1.3846409480906456,108.9954305459751,111.00807754476321,113.52343517887483
fuel_g_physical,B009,Full,81,58.33246782133431,8.183632132493518,51.17991535996998,54.52653243017611,88.76251164777587
fuel_g_physical,B009,HCS-i,33,96.85797054612708,1.41802084365044,94.11999999999978,96.38249999999975,98.89767600740035
fuel_g_physical,B009,KINO,81,107.84583333333293,1.4237580113909598,104.97999999999965,108.5999999999996,108.5999999999996
fuel_g_physical,B009,OEAC-i,81,100.0922960720094,0.5264193721994533,99.31482487085741,99.7837723527646,101.23213030839942
fuel_g_physical,B009,RF,81,110.14202583631557,1.1883098705524644,108.14749999999961,109.87503568890861,112.29292144784172
fuel_g_physical,B010,Full,81,66.56517797504549,1.9264899454691722,63.65880614594366,65.97727471481477,70.54903588145842
fuel_g_physical,B010,HCS-i,0,,,,,
fuel_g_physical,B010,KINO,81,107.99430435780909,0.6227828522040797,107.05109667988832,108.11771226518908,108.98600935032222
fuel_g_physical,B010,OEAC-i,0,,,,,
fuel_g_physical,B010,RF,81,111.08828536762422,2.367676631974825,108.14749999999961,110.75805011939822,116.5410906388854
fuel_energy_kwh_physical,B001,Full,81,0.940118033578223,0.0695354215925854,0.7092036743007939,0.9499623716116626,1.057005238330269
fuel_energy_kwh_physical,B001,HCS-i,81,1.1692516203703671,0.03808414103336704,1.0971868055555531,1.1782597222222189,1.2214986111111072
fuel_energy_kwh_physical,B001,KINO,81,1.310124267241135,0.011265360950206905,1.297166666666662,1.304554339230328,1.3297479496107905
fuel_energy_kwh_physical,B001,OEAC-i,81,1.2200938772687948,0.0038798427340168864,1.2163680410932238,1.2183237770747213,1.2291177830267237
fuel_energy_kwh_physical,B001,RF,81,1.3093552867544183,0.013226668895724679,1.2917618055555509,1.3113368071780538,1.3399071748125053
fuel_energy_kwh_physical,B002,Full,81,0.6785907553088227,0.07202039658650551,0.5998648321436574,0.6423417252162575,0.8209172581016255
fuel_energy_kwh_physical,B002,HCS-i,33,1.1590970328282797,0.04497925345815715,1.091781944444442,1.18366458333333,1.2106888888888854
fuel_energy_kwh_physical,B002,KINO,81,1.297166666666662,0.0,1.297166666666662,1.297166666666662,1.297166666666662
fuel_energy_kwh_physical,B002,OEAC-i,81,1.224684480671955,0.004062098461865783,1.2221307680481557,1.2221453151882833,1.2345798909362764
fuel_energy_kwh_physical,B002,RF,81,1.3168999164650903,0.012187540732859195,1.2971741711984153,1.320540494562811,1.341725783432019
fuel_energy_kwh_physical,B003,Full,81,0.6835648572278985,0.08074718438381116,0.5986862788907976,0.6469342208414146,0.8534745928883116
fuel_energy_kwh_physical,B003,HCS-i,60,1.1777192361111077,0.02060393979138967,1.1512354166666636,1.1809621527777745,1.2160937499999962
fuel_energy_kwh_physical,B003,KINO,81,1.297166666666662,0.0,1.297166666666662,1.297166666666662,1.297166666666662
fuel_energy_kwh_physical,B003,OEAC-i,81,1.2160581106779562,0.00468131440410943,1.2090449446345242,1.214434310175915,1.2256154873685374
fuel_energy_kwh_physical,B003,RF,81,1.3309804482552765,0.016217298112898647,1.3055257216126666,1.3331960636284004,1.3682582564050614
fuel_energy_kwh_physical,B004,Full,81,0.6843902654746409,0.07537071859967535,0.5840369883582379,0.6503473424237849,0.8363091987989214
fuel_energy_kwh_physical,B004,HCS-i,33,1.1787510732323199,0.030194858862308382,1.1512354166666636,1.1782597222222189,1.2485229166666625
fuel_energy_kwh_physical,B004,KINO,81,1.2972525568063773,0.00044068421952775155,1.297166666666662,1.297166666666662,1.299485700438975
fuel_energy_kwh_physical,B004,OEAC-i,81,1.2257434729365289,0.004660703714737516,1.2184589458945776,1.2238486621133937,1.2359387079980901
fuel_energy_kwh_physical,B004,RF,81,1.3152555376588542,0.015867779689775763,1.2917618055555509,1.3124908748967836,1.3457205114544346
fuel_energy_kwh_physical,B005,Full,81,0.9154123637446424,0.09208851505963118,0.7192197510650961,0.9530245423005875,1.0361502787322263
fuel_energy_kwh_physical,B005,HCS-i,0,,,,,
fuel_energy_kwh_physical,B005,KINO,81,1.302658599043412,0.012918879568249319,1.287111190309478,1.2975023539591417,1.3244557412121083
fuel_energy_kwh_physical,B005,OEAC-i,81,1.2137774412732065,0.004867929518639444,1.2055064681102468,1.2123261118595785,1.22396650561108
fuel_energy_kwh_physical,B005,RF,81,1.3081361198783303,0.013081613177587275,1.2917618055555509,1.302146628787933,1.331307050261842
fuel_energy_kwh_physical,B006,Full,81,0.6650874767829525,0.08405945811701873,0.5893380276889494,0.6258034594562824,0.8441972662521369
fuel_energy_kwh_physical,B006,HCS-i,60,1.17636802083333,0.010663303183110751,1.1620451388888857,1.1782597222222189,1.199879166666663
fuel_energy_kwh_physical,B006,KINO,81,1.2998166261134905,0.007541916803152088,1.297166666666662,1.297166666666662,1.3210163016881182
fuel_energy_kwh_physical,B006,OEAC-i,81,1.2112956918511484,0.0046603420436908925,1.2042945400035237,1.2096826123502866,1.2207504441725905
fuel_energy_kwh_physical,B006,RF,81,1.3311616304919571,0.022198791162944057,1.3013704955092709,1.3338072200921938,1.3709674782103447
fuel_energy_kwh_physical,B007,Full,81,0.7633235071509568,0.11341866046480334,0.631397064143315,0.7174129013041485,0.9628171900305383
fuel_energy_kwh_physical,B007,HCS-i,54,1.1770586419753053,0.016015064250375122,1.1620451388888857,1.1782597222222189,1.205284027777774
fuel_energy_kwh_physical,B007,KINO,81,1.277964755797749,0.021778995570818933,1.2496321470861222,1.297166666666662,1.297166666666662
fuel_energy_kwh_physical,B007,OEAC-i,75,1.2119832543135045,0.004674476392897112,1.2044301201866547,1.2100806147843068,1.2228038516770479
fuel_energy_kwh_physical,B007,RF,81,1.3213365398774821,0.01564276078248179,1.2961629220966302,1.3242466389897087,1.3577449384097473
fuel_energy_kwh_physical,B008,Full,81,0.6815969772834362,0.08294973129565013,0.6033610850592352,0.6486025443119715,0.928736239300189
fuel_energy_kwh_physical,B008,HCS-i,60,1.1628558680555523,0.005787519042830788,1.1566402777777747,1.1620451388888857,1.1782597222222189
fuel_energy_kwh_physical,B008,KINO,81,1.2939637860082256,0.009155529129408816,1.2647374999999956,1.297166666666662,1.297166666666662
fuel_energy_kwh_physical,B008,OEAC-i,81,1.1965709741981883,0.004517240133056,1.1899350263104498,1.1951499426249006,1.2078472114720498
fuel_energy_kwh_physical,B008,RF,81,1.3235192517749064,0.01653876687997137,1.3018898648547026,1.325929815118005,1.3559743646365605
fuel_energy_kwh_physical,B009,Full,81,0.6967489211992709,0.09774893936033924,0.6113156556885304,0.6512891373604369,1.0602188891262116
fuel_energy_kwh_physical,B009,HCS-i,33,1.1569146481898511,0.01693747118804698,1.1242111111111084,1.1512354166666636,1.1812777967550598
fuel_energy_kwh_physical,B009,KINO,81,1.2881585648148102,0.017005998469392155,1.2539277777777735,1.297166666666662,1.297166666666662
fuel_energy_kwh_physical,B009,OEAC-i,81,1.1955468697490013,0.00628778694571572,1.1862604081796857,1.1918617253246884,1.2091615564614373
fuel_energy_kwh_physical,B009,RF,81,1.3155853086004359,0.014193701231598603,1.2917618055555509,1.3123962596175194,1.3412765617381095
fuel_energy_kwh_physical,B010,Full,81,0.7950840702574877,0.02301085212643733,0.7603690734098826,0.7880618924269542,0.8426690396951977
fuel_energy_kwh_physical,B010,HCS-i,0,,,,,
fuel_energy_kwh_physical,B010,KINO,81,1.289931968718275,0.007438795179104172,1.2786658770097772,1.2914060076119807,1.3017773339066265
fuel_energy_kwh_physical,B010,OEAC-i,0,,,,,
fuel_energy_kwh_physical,B010,RF,81,1.3268878530021782,0.02828058199303291,1.2917618055555509,1.3229433764261456,1.3920185826311309
battery_used_kwh_physical,B001,Full,81,0.10802454916736691,0.008650210457477318,0.09066671275874065,0.10716161702909253,0.13148836738831107
battery_used_kwh_physical,B001,HCS-i,81,0.0,0.0,0.0,0.0,0.0
battery_used_kwh_physical,B001,KINO,81,0.004227843973782307,0.0030651248619322697,0.0,0.003260042646549352,0.009596920657171276
battery_used_kwh_physical,B001,OEAC-i,81,0.027224707429273107,0.0009009471545281566,0.02654199895173964,0.026545395776022773,0.029293875450948758
battery_used_kwh_physical,B001,RF,81,0.029843082074212556,0.039053210069919304,0.0,0.004651592990395343,0.08602222201411013
battery_used_kwh_physical,B002,Full,81,0.1376026009897777,0.029436810688317713,0.07859131592488389,0.13159795037872987,0.17698671603597627
battery_used_kwh_physical,B002,HCS-i,33,6.418527775752191e-06,1.3830283689910769e-05,0.0,0.0,3.601222302140207e-05
battery_used_kwh_physical,B002,KINO,81,0.0002985205264693752,0.0008496043127602276,0.0,0.0,0.0026866847382297364
battery_used_kwh_physical,B002,OEAC-i,81,0.02654603671925408,0.0003446253461572045,0.02642237036406966,0.02642576185911413,0.027575422890141657
battery_used_kwh_physical,B002,RF,81,0.0115643599819893,0.005828655718785281,0.0039286488889711925,0.009041914223175152,0.022453500714305907
battery_used_kwh_physical,B003,Full,81,0.11484972800367901,0.02406707819211861,0.08536677854488856,0.10904713324856005,0.18249999632205025
battery_used_kwh_physical,B003,HCS-i,60,0.0,0.0,0.0,0.0,0.0
battery_used_kwh_physical,B003,KINO,81,0.0,0.0,0.0,0.0,0.0
battery_used_kwh_physical,B003,OEAC-i,81,0.019950940277785933,0.00025363787980419616,0.019858523705905497,0.019865154068480325,0.02076834217157283
battery_used_kwh_physical,B003,RF,81,0.03592178290339248,0.030932990756943182,0.0053491884283936005,0.02015787118864425,0.08392503648379097
battery_used_kwh_physical,B004,Full,81,0.13083850730775334,0.024182561299137182,0.07474321856733497,0.1414635825229648,0.16913282904481874
battery_used_kwh_physical,B004,HCS-i,33,0.0,0.0,0.0,0.0,0.0
battery_used_kwh_physical,B004,KINO,81,0.00042469900664209996,0.0010836837457499288,0.0,0.0,0.0044374008733224085
battery_used_kwh_physical,B004,OEAC-i,81,0.023811800401515565,0.0003248597310092316,0.02369214428121402,0.023699082964862433,0.024782739875548274
battery_used_kwh_physical,B004,RF,81,0.032462313434545205,0.03378457859661387,0.0,0.015454260242690674,0.0848786262058651
battery_used_kwh_physical,B005,Full,81,0.10948000216495579,0.007676583331868816,0.09492878311126943,0.10716161018264571,0.13009086385323063
battery_used_kwh_physical,B005,HCS-i,0,,,,,
battery_used_kwh_physical,B005,KINO,81,0.006124161632523278,0.003356591629469988,0.001315227092831194,0.004991962878790698,0.011823080421333485
battery_used_kwh_physical,B005,OEAC-i,81,0.029649752822647046,0.000808073012061543,0.02848158818197017,0.030055681030015446,0.031050286442117454
battery_used_kwh_physical,B005,RF,81,0.02802601343895427,0.03573967543811042,0.0,0.005685169511905068,0.08292843376882654
battery_used_kwh_physical,B006,Full,81,0.12491155015522638,0.02404806620477377,0.08109129152590229,0.12094814584527196,0.16845536487956467
battery_used_kwh_physical,B006,HCS-i,60,0.0,0.0,0.0,0.0,0.0
battery_used_kwh_physical,B006,KINO,81,0.0011472845501886173,0.0032652290726260143,0.0,0.0,0.010325560951697557
battery_used_kwh_physical,B006,OEAC-i,81,0.022119507701086956,0.00024578756977045377,0.02202879273495424,0.022037201747126926,0.02291872957894458
battery_used_kwh_physical,B006,RF,81,0.034657816567743166,0.027207326290671068,0.004552177089748972,0.024632779002435164,0.0757269545936374
battery_used_kwh_physical,B007,Full,81,0.12050246853187441,0.024216656774526186,0.0661514508218829,0.11286597157124759,0.1780016440468843
battery_used_kwh_physical,B007,HCS-i,54,2.5933723140218807e-06,7.404385842173697e-06,0.0,0.0,2.3552770121480612e-05
battery_used_kwh_physical,B007,KINO,81,0.004359521810778424,0.005060185318066076,0.0,0.00094440139729364,0.012987957848757494
battery_used_kwh_physical,B007,OEAC-i,75,0.024884980955177702,0.00034352469114744635,0.02477894354487032,0.0247823923297693,0.026042001571637673
battery_used_kwh_physical,B007,RF,81,0.026637055899524226,0.02359727701814783,0.0038047727017173783,0.015230182444493727,0.06110840367088367
battery_used_kwh_physical,B008,Full,81,0.13951314570537915,0.03030391238965974,0.0630191017586732,0.14105449501618217,0.20000006211485846
battery_used_kwh_physical,B008,HCS-i,60,0.0,0.0,0.0,0.0,0.0
battery_used_kwh_physical,B008,KINO,81,0.0008664526566246198,0.0016546145659915457,0.0,0.0,0.005577909288448261
battery_used_kwh_physical,B008,OEAC-i,81,0.029662569214654447,0.0003267473972605057,0.029066168373474584,0.029583862216046322,0.030727105732156142
battery_used_kwh_physical,B008,RF,81,0.013338658954891945,0.007979073953849737,0.003425973936731016,0.011059054779298905,0.028008752180817085
battery_used_kwh_physical,B009,Full,81,0.1381509876995713,0.031225570258583978,0.05373937789041659,0.15229312320840777,0.19252795170626855
battery_used_kwh_physical,B009,HCS-i,33,0.00014216979069949434,0.0004565510067987869,0.0,0.0,0.0015638676976944378
battery_used_kwh_physical,B009,KINO,81,0.002243403220254623,0.0038302522896590412,0.0,0.0,0.01122304294408193
battery_used_kwh_physical,B009,OEAC-i,81,0.028893371407157267,0.0004175662510692545,0.028071523388846286,0.028921796255833694,0.030012483987427962
battery_used_kwh_physical,B009,RF,81,0.00651461218739642,0.0039471907371021984,0.0,0.006472183655479458,0.013675793750585322
battery_used_kwh_physical,B010,Full,81,0.16466204233802995,0.028176764330875723,0.099595209140344,0.16626423214990013,0.20814162823218438
battery_used_kwh_physical,B010,HCS-i,0,,,,,
battery_used_kwh_physical,B010,KINO,81,0.016419855738855668,0.0036039225399092456,0.011582082329000072,0.014987280194789494,0.022502991612913116
battery_used_kwh_physical,B010,OEAC-i,0,,,,,
battery_used_kwh_physical,B010,RF,81,0.014581844784325003,0.013624682032733381,0.0,0.008378102297522536,0.037751923759463
equivalent_energy_kwh_physical,B001,Full,81,1.04814258274559,0.0636375229815645,0.8406920416891049,1.0586170842706704,1.1512750257197797
equivalent_energy_kwh_physical,B001,HCS-i,81,1.1692516203703671,0.03808414103336704,1.0971868055555531,1.1782597222222189,1.2214986111111072
equivalent_energy_kwh_physical,B001,KINO,81,1.3143521112149172,0.014306779540087522,1.297166666666662,1.3078143818768773,1.3393448702679618
equivalent_energy_kwh_physical,B001,OEAC-i,81,1.247318584698068,0.003968471727253905,1.2447077079151885,1.2448687391197952,1.2571014002495722
equivalent_energy_kwh_physical,B001,RF,81,1.3391983688286309,0.04789660038107576,1.2917618055555509,1.3174424576811503,1.4259293968266156
equivalent_energy_kwh_physical,B002,Full,81,0.8161933562986003,0.060600648422817226,0.724753522048685,0.8081137290294744,0.9413756865772474
equivalent_energy_kwh_physical,B002,HCS-i,33,1.1591034513560556,0.04496934846554457,1.091816536026954,1.18366458333333,1.2106888888888854
equivalent_energy_kwh_physical,B002,KINO,81,1.2974651871931313,0.0008496043127602694,1.297166666666662,1.297166666666662,1.2998533514048918
equivalent_energy_kwh_physical,B002,OEAC-i,81,1.2512305173912088,0.004354160965730792,1.2485548457238127,1.2485722477500139,1.262155313826418
equivalent_energy_kwh_physical,B002,RF,81,1.3284642764470798,0.016198437825440545,1.3011028200873864,1.329582408785986,1.3641792841463252
equivalent_energy_kwh_physical,B003,Full,81,0.7984145852315776,0.08494482543159676,0.7035845631692781,0.7933657750940307,0.982451067112291
equivalent_energy_kwh_physical,B003,HCS-i,60,1.1777192361111077,0.02060393979138967,1.1512354166666636,1.1809621527777745,1.2160937499999962
equivalent_energy_kwh_physical,B003,KINO,81,1.297166666666662,0.0,1.297166666666662,1.297166666666662,1.297166666666662
equivalent_energy_kwh_physical,B003,OEAC-i,81,1.236009050955742,0.004860076851207648,1.228913362380605,1.2342994672033873,1.2463838295401102
equivalent_energy_kwh_physical,B003,RF,81,1.366902231158669,0.038681703406690894,1.3108749100410602,1.3587407594188476,1.4226949156978645
equivalent_energy_kwh_physical,B004,Full,81,0.8152287727823943,0.061187864451898895,0.7137001397039234,0.8067557988477847,0.9447368752856314
equivalent_energy_kwh_physical,B004,HCS-i,33,1.1787510732323199,0.030194858862308382,1.1512354166666636,1.1782597222222189,1.2485229166666625
equivalent_energy_kwh_physical,B004,KINO,81,1.2976772558130194,0.0014375299573130818,1.297166666666662,1.297166666666662,1.3039231013122974
equivalent_energy_kwh_physical,B004,OEAC-i,81,1.2495552733380444,0.0049082767492321,1.2421629499428657,1.2475497923270378,1.2607214478736384
equivalent_energy_kwh_physical,B004,RF,81,1.3477178510933994,0.0395731017770942,1.2917618055555509,1.346134566885134,1.4241625485155731
equivalent_energy_kwh_physical,B005,Full,81,1.0248923659095983,0.0864959200572845,0.8493106149183267,1.060193252020187,1.1341959594814686
equivalent_energy_kwh_physical,B005,HCS-i,0,,,,,
equivalent_energy_kwh_physical,B005,KINO,81,1.3087827606759352,0.016258300234686558,1.2884264174023092,1.3024943168379326,1.3362788216334418
equivalent_energy_kwh_physical,B005,OEAC-i,81,1.2434271940958534,0.00537828745314015,1.2339944105037095,1.2423825391078898,1.2550167920531974
equivalent_energy_kwh_physical,B005,RF,81,1.3361621333172846,0.040166093304239925,1.2917618055555509,1.3238055968614315,1.4134396370319497
equivalent_energy_kwh_physical,B006,Full,81,0.7899990269381788,0.08131662461253059,0.6927383934231363,0.7680255052194267,0.9596553947032092
equivalent_energy_kwh_physical,B006,HCS-i,60,1.17636802083333,0.010663303183110751,1.1620451388888857,1.1782597222222189,1.199879166666663
equivalent_energy_kwh_physical,B006,KINO,81,1.300963910663679,0.010807145875778157,1.297166666666662,1.297166666666662,1.331341862639816
equivalent_energy_kwh_physical,B006,OEAC-i,81,1.2334151995522353,0.00483146776993875,1.226335025101655,1.2317198140974135,1.243669173751535
equivalent_energy_kwh_physical,B006,RF,81,1.3658194470597005,0.03751562365721638,1.3059226725990198,1.3786501161303346,1.4351899143864224
equivalent_energy_kwh_physical,B007,Full,81,0.8838259756828312,0.10194707255344997,0.7375196893404232,0.8606301156241039,1.06447502150987
equivalent_energy_kwh_physical,B007,HCS-i,54,1.1770612353476193,0.016012588713073282,1.1620451388888857,1.1782597222222189,1.205284027777774
equivalent_energy_kwh_physical,B007,KINO,81,1.2823242776085275,0.0171925569220032,1.2586374813638612,1.297166666666662,1.2981110680639558
equivalent_energy_kwh_physical,B007,OEAC-i,75,1.2368682352686822,0.004915366309269473,1.229214672560151,1.2348747791324166,1.2488458532486857
equivalent_energy_kwh_physical,B007,RF,81,1.3479735957770065,0.03496431888883153,1.300766672808259,1.3410839398692715,1.4132801644606536
equivalent_energy_kwh_physical,B008,Full,81,0.8211101229888152,0.06576064772627174,0.7396780843293803,0.793545029300871,1.0385312586314215
equivalent_energy_kwh_physical,B008,HCS-i,60,1.1628558680555523,0.005787519042830788,1.1566402777777747,1.1620451388888857,1.1782597222222189
equivalent_energy_kwh_physical,B008,KINO,81,1.2948302386648505,0.007619710036187309,1.2694699808396257,1.297166666666662,1.2986877297178225
equivalent_energy_kwh_physical,B008,OEAC-i,81,1.2262335434128424,0.004731687142858122,1.2194976523680587,1.2247338595728572,1.2385743172042059
equivalent_energy_kwh_physical,B008,RF,81,1.3368579107297984,0.023823185431027665,1.3087210296318423,1.336790922525797,1.3839831168173775
equivalent_energy_kwh_physical,B009,Full,81,0.8348999088988421,0.08144044484989123,0.768474833061856,0.7971329649121531,1.1139582670166284
equivalent_energy_kwh_physical,B009,HCS-i,33,1.1570568179805507,0.017153141345409354,1.1242111111111084,1.1512354166666636,1.1828416644527544
equivalent_energy_kwh_physical,B009,KINO,81,1.2904019680350647,0.01337358835958377,1.2651508207218518,1.297166666666662,1.299466697978604
equivalent_energy_kwh_physical,B009,OEAC-i,81,1.2244402411561586,0.006462648157654606,1.2151892859561095,1.2205855655126574,1.2391740404488654
equivalent_energy_kwh_physical,B009,RF,81,1.3220999207878323,0.0180684695627396,1.2917618055555509,1.318868443272999,1.354952355488695
equivalent_energy_kwh_physical,B010,Full,81,0.9597461125955177,0.03460179291363523,0.8832803829334611,0.9637398879353937,1.0303321106927636
equivalent_energy_kwh_physical,B010,HCS-i,0,,,,,
equivalent_energy_kwh_physical,B010,KINO,81,1.3063518244571306,0.009686342641207248,1.2902479593387772,1.3061168758027735,1.3209771067285372
equivalent_energy_kwh_physical,B010,OEAC-i,0,,,,,
equivalent_energy_kwh_physical,B010,RF,81,1.341469697786503,0.041432649637291895,1.2917618055555509,1.331216975459421,1.4297705063905939
equivalent_energy_kwh_per_km_physical,B001,Full,81,0.34423360249965174,0.02107195308194133,0.27581759897936514,0.34754263179015027,0.37886442442146046
equivalent_energy_kwh_per_km_physical,B001,HCS-i,81,0.5501632173164162,0.017139417484834867,0.5179194211738967,0.5528235246683505,0.5736755732271831
equivalent_energy_kwh_per_km_physical,B001,KINO,81,0.43165355526712273,0.005108515219805854,0.4255796150481174,0.4293380363003427,0.440754515874646
equivalent_energy_kwh_per_km_physical,B001,OEAC-i,81,0.5723153499422248,0.0018214246227723928,0.5711588519475452,0.5711748574669322,0.5768626346679587
equivalent_energy_kwh_per_km_physical,B001,RF,81,0.48572414042847384,0.04721449063698783,0.44247432795417513,0.457298955589581,0.5600360677640618
equivalent_energy_kwh_per_km_physical,B002,Full,81,0.2775796314493665,0.020609719576547236,0.24648177233825533,0.2748318920331837,0.32015295756452083
equivalent_energy_kwh_per_km_physical,B002,HCS-i,33,0.5390539308283656,0.020267129916373004,0.5091127495845502,0.5488388148154995,0.5646500898208952
equivalent_energy_kwh_per_km_physical,B002,KINO,81,0.44125479992565525,0.00028913524134318214,0.4411531249891091,0.44115314791673815,0.44206753400463755
equivalent_energy_kwh_per_km_physical,B002,OEAC-i,81,0.5694554040946888,0.001981754459187032,0.5682377226977036,0.5682454637262402,0.5744276475105151
equivalent_energy_kwh_per_km_physical,B002,RF,81,0.46324866629672584,0.012375332664669223,0.44237940623653466,0.4691925555361808,0.4811893378572109
equivalent_energy_kwh_per_km_physical,B003,Full,81,0.2752875438883909,0.029288371824215204,0.24259076431088616,0.2735467895360912,0.33874204630648996
equivalent_energy_kwh_per_km_physical,B003,HCS-i,60,0.5607103314702037,0.00982277704576212,0.5489808951092602,0.5611097296540495,0.580446274170752
equivalent_energy_kwh_per_km_physical,B003,KINO,81,0.447252677715479,1.5380624722439088e-07,0.4472525752351757,0.44725259017888064,0.4472530624277855
equivalent_energy_kwh_per_km_physical,B003,OEAC-i,81,0.5720706183242905,0.0022493852684140306,0.5687865226022698,0.5712793770766875,0.5768723880862829
equivalent_energy_kwh_per_km_physical,B003,RF,81,0.501443961760732,0.03876003076129856,0.46472754909077907,0.479588456233127,0.5595869426047789
equivalent_energy_kwh_per_km_physical,B004,Full,81,0.27829816973955274,0.02088696571773828,0.24363820010700712,0.27540504049087816,0.32250810804118524
equivalent_energy_kwh_per_km_physical,B004,HCS-i,33,0.5547280752764184,0.014393075653827116,0.5428296890992018,0.5530553814705358,0.5890819650186198
equivalent_energy_kwh_per_km_physical,B004,KINO,81,0.4429917162566326,0.0004908143643859821,0.44281722620750047,0.4428172476409296,0.44512367657125934
equivalent_energy_kwh_per_km_physical,B004,OEAC-i,81,0.5736560293835694,0.0022532603337718925,0.5702624280511648,0.5727354093385305,0.5787821699060808
equivalent_energy_kwh_per_km_physical,B004,RF,81,0.4953801584923088,0.035099490051867875,0.4522581142618137,0.48310132641409176,0.5528482085012354
equivalent_energy_kwh_per_km_physical,B005,Full,81,0.3367625638653022,0.02855690516025473,0.278763297757445,0.34875056453145814,0.3731576832247237
equivalent_energy_kwh_per_km_physical,B005,HCS-i,0,,,,,
equivalent_energy_kwh_per_km_physical,B005,KINO,81,0.4300498175827227,0.0058170645144447735,0.4228552509445912,0.42772119327097513,0.44009285991661634
equivalent_energy_kwh_per_km_physical,B005,OEAC-i,81,0.5712464710256498,0.0024437938625666263,0.5670079858128088,0.5707186372256651,0.5765229091165788
equivalent_energy_kwh_per_km_physical,B005,RF,81,0.47601452755311335,0.043925604781210194,0.43262005614975646,0.44999122829716587,0.5463573305070093
equivalent_energy_kwh_per_km_physical,B006,Full,81,0.27286118111097,0.028086335498072032,0.23926781429352265,0.2652716385495315,0.3314597006602784
equivalent_energy_kwh_per_km_physical,B006,HCS-i,60,0.5649485571639212,0.005485010149637894,0.5590771164570176,0.5647989875637162,0.5777340323902579
equivalent_energy_kwh_per_km_physical,B006,KINO,81,0.44934434062057826,0.003732672608640862,0.44803268952292763,0.44803272423643997,0.4598365603413414
equivalent_energy_kwh_per_km_physical,B006,OEAC-i,81,0.576562290275533,0.002258408809443382,0.5732527346064251,0.5757698133108332,0.5813554162004297
equivalent_energy_kwh_per_km_physical,B006,RF,81,0.5067897477892845,0.03181711717032762,0.47084802442055357,0.49242553442711634,0.5636252765122367
equivalent_energy_kwh_per_km_physical,B007,Full,81,0.29525805728519383,0.034057112854578186,0.24637948026868697,0.2875094290079413,0.3556103014716049
equivalent_energy_kwh_per_km_physical,B007,HCS-i,54,0.5437071851744256,0.007487347371842714,0.5356089872552497,0.5431198077519214,0.5557230199703772
equivalent_energy_kwh_per_km_physical,B007,KINO,81,0.4283800588331609,0.005740880765899013,0.4204688410324911,0.43333571231244994,0.43365171558872817
equivalent_energy_kwh_per_km_physical,B007,OEAC-i,75,0.5582857847769559,0.0022185568411166715,0.5548311409998478,0.5573865254908378,0.5636919221481165
equivalent_energy_kwh_per_km_physical,B007,RF,81,0.4800355767550593,0.0320611765357589,0.44904247508768325,0.4630941616219482,0.5328671604135563
equivalent_energy_kwh_per_km_physical,B008,Full,81,0.27802773137591336,0.02226661854558914,0.25045466914872927,0.2686941674423539,0.3516479205864535
equivalent_energy_kwh_per_km_physical,B008,HCS-i,60,0.5453889274816182,0.0029369098481983272,0.5411236210783548,0.5448439394626821,0.5535949938425296
equivalent_energy_kwh_per_km_physical,B008,KINO,81,0.43842807950965246,0.0025796242552737665,0.4298425523666206,0.4392188637114338,0.4397348115579898
equivalent_energy_kwh_per_km_physical,B008,OEAC-i,81,0.5643559287840927,0.0021784469909889256,0.5612479347082543,0.5636608064722668,0.5700284267877924
equivalent_energy_kwh_per_km_physical,B008,RF,81,0.4788191161079877,0.031591896856852604,0.44363509486855285,0.46421799776562395,0.5290947134574674
equivalent_energy_kwh_per_km_physical,B009,Full,81,0.2799437948418277,0.027307655457287132,0.25767080223228767,0.2672812886738561,0.37351391800755984
equivalent_energy_kwh_per_km_physical,B009,HCS-i,33,0.5412795297200996,0.008755347897008669,0.5266640615099859,0.5375541418706369,0.5558254721442554
equivalent_energy_kwh_per_km_physical,B009,KINO,81,0.4326733831169144,0.004483067993811608,0.42420966382733366,0.43494074121372167,0.4357129241798334
equivalent_energy_kwh_per_km_physical,B009,OEAC-i,81,0.5578693567547583,0.0029458971601570723,0.5536452411601942,0.5561039107589966,0.5645736632867618
equivalent_energy_kwh_per_km_physical,B009,RF,81,0.4655338650110671,0.019560196216755192,0.43395550224175305,0.47018997440562793,0.49295023863090215
equivalent_energy_kwh_per_km_physical,B010,Full,81,0.32561267975333963,0.012102404614491495,0.2991613582341451,0.3273244850729965,0.35043215900402425
equivalent_energy_kwh_per_km_physical,B010,HCS-i,0,,,,,
equivalent_energy_kwh_per_km_physical,B010,KINO,81,0.44314286320918805,0.0037492431323788507,0.4369988651145986,0.4424963673661471,0.4492855286157538
equivalent_energy_kwh_per_km_physical,B010,OEAC-i,0,,,,,
equivalent_energy_kwh_per_km_physical,B010,RF,81,0.48120725219746074,0.037287307317679916,0.43445527396503203,0.47121997800111703,0.5427214795403547
distance_m_physical,B001,Full,81,3044.956001652821,2.926174174822222,3038.751947944819,3046.1180067683813,3048.0
distance_m_physical,B001,HCS-i,81,2125.192642674962,6.226282032446635,2117.664174967826,2129.249820137239,2131.5073521678155
distance_m_physical,B001,KINO,81,3044.9572279527965,2.925518771229979,3038.75473087355,3046.1181430521983,3048.0
distance_m_physical,B001,OEAC-i,81,2179.4253668864476,0.1559826514887313,2179.2040681802137,2179.533746733596,2179.536570264928
distance_m_physical,B001,RF,81,2772.7004267558787,163.40353210989088,2545.6199700874404,2856.292138759253,2919.4050907498804
distance_m_physical,B002,Full,81,2940.3935563252503,0.0011875088574544875,2940.3903871302546,2940.3939551608178,2940.3955589593024
distance_m_physical,B002,HCS-i,33,2150.161937328573,6.012503435862241,2144.140080227228,2145.3489889198963,2156.6706861489683
distance_m_physical,B002,KINO,81,2940.3990342523493,0.0015064634999766555,2940.3954179346165,2940.3998878672514,2940.4000406858404
distance_m_physical,B002,OEAC-i,81,2197.240572629182,0.0005125038043484331,2197.2398145466364,2197.240745638824,2197.2413371578446
distance_m_physical,B002,RF,81,2868.9558465619416,50.21894887044142,2832.130755448737,2833.7670602351623,2941.146901833182
distance_m_physical,B003,Full,81,2900.2931921680283,0.0004863354887903569,2900.2924020603036,2900.2930718066673,2900.294479078247
distance_m_physical,B003,HCS-i,60,2100.4095599574443,4.222138126965203,2095.1013110340914,2100.47982185828,2105.4514690159085
distance_m_physical,B003,KINO,81,2900.299386227509,0.0009973867752350052,2900.2968914854673,2900.29995387585,2900.3000507813326
distance_m_physical,B003,OEAC-i,81,2160.5882404174417,0.0001549196584750717,2160.5880103993554,2160.5881759394074,2160.5884783816255
distance_m_physical,B003,RF,81,2736.6951806408824,148.36050191919483,2541.8936636681065,2768.937167347773,2901.327557337395
distance_m_physical,B004,Full,81,2929.3349201310234,0.044745717312135135,2929.108224824851,2929.344095853068,2929.3443843497207
distance_m_physical,B004,HCS-i,33,2124.9375669915744,5.274010210575464,2119.4383647905415,2120.804074989119,2131.2242059315586
distance_m_physical,B004,KINO,81,2929.348808230121,0.001828361648131337,2929.3445090186474,2929.3499148400488,2929.350133329863
distance_m_physical,B004,OEAC-i,81,2178.2308713440707,0.0003081904817083295,2178.2303880476184,2178.2307700465876,2178.231337924294
distance_m_physical,B004,RF,81,2729.9922751609665,148.21322129985262,2574.57250903621,2687.851521037224,2929.2278917428516
distance_m_physical,B005,Full,81,3043.472259360995,3.4021719931772734,3036.454323368451,3045.186002226992,3047.0691123596293
distance_m_physical,B005,HCS-i,0,,,,,
distance_m_physical,B005,KINO,81,3043.372875356484,3.4012803586045,3036.356513229104,3045.086096493235,3046.9679979713387
distance_m_physical,B005,OEAC-i,81,2176.690823505364,0.2599961906005571,2176.3242547287887,2176.872838270056,2176.8745271452667
distance_m_physical,B005,RF,81,2822.4678533918063,171.7837554361977,2584.659900247232,2899.375478994938,2985.90365192961
distance_m_physical,B006,Full,81,2895.2415805545033,0.0007224494622460409,2895.2400330765536,2895.2417183939874,2895.2429697828006
distance_m_physical,B006,HCS-i,60,2082.27264132253,3.9226574279391855,2076.871188810542,2082.558571034374,2086.2148479931398
distance_m_physical,B006,KINO,81,2895.2493489479934,0.0013305762045914794,2895.245715914094,2895.2498714950593,2895.2501333333466
distance_m_physical,B006,OEAC-i,81,2139.2574918213754,0.00028466571936993984,2139.2570510929263,2139.2574009005657,2139.2579284485614
distance_m_physical,B006,RF,81,2702.9915704004843,145.21200517279482,2546.3547754059314,2667.80883444998,2896.3562734587917
distance_m_physical,B007,Full,81,2993.401671806227,0.13666274086248864,2992.1979515280545,2993.4258342877597,2993.4420899554143
distance_m_physical,B007,HCS-i,54,2164.891471060488,5.077785861617185,2158.3387068818424,2168.8589864808987,2169.5773718134074
distance_m_physical,B007,KINO,81,2993.4263969873505,0.021676215419743947,2993.383069733893,2993.4415601276532,2993.4451045921646
distance_m_physical,B007,OEAC-i,75,2215.4750634533293,0.001072425723418551,2215.472931913417,2215.4755066452444,2215.4758728661313
distance_m_physical,B007,RF,81,2815.5575777062663,115.43697610356594,2652.218544231196,2896.156243174778,2898.1330866785443
distance_m_physical,B008,Full,81,2953.3389878201065,0.004640984687147079,2953.3254752975595,2953.3399820364357,2953.3494736980965
distance_m_physical,B008,HCS-i,60,2132.1682335337496,4.617645935572054,2126.606272490092,2132.1134337326203,2137.4788176365582
distance_m_physical,B008,KINO,81,2953.3469505891107,0.0036246190087182053,2953.3371553146544,2953.349170173389,2953.3497207140804
distance_m_physical,B008,OEAC-i,81,2172.801750980665,0.06184729214494946,2172.6253334424873,2172.8206849044354,2172.832320535795
distance_m_physical,B008,RF,81,2800.959451092181,140.18496986371335,2614.468180708086,2834.6101650355577,2954.5719309768433
distance_m_physical,B009,Full,81,2982.384469803838,0.008567558418195825,2982.3662456847396,2982.3880617795567,2982.398756245524
distance_m_physical,B009,HCS-i,33,2137.680076020165,4.5033359878645935,2128.0810681266644,2135.964687841098,2143.3927280207463
distance_m_physical,B009,KINO,81,2982.3926867995046,0.008698975655304874,2982.3715219198934,2982.397424851708,2982.399005969109
distance_m_physical,B009,OEAC-i,81,2194.851256720839,0.0811920640247486,2194.6575094621603,2194.885197352125,2194.887981714813
distance_m_physical,B009,RF,81,2843.8083781775636,96.20766595474088,2743.061334246785,2810.8514109471444,2976.7148910026285
distance_m_physical,B010,Full,81,2947.6323448097737,5.751719316363463,2939.9143204636594,2951.699124229142,2952.5216374055776
distance_m_physical,B010,HCS-i,0,,,,,
distance_m_physical,B010,KINO,81,2947.9542259389664,5.632840040115427,2939.9893096517135,2951.700787007855,2952.5201604366243
distance_m_physical,B010,OEAC-i,0,,,,,
distance_m_physical,B010,RF,81,2797.9630424537295,137.96400139941343,2634.446139116338,2789.020708376507,2973.2906537567337
fuel_g_reporting,B001,Full,81,78.70755629957215,5.821570179844346,59.37519133681066,79.53173343725547,88.49346181369695
fuel_g_reporting,B001,HCS-i,81,97.89083333333306,3.188439714421423,91.8574999999998,98.64499999999973,102.26499999999967
fuel_g_reporting,B001,KINO,81,109.68482237367641,0.9431464981568577,108.5999999999996,109.21850281928329,111.32773531625223
fuel_g_reporting,B001,OEAC-i,81,102.14739437599212,0.3248240428479154,101.8354639054792,101.99919994113944,102.90288416037687
fuel_g_reporting,B001,RF,81,109.62044261199779,1.1073490238281016,108.14749999999961,109.78633734513939,112.17827510058184
fuel_g_reporting,B002,Full,81,56.812249281668876,6.029614597939996,50.22124176086434,53.77744676229132,68.72795649222911
fuel_g_reporting,B002,HCS-i,33,97.04068181818157,3.765704940682916,91.4049999999998,99.09749999999971,101.35999999999969
fuel_g_reporting,B002,KINO,81,108.5999999999996,0.0,108.5999999999996,108.5999999999996,108.5999999999996
fuel_g_reporting,B002,OEAC-i,81,102.53172396323343,0.34008266192365466,102.31792476682233,102.31914266692604,103.36017691559525
fuel_g_reporting,B002,RF,81,110.25208602963548,1.0203522474021558,108.60062828637895,110.55687861456092,112.33053070593648
fuel_g_reporting,B003,Full,81,57.228685721405455,6.760229390272561,50.12257218620631,54.16193476811843,71.4536868464633
fuel_g_reporting,B003,HCS-i,60,98.59974999999972,1.7249810057907633,96.38249999999975,98.87124999999972,101.81249999999969
fuel_g_reporting,B003,KINO,81,108.5999999999996,0.0,108.5999999999996,108.5999999999996,108.5999999999996
fuel_g_reporting,B003,OEAC-i,81,101.80951624280563,0.3919239966231105,101.22236745777411,101.67357015426263,102.60966870992405
fuel_g_reporting,B003,RF,81,111.43092124927895,1.3577272838705858,109.29982785594417,111.61641462935444,114.5518540246098
fuel_g_reporting,B004,Full,81,57.29778966764435,6.310106673461191,48.896119955573404,54.447684481991296,70.01658408549109
fuel_g_reporting,B004,HCS-i,33,98.68613636363608,2.52794167219325,96.38249999999975,98.64499999999973,104.52749999999965
fuel_g_reporting,B004,KINO,81,108.60719080239436,0.03689449279767695,108.5999999999996,108.5999999999996,108.79415166465839
fuel_g_reporting,B004,OEAC-i,81,102.62038378073265,0.39019845053617525,102.01051640047626,102.46174845600504,103.47393834402615
fuel_g_reporting,B004,RF,81,110.11441710632266,1.3284652763533131,108.14749999999961,109.8829569681028,112.66497305199918
fuel_g_reporting,B005,Full,81,76.63917463908633,7.709736144527263,60.21374660079874,79.78810121586315,86.7474651961864
fuel_g_reporting,B005,HCS-i,0,,,,,
fuel_g_reporting,B005,KINO,81,109.05978968735543,1.0815806150162013,107.75814616544467,108.62810405239327,110.88466670612999
fuel_g_reporting,B005,OEAC-i,81,101.61857647868705,0.40754758760702336,100.92612291155554,101.49706983010424,102.4716144232532
fuel_g_reporting,B005,RF,81,109.518372827023,1.0952048241700993,108.14749999999961,109.01692706131533,111.45826467308447
fuel_g_reporting,B006,Full,81,55.681742242293694,7.037536028401567,49.33992789953995,52.39284776843294,70.67698043041146
fuel_g_reporting,B006,HCS-i,60,98.48662499999973,0.8927416618418329,97.28749999999974,98.64499999999973,100.4549999999997
fuel_g_reporting,B006,KINO,81,108.82185706996663,0.6314162904964565,108.5999999999996,108.5999999999996,110.59671362970293
fuel_g_reporting,B006,OEAC-i,81,101.41080210846825,0.39016817109971086,100.8246591630857,101.27575359211701,102.20236276793781
fuel_g_reporting,B006,RF,81,111.4460899946755,1.8585034461999759,108.95194846124127,111.66758121702088,114.77867259435445
fuel_g_reporting,B007,Full,81,63.90615408705684,9.495515759843997,52.861149556184515,60.06247545802174,80.60795079325437
fuel_g_reporting,B007,HCS-i,54,98.54444444444417,1.3407960767755824,97.28749999999974,98.64499999999973,100.90749999999969
fuel_g_reporting,B007,KINO,81,106.99239815981154,1.8233577687197318,104.62036580255906,108.5999999999996,108.5999999999996
fuel_g_reporting,B007,OEAC-i,75,101.46836547740968,0.3913515119634853,100.83601006213853,101.30907472612802,102.37427595435751
fuel_g_reporting,B007,RF,81,110.62352426881246,1.3096264841147507,108.51596557088067,110.86716047355702,113.6716692622114
fuel_g_reporting,B008,Full,81,57.063932981869065,6.944628666612569,50.513951307284806,54.301608361002266,77.75466189489954
fuel_g_reporting,B008,HCS-i,60,97.35537499999973,0.48453647800443644,96.83499999999974,97.28749999999974,98.64499999999973
fuel_g_reporting,B008,KINO,81,108.33185185185145,0.7665094154853969,105.88499999999964,108.5999999999996,108.5999999999996
fuel_g_reporting,B008,OEAC-i,81,100.17803504915064,0.3781875460232992,99.6224673190144,100.05906496394518,101.12209212324139
fuel_g_reporting,B008,RF,81,110.80626293929448,1.3846409480906456,108.9954305459751,111.00807754476321,113.52343517887483
fuel_g_reporting,B009,Full,81,58.33246782133431,8.183632132493518,51.17991535996998,54.52653243017611,88.76251164777587
fuel_g_reporting,B009,HCS-i,33,96.85797054612708,1.41802084365044,94.11999999999978,96.38249999999975,98.89767600740035
fuel_g_reporting,B009,KINO,81,107.84583333333293,1.4237580113909598,104.97999999999965,108.5999999999996,108.5999999999996
fuel_g_reporting,B009,OEAC-i,81,100.0922960720094,0.5264193721994533,99.31482487085741,99.7837723527646,101.23213030839942
fuel_g_reporting,B009,RF,81,110.14202583631557,1.1883098705524644,108.14749999999961,109.87503568890861,112.29292144784172
fuel_g_reporting,B010,Full,81,66.56517797504549,1.9264899454691722,63.65880614594366,65.97727471481477,70.54903588145842
fuel_g_reporting,B010,HCS-i,0,,,,,
fuel_g_reporting,B010,KINO,81,107.99430435780909,0.6227828522040797,107.05109667988832,108.11771226518908,108.98600935032222
fuel_g_reporting,B010,OEAC-i,0,,,,,
fuel_g_reporting,B010,RF,81,111.08828536762422,2.367676631974825,108.14749999999961,110.75805011939822,116.5410906388854
fuel_energy_kwh_reporting,B001,Full,81,0.940118033578223,0.0695354215925854,0.7092036743007939,0.9499623716116626,1.057005238330269
fuel_energy_kwh_reporting,B001,HCS-i,81,1.1692516203703671,0.03808414103336704,1.0971868055555531,1.1782597222222189,1.2214986111111072
fuel_energy_kwh_reporting,B001,KINO,81,1.310124267241135,0.011265360950206905,1.297166666666662,1.304554339230328,1.3297479496107905
fuel_energy_kwh_reporting,B001,OEAC-i,81,1.2200938772687948,0.0038798427340168864,1.2163680410932238,1.2183237770747213,1.2291177830267237
fuel_energy_kwh_reporting,B001,RF,81,1.3093552867544183,0.013226668895724679,1.2917618055555509,1.3113368071780538,1.3399071748125053
fuel_energy_kwh_reporting,B002,Full,81,0.6785907553088227,0.07202039658650551,0.5998648321436574,0.6423417252162575,0.8209172581016255
fuel_energy_kwh_reporting,B002,HCS-i,33,1.1590970328282797,0.04497925345815715,1.091781944444442,1.18366458333333,1.2106888888888854
fuel_energy_kwh_reporting,B002,KINO,81,1.297166666666662,0.0,1.297166666666662,1.297166666666662,1.297166666666662
fuel_energy_kwh_reporting,B002,OEAC-i,81,1.224684480671955,0.004062098461865783,1.2221307680481557,1.2221453151882833,1.2345798909362764
fuel_energy_kwh_reporting,B002,RF,81,1.3168999164650903,0.012187540732859195,1.2971741711984153,1.320540494562811,1.341725783432019
fuel_energy_kwh_reporting,B003,Full,81,0.6835648572278985,0.08074718438381116,0.5986862788907976,0.6469342208414146,0.8534745928883116
fuel_energy_kwh_reporting,B003,HCS-i,60,1.1777192361111077,0.02060393979138967,1.1512354166666636,1.1809621527777745,1.2160937499999962
fuel_energy_kwh_reporting,B003,KINO,81,1.297166666666662,0.0,1.297166666666662,1.297166666666662,1.297166666666662
fuel_energy_kwh_reporting,B003,OEAC-i,81,1.2160581106779562,0.00468131440410943,1.2090449446345242,1.214434310175915,1.2256154873685374
fuel_energy_kwh_reporting,B003,RF,81,1.3309804482552765,0.016217298112898647,1.3055257216126666,1.3331960636284004,1.3682582564050614
fuel_energy_kwh_reporting,B004,Full,81,0.6843902654746409,0.07537071859967535,0.5840369883582379,0.6503473424237849,0.8363091987989214
fuel_energy_kwh_reporting,B004,HCS-i,33,1.1787510732323199,0.030194858862308382,1.1512354166666636,1.1782597222222189,1.2485229166666625
fuel_energy_kwh_reporting,B004,KINO,81,1.2972525568063773,0.00044068421952775155,1.297166666666662,1.297166666666662,1.299485700438975
fuel_energy_kwh_reporting,B004,OEAC-i,81,1.2257434729365289,0.004660703714737516,1.2184589458945776,1.2238486621133937,1.2359387079980901
fuel_energy_kwh_reporting,B004,RF,81,1.3152555376588542,0.015867779689775763,1.2917618055555509,1.3124908748967836,1.3457205114544346
fuel_energy_kwh_reporting,B005,Full,81,0.9154123637446424,0.09208851505963118,0.7192197510650961,0.9530245423005875,1.0361502787322263
fuel_energy_kwh_reporting,B005,HCS-i,0,,,,,
fuel_energy_kwh_reporting,B005,KINO,81,1.302658599043412,0.012918879568249319,1.287111190309478,1.2975023539591417,1.3244557412121083
fuel_energy_kwh_reporting,B005,OEAC-i,81,1.2137774412732065,0.004867929518639444,1.2055064681102468,1.2123261118595785,1.22396650561108
fuel_energy_kwh_reporting,B005,RF,81,1.3081361198783303,0.013081613177587275,1.2917618055555509,1.302146628787933,1.331307050261842
fuel_energy_kwh_reporting,B006,Full,81,0.6650874767829525,0.08405945811701873,0.5893380276889494,0.6258034594562824,0.8441972662521369
fuel_energy_kwh_reporting,B006,HCS-i,60,1.17636802083333,0.010663303183110751,1.1620451388888857,1.1782597222222189,1.199879166666663
fuel_energy_kwh_reporting,B006,KINO,81,1.2998166261134905,0.007541916803152088,1.297166666666662,1.297166666666662,1.3210163016881182
fuel_energy_kwh_reporting,B006,OEAC-i,81,1.2112956918511484,0.0046603420436908925,1.2042945400035237,1.2096826123502866,1.2207504441725905
fuel_energy_kwh_reporting,B006,RF,81,1.3311616304919571,0.022198791162944057,1.3013704955092709,1.3338072200921938,1.3709674782103447
fuel_energy_kwh_reporting,B007,Full,81,0.7633235071509568,0.11341866046480334,0.631397064143315,0.7174129013041485,0.9628171900305383
fuel_energy_kwh_reporting,B007,HCS-i,54,1.1770586419753053,0.016015064250375122,1.1620451388888857,1.1782597222222189,1.205284027777774
fuel_energy_kwh_reporting,B007,KINO,81,1.277964755797749,0.021778995570818933,1.2496321470861222,1.297166666666662,1.297166666666662
fuel_energy_kwh_reporting,B007,OEAC-i,75,1.2119832543135045,0.004674476392897112,1.2044301201866547,1.2100806147843068,1.2228038516770479
fuel_energy_kwh_reporting,B007,RF,81,1.3213365398774821,0.01564276078248179,1.2961629220966302,1.3242466389897087,1.3577449384097473
fuel_energy_kwh_reporting,B008,Full,81,0.6815969772834362,0.08294973129565013,0.6033610850592352,0.6486025443119715,0.928736239300189
fuel_energy_kwh_reporting,B008,HCS-i,60,1.1628558680555523,0.005787519042830788,1.1566402777777747,1.1620451388888857,1.1782597222222189
fuel_energy_kwh_reporting,B008,KINO,81,1.2939637860082256,0.009155529129408816,1.2647374999999956,1.297166666666662,1.297166666666662
fuel_energy_kwh_reporting,B008,OEAC-i,81,1.1965709741981883,0.004517240133056,1.1899350263104498,1.1951499426249006,1.2078472114720498
fuel_energy_kwh_reporting,B008,RF,81,1.3235192517749064,0.01653876687997137,1.3018898648547026,1.325929815118005,1.3559743646365605
fuel_energy_kwh_reporting,B009,Full,81,0.6967489211992709,0.09774893936033924,0.6113156556885304,0.6512891373604369,1.0602188891262116
fuel_energy_kwh_reporting,B009,HCS-i,33,1.1569146481898511,0.01693747118804698,1.1242111111111084,1.1512354166666636,1.1812777967550598
fuel_energy_kwh_reporting,B009,KINO,81,1.2881585648148102,0.017005998469392155,1.2539277777777735,1.297166666666662,1.297166666666662
fuel_energy_kwh_reporting,B009,OEAC-i,81,1.1955468697490013,0.00628778694571572,1.1862604081796857,1.1918617253246884,1.2091615564614373
fuel_energy_kwh_reporting,B009,RF,81,1.3155853086004359,0.014193701231598603,1.2917618055555509,1.3123962596175194,1.3412765617381095
fuel_energy_kwh_reporting,B010,Full,81,0.7950840702574877,0.02301085212643733,0.7603690734098826,0.7880618924269542,0.8426690396951977
fuel_energy_kwh_reporting,B010,HCS-i,0,,,,,
fuel_energy_kwh_reporting,B010,KINO,81,1.289931968718275,0.007438795179104172,1.2786658770097772,1.2914060076119807,1.3017773339066265
fuel_energy_kwh_reporting,B010,OEAC-i,0,,,,,
fuel_energy_kwh_reporting,B010,RF,81,1.3268878530021782,0.02828058199303291,1.2917618055555509,1.3229433764261456,1.3920185826311309
battery_used_kwh_reporting,B001,Full,81,0.10802454916736691,0.008650210457477318,0.09066671275874065,0.10716161702909253,0.13148836738831107
battery_used_kwh_reporting,B001,HCS-i,81,0.0,0.0,0.0,0.0,0.0
battery_used_kwh_reporting,B001,KINO,81,0.004227843973782307,0.0030651248619322697,0.0,0.003260042646549352,0.009596920657171276
battery_used_kwh_reporting,B001,OEAC-i,81,0.027224707429273107,0.0009009471545281566,0.02654199895173964,0.026545395776022773,0.029293875450948758
battery_used_kwh_reporting,B001,RF,81,0.029843082074212556,0.039053210069919304,0.0,0.004651592990395343,0.08602222201411013
battery_used_kwh_reporting,B002,Full,81,0.1376026009897777,0.029436810688317713,0.07859131592488389,0.13159795037872987,0.17698671603597627
battery_used_kwh_reporting,B002,HCS-i,33,6.418527775752191e-06,1.3830283689910769e-05,0.0,0.0,3.601222302140207e-05
battery_used_kwh_reporting,B002,KINO,81,0.0002985205264693752,0.0008496043127602276,0.0,0.0,0.0026866847382297364
battery_used_kwh_reporting,B002,OEAC-i,81,0.02654603671925408,0.0003446253461572045,0.02642237036406966,0.02642576185911413,0.027575422890141657
battery_used_kwh_reporting,B002,RF,81,0.0115643599819893,0.005828655718785281,0.0039286488889711925,0.009041914223175152,0.022453500714305907
battery_used_kwh_reporting,B003,Full,81,0.11484972800367901,0.02406707819211861,0.08536677854488856,0.10904713324856005,0.18249999632205025
battery_used_kwh_reporting,B003,HCS-i,60,0.0,0.0,0.0,0.0,0.0
battery_used_kwh_reporting,B003,KINO,81,0.0,0.0,0.0,0.0,0.0
battery_used_kwh_reporting,B003,OEAC-i,81,0.019950940277785933,0.00025363787980419616,0.019858523705905497,0.019865154068480325,0.02076834217157283
battery_used_kwh_reporting,B003,RF,81,0.03592178290339248,0.030932990756943182,0.0053491884283936005,0.02015787118864425,0.08392503648379097
battery_used_kwh_reporting,B004,Full,81,0.13083850730775334,0.024182561299137182,0.07474321856733497,0.1414635825229648,0.16913282904481874
battery_used_kwh_reporting,B004,HCS-i,33,0.0,0.0,0.0,0.0,0.0
battery_used_kwh_reporting,B004,KINO,81,0.00042469900664209996,0.0010836837457499288,0.0,0.0,0.0044374008733224085
battery_used_kwh_reporting,B004,OEAC-i,81,0.023811800401515565,0.0003248597310092316,0.02369214428121402,0.023699082964862433,0.024782739875548274
battery_used_kwh_reporting,B004,RF,81,0.032462313434545205,0.03378457859661387,0.0,0.015454260242690674,0.0848786262058651
battery_used_kwh_reporting,B005,Full,81,0.10948000216495579,0.007676583331868816,0.09492878311126943,0.10716161018264571,0.13009086385323063
battery_used_kwh_reporting,B005,HCS-i,0,,,,,
battery_used_kwh_reporting,B005,KINO,81,0.006124161632523278,0.003356591629469988,0.001315227092831194,0.004991962878790698,0.011823080421333485
battery_used_kwh_reporting,B005,OEAC-i,81,0.029649752822647046,0.000808073012061543,0.02848158818197017,0.030055681030015446,0.031050286442117454
battery_used_kwh_reporting,B005,RF,81,0.02802601343895427,0.03573967543811042,0.0,0.005685169511905068,0.08292843376882654
battery_used_kwh_reporting,B006,Full,81,0.12491155015522638,0.02404806620477377,0.08109129152590229,0.12094814584527196,0.16845536487956467
battery_used_kwh_reporting,B006,HCS-i,60,0.0,0.0,0.0,0.0,0.0
battery_used_kwh_reporting,B006,KINO,81,0.0011472845501886173,0.0032652290726260143,0.0,0.0,0.010325560951697557
battery_used_kwh_reporting,B006,OEAC-i,81,0.022119507701086956,0.00024578756977045377,0.02202879273495424,0.022037201747126926,0.02291872957894458
battery_used_kwh_reporting,B006,RF,81,0.034657816567743166,0.027207326290671068,0.004552177089748972,0.024632779002435164,0.0757269545936374
battery_used_kwh_reporting,B007,Full,81,0.12050246853187441,0.024216656774526186,0.0661514508218829,0.11286597157124759,0.1780016440468843
battery_used_kwh_reporting,B007,HCS-i,54,2.5933723140218807e-06,7.404385842173697e-06,0.0,0.0,2.3552770121480612e-05
battery_used_kwh_reporting,B007,KINO,81,0.004359521810778424,0.005060185318066076,0.0,0.00094440139729364,0.012987957848757494
battery_used_kwh_reporting,B007,OEAC-i,75,0.024884980955177702,0.00034352469114744635,0.02477894354487032,0.0247823923297693,0.026042001571637673
battery_used_kwh_reporting,B007,RF,81,0.026637055899524226,0.02359727701814783,0.0038047727017173783,0.015230182444493727,0.06110840367088367
battery_used_kwh_reporting,B008,Full,81,0.13951314570537915,0.03030391238965974,0.0630191017586732,0.14105449501618217,0.20000006211485846
battery_used_kwh_reporting,B008,HCS-i,60,0.0,0.0,0.0,0.0,0.0
battery_used_kwh_reporting,B008,KINO,81,0.0008664526566246198,0.0016546145659915457,0.0,0.0,0.005577909288448261
battery_used_kwh_reporting,B008,OEAC-i,81,0.029662569214654447,0.0003267473972605057,0.029066168373474584,0.029583862216046322,0.030727105732156142
battery_used_kwh_reporting,B008,RF,81,0.013338658954891945,0.007979073953849737,0.003425973936731016,0.011059054779298905,0.028008752180817085
battery_used_kwh_reporting,B009,Full,81,0.1381509876995713,0.031225570258583978,0.05373937789041659,0.15229312320840777,0.19252795170626855
battery_used_kwh_reporting,B009,HCS-i,33,0.00014216979069949434,0.0004565510067987869,0.0,0.0,0.0015638676976944378
battery_used_kwh_reporting,B009,KINO,81,0.002243403220254623,0.0038302522896590412,0.0,0.0,0.01122304294408193
battery_used_kwh_reporting,B009,OEAC-i,81,0.028893371407157267,0.0004175662510692545,0.028071523388846286,0.028921796255833694,0.030012483987427962
battery_used_kwh_reporting,B009,RF,81,0.00651461218739642,0.0039471907371021984,0.0,0.006472183655479458,0.013675793750585322
battery_used_kwh_reporting,B010,Full,81,0.16466204233802995,0.028176764330875723,0.099595209140344,0.16626423214990013,0.20814162823218438
battery_used_kwh_reporting,B010,HCS-i,0,,,,,
battery_used_kwh_reporting,B010,KINO,81,0.016419855738855668,0.0036039225399092456,0.011582082329000072,0.014987280194789494,0.022502991612913116
battery_used_kwh_reporting,B010,OEAC-i,0,,,,,
battery_used_kwh_reporting,B010,RF,81,0.014581844784325003,0.013624682032733381,0.0,0.008378102297522536,0.037751923759463
equivalent_energy_kwh_reporting,B001,Full,81,1.04814258274559,0.0636375229815645,0.8406920416891049,1.0586170842706704,1.1512750257197797
equivalent_energy_kwh_reporting,B001,HCS-i,81,1.1692516203703671,0.03808414103336704,1.0971868055555531,1.1782597222222189,1.2214986111111072
equivalent_energy_kwh_reporting,B001,KINO,81,1.3143521112149172,0.014306779540087522,1.297166666666662,1.3078143818768773,1.3393448702679618
equivalent_energy_kwh_reporting,B001,OEAC-i,81,1.247318584698068,0.003968471727253905,1.2447077079151885,1.2448687391197952,1.2571014002495722
equivalent_energy_kwh_reporting,B001,RF,81,1.3391983688286309,0.04789660038107576,1.2917618055555509,1.3174424576811503,1.4259293968266156
equivalent_energy_kwh_reporting,B002,Full,81,0.8161933562986003,0.060600648422817226,0.724753522048685,0.8081137290294744,0.9413756865772474
equivalent_energy_kwh_reporting,B002,HCS-i,33,1.1591034513560556,0.04496934846554457,1.091816536026954,1.18366458333333,1.2106888888888854
equivalent_energy_kwh_reporting,B002,KINO,81,1.2974651871931313,0.0008496043127602694,1.297166666666662,1.297166666666662,1.2998533514048918
equivalent_energy_kwh_reporting,B002,OEAC-i,81,1.2512305173912088,0.004354160965730792,1.2485548457238127,1.2485722477500139,1.262155313826418
equivalent_energy_kwh_reporting,B002,RF,81,1.3284642764470798,0.016198437825440545,1.3011028200873864,1.329582408785986,1.3641792841463252
equivalent_energy_kwh_reporting,B003,Full,81,0.7984145852315776,0.08494482543159676,0.7035845631692781,0.7933657750940307,0.982451067112291
equivalent_energy_kwh_reporting,B003,HCS-i,60,1.1777192361111077,0.02060393979138967,1.1512354166666636,1.1809621527777745,1.2160937499999962
equivalent_energy_kwh_reporting,B003,KINO,81,1.297166666666662,0.0,1.297166666666662,1.297166666666662,1.297166666666662
equivalent_energy_kwh_reporting,B003,OEAC-i,81,1.236009050955742,0.004860076851207648,1.228913362380605,1.2342994672033873,1.2463838295401102
equivalent_energy_kwh_reporting,B003,RF,81,1.366902231158669,0.038681703406690894,1.3108749100410602,1.3587407594188476,1.4226949156978645
equivalent_energy_kwh_reporting,B004,Full,81,0.8152287727823943,0.061187864451898895,0.7137001397039234,0.8067557988477847,0.9447368752856314
equivalent_energy_kwh_reporting,B004,HCS-i,33,1.1787510732323199,0.030194858862308382,1.1512354166666636,1.1782597222222189,1.2485229166666625
equivalent_energy_kwh_reporting,B004,KINO,81,1.2976772558130194,0.0014375299573130818,1.297166666666662,1.297166666666662,1.3039231013122974
equivalent_energy_kwh_reporting,B004,OEAC-i,81,1.2495552733380444,0.0049082767492321,1.2421629499428657,1.2475497923270378,1.2607214478736384
equivalent_energy_kwh_reporting,B004,RF,81,1.3477178510933994,0.0395731017770942,1.2917618055555509,1.346134566885134,1.4241625485155731
equivalent_energy_kwh_reporting,B005,Full,81,1.0248923659095983,0.0864959200572845,0.8493106149183267,1.060193252020187,1.1341959594814686
equivalent_energy_kwh_reporting,B005,HCS-i,0,,,,,
equivalent_energy_kwh_reporting,B005,KINO,81,1.3087827606759352,0.016258300234686558,1.2884264174023092,1.3024943168379326,1.3362788216334418
equivalent_energy_kwh_reporting,B005,OEAC-i,81,1.2434271940958534,0.00537828745314015,1.2339944105037095,1.2423825391078898,1.2550167920531974
equivalent_energy_kwh_reporting,B005,RF,81,1.3361621333172846,0.040166093304239925,1.2917618055555509,1.3238055968614315,1.4134396370319497
equivalent_energy_kwh_reporting,B006,Full,81,0.7899990269381788,0.08131662461253059,0.6927383934231363,0.7680255052194267,0.9596553947032092
equivalent_energy_kwh_reporting,B006,HCS-i,60,1.17636802083333,0.010663303183110751,1.1620451388888857,1.1782597222222189,1.199879166666663
equivalent_energy_kwh_reporting,B006,KINO,81,1.300963910663679,0.010807145875778157,1.297166666666662,1.297166666666662,1.331341862639816
equivalent_energy_kwh_reporting,B006,OEAC-i,81,1.2334151995522353,0.00483146776993875,1.226335025101655,1.2317198140974135,1.243669173751535
equivalent_energy_kwh_reporting,B006,RF,81,1.3658194470597005,0.03751562365721638,1.3059226725990198,1.3786501161303346,1.4351899143864224
equivalent_energy_kwh_reporting,B007,Full,81,0.8838259756828312,0.10194707255344997,0.7375196893404232,0.8606301156241039,1.06447502150987
equivalent_energy_kwh_reporting,B007,HCS-i,54,1.1770612353476193,0.016012588713073282,1.1620451388888857,1.1782597222222189,1.205284027777774
equivalent_energy_kwh_reporting,B007,KINO,81,1.2823242776085275,0.0171925569220032,1.2586374813638612,1.297166666666662,1.2981110680639558
equivalent_energy_kwh_reporting,B007,OEAC-i,75,1.2368682352686822,0.004915366309269473,1.229214672560151,1.2348747791324166,1.2488458532486857
equivalent_energy_kwh_reporting,B007,RF,81,1.3479735957770065,0.03496431888883153,1.300766672808259,1.3410839398692715,1.4132801644606536
equivalent_energy_kwh_reporting,B008,Full,81,0.8211101229888152,0.06576064772627174,0.7396780843293803,0.793545029300871,1.0385312586314215
equivalent_energy_kwh_reporting,B008,HCS-i,60,1.1628558680555523,0.005787519042830788,1.1566402777777747,1.1620451388888857,1.1782597222222189
equivalent_energy_kwh_reporting,B008,KINO,81,1.2948302386648505,0.007619710036187309,1.2694699808396257,1.297166666666662,1.2986877297178225
equivalent_energy_kwh_reporting,B008,OEAC-i,81,1.2262335434128424,0.004731687142858122,1.2194976523680587,1.2247338595728572,1.2385743172042059
equivalent_energy_kwh_reporting,B008,RF,81,1.3368579107297984,0.023823185431027665,1.3087210296318423,1.336790922525797,1.3839831168173775
equivalent_energy_kwh_reporting,B009,Full,81,0.8348999088988421,0.08144044484989123,0.768474833061856,0.7971329649121531,1.1139582670166284
equivalent_energy_kwh_reporting,B009,HCS-i,33,1.1570568179805507,0.017153141345409354,1.1242111111111084,1.1512354166666636,1.1828416644527544
equivalent_energy_kwh_reporting,B009,KINO,81,1.2904019680350647,0.01337358835958377,1.2651508207218518,1.297166666666662,1.299466697978604
equivalent_energy_kwh_reporting,B009,OEAC-i,81,1.2244402411561586,0.006462648157654606,1.2151892859561095,1.2205855655126574,1.2391740404488654
equivalent_energy_kwh_reporting,B009,RF,81,1.3220999207878323,0.0180684695627396,1.2917618055555509,1.318868443272999,1.354952355488695
equivalent_energy_kwh_reporting,B010,Full,81,0.9597461125955177,0.03460179291363523,0.8832803829334611,0.9637398879353937,1.0303321106927636
equivalent_energy_kwh_reporting,B010,HCS-i,0,,,,,
equivalent_energy_kwh_reporting,B010,KINO,81,1.3063518244571306,0.009686342641207248,1.2902479593387772,1.3061168758027735,1.3209771067285372
equivalent_energy_kwh_reporting,B010,OEAC-i,0,,,,,
equivalent_energy_kwh_reporting,B010,RF,81,1.341469697786503,0.041432649637291895,1.2917618055555509,1.331216975459421,1.4297705063905939
equivalent_energy_kwh_per_km_reporting,B001,Full,81,0.34423360249965174,0.02107195308194133,0.27581759897936514,0.34754263179015027,0.37886442442146046
equivalent_energy_kwh_per_km_reporting,B001,HCS-i,81,0.5501632173164162,0.017139417484834867,0.5179194211738967,0.5528235246683505,0.5736755732271831
equivalent_energy_kwh_per_km_reporting,B001,KINO,81,0.43165355526712273,0.005108515219805854,0.4255796150481174,0.4293380363003427,0.440754515874646
equivalent_energy_kwh_per_km_reporting,B001,OEAC-i,81,0.5723153499422248,0.0018214246227723928,0.5711588519475452,0.5711748574669322,0.5768626346679587
equivalent_energy_kwh_per_km_reporting,B001,RF,81,0.48572414042847384,0.04721449063698783,0.44247432795417513,0.457298955589581,0.5600360677640618
equivalent_energy_kwh_per_km_reporting,B002,Full,81,0.2775796314493665,0.020609719576547236,0.24648177233825533,0.2748318920331837,0.32015295756452083
equivalent_energy_kwh_per_km_reporting,B002,HCS-i,33,0.5390539308283656,0.020267129916373004,0.5091127495845502,0.5488388148154995,0.5646500898208952
equivalent_energy_kwh_per_km_reporting,B002,KINO,81,0.44125479992565525,0.00028913524134318214,0.4411531249891091,0.44115314791673815,0.44206753400463755
equivalent_energy_kwh_per_km_reporting,B002,OEAC-i,81,0.5694554040946888,0.001981754459187032,0.5682377226977036,0.5682454637262402,0.5744276475105151
equivalent_energy_kwh_per_km_reporting,B002,RF,81,0.46324866629672584,0.012375332664669223,0.44237940623653466,0.4691925555361808,0.4811893378572109
equivalent_energy_kwh_per_km_reporting,B003,Full,81,0.2752875438883909,0.029288371824215204,0.24259076431088616,0.2735467895360912,0.33874204630648996
equivalent_energy_kwh_per_km_reporting,B003,HCS-i,60,0.5607103314702037,0.00982277704576212,0.5489808951092602,0.5611097296540495,0.580446274170752
equivalent_energy_kwh_per_km_reporting,B003,KINO,81,0.447252677715479,1.5380624722439088e-07,0.4472525752351757,0.44725259017888064,0.4472530624277855
equivalent_energy_kwh_per_km_reporting,B003,OEAC-i,81,0.5720706183242905,0.0022493852684140306,0.5687865226022698,0.5712793770766875,0.5768723880862829
equivalent_energy_kwh_per_km_reporting,B003,RF,81,0.501443961760732,0.03876003076129856,0.46472754909077907,0.479588456233127,0.5595869426047789
equivalent_energy_kwh_per_km_reporting,B004,Full,81,0.27829816973955274,0.02088696571773828,0.24363820010700712,0.27540504049087816,0.32250810804118524
equivalent_energy_kwh_per_km_reporting,B004,HCS-i,33,0.5547280752764184,0.014393075653827116,0.5428296890992018,0.5530553814705358,0.5890819650186198
equivalent_energy_kwh_per_km_reporting,B004,KINO,81,0.4429917162566326,0.0004908143643859821,0.44281722620750047,0.4428172476409296,0.44512367657125934
equivalent_energy_kwh_per_km_reporting,B004,OEAC-i,81,0.5736560293835694,0.0022532603337718925,0.5702624280511648,0.5727354093385305,0.5787821699060808
equivalent_energy_kwh_per_km_reporting,B004,RF,81,0.4953801584923088,0.035099490051867875,0.4522581142618137,0.48310132641409176,0.5528482085012354
equivalent_energy_kwh_per_km_reporting,B005,Full,81,0.3367625638653022,0.02855690516025473,0.278763297757445,0.34875056453145814,0.3731576832247237
equivalent_energy_kwh_per_km_reporting,B005,HCS-i,0,,,,,
equivalent_energy_kwh_per_km_reporting,B005,KINO,81,0.4300498175827227,0.0058170645144447735,0.4228552509445912,0.42772119327097513,0.44009285991661634
equivalent_energy_kwh_per_km_reporting,B005,OEAC-i,81,0.5712464710256498,0.0024437938625666263,0.5670079858128088,0.5707186372256651,0.5765229091165788
equivalent_energy_kwh_per_km_reporting,B005,RF,81,0.47601452755311335,0.043925604781210194,0.43262005614975646,0.44999122829716587,0.5463573305070093
equivalent_energy_kwh_per_km_reporting,B006,Full,81,0.27286118111097,0.028086335498072032,0.23926781429352265,0.2652716385495315,0.3314597006602784
equivalent_energy_kwh_per_km_reporting,B006,HCS-i,60,0.5649485571639212,0.005485010149637894,0.5590771164570176,0.5647989875637162,0.5777340323902579
equivalent_energy_kwh_per_km_reporting,B006,KINO,81,0.44934434062057826,0.003732672608640862,0.44803268952292763,0.44803272423643997,0.4598365603413414
equivalent_energy_kwh_per_km_reporting,B006,OEAC-i,81,0.576562290275533,0.002258408809443382,0.5732527346064251,0.5757698133108332,0.5813554162004297
equivalent_energy_kwh_per_km_reporting,B006,RF,81,0.5067897477892845,0.03181711717032762,0.47084802442055357,0.49242553442711634,0.5636252765122367
equivalent_energy_kwh_per_km_reporting,B007,Full,81,0.29525805728519383,0.034057112854578186,0.24637948026868697,0.2875094290079413,0.3556103014716049
equivalent_energy_kwh_per_km_reporting,B007,HCS-i,54,0.5437071851744256,0.007487347371842714,0.5356089872552497,0.5431198077519214,0.5557230199703772
equivalent_energy_kwh_per_km_reporting,B007,KINO,81,0.4283800588331609,0.005740880765899013,0.4204688410324911,0.43333571231244994,0.43365171558872817
equivalent_energy_kwh_per_km_reporting,B007,OEAC-i,75,0.5582857847769559,0.0022185568411166715,0.5548311409998478,0.5573865254908378,0.5636919221481165
equivalent_energy_kwh_per_km_reporting,B007,RF,81,0.4800355767550593,0.0320611765357589,0.44904247508768325,0.4630941616219482,0.5328671604135563
equivalent_energy_kwh_per_km_reporting,B008,Full,81,0.27802773137591336,0.02226661854558914,0.25045466914872927,0.2686941674423539,0.3516479205864535
equivalent_energy_kwh_per_km_reporting,B008,HCS-i,60,0.5453889274816182,0.0029369098481983272,0.5411236210783548,0.5448439394626821,0.5535949938425296
equivalent_energy_kwh_per_km_reporting,B008,KINO,81,0.43842807950965246,0.0025796242552737665,0.4298425523666206,0.4392188637114338,0.4397348115579898
equivalent_energy_kwh_per_km_reporting,B008,OEAC-i,81,0.5643559287840927,0.0021784469909889256,0.5612479347082543,0.5636608064722668,0.5700284267877924
equivalent_energy_kwh_per_km_reporting,B008,RF,81,0.4788191161079877,0.031591896856852604,0.44363509486855285,0.46421799776562395,0.5290947134574674
equivalent_energy_kwh_per_km_reporting,B009,Full,81,0.2799437948418277,0.027307655457287132,0.25767080223228767,0.2672812886738561,0.37351391800755984
equivalent_energy_kwh_per_km_reporting,B009,HCS-i,33,0.5412795297200996,0.008755347897008669,0.5266640615099859,0.5375541418706369,0.5558254721442554
equivalent_energy_kwh_per_km_reporting,B009,KINO,81,0.4326733831169144,0.004483067993811608,0.42420966382733366,0.43494074121372167,0.4357129241798334
equivalent_energy_kwh_per_km_reporting,B009,OEAC-i,81,0.5578693567547583,0.0029458971601570723,0.5536452411601942,0.5561039107589966,0.5645736632867618
equivalent_energy_kwh_per_km_reporting,B009,RF,81,0.4655338650110671,0.019560196216755192,0.43395550224175305,0.47018997440562793,0.49295023863090215
equivalent_energy_kwh_per_km_reporting,B010,Full,81,0.32561267975333963,0.012102404614491495,0.2991613582341451,0.3273244850729965,0.35043215900402425
equivalent_energy_kwh_per_km_reporting,B010,HCS-i,0,,,,,
equivalent_energy_kwh_per_km_reporting,B010,KINO,81,0.44314286320918805,0.0037492431323788507,0.4369988651145986,0.4424963673661471,0.4492855286157538
equivalent_energy_kwh_per_km_reporting,B010,OEAC-i,0,,,,,
equivalent_energy_kwh_per_km_reporting,B010,RF,81,0.48120725219746074,0.037287307317679916,0.43445527396503203,0.47121997800111703,0.5427214795403547
fuel_overestimate_factor_raw_vs_physical,B001,Full,81,0.983235973719798,0.002593788564973773,0.9768989100508908,0.9836793864972841,0.9876602420293142
fuel_overestimate_factor_raw_vs_physical,B001,HCS-i,81,1.0,0.0,1.0,1.0,1.0
fuel_overestimate_factor_raw_vs_physical,B001,KINO,81,1.0,0.0,1.0,1.0,1.0
fuel_overestimate_factor_raw_vs_physical,B001,OEAC-i,81,1.0,0.0,1.0,1.0,1.0
fuel_overestimate_factor_raw_vs_physical,B001,RF,81,1.0,0.0,1.0,1.0,1.0
fuel_overestimate_factor_raw_vs_physical,B002,Full,81,0.9720275235881725,0.013678077317147411,0.9504439456403165,0.9742146089244386,0.9944318425326503
fuel_overestimate_factor_raw_vs_physical,B002,HCS-i,33,1.0,0.0,1.0,1.0,1.0
fuel_overestimate_factor_raw_vs_physical,B002,KINO,81,1.0,0.0,1.0,1.0,1.0
fuel_overestimate_factor_raw_vs_physical,B002,OEAC-i,81,1.0,0.0,1.0,1.0,1.0
fuel_overestimate_factor_raw_vs_physical,B002,RF,81,1.0,0.0,1.0,1.0,1.0
fuel_overestimate_factor_raw_vs_physical,B003,Full,81,0.9805357808505082,0.01042233827125926,0.9504994030817622,0.9839551503972335,0.9919026723181825
fuel_overestimate_factor_raw_vs_physical,B003,HCS-i,60,1.0,0.0,1.0,1.0,1.0
fuel_overestimate_factor_raw_vs_physical,B003,KINO,81,1.0,0.0,1.0,1.0,1.0
fuel_overestimate_factor_raw_vs_physical,B003,OEAC-i,81,1.0,0.0,1.0,1.0,1.0
fuel_overestimate_factor_raw_vs_physical,B003,RF,81,1.0,0.0,1.0,1.0,1.0
fuel_overestimate_factor_raw_vs_physical,B004,Full,81,0.9735339162354484,0.01181978273893522,0.9534509819023665,0.969914787790549,0.9944751381215455
fuel_overestimate_factor_raw_vs_physical,B004,HCS-i,33,1.0,0.0,1.0,1.0,1.0
fuel_overestimate_factor_raw_vs_physical,B004,KINO,81,1.0,0.0,1.0,1.0,1.0
fuel_overestimate_factor_raw_vs_physical,B004,OEAC-i,81,1.0,0.0,1.0,1.0,1.0
fuel_overestimate_factor_raw_vs_physical,B004,RF,81,1.0,0.0,1.0,1.0,1.0
fuel_overestimate_factor_raw_vs_physical,B005,Full,81,0.9827758791045058,0.0025561236528806167,0.9763059309000548,0.9835139999761742,0.9868527221245083
fuel_overestimate_factor_raw_vs_physical,B005,HCS-i,0,,,,,
fuel_overestimate_factor_raw_vs_physical,B005,KINO,81,1.0,0.0,1.0,1.0,1.0
fuel_overestimate_factor_raw_vs_physical,B005,OEAC-i,81,1.0,0.0,1.0,1.0,1.0
fuel_overestimate_factor_raw_vs_physical,B005,RF,81,1.0,0.0,1.0,1.0,1.0
fuel_overestimate_factor_raw_vs_physical,B006,Full,81,0.9747123882381202,0.012220285899284379,0.9515830974155595,0.9817286803732838,0.9941070469756271
fuel_overestimate_factor_raw_vs_physical,B006,HCS-i,60,1.0,0.0,1.0,1.0,1.0
fuel_overestimate_factor_raw_vs_physical,B006,KINO,81,1.0,0.0,1.0,1.0,1.0
fuel_overestimate_factor_raw_vs_physical,B006,OEAC-i,81,1.0,0.0,1.0,1.0,1.0
fuel_overestimate_factor_raw_vs_physical,B006,RF,81,1.0,0.0,1.0,1.0,1.0
fuel_overestimate_factor_raw_vs_physical,B007,Full,81,0.9817979909258406,0.006399019636187509,0.9557890789952614,0.9826681884753881,0.9929876092082113
fuel_overestimate_factor_raw_vs_physical,B007,HCS-i,54,1.0,0.0,1.0,1.0,1.0
fuel_overestimate_factor_raw_vs_physical,B007,KINO,81,1.0,0.0,1.0,1.0,1.0
fuel_overestimate_factor_raw_vs_physical,B007,OEAC-i,75,1.0,0.0,1.0,1.0,1.0
fuel_overestimate_factor_raw_vs_physical,B007,RF,81,1.0,0.0,1.0,1.0,1.0
fuel_overestimate_factor_raw_vs_physical,B008,Full,81,0.9700263983824094,0.013036929686081684,0.9499772569753259,0.9669431818919125,0.9944751381215461
fuel_overestimate_factor_raw_vs_physical,B008,HCS-i,60,1.0,0.0,1.0,1.0,1.0
fuel_overestimate_factor_raw_vs_physical,B008,KINO,81,1.0,0.0,1.0,1.0,1.0
fuel_overestimate_factor_raw_vs_physical,B008,OEAC-i,81,1.0,0.0,1.0,1.0,1.0
fuel_overestimate_factor_raw_vs_physical,B008,RF,81,1.0,0.0,1.0,1.0,1.0
fuel_overestimate_factor_raw_vs_physical,B009,Full,81,0.9728586095898042,0.011307202770508838,0.9523290177952383,0.9672207482526612,0.9944751381215452
fuel_overestimate_factor_raw_vs_physical,B009,HCS-i,33,1.0,0.0,1.0,1.0,1.0
fuel_overestimate_factor_raw_vs_physical,B009,KINO,81,1.0,0.0,1.0,1.0,1.0
fuel_overestimate_factor_raw_vs_physical,B009,OEAC-i,81,1.0,0.0,1.0,1.0,1.0
fuel_overestimate_factor_raw_vs_physical,B009,RF,81,1.0,0.0,1.0,1.0,1.0
fuel_overestimate_factor_raw_vs_physical,B010,Full,81,0.9745211918003802,0.01396226688134404,0.9441797200804226,0.9797662941375769,0.9902592880514771
fuel_overestimate_factor_raw_vs_physical,B010,HCS-i,0,,,,,
fuel_overestimate_factor_raw_vs_physical,B010,KINO,81,1.0,0.0,1.0,1.0,1.0
fuel_overestimate_factor_raw_vs_physical,B010,OEAC-i,0,,,,,
fuel_overestimate_factor_raw_vs_physical,B010,RF,81,1.0,0.0,1.0,1.0,1.0
scenario_target_m_empirical,B001,Full,81,3048.0,0.0,3048.0,3048.0,3048.0
scenario_target_m_empirical,B001,HCS-i,81,3048.0,0.0,3048.0,3048.0,3048.0
scenario_target_m_empirical,B001,KINO,81,3048.0,0.0,3048.0,3048.0,3048.0
scenario_target_m_empirical,B001,OEAC-i,81,3048.0,0.0,3048.0,3048.0,3048.0
scenario_target_m_empirical,B001,RF,81,3048.0,0.0,3048.0,3048.0,3048.0
scenario_target_m_empirical,B002,Full,81,2941.146901833182,0.0,2941.146901833182,2941.146901833182,2941.146901833182
scenario_target_m_empirical,B002,HCS-i,81,2941.146901833182,0.0,2941.146901833182,2941.146901833182,2941.146901833182
scenario_target_m_empirical,B002,KINO,81,2941.146901833182,0.0,2941.146901833182,2941.146901833182,2941.146901833182
scenario_target_m_empirical,B002,OEAC-i,81,2941.146901833182,0.0,2941.146901833182,2941.146901833182,2941.146901833182
scenario_target_m_empirical,B002,RF,81,2941.146901833182,0.0,2941.146901833182,2941.146901833182,2941.146901833182
scenario_target_m_empirical,B003,Full,81,2901.327557337395,0.0,2901.327557337395,2901.327557337395,2901.327557337395
scenario_target_m_empirical,B003,HCS-i,81,2901.327557337395,0.0,2901.327557337395,2901.327557337395,2901.327557337395
scenario_target_m_empirical,B003,KINO,81,2901.327557337395,0.0,2901.327557337395,2901.327557337395,2901.327557337395
scenario_target_m_empirical,B003,OEAC-i,81,2901.327557337395,0.0,2901.327557337395,2901.327557337395,2901.327557337395
scenario_target_m_empirical,B003,RF,81,2901.327557337395,0.0,2901.327557337395,2901.327557337395,2901.327557337395
scenario_target_m_empirical,B004,Full,81,2929.350133329863,0.0,2929.350133329863,2929.350133329863,2929.350133329863
scenario_target_m_empirical,B004,HCS-i,81,2929.350133329863,0.0,2929.350133329863,2929.350133329863,2929.350133329863
scenario_target_m_empirical,B004,KINO,81,2929.350133329863,0.0,2929.350133329863,2929.350133329863,2929.350133329863
scenario_target_m_empirical,B004,OEAC-i,81,2929.350133329863,0.0,2929.350133329863,2929.350133329863,2929.350133329863
scenario_target_m_empirical,B004,RF,81,2929.350133329863,0.0,2929.350133329863,2929.350133329863,2929.350133329863
scenario_target_m_empirical,B005,Full,81,3047.0691123596293,0.0,3047.0691123596293,3047.0691123596293,3047.0691123596293
scenario_target_m_empirical,B005,HCS-i,81,3047.0691123596293,0.0,3047.0691123596293,3047.0691123596293,3047.0691123596293
scenario_target_m_empirical,B005,KINO,81,3047.0691123596293,0.0,3047.0691123596293,3047.0691123596293,3047.0691123596293
scenario_target_m_empirical,B005,OEAC-i,81,3047.0691123596293,0.0,3047.0691123596293,3047.0691123596293,3047.0691123596293
scenario_target_m_empirical,B005,RF,81,3047.0691123596293,0.0,3047.0691123596293,3047.0691123596293,3047.0691123596293
scenario_target_m_empirical,B006,Full,81,2896.3562734587917,0.0,2896.3562734587917,2896.3562734587917,2896.3562734587917
scenario_target_m_empirical,B006,HCS-i,81,2896.3562734587917,0.0,2896.3562734587917,2896.3562734587917,2896.3562734587917
scenario_target_m_empirical,B006,KINO,81,2896.3562734587917,0.0,2896.3562734587917,2896.3562734587917,2896.3562734587917
scenario_target_m_empirical,B006,OEAC-i,81,2896.3562734587917,0.0,2896.3562734587917,2896.3562734587917,2896.3562734587917
scenario_target_m_empirical,B006,RF,81,2896.3562734587917,0.0,2896.3562734587917,2896.3562734587917,2896.3562734587917
scenario_target_m_empirical,B007,Full,81,2993.4451045921646,0.0,2993.4451045921646,2993.4451045921646,2993.4451045921646
scenario_target_m_empirical,B007,HCS-i,81,2993.4451045921646,0.0,2993.4451045921646,2993.4451045921646,2993.4451045921646
scenario_target_m_empirical,B007,KINO,81,2993.4451045921646,0.0,2993.4451045921646,2993.4451045921646,2993.4451045921646
scenario_target_m_empirical,B007,OEAC-i,81,2993.4451045921646,0.0,2993.4451045921646,2993.4451045921646,2993.4451045921646
scenario_target_m_empirical,B007,RF,81,2993.4451045921646,0.0,2993.4451045921646,2993.4451045921646,2993.4451045921646
scenario_target_m_empirical,B008,Full,81,2954.5719309768433,0.0,2954.5719309768433,2954.5719309768433,2954.5719309768433
scenario_target_m_empirical,B008,HCS-i,81,2954.5719309768433,0.0,2954.5719309768433,2954.5719309768433,2954.5719309768433
scenario_target_m_empirical,B008,KINO,81,2954.5719309768433,0.0,2954.5719309768433,2954.5719309768433,2954.5719309768433
scenario_target_m_empirical,B008,OEAC-i,81,2954.5719309768433,0.0,2954.5719309768433,2954.5719309768433,2954.5719309768433
scenario_target_m_empirical,B008,RF,81,2954.5719309768433,0.0,2954.5719309768433,2954.5719309768433,2954.5719309768433
scenario_target_m_empirical,B009,Full,81,2982.399005969109,0.0,2982.399005969109,2982.399005969109,2982.399005969109
scenario_target_m_empirical,B009,HCS-i,81,2982.399005969109,0.0,2982.399005969109,2982.399005969109,2982.399005969109
scenario_target_m_empirical,B009,KINO,81,2982.399005969109,0.0,2982.399005969109,2982.399005969109,2982.399005969109
scenario_target_m_empirical,B009,OEAC-i,81,2982.399005969109,0.0,2982.399005969109,2982.399005969109,2982.399005969109
scenario_target_m_empirical,B009,RF,81,2982.399005969109,0.0,2982.399005969109,2982.399005969109,2982.399005969109
scenario_target_m_empirical,B010,Full,81,2973.2906537567337,0.0,2973.2906537567337,2973.2906537567337,2973.2906537567337
scenario_target_m_empirical,B010,HCS-i,81,2973.2906537567337,0.0,2973.2906537567337,2973.2906537567337,2973.2906537567337
scenario_target_m_empirical,B010,KINO,81,2973.2906537567337,0.0,2973.2906537567337,2973.2906537567337,2973.2906537567337
scenario_target_m_empirical,B010,OEAC-i,81,2973.2906537567337,0.0,2973.2906537567337,2973.2906537567337,2973.2906537567337
scenario_target_m_empirical,B010,RF,81,2973.2906537567337,0.0,2973.2906537567337,2973.2906537567337,2973.2906537567337
completion_ratio,B001,Full,81,0.9990013128782221,0.0009600308972512562,0.9969658621866205,0.999382548152356,1.0
completion_ratio,B001,HCS-i,81,0.6972416806676384,0.002042743448965535,0.6947717109474495,0.6985727756355772,0.6993134357505957
completion_ratio,B001,KINO,81,0.9990017152076105,0.0009598158698260938,0.9969667752209811,0.9993825928648945,1.0
completion_ratio,B001,OEAC-i,81,0.7150345691884671,5.1175410593403655e-05,0.7149619646260543,0.7150701268811012,0.7150710532365249
completion_ratio,B001,RF,81,0.9096786177020598,0.05361008271321859,0.8351771555404988,0.9371037200653717,0.9578100691436615
completion_ratio,B002,Full,81,0.999743859952231,4.037570706505521e-07,0.9997427824150995,0.9997439955576871,0.999744540854654
completion_ratio,B002,HCS-i,81,0.29784024043380053,0.3614492408368852,0.0,0.0,0.7332754051845357
completion_ratio,B002,KINO,81,0.9997457224661691,5.122027393187697e-07,0.9997444929057787,0.9997460126981537,0.9997460646569962
completion_ratio,B002,OEAC-i,81,0.7470693052630824,1.742530453695627e-07,0.7470690475124255,0.747069364086952,0.7470695652054409
completion_ratio,B002,RF,81,0.9754547944455801,0.017074614273479467,0.9629341375922106,0.9634904868127835,1.0
completion_ratio,B003,Full,81,0.9996434855599979,1.6762515751137333e-07,0.9996432132337235,0.9996434440750713,0.9996439291190906
completion_ratio,B003,HCS-i,81,0.5362575933100269,0.31923339810468043,0.0,0.7226086243969343,0.7256855447745868
completion_ratio,B003,KINO,81,0.999645620465264,3.4376910410336496e-07,0.999644760603014,0.9996458161165064,0.9996458495169
completion_ratio,B003,OEAC-i,81,0.7446895249567256,5.33961284668816e-08,0.7446894456764369,0.7446895027330942,0.7446896069757941
completion_ratio,B003,RF,81,0.9432561910218786,0.05113538509086801,0.876113990383372,0.9543690302548538,1.0
completion_ratio,B004,Full,81,0.9999948066300894,1.5274963823220934e-05,0.9999174190540557,0.9999979389705839,0.9999980374554489
completion_ratio,B004,HCS-i,81,0.2955315225792288,0.35864696898162507,0.0,0.0,0.7275416419780945
completion_ratio,B004,KINO,81,0.9999995476471976,6.241526499259019e-07,0.99999808001401,0.9999999254135544,1.0
completion_ratio,B004,OEAC-i,81,0.7435884316321119,1.0520779950422611e-07,0.7435882666479241,0.7435883970519223,0.7435885909098363
completion_ratio,B004,RF,81,0.9319446808694454,0.050595939219930254,0.8788886243890658,0.9175589802171848,0.9999582700662442
completion_ratio,B005,Full,81,0.998819569604101,0.00111653916196947,0.9965163937542071,0.9993819929699005,1.0
completion_ratio,B005,HCS-i,81,0.0,0.0,0.0,0.0,0.0
completion_ratio,B005,KINO,81,0.9987869533420979,0.0011162465415727016,0.9964842940099152,0.9993492054845915,0.9999668158533456
completion_ratio,B005,OEAC-i,81,0.714355580146244,8.532664702148542e-05,0.7142352780582184,0.7144153145198274,0.7144158687820212
completion_ratio,B005,RF,81,0.9262894110091605,0.05637671779068018,0.8482445933908238,0.9515292801316481,0.9799264610763445
completion_ratio,B006,Full,81,0.9996151395757135,2.494339070990977e-07,0.9996146052913217,0.9996151871663657,0.9996156192226098
completion_ratio,B006,HCS-i,81,0.5325395197033155,0.31701973835667746,0.0,0.7177972514540885,0.7202894433638886
completion_ratio,B006,KINO,81,0.9996178217020669,4.593965931184891e-07,0.999616567355724,0.9996180021173945,0.9996180925200462
completion_ratio,B006,OEAC-i,81,0.7386030204311506,9.82840825937892e-08,0.7386028682646326,0.7386029890397053,0.7386031711816609
completion_ratio,B006,RF,81,0.9332386333717869,0.0501360991061314,0.8791579954233693,0.9210913929673841,1.0
completion_ratio,B007,Full,81,0.9999854907023781,4.565399935106886e-05,0.9995833719942961,0.9999935624994841,0.99999899292065
completion_ratio,B007,HCS-i,81,0.48214045365085334,0.3430517252301592,0.0,0.7214531495707196,0.7247760677104506
completion_ratio,B007,KINO,81,0.9999937504767383,7.241226968372223e-06,0.9999792764336395,0.9999988159246662,1.0
completion_ratio,B007,OEAC-i,81,0.6852859256870546,0.1950357936268227,0.0,0.7401089395743182,0.74010907013709
completion_ratio,B007,RF,81,0.94057431465404,0.038563251394347374,0.8860087462978686,0.9674993667770495,0.9681597575424368
completion_ratio,B008,Full,81,0.9995826999018673,1.5707807410117905e-06,0.9995781264736812,0.9995830364028402,0.9995862489364601
completion_ratio,B008,HCS-i,81,0.5345559064353154,0.31822077827837447,0.0,0.7203677768898211,0.7234478860461735
completion_ratio,B008,KINO,81,0.9995853949687638,1.2267831324145435e-06,0.9995820796748107,0.9995861462059413,0.9995863325411208
completion_ratio,B008,OEAC-i,81,0.7354032332738948,2.0932742065692476e-05,0.7353435232575881,0.7354096416214363,0.7354135797998362
completion_ratio,B008,RF,81,0.9480085496399221,0.04744679538648597,0.8848889929864352,0.9593979199884892,1.0
completion_ratio,B009,Full,81,0.9999951260159214,2.8727069721500937e-06,0.9999890154589296,0.9999963304073229,0.9999999162675468
completion_ratio,B009,HCS-i,81,0.2920154868261331,0.35437952866494477,0.0,0.0,0.7186807411519593
completion_ratio,B009,KINO,81,0.9999978811790132,2.916771242854641e-06,0.9999907845834307,0.99999946985048,1.0
completion_ratio,B009,OEAC-i,81,0.7359348136610707,2.7223742987434357e-05,0.7358698501004302,0.7359461939731008,0.7359471275714163
completion_ratio,B009,RF,81,0.9535304875322972,0.03225848243718786,0.9197499492042135,0.9424799985921999,0.9980941131769746
completion_ratio,B010,Full,81,0.9913704000264685,0.0019344625151585227,0.9887746146677912,0.9927381705854047,0.993014804548316
completion_ratio,B010,HCS-i,81,0.0,0.0,0.0,0.0,0.0
completion_ratio,B010,KINO,81,0.9914786575655647,0.001894480121880545,0.9887998356087575,0.9927387298239411,0.9930143078027485
completion_ratio,B010,OEAC-i,81,0.0,0.0,0.0,0.0,0.0
completion_ratio,B010,RF,81,0.9410324681572995,0.046401114948212877,0.8860372045322015,0.9380249135255571,1.0
fuel_g_reporting_adj,B001,Full,81,78.70755629957215,5.821570179844346,59.37519133681066,79.53173343725547,88.49346181369695
fuel_g_reporting_adj,B001,HCS-i,81,97.89083333333306,3.188439714421423,91.8574999999998,98.64499999999973,102.26499999999967
fuel_g_reporting_adj,B001,KINO,81,109.68482237367641,0.9431464981568577,108.5999999999996,109.21850281928329,111.32773531625223
fuel_g_reporting_adj,B001,OEAC-i,81,102.14739437599212,0.3248240428479154,101.8354639054792,101.99919994113944,102.90288416037687
fuel_g_reporting_adj,B001,RF,81,109.62044261199779,1.1073490238281016,108.14749999999961,109.78633734513939,112.17827510058184
fuel_g_reporting_adj,B002,Full,81,56.812249281668876,6.029614597939996,50.22124176086434,53.77744676229132,68.72795649222911
fuel_g_reporting_adj,B002,HCS-i,81,108.59647963785791,9.931067965984921,91.4049999999998,116.5410906388854,116.5410906388854
fuel_g_reporting_adj,B002,KINO,81,108.5999999999996,0.0,108.5999999999996,108.5999999999996,108.5999999999996
fuel_g_reporting_adj,B002,OEAC-i,81,102.53172396323343,0.34008266192365466,102.31792476682233,102.31914266692604,103.36017691559525
fuel_g_reporting_adj,B002,RF,81,110.25208602963548,1.0203522474021558,108.60062828637895,110.55687861456092,112.33053070593648
fuel_g_reporting_adj,B003,Full,81,57.228685721405455,6.760229390272561,50.12257218620631,54.16193476811843,71.4536868464633
fuel_g_reporting_adj,B003,HCS-i,81,103.25120868415527,8.048883689647786,96.38249999999975,99.09749999999971,116.5410906388854
fuel_g_reporting_adj,B003,KINO,81,108.5999999999996,0.0,108.5999999999996,108.5999999999996,108.5999999999996
fuel_g_reporting_adj,B003,OEAC-i,81,101.80951624280563,0.3919239966231105,101.22236745777411,101.67357015426263,102.60966870992405
fuel_g_reporting_adj,B003,RF,81,111.43092124927895,1.3577272838705858,109.29982785594417,111.61641462935444,114.5518540246098
fuel_g_reporting_adj,B004,Full,81,57.29778966764435,6.310106673461191,48.896119955573404,54.447684481991296,70.01658408549109
fuel_g_reporting_adj,B004,HCS-i,81,109.26685000822827,8.971339696373702,96.38249999999975,116.5410906388854,116.5410906388854
fuel_g_reporting_adj,B004,KINO,81,108.60719080239436,0.03689449279767695,108.5999999999996,108.5999999999996,108.79415166465839
fuel_g_reporting_adj,B004,OEAC-i,81,102.62038378073265,0.39019845053617525,102.01051640047626,102.46174845600504,103.47393834402615
fuel_g_reporting_adj,B004,RF,81,110.11441710632266,1.3284652763533131,108.14749999999961,109.8829569681028,112.66497305199918
fuel_g_reporting_adj,B005,Full,81,76.63917463908633,7.709736144527263,60.21374660079874,79.78810121586315,86.7474651961864
fuel_g_reporting_adj,B005,HCS-i,81,116.5410906388854,0.0,116.5410906388854,116.5410906388854,116.5410906388854
fuel_g_reporting_adj,B005,KINO,81,109.05978968735543,1.0815806150162013,107.75814616544467,108.62810405239327,110.88466670612999
fuel_g_reporting_adj,B005,OEAC-i,81,101.61857647868705,0.40754758760702336,100.92612291155554,101.49706983010424,102.4716144232532
fuel_g_reporting_adj,B005,RF,81,109.518372827023,1.0952048241700993,108.14749999999961,109.01692706131533,111.45826467308447
fuel_g_reporting_adj,B006,Full,81,55.681742242293694,7.037536028401567,49.33992789953995,52.39284776843294,70.67698043041146
fuel_g_reporting_adj,B006,HCS-i,81,103.16741238785897,7.998100693472917,97.28749999999974,98.64499999999973,116.5410906388854
fuel_g_reporting_adj,B006,KINO,81,108.82185706996663,0.6314162904964565,108.5999999999996,108.5999999999996,110.59671362970293
fuel_g_reporting_adj,B006,OEAC-i,81,101.41080210846825,0.39016817109971086,100.8246591630857,101.27575359211701,102.20236276793781
fuel_g_reporting_adj,B006,RF,81,111.4460899946755,1.8585034461999759,108.95194846124127,111.66758121702088,114.77867259435445
fuel_g_reporting_adj,B007,Full,81,63.90615408705684,9.495515759843997,52.861149556184515,60.06247545802174,80.60795079325437
fuel_g_reporting_adj,B007,HCS-i,81,104.54332650925792,8.60603483376306,97.28749999999974,99.09749999999971,116.5410906388854
fuel_g_reporting_adj,B007,KINO,81,106.99239815981154,1.8233577687197318,104.62036580255906,108.5999999999996,108.5999999999996
fuel_g_reporting_adj,B007,OEAC-i,81,102.58486363751899,3.98980542717055,100.83601006213853,101.30907472612802,116.5410906388854
fuel_g_reporting_adj,B007,RF,81,110.62352426881246,1.3096264841147507,108.51596557088067,110.86716047355702,113.6716692622114
fuel_g_reporting_adj,B008,Full,81,57.063932981869065,6.944628666612569,50.513951307284806,54.301608361002266,77.75466189489954
fuel_g_reporting_adj,B008,HCS-i,81,102.32944942489601,8.470332349792503,96.83499999999974,97.28749999999974,116.5410906388854
fuel_g_reporting_adj,B008,KINO,81,108.33185185185145,0.7665094154853969,105.88499999999964,108.5999999999996,108.5999999999996
fuel_g_reporting_adj,B008,OEAC-i,81,100.17803504915064,0.3781875460232992,99.6224673190144,100.05906496394518,101.12209212324139
fuel_g_reporting_adj,B008,RF,81,110.80626293929448,1.3846409480906456,108.9954305459751,111.00807754476321,113.52343517887483
fuel_g_reporting_adj,B009,Full,81,58.33246782133431,8.183632132493518,51.17991535996998,54.52653243017611,88.76251164777587
fuel_g_reporting_adj,B009,HCS-i,81,108.52204171220608,9.77283250021871,94.11999999999978,116.5410906388854,116.5410906388854
fuel_g_reporting_adj,B009,KINO,81,107.84583333333293,1.4237580113909598,104.97999999999965,108.5999999999996,108.5999999999996
fuel_g_reporting_adj,B009,OEAC-i,81,100.0922960720094,0.5264193721994533,99.31482487085741,99.7837723527646,101.23213030839942
fuel_g_reporting_adj,B009,RF,81,110.14202583631557,1.1883098705524644,108.14749999999961,109.87503568890861,112.29292144784172
fuel_g_reporting_adj,B010,Full,81,66.56517797504549,1.9264899454691722,63.65880614594366,65.97727471481477,70.54903588145842
fuel_g_reporting_adj,B010,HCS-i,81,116.5410906388854,0.0,116.5410906388854,116.5410906388854,116.5410906388854
fuel_g_reporting_adj,B010,KINO,81,107.99430435780909,0.6227828522040797,107.05109667988832,108.11771226518908,108.98600935032222
fuel_g_reporting_adj,B010,OEAC-i,81,116.5410906388854,0.0,116.5410906388854,116.5410906388854,116.5410906388854
fuel_g_reporting_adj,B010,RF,81,111.08828536762422,2.367676631974825,108.14749999999961,110.75805011939822,116.5410906388854
fuel_energy_kwh_reporting_adj,B001,Full,81,0.940118033578223,0.0695354215925854,0.7092036743007939,0.9499623716116626,1.057005238330269
fuel_energy_kwh_reporting_adj,B001,HCS-i,81,1.1692516203703671,0.03808414103336704,1.0971868055555531,1.1782597222222189,1.2214986111111072
fuel_energy_kwh_reporting_adj,B001,KINO,81,1.310124267241135,0.011265360950206905,1.297166666666662,1.304554339230328,1.3297479496107905
fuel_energy_kwh_reporting_adj,B001,OEAC-i,81,1.2200938772687948,0.0038798427340168864,1.2163680410932238,1.2183237770747213,1.2291177830267237
fuel_energy_kwh_reporting_adj,B001,RF,81,1.3093552867544183,0.013226668895724679,1.2917618055555509,1.3113368071780538,1.3399071748125053
fuel_energy_kwh_reporting_adj,B002,Full,81,0.6785907553088227,0.07202039658650551,0.5998648321436574,0.6423417252162575,0.8209172581016255
fuel_energy_kwh_reporting_adj,B002,HCS-i,81,1.297124617896636,0.11862108959370854,1.091781944444442,1.3920185826311309,1.3920185826311309
fuel_energy_kwh_reporting_adj,B002,KINO,81,1.297166666666662,0.0,1.297166666666662,1.297166666666662,1.297166666666662
fuel_energy_kwh_reporting_adj,B002,OEAC-i,81,1.224684480671955,0.004062098461865783,1.2221307680481557,1.2221453151882833,1.2345798909362764
fuel_energy_kwh_reporting_adj,B002,RF,81,1.3168999164650903,0.012187540732859195,1.2971741711984153,1.320540494562811,1.341725783432019
fuel_energy_kwh_reporting_adj,B003,Full,81,0.6835648572278985,0.08074718438381116,0.5986862788907976,0.6469342208414146,0.8534745928883116
fuel_energy_kwh_reporting_adj,B003,HCS-i,81,1.2332783259496323,0.09613944407079265,1.1512354166666636,1.18366458333333,1.3920185826311309
fuel_energy_kwh_reporting_adj,B003,KINO,81,1.297166666666662,0.0,1.297166666666662,1.297166666666662,1.297166666666662
fuel_energy_kwh_reporting_adj,B003,OEAC-i,81,1.2160581106779562,0.00468131440410943,1.2090449446345242,1.214434310175915,1.2256154873685374
fuel_energy_kwh_reporting_adj,B003,RF,81,1.3309804482552765,0.016217298112898647,1.3055257216126666,1.3331960636284004,1.3682582564050614
fuel_energy_kwh_reporting_adj,B004,Full,81,0.6843902654746409,0.07537071859967535,0.5840369883582379,0.6503473424237849,0.8363091987989214
fuel_energy_kwh_reporting_adj,B004,HCS-i,81,1.3051318195427264,0.10715766859557468,1.1512354166666636,1.3920185826311309,1.3920185826311309
fuel_energy_kwh_reporting_adj,B004,KINO,81,1.2972525568063773,0.00044068421952775155,1.297166666666662,1.297166666666662,1.299485700438975
fuel_energy_kwh_reporting_adj,B004,OEAC-i,81,1.2257434729365289,0.004660703714737516,1.2184589458945776,1.2238486621133937,1.2359387079980901
fuel_energy_kwh_reporting_adj,B004,RF,81,1.3152555376588542,0.015867779689775763,1.2917618055555509,1.3124908748967836,1.3457205114544346
fuel_energy_kwh_reporting_adj,B005,Full,81,0.9154123637446424,0.09208851505963118,0.7192197510650961,0.9530245423005875,1.0361502787322263
fuel_energy_kwh_reporting_adj,B005,HCS-i,81,1.3920185826311309,0.0,1.3920185826311309,1.3920185826311309,1.3920185826311309
fuel_energy_kwh_reporting_adj,B005,KINO,81,1.302658599043412,0.012918879568249319,1.287111190309478,1.2975023539591417,1.3244557412121083
fuel_energy_kwh_reporting_adj,B005,OEAC-i,81,1.2137774412732065,0.004867929518639444,1.2055064681102468,1.2123261118595785,1.22396650561108
fuel_energy_kwh_reporting_adj,B005,RF,81,1.3081361198783303,0.013081613177587275,1.2917618055555509,1.302146628787933,1.331307050261842
fuel_energy_kwh_reporting_adj,B006,Full,81,0.6650874767829525,0.08405945811701873,0.5893380276889494,0.6258034594562824,0.8441972662521369
fuel_energy_kwh_reporting_adj,B006,HCS-i,81,1.232277425743871,0.0955328693942596,1.1620451388888857,1.1782597222222189,1.3920185826311309
fuel_energy_kwh_reporting_adj,B006,KINO,81,1.2998166261134905,0.007541916803152088,1.297166666666662,1.297166666666662,1.3210163016881182
fuel_energy_kwh_reporting_adj,B006,OEAC-i,81,1.2112956918511484,0.0046603420436908925,1.2042945400035237,1.2096826123502866,1.2207504441725905
fuel_energy_kwh_reporting_adj,B006,RF,81,1.3311616304919571,0.022198791162944057,1.3013704955092709,1.3338072200921938,1.3709674782103447
fuel_energy_kwh_reporting_adj,B007,Full,81,0.7633235071509568,0.11341866046480334,0.631397064143315,0.7174129013041485,0.9628171900305383
fuel_energy_kwh_reporting_adj,B007,HCS-i,81,1.248711955527247,0.10279430495883626,1.1620451388888857,1.18366458333333,1.3920185826311309
fuel_energy_kwh_reporting_adj,B007,KINO,81,1.277964755797749,0.021778995570818933,1.2496321470861222,1.297166666666662,1.297166666666662
fuel_energy_kwh_reporting_adj,B007,OEAC-i,81,1.2253192045592547,0.047656009268981454,1.2044301201866547,1.2100806147843068,1.3920185826311309
fuel_energy_kwh_reporting_adj,B007,RF,81,1.3213365398774821,0.01564276078248179,1.2961629220966302,1.3242466389897087,1.3577449384097473
fuel_energy_kwh_reporting_adj,B008,Full,81,0.6815969772834362,0.08294973129565013,0.6033610850592352,0.6486025443119715,0.928736239300189
fuel_energy_kwh_reporting_adj,B008,HCS-i,81,1.2222684236862578,0.10117341417807713,1.1566402777777747,1.1620451388888857,1.3920185826311309
fuel_energy_kwh_reporting_adj,B008,KINO,81,1.2939637860082256,0.009155529129408816,1.2647374999999956,1.297166666666662,1.297166666666662
fuel_energy_kwh_reporting_adj,B008,OEAC-i,81,1.1965709741981883,0.004517240133056,1.1899350263104498,1.1951499426249006,1.2078472114720498
fuel_energy_kwh_reporting_adj,B008,RF,81,1.3235192517749064,0.01653876687997137,1.3018898648547026,1.325929815118005,1.3559743646365605
fuel_energy_kwh_reporting_adj,B009,Full,81,0.6967489211992709,0.09774893936033924,0.6113156556885304,0.6512891373604369,1.0602188891262116
fuel_energy_kwh_reporting_adj,B009,HCS-i,81,1.296235498229128,0.11673105486372329,1.1242111111111084,1.3920185826311309,1.3920185826311309
fuel_energy_kwh_reporting_adj,B009,KINO,81,1.2881585648148102,0.017005998469392155,1.2539277777777735,1.297166666666662,1.297166666666662
fuel_energy_kwh_reporting_adj,B009,OEAC-i,81,1.1955468697490013,0.00628778694571572,1.1862604081796857,1.1918617253246884,1.2091615564614373
fuel_energy_kwh_reporting_adj,B009,RF,81,1.3155853086004359,0.014193701231598603,1.2917618055555509,1.3123962596175194,1.3412765617381095
fuel_energy_kwh_reporting_adj,B010,Full,81,0.7950840702574877,0.02301085212643733,0.7603690734098826,0.7880618924269542,0.8426690396951977
fuel_energy_kwh_reporting_adj,B010,HCS-i,81,1.3920185826311309,0.0,1.3920185826311309,1.3920185826311309,1.3920185826311309
fuel_energy_kwh_reporting_adj,B010,KINO,81,1.289931968718275,0.007438795179104172,1.2786658770097772,1.2914060076119807,1.3017773339066265
fuel_energy_kwh_reporting_adj,B010,OEAC-i,81,1.3920185826311309,0.0,1.3920185826311309,1.3920185826311309,1.3920185826311309
fuel_energy_kwh_reporting_adj,B010,RF,81,1.3268878530021782,0.02828058199303291,1.2917618055555509,1.3229433764261456,1.3920185826311309
battery_used_kwh_reporting_adj,B001,Full,81,0.10802454916736691,0.008650210457477318,0.09066671275874065,0.10716161702909253,0.13148836738831107
battery_used_kwh_reporting_adj,B001,HCS-i,81,0.0,0.0,0.0,0.0,0.0
battery_used_kwh_reporting_adj,B001,KINO,81,0.004227843973782307,0.0030651248619322697,0.0,0.003260042646549352,0.009596920657171276
battery_used_kwh_reporting_adj,B001,OEAC-i,81,0.027224707429273107,0.0009009471545281566,0.02654199895173964,0.026545395776022773,0.029293875450948758
battery_used_kwh_reporting_adj,B001,RF,81,0.029843082074212556,0.039053210069919304,0.0,0.004651592990395343,0.08602222201411013
battery_used_kwh_reporting_adj,B002,Full,81,0.1376026009897777,0.029436810688317713,0.07859131592488389,0.13159795037872987,0.17698671603597627
battery_used_kwh_reporting_adj,B002,HCS-i,81,0.1233458020563142,0.10290480219316633,0.0,0.20814162823218438,0.20814162823218438
battery_used_kwh_reporting_adj,B002,KINO,81,0.0002985205264693752,0.0008496043127602276,0.0,0.0,0.0026866847382297364
battery_used_kwh_reporting_adj,B002,OEAC-i,81,0.02654603671925408,0.0003446253461572045,0.02642237036406966,0.02642576185911413,0.027575422890141657
battery_used_kwh_reporting_adj,B002,RF,81,0.0115643599819893,0.005828655718785281,0.0039286488889711925,0.009041914223175152,0.022453500714305907
battery_used_kwh_reporting_adj,B003,Full,81,0.11484972800367901,0.02406707819211861,0.08536677854488856,0.10904713324856005,0.18249999632205025
battery_used_kwh_reporting_adj,B003,HCS-i,81,0.05396264435649225,0.09178183096373674,0.0,0.0,0.20814162823218438
battery_used_kwh_reporting_adj,B003,KINO,81,0.0,0.0,0.0,0.0,0.0
battery_used_kwh_reporting_adj,B003,OEAC-i,81,0.019950940277785933,0.00025363787980419616,0.019858523705905497,0.019865154068480325,0.02076834217157283
battery_used_kwh_reporting_adj,B003,RF,81,0.03592178290339248,0.030932990756943182,0.0053491884283936005,0.02015787118864425,0.08392503648379097
battery_used_kwh_reporting_adj,B004,Full,81,0.13083850730775334,0.024182561299137182,0.07474321856733497,0.1414635825229648,0.16913282904481874
battery_used_kwh_reporting_adj,B004,HCS-i,81,0.1233431871005537,0.1029079752264769,0.0,0.20814162823218438,0.20814162823218438
battery_used_kwh_reporting_adj,B004,KINO,81,0.00042469900664209996,0.0010836837457499288,0.0,0.0,0.0044374008733224085
battery_used_kwh_reporting_adj,B004,OEAC-i,81,0.023811800401515565,0.0003248597310092316,0.02369214428121402,0.023699082964862433,0.024782739875548274
battery_used_kwh_reporting_adj,B004,RF,81,0.032462313434545205,0.03378457859661387,0.0,0.015454260242690674,0.0848786262058651
battery_used_kwh_reporting_adj,B005,Full,81,0.10948000216495579,0.007676583331868816,0.09492878311126943,0.10716161018264571,0.13009086385323063
battery_used_kwh_reporting_adj,B005,HCS-i,81,0.20814162823218435,0.0,0.20814162823218438,0.20814162823218438,0.20814162823218438
battery_used_kwh_reporting_adj,B005,KINO,81,0.006124161632523278,0.003356591629469988,0.001315227092831194,0.004991962878790698,0.011823080421333485
battery_used_kwh_reporting_adj,B005,OEAC-i,81,0.029649752822647046,0.000808073012061543,0.02848158818197017,0.030055681030015446,0.031050286442117454
battery_used_kwh_reporting_adj,B005,RF,81,0.02802601343895427,0.03573967543811042,0.0,0.005685169511905068,0.08292843376882654
battery_used_kwh_reporting_adj,B006,Full,81,0.12491155015522638,0.02404806620477377,0.08109129152590229,0.12094814584527196,0.16845536487956467
battery_used_kwh_reporting_adj,B006,HCS-i,81,0.05396264435649225,0.09178183096373674,0.0,0.0,0.20814162823218438
battery_used_kwh_reporting_adj,B006,KINO,81,0.0011472845501886173,0.0032652290726260143,0.0,0.0,0.010325560951697557
battery_used_kwh_reporting_adj,B006,OEAC-i,81,0.022119507701086956,0.00024578756977045377,0.02202879273495424,0.022037201747126926,0.02291872957894458
battery_used_kwh_reporting_adj,B006,RF,81,0.034657816567743166,0.027207326290671068,0.004552177089748972,0.024632779002435164,0.0757269545936374
battery_used_kwh_reporting_adj,B007,Full,81,0.12050246853187441,0.024216656774526186,0.0661514508218829,0.11286597157124759,0.1780016440468843
battery_used_kwh_reporting_adj,B007,HCS-i,81,0.06938227165893747,0.09872901320590184,0.0,0.0,0.20814162823218438
battery_used_kwh_reporting_adj,B007,KINO,81,0.004359521810778424,0.005060185318066076,0.0,0.00094440139729364,0.012987957848757494
battery_used_kwh_reporting_adj,B007,OEAC-i,81,0.03845954742014116,0.04829349698424733,0.02477894354487032,0.0247823923297693,0.20814162823218438
battery_used_kwh_reporting_adj,B007,RF,81,0.026637055899524226,0.02359727701814783,0.0038047727017173783,0.015230182444493727,0.06110840367088367
battery_used_kwh_reporting_adj,B008,Full,81,0.13951314570537915,0.03030391238965974,0.0630191017586732,0.14105449501618217,0.20000006211485846
battery_used_kwh_reporting_adj,B008,HCS-i,81,0.05396264435649225,0.09178183096373674,0.0,0.0,0.20814162823218438
battery_used_kwh_reporting_adj,B008,KINO,81,0.0008664526566246198,0.0016546145659915457,0.0,0.0,0.005577909288448261
battery_used_kwh_reporting_adj,B008,OEAC-i,81,0.029662569214654447,0.0003267473972605057,0.029066168373474584,0.029583862216046322,0.030727105732156142
battery_used_kwh_reporting_adj,B008,RF,81,0.013338658954891945,0.007979073953849737,0.003425973936731016,0.011059054779298905,0.028008752180817085
battery_used_kwh_reporting_adj,B009,Full,81,0.1381509876995713,0.031225570258583978,0.05373937789041659,0.15229312320840777,0.19252795170626855
battery_used_kwh_reporting_adj,B009,HCS-i,81,0.12340110812639425,0.10283808997429499,0.0,0.20814162823218438,0.20814162823218438
battery_used_kwh_reporting_adj,B009,KINO,81,0.002243403220254623,0.0038302522896590412,0.0,0.0,0.01122304294408193
battery_used_kwh_reporting_adj,B009,OEAC-i,81,0.028893371407157267,0.0004175662510692545,0.028071523388846286,0.028921796255833694,0.030012483987427962
battery_used_kwh_reporting_adj,B009,RF,81,0.00651461218739642,0.0039471907371021984,0.0,0.006472183655479458,0.013675793750585322
battery_used_kwh_reporting_adj,B010,Full,81,0.16466204233802995,0.028176764330875723,0.099595209140344,0.16626423214990013,0.20814162823218438
battery_used_kwh_reporting_adj,B010,HCS-i,81,0.20814162823218435,0.0,0.20814162823218438,0.20814162823218438,0.20814162823218438
battery_used_kwh_reporting_adj,B010,KINO,81,0.016419855738855668,0.0036039225399092456,0.011582082329000072,0.014987280194789494,0.022502991612913116
battery_used_kwh_reporting_adj,B010,OEAC-i,81,0.20814162823218435,0.0,0.20814162823218438,0.20814162823218438,0.20814162823218438
battery_used_kwh_reporting_adj,B010,RF,81,0.014581844784325003,0.013624682032733381,0.0,0.008378102297522536,0.037751923759463
equivalent_energy_kwh_reporting_adj,B001,Full,81,1.04814258274559,0.0636375229815645,0.8406920416891049,1.0586170842706704,1.1512750257197797
equivalent_energy_kwh_reporting_adj,B001,HCS-i,81,1.1692516203703671,0.03808414103336704,1.0971868055555531,1.1782597222222189,1.2214986111111072
equivalent_energy_kwh_reporting_adj,B001,KINO,81,1.3143521112149172,0.014306779540087522,1.297166666666662,1.3078143818768773,1.3393448702679618
equivalent_energy_kwh_reporting_adj,B001,OEAC-i,81,1.247318584698068,0.003968471727253905,1.2447077079151885,1.2448687391197952,1.2571014002495722
equivalent_energy_kwh_reporting_adj,B001,RF,81,1.3391983688286309,0.04789660038107576,1.2917618055555509,1.3174424576811503,1.4259293968266156
equivalent_energy_kwh_reporting_adj,B002,Full,81,0.8161933562986003,0.060600648422817226,0.724753522048685,0.8081137290294744,0.9413756865772474
equivalent_energy_kwh_reporting_adj,B002,HCS-i,81,1.3227102442629397,0.13943229716566785,1.091816536026954,1.4351899143864224,1.4351899143864224
equivalent_energy_kwh_reporting_adj,B002,KINO,81,1.2974651871931313,0.0008496043127602694,1.297166666666662,1.297166666666662,1.2998533514048918
equivalent_energy_kwh_reporting_adj,B002,OEAC-i,81,1.2512305173912088,0.004354160965730792,1.2485548457238127,1.2485722477500139,1.262155313826418
equivalent_energy_kwh_reporting_adj,B002,RF,81,1.3284642764470798,0.016198437825440545,1.3011028200873864,1.329582408785986,1.3641792841463252
equivalent_energy_kwh_reporting_adj,B003,Full,81,0.7984145852315776,0.08494482543159676,0.7035845631692781,0.7933657750940307,0.982451067112291
equivalent_energy_kwh_reporting_adj,B003,HCS-i,81,1.2444708934417448,0.11490444329397877,1.1512354166666636,1.18366458333333,1.4351899143864224
equivalent_energy_kwh_reporting_adj,B003,KINO,81,1.297166666666662,0.0,1.297166666666662,1.297166666666662,1.297166666666662
equivalent_energy_kwh_reporting_adj,B003,OEAC-i,81,1.236009050955742,0.004860076851207648,1.228913362380605,1.2342994672033873,1.2463838295401102
equivalent_energy_kwh_reporting_adj,B003,RF,81,1.366902231158669,0.038681703406690894,1.3108749100410602,1.3587407594188476,1.4226949156978645
equivalent_energy_kwh_reporting_adj,B004,Full,81,0.8152287727823943,0.061187864451898895,0.7137001397039234,0.8067557988477847,0.9447368752856314
equivalent_energy_kwh_reporting_adj,B004,HCS-i,81,1.3307148309532697,0.1282168998054912,1.1512354166666636,1.4351899143864224,1.4351899143864224
equivalent_energy_kwh_reporting_adj,B004,KINO,81,1.2976772558130194,0.0014375299573130818,1.297166666666662,1.297166666666662,1.3039231013122974
equivalent_energy_kwh_reporting_adj,B004,OEAC-i,81,1.2495552733380444,0.0049082767492321,1.2421629499428657,1.2475497923270378,1.2607214478736384
equivalent_energy_kwh_reporting_adj,B004,RF,81,1.3477178510933994,0.0395731017770942,1.2917618055555509,1.346134566885134,1.4241625485155731
equivalent_energy_kwh_reporting_adj,B005,Full,81,1.0248923659095983,0.0864959200572845,0.8493106149183267,1.060193252020187,1.1341959594814686
equivalent_energy_kwh_reporting_adj,B005,HCS-i,81,1.4351899143864224,0.0,1.4351899143864224,1.4351899143864224,1.4351899143864224
equivalent_energy_kwh_reporting_adj,B005,KINO,81,1.3087827606759352,0.016258300234686558,1.2884264174023092,1.3024943168379326,1.3362788216334418
equivalent_energy_kwh_reporting_adj,B005,OEAC-i,81,1.2434271940958534,0.00537828745314015,1.2339944105037095,1.2423825391078898,1.2550167920531974
equivalent_energy_kwh_reporting_adj,B005,RF,81,1.3361621333172846,0.040166093304239925,1.2917618055555509,1.3238055968614315,1.4134396370319497
equivalent_energy_kwh_reporting_adj,B006,Full,81,0.7899990269381788,0.08131662461253059,0.6927383934231363,0.7680255052194267,0.9596553947032092
equivalent_energy_kwh_reporting_adj,B006,HCS-i,81,1.2434699932359836,0.11449651902764611,1.1620451388888857,1.1782597222222189,1.4351899143864224
equivalent_energy_kwh_reporting_adj,B006,KINO,81,1.300963910663679,0.010807145875778157,1.297166666666662,1.297166666666662,1.331341862639816
equivalent_energy_kwh_reporting_adj,B006,OEAC-i,81,1.2334151995522353,0.00483146776993875,1.226335025101655,1.2317198140974135,1.243669173751535
equivalent_energy_kwh_reporting_adj,B006,RF,81,1.3658194470597005,0.03751562365721638,1.3059226725990198,1.3786501161303346,1.4351899143864224
equivalent_energy_kwh_reporting_adj,B007,Full,81,0.8838259756828312,0.10194707255344997,0.7375196893404232,0.8606301156241039,1.06447502150987
equivalent_energy_kwh_reporting_adj,B007,HCS-i,81,1.2631041283605537,0.12313289709792713,1.1620451388888857,1.18366458333333,1.4351899143864224
equivalent_energy_kwh_reporting_adj,B007,KINO,81,1.2823242776085275,0.0171925569220032,1.2586374813638612,1.297166666666662,1.2981110680639558
equivalent_energy_kwh_reporting_adj,B007,OEAC-i,81,1.2515587300181445,0.0524757289199488,1.229214672560151,1.2348747791324166,1.4351899143864224
equivalent_energy_kwh_reporting_adj,B007,RF,81,1.3479735957770065,0.03496431888883153,1.300766672808259,1.3410839398692715,1.4132801644606536
equivalent_energy_kwh_reporting_adj,B008,Full,81,0.8211101229888152,0.06576064772627174,0.7396780843293803,0.793545029300871,1.0385312586314215
equivalent_energy_kwh_reporting_adj,B008,HCS-i,81,1.2334609911783705,0.12019083573255372,1.1566402777777747,1.1620451388888857,1.4351899143864224
equivalent_energy_kwh_reporting_adj,B008,KINO,81,1.2948302386648505,0.007619710036187309,1.2694699808396257,1.297166666666662,1.2986877297178225
equivalent_energy_kwh_reporting_adj,B008,OEAC-i,81,1.2262335434128424,0.004731687142858122,1.2194976523680587,1.2247338595728572,1.2385743172042059
equivalent_energy_kwh_reporting_adj,B008,RF,81,1.3368579107297984,0.023823185431027665,1.3087210296318423,1.336790922525797,1.3839831168173775
equivalent_energy_kwh_reporting_adj,B009,Full,81,0.8348999088988421,0.08144044484989123,0.768474833061856,0.7971329649121531,1.1139582670166284
equivalent_energy_kwh_reporting_adj,B009,HCS-i,81,1.3218764306655117,0.13793995127701827,1.1242111111111084,1.4351899143864224,1.4351899143864224
equivalent_energy_kwh_reporting_adj,B009,KINO,81,1.2904019680350647,0.01337358835958377,1.2651508207218518,1.297166666666662,1.299466697978604
equivalent_energy_kwh_reporting_adj,B009,OEAC-i,81,1.2244402411561586,0.006462648157654606,1.2151892859561095,1.2205855655126574,1.2391740404488654
equivalent_energy_kwh_reporting_adj,B009,RF,81,1.3220999207878323,0.0180684695627396,1.2917618055555509,1.318868443272999,1.354952355488695
equivalent_energy_kwh_reporting_adj,B010,Full,81,0.9597461125955177,0.03460179291363523,0.8832803829334611,0.9637398879353937,1.0303321106927636
equivalent_energy_kwh_reporting_adj,B010,HCS-i,81,1.4351899143864224,0.0,1.4351899143864224,1.4351899143864224,1.4351899143864224
equivalent_energy_kwh_reporting_adj,B010,KINO,81,1.3063518244571306,0.009686342641207248,1.2902479593387772,1.3061168758027735,1.3209771067285372
equivalent_energy_kwh_reporting_adj,B010,OEAC-i,81,1.4351899143864224,0.0,1.4351899143864224,1.4351899143864224,1.4351899143864224
equivalent_energy_kwh_reporting_adj,B010,RF,81,1.341469697786503,0.041432649637291895,1.2917618055555509,1.331216975459421,1.4297705063905939
equivalent_energy_kwh_per_km_reporting_adj,B001,Full,81,0.34423360249965174,0.02107195308194133,0.27581759897936514,0.34754263179015027,0.37886442442146046
equivalent_energy_kwh_per_km_reporting_adj,B001,HCS-i,81,0.5501632173164162,0.017139417484834867,0.5179194211738967,0.5528235246683505,0.5736755732271831
equivalent_energy_kwh_per_km_reporting_adj,B001,KINO,81,0.43165355526712273,0.005108515219805854,0.4255796150481174,0.4293380363003427,0.440754515874646
equivalent_energy_kwh_per_km_reporting_adj,B001,OEAC-i,81,0.5723153499422248,0.0018214246227723928,0.5711588519475452,0.5711748574669322,0.5768626346679587
equivalent_energy_kwh_per_km_reporting_adj,B001,RF,81,0.48572414042847384,0.04721449063698783,0.44247432795417513,0.457298955589581,0.5600360677640618
equivalent_energy_kwh_per_km_reporting_adj,B002,Full,81,0.2775796314493665,0.020609719576547236,0.24648177233825533,0.2748318920331837,0.32015295756452083
equivalent_energy_kwh_per_km_reporting_adj,B002,HCS-i,81,0.5687001733114793,0.027858557131497978,0.5091127495845502,0.5890819650186198,0.5890819650186198
equivalent_energy_kwh_per_km_reporting_adj,B002,KINO,81,0.44125479992565525,0.00028913524134318214,0.4411531249891091,0.44115314791673815,0.44206753400463755
equivalent_energy_kwh_per_km_reporting_adj,B002,OEAC-i,81,0.5694554040946888,0.001981754459187032,0.5682377226977036,0.5682454637262402,0.5744276475105151
equivalent_energy_kwh_per_km_reporting_adj,B002,RF,81,0.46324866629672584,0.012375332664669223,0.44237940623653466,0.4691925555361808,0.4811893378572109
equivalent_energy_kwh_per_km_reporting_adj,B003,Full,81,0.2752875438883909,0.029288371824215204,0.24259076431088616,0.2735467895360912,0.33874204630648996
equivalent_energy_kwh_per_km_reporting_adj,B003,HCS-i,81,0.5680659401679411,0.015088972817267704,0.5489808951092602,0.5625999643878231,0.5890819650186198
equivalent_energy_kwh_per_km_reporting_adj,B003,KINO,81,0.447252677715479,1.5380624722439088e-07,0.4472525752351757,0.44725259017888064,0.4472530624277855
equivalent_energy_kwh_per_km_reporting_adj,B003,OEAC-i,81,0.5720706183242905,0.0022493852684140306,0.5687865226022698,0.5712793770766875,0.5768723880862829
equivalent_energy_kwh_per_km_reporting_adj,B003,RF,81,0.501443961760732,0.03876003076129856,0.46472754909077907,0.479588456233127,0.5595869426047789
equivalent_energy_kwh_per_km_reporting_adj,B004,Full,81,0.27829816973955274,0.02088696571773828,0.24363820010700712,0.27540504049087816,0.32250810804118524
equivalent_energy_kwh_per_km_reporting_adj,B004,HCS-i,81,0.5750859358643896,0.019270575397391427,0.5428296890992018,0.5890819650186198,0.5890819650186198
equivalent_energy_kwh_per_km_reporting_adj,B004,KINO,81,0.4429917162566326,0.0004908143643859821,0.44281722620750047,0.4428172476409296,0.44512367657125934
equivalent_energy_kwh_per_km_reporting_adj,B004,OEAC-i,81,0.5736560293835694,0.0022532603337718925,0.5702624280511648,0.5727354093385305,0.5787821699060808
equivalent_energy_kwh_per_km_reporting_adj,B004,RF,81,0.4953801584923088,0.035099490051867875,0.4522581142618137,0.48310132641409176,0.5528482085012354
equivalent_energy_kwh_per_km_reporting_adj,B005,Full,81,0.3367625638653022,0.02855690516025473,0.278763297757445,0.34875056453145814,0.3731576832247237
equivalent_energy_kwh_per_km_reporting_adj,B005,HCS-i,81,0.5890819650186198,0.0,0.5890819650186198,0.5890819650186198,0.5890819650186198
equivalent_energy_kwh_per_km_reporting_adj,B005,KINO,81,0.4300498175827227,0.0058170645144447735,0.4228552509445912,0.42772119327097513,0.44009285991661634
equivalent_energy_kwh_per_km_reporting_adj,B005,OEAC-i,81,0.5712464710256498,0.0024437938625666263,0.5670079858128088,0.5707186372256651,0.5765229091165788
equivalent_energy_kwh_per_km_reporting_adj,B005,RF,81,0.47601452755311335,0.043925604781210194,0.43262005614975646,0.44999122829716587,0.5463573305070093
equivalent_energy_kwh_per_km_reporting_adj,B006,Full,81,0.27286118111097,0.028086335498072032,0.23926781429352265,0.2652716385495315,0.3314597006602784
equivalent_energy_kwh_per_km_reporting_adj,B006,HCS-i,81,0.5712053666077319,0.01163772040325823,0.5590771164570176,0.566664157350312,0.5890819650186198
equivalent_energy_kwh_per_km_reporting_adj,B006,KINO,81,0.44934434062057826,0.003732672608640862,0.44803268952292763,0.44803272423643997,0.4598365603413414
equivalent_energy_kwh_per_km_reporting_adj,B006,OEAC-i,81,0.576562290275533,0.002258408809443382,0.5732527346064251,0.5757698133108332,0.5813554162004297
equivalent_energy_kwh_per_km_reporting_adj,B006,RF,81,0.5067897477892845,0.03181711717032762,0.47084802442055357,0.49242553442711634,0.5636252765122367
equivalent_energy_kwh_per_km_reporting_adj,B007,Full,81,0.29525805728519383,0.034057112854578186,0.24637948026868697,0.2875094290079413,0.3556103014716049
equivalent_energy_kwh_per_km_reporting_adj,B007,HCS-i,81,0.558832111789157,0.022369306893513727,0.5356089872552497,0.5480319520935777,0.5890819650186198
equivalent_energy_kwh_per_km_reporting_adj,B007,KINO,81,0.4283800588331609,0.005740880765899013,0.4204688410324911,0.43333571231244994,0.43365171558872817
equivalent_energy_kwh_per_km_reporting_adj,B007,OEAC-i,81,0.5605669833133754,0.008391321921286058,0.5548311409998478,0.5573865254908378,0.5890819650186198
equivalent_energy_kwh_per_km_reporting_adj,B007,RF,81,0.4800355767550593,0.0320611765357589,0.44904247508768325,0.4630941616219482,0.5328671604135563
equivalent_energy_kwh_per_km_reporting_adj,B008,Full,81,0.27802773137591336,0.02226661854558914,0.25045466914872927,0.2686941674423539,0.3516479205864535
equivalent_energy_kwh_per_km_reporting_adj,B008,HCS-i,81,0.5567167520282482,0.019431200656302276,0.5411236210783548,0.5464317273588309,0.5890819650186198
equivalent_energy_kwh_per_km_reporting_adj,B008,KINO,81,0.43842807950965246,0.0025796242552737665,0.4298425523666206,0.4392188637114338,0.4397348115579898
equivalent_energy_kwh_per_km_reporting_adj,B008,OEAC-i,81,0.5643559287840927,0.0021784469909889256,0.5612479347082543,0.5636608064722668,0.5700284267877924
equivalent_energy_kwh_per_km_reporting_adj,B008,RF,81,0.4788191161079877,0.031591896856852604,0.44363509486855285,0.46421799776562395,0.5290947134574674
equivalent_energy_kwh_per_km_reporting_adj,B009,Full,81,0.2799437948418277,0.027307655457287132,0.25767080223228767,0.2672812886738561,0.37351391800755984
equivalent_energy_kwh_per_km_reporting_adj,B009,HCS-i,81,0.5696068987858893,0.024274179756147447,0.5266640615099859,0.5890819650186198,0.5890819650186198
equivalent_energy_kwh_per_km_reporting_adj,B009,KINO,81,0.4326733831169144,0.004483067993811608,0.42420966382733366,0.43494074121372167,0.4357129241798334
equivalent_energy_kwh_per_km_reporting_adj,B009,OEAC-i,81,0.5578693567547583,0.0029458971601570723,0.5536452411601942,0.5561039107589966,0.5645736632867618
equivalent_energy_kwh_per_km_reporting_adj,B009,RF,81,0.4655338650110671,0.019560196216755192,0.43395550224175305,0.47018997440562793,0.49295023863090215
equivalent_energy_kwh_per_km_reporting_adj,B010,Full,81,0.32561267975333963,0.012102404614491495,0.2991613582341451,0.3273244850729965,0.35043215900402425
equivalent_energy_kwh_per_km_reporting_adj,B010,HCS-i,81,0.5890819650186198,0.0,0.5890819650186198,0.5890819650186198,0.5890819650186198
equivalent_energy_kwh_per_km_reporting_adj,B010,KINO,81,0.44314286320918805,0.0037492431323788507,0.4369988651145986,0.4424963673661471,0.4492855286157538
equivalent_energy_kwh_per_km_reporting_adj,B010,OEAC-i,81,0.5890819650186198,0.0,0.5890819650186198,0.5890819650186198,0.5890819650186198
equivalent_energy_kwh_per_km_reporting_adj,B010,RF,81,0.48120725219746074,0.037287307317679916,0.43445527396503203,0.47121997800111703,0.5427214795403547
distance_m_adj,B001,Full,81,3044.956001652821,2.926174174822222,3038.751947944819,3046.1180067683813,3048.0
distance_m_adj,B001,HCS-i,81,2125.192642674962,6.226282032446635,2117.664174967826,2129.249820137239,2131.5073521678155
distance_m_adj,B001,KINO,81,3044.9572279527965,2.925518771229979,3038.75473087355,3046.1181430521983,3048.0
distance_m_adj,B001,OEAC-i,81,2179.4253668864476,0.1559826514887313,2179.2040681802137,2179.533746733596,2179.536570264928
distance_m_adj,B001,RF,81,2772.7004267558787,163.40353210989088,2545.6199700874404,2856.292138759253,2919.4050907498804
distance_m_adj,B002,Full,81,2940.3935563252503,0.0011875088574544875,2940.3903871302546,2940.3939551608178,2940.3955589593024
distance_m_adj,B002,HCS-i,81,875.9919003931224,1063.0753148573601,0.0,0.0,2156.6706861489683
distance_m_adj,B002,KINO,81,2940.3990342523493,0.0015064634999766555,2940.3954179346165,2940.3998878672514,2940.4000406858404
distance_m_adj,B002,OEAC-i,81,2197.240572629182,0.0005125038043484331,2197.2398145466364,2197.240745638824,2197.2413371578446
distance_m_adj,B002,RF,81,2868.9558465619416,50.21894887044142,2832.130755448737,2833.7670602351623,2941.146901833182
distance_m_adj,B003,Full,81,2900.2931921680283,0.0004863354887903569,2900.2924020603036,2900.2930718066673,2900.294479078247
distance_m_adj,B003,HCS-i,81,1555.8589333018106,926.2006551435683,0.0,2096.5243151324926,2105.4514690159085
distance_m_adj,B003,KINO,81,2900.299386227509,0.0009973867752350052,2900.2968914854673,2900.29995387585,2900.3000507813326
distance_m_adj,B003,OEAC-i,81,2160.5882404174417,0.0001549196584750717,2160.5880103993554,2160.5881759394074,2160.5884783816255
distance_m_adj,B003,RF,81,2736.6951806408824,148.36050191919483,2541.8936636681065,2768.937167347773,2901.327557337395
distance_m_adj,B004,Full,81,2929.3349201310234,0.044745717312135135,2929.108224824851,2929.344095853068,2929.3443843497207
distance_m_adj,B004,HCS-i,81,865.7153050706414,1050.6025464046752,0.0,0.0,2131.2242059315586
distance_m_adj,B004,KINO,81,2929.348808230121,0.001828361648131337,2929.3445090186474,2929.3499148400488,2929.350133329863
distance_m_adj,B004,OEAC-i,81,2178.2308713440707,0.0003081904817083295,2178.2303880476184,2178.2307700465876,2178.231337924294
distance_m_adj,B004,RF,81,2729.9922751609665,148.21322129985262,2574.57250903621,2687.851521037224,2929.2278917428516
distance_m_adj,B005,Full,81,3043.472259360995,3.4021719931772734,3036.454323368451,3045.186002226992,3047.0691123596293
distance_m_adj,B005,HCS-i,81,0.0,0.0,0.0,0.0,0.0
distance_m_adj,B005,KINO,81,3043.372875356484,3.4012803586045,3036.356513229104,3045.086096493235,3046.9679979713387
distance_m_adj,B005,OEAC-i,81,2176.690823505364,0.2599961906005571,2176.3242547287887,2176.872838270056,2176.8745271452667
distance_m_adj,B005,RF,81,2822.4678533918063,171.7837554361977,2584.659900247232,2899.375478994938,2985.90365192961
distance_m_adj,B006,Full,81,2895.2415805545033,0.0007224494622460409,2895.2400330765536,2895.2417183939874,2895.2429697828006
distance_m_adj,B006,HCS-i,81,1542.4241787574297,918.2021079996277,0.0,2078.996572320527,2086.2148479931398
distance_m_adj,B006,KINO,81,2895.2493489479934,0.0013305762045914794,2895.245715914094,2895.2498714950593,2895.2501333333466
distance_m_adj,B006,OEAC-i,81,2139.2574918213754,0.00028466571936993984,2139.2570510929263,2139.2574009005657,2139.2579284485614
distance_m_adj,B006,RF,81,2702.9915704004843,145.21200517279482,2546.3547754059314,2667.80883444998,2896.3562734587917
distance_m_adj,B007,Full,81,2993.401671806227,0.13666274086248864,2992.1979515280545,2993.4258342877597,2993.4420899554143
distance_m_adj,B007,HCS-i,81,1443.260980706992,1026.9065075121168,0.0,2159.6303987750694,2169.5773718134074
distance_m_adj,B007,KINO,81,2993.4263969873505,0.021676215419743947,2993.383069733893,2993.4415601276532,2993.4451045921646
distance_m_adj,B007,OEAC-i,81,2051.365799493823,583.8289416524599,0.0,2215.475482033641,2215.4758728661313
distance_m_adj,B007,RF,81,2815.5575777062663,115.43697610356594,2652.218544231196,2896.156243174778,2898.1330866785443
distance_m_adj,B008,Full,81,2953.3389878201065,0.004640984687147079,2953.3254752975595,2953.3399820364357,2953.3494736980965
distance_m_adj,B008,HCS-i,81,1579.3838766916665,940.2061793548904,0.0,2128.3784135788546,2137.4788176365582
distance_m_adj,B008,KINO,81,2953.3469505891107,0.0036246190087182053,2953.3371553146544,2953.349170173389,2953.3497207140804
distance_m_adj,B008,OEAC-i,81,2172.801750980665,0.06184729214494946,2172.6253334424873,2172.8206849044354,2172.832320535795
distance_m_adj,B008,RF,81,2800.959451092181,140.18496986371335,2614.468180708086,2834.6101650355577,2954.5719309768433
distance_m_adj,B009,Full,81,2982.384469803838,0.008567558418195825,2982.3662456847396,2982.3880617795567,2982.398756245524
distance_m_adj,B009,HCS-i,81,870.9066976378449,1056.9011540261324,0.0,0.0,2143.3927280207463
distance_m_adj,B009,KINO,81,2982.3926867995046,0.008698975655304874,2982.3715219198934,2982.397424851708,2982.399005969109
distance_m_adj,B009,OEAC-i,81,2194.851256720839,0.0811920640247486,2194.6575094621603,2194.885197352125,2194.887981714813
distance_m_adj,B009,RF,81,2843.8083781775636,96.20766595474088,2743.061334246785,2810.8514109471444,2976.7148910026285
distance_m_adj,B010,Full,81,2947.6323448097737,5.751719316363463,2939.9143204636594,2951.699124229142,2952.5216374055776
distance_m_adj,B010,HCS-i,81,0.0,0.0,0.0,0.0,0.0
distance_m_adj,B010,KINO,81,2947.9542259389664,5.632840040115427,2939.9893096517135,2951.700787007855,2952.5201604366243
distance_m_adj,B010,OEAC-i,81,0.0,0.0,0.0,0.0,0.0
distance_m_adj,B010,RF,81,2797.9630424537295,137.96400139941343,2634.446139116338,2789.020708376507,2973.2906537567337
travel_time_to_target_s_reporting,B001,Full,81,171.03425255749613,0.24734240360058862,170.77705533813526,170.93597289515324,171.55875022716023
travel_time_to_target_s_reporting,B001,HCS-i,0,,,,,
travel_time_to_target_s_reporting,B001,KINO,81,171.03414893603252,0.24728698550260958,170.7770553379526,170.9359613861321,171.55851490441933
travel_time_to_target_s_reporting,B001,OEAC-i,0,,,,,
travel_time_to_target_s_reporting,B001,RF,81,190.77599150300784,11.330471338179155,181.26220939142553,184.14494518999786,206.6253063707769
travel_time_to_target_s_reporting,B002,Full,81,179.4153399842343,0.27754877889943874,179.049901328414,179.30863798478282,180.09038000535313
travel_time_to_target_s_reporting,B002,HCS-i,0,,,,,
travel_time_to_target_s_reporting,B002,KINO,81,178.41801171773906,0.9028678390260835,177.4142578701431,177.93906157724058,180.0230292206488
travel_time_to_target_s_reporting,B002,OEAC-i,0,,,,,
travel_time_to_target_s_reporting,B002,RF,81,184.52549278332452,2.3389350793818036,181.26068605521448,184.952224178492,187.43573184139603
travel_time_to_target_s_reporting,B003,Full,81,178.80421180299575,0.44558707253999497,178.02466313841157,178.69062972033836,179.5935367929701
travel_time_to_target_s_reporting,B003,HCS-i,0,,,,,
travel_time_to_target_s_reporting,B003,KINO,81,177.5324167551842,1.0676335813923408,176.28773311696708,176.94819299528507,179.51998984365065
travel_time_to_target_s_reporting,B003,OEAC-i,0,,,,,
travel_time_to_target_s_reporting,B003,RF,81,190.97818570063788,11.374788913108187,176.6520936732588,191.41893263479867,204.5555084467576
travel_time_to_target_s_reporting,B004,Full,81,179.04197059989306,0.35619391927198585,178.59552813897847,178.91146578836126,179.9310619763523
travel_time_to_target_s_reporting,B004,HCS-i,0,,,,,
travel_time_to_target_s_reporting,B004,KINO,81,177.35891946929976,1.5962658249496384,173.48270980459634,176.61348485481432,179.9156987105614
travel_time_to_target_s_reporting,B004,OEAC-i,0,,,,,
travel_time_to_target_s_reporting,B004,RF,81,190.39751704154222,10.492107408541667,177.8359413038718,189.43532031857907,203.5943874653184
travel_time_to_target_s_reporting,B005,Full,81,173.60118713003692,0.29337427802596083,173.29100423871006,173.45340766948667,174.2062898280712
travel_time_to_target_s_reporting,B005,HCS-i,0,,,,,
travel_time_to_target_s_reporting,B005,KINO,81,173.60975750137246,0.29329588062561907,173.29972455879144,173.46202375168292,174.21471879020362
travel_time_to_target_s_reporting,B005,OEAC-i,0,,,,,
travel_time_to_target_s_reporting,B005,RF,81,187.8303285887679,10.609735428813597,177.79568477785412,182.8870786965753,202.49893831474364
travel_time_to_target_s_reporting,B006,Full,81,178.55196584161862,0.44143916432638947,177.8785947092834,178.37337560599033,179.2657290345182
travel_time_to_target_s_reporting,B006,HCS-i,0,,,,,
travel_time_to_target_s_reporting,B006,KINO,81,175.58691958277103,1.9685012431874271,172.0761425974946,175.32428019194862,179.4504861839631
travel_time_to_target_s_reporting,B006,OEAC-i,0,,,,,
travel_time_to_target_s_reporting,B006,RF,81,192.2310798517797,12.331342551626918,174.69092517430857,200.22610713576597,201.4729747843275
travel_time_to_target_s_reporting,B007,Full,81,180.96049072358898,0.4857090908845994,180.24072301952125,180.80324873072504,182.58258295515054
travel_time_to_target_s_reporting,B007,HCS-i,0,,,,,
travel_time_to_target_s_reporting,B007,KINO,81,180.66033445613584,0.6858318256223194,179.57313363299946,180.3354465424399,181.68028658958045
travel_time_to_target_s_reporting,B007,OEAC-i,0,,,,,
travel_time_to_target_s_reporting,B007,RF,81,190.59055255664524,7.191970710159592,183.58519600396548,187.36591998508013,200.55464357784626
travel_time_to_target_s_reporting,B008,Full,81,179.01619411991345,0.822630023713292,176.34482511900998,178.8014712693607,180.7410545981907
travel_time_to_target_s_reporting,B008,HCS-i,0,,,,,
travel_time_to_target_s_reporting,B008,KINO,81,177.62095698949756,1.993186968780014,175.25356945326942,176.8904727285628,180.8304611927911
travel_time_to_target_s_reporting,B008,OEAC-i,0,,,,,
travel_time_to_target_s_reporting,B008,RF,81,190.060114781456,8.560681440916305,179.34346958909163,190.1176868093286,200.80493329014192
travel_time_to_target_s_reporting,B009,Full,81,179.59660249488624,0.8714060681677476,177.56002276446523,179.45664127202068,181.02534205478287
travel_time_to_target_s_reporting,B009,HCS-i,0,,,,,
travel_time_to_target_s_reporting,B009,KINO,81,178.95613436285615,1.3668443577408962,177.16192777346467,178.3995979450851,181.07291652810773
travel_time_to_target_s_reporting,B009,OEAC-i,0,,,,,
travel_time_to_target_s_reporting,B009,RF,81,191.68998935084826,7.389316812752912,181.53000263172797,194.0010882135249,199.6046334448852
travel_time_to_target_s_reporting,B010,Full,81,183.8673138264014,0.4601160129464147,183.47613892628868,183.5420080737243,184.48469981753578
travel_time_to_target_s_reporting,B010,HCS-i,0,,,,,
travel_time_to_target_s_reporting,B010,KINO,81,183.84156363248542,0.4506032745543997,183.47625721811204,183.54187491363393,184.47870767829139
travel_time_to_target_s_reporting,B010,OEAC-i,0,,,,,
travel_time_to_target_s_reporting,B010,RF,81,190.68152055740657,7.407101390348591,180.2174047277405,194.20738185271793,197.47142487717815
travel_time_to_target_s_reporting_adj,B001,Full,81,171.03425255749613,0.24734240360058862,170.77705533813526,170.93597289515324,171.55875022716023
travel_time_to_target_s_reporting_adj,B001,HCS-i,81,240.0,0.0,240.0,240.0,240.0
travel_time_to_target_s_reporting_adj,B001,KINO,81,171.03414893603252,0.24728698550260958,170.7770553379526,170.9359613861321,171.55851490441933
travel_time_to_target_s_reporting_adj,B001,OEAC-i,81,240.0,0.0,240.0,240.0,240.0
travel_time_to_target_s_reporting_adj,B001,RF,81,190.77599150300784,11.330471338179155,181.26220939142553,184.14494518999786,206.6253063707769
travel_time_to_target_s_reporting_adj,B002,Full,81,179.4153399842343,0.27754877889943874,179.049901328414,179.30863798478282,180.09038000535313
travel_time_to_target_s_reporting_adj,B002,HCS-i,81,240.0,0.0,240.0,240.0,240.0
travel_time_to_target_s_reporting_adj,B002,KINO,81,178.41801171773906,0.9028678390260835,177.4142578701431,177.93906157724058,180.0230292206488
travel_time_to_target_s_reporting_adj,B002,OEAC-i,81,240.0,0.0,240.0,240.0,240.0
travel_time_to_target_s_reporting_adj,B002,RF,81,184.52549278332452,2.3389350793818036,181.26068605521448,184.952224178492,187.43573184139603
travel_time_to_target_s_reporting_adj,B003,Full,81,178.80421180299575,0.44558707253999497,178.02466313841157,178.69062972033836,179.5935367929701
travel_time_to_target_s_reporting_adj,B003,HCS-i,81,240.0,0.0,240.0,240.0,240.0
travel_time_to_target_s_reporting_adj,B003,KINO,81,177.5324167551842,1.0676335813923408,176.28773311696708,176.94819299528507,179.51998984365065
travel_time_to_target_s_reporting_adj,B003,OEAC-i,81,240.0,0.0,240.0,240.0,240.0
travel_time_to_target_s_reporting_adj,B003,RF,81,190.97818570063788,11.374788913108187,176.6520936732588,191.41893263479867,204.5555084467576
travel_time_to_target_s_reporting_adj,B004,Full,81,179.04197059989306,0.35619391927198585,178.59552813897847,178.91146578836126,179.9310619763523
travel_time_to_target_s_reporting_adj,B004,HCS-i,81,240.0,0.0,240.0,240.0,240.0
travel_time_to_target_s_reporting_adj,B004,KINO,81,177.35891946929976,1.5962658249496384,173.48270980459634,176.61348485481432,179.9156987105614
travel_time_to_target_s_reporting_adj,B004,OEAC-i,81,240.0,0.0,240.0,240.0,240.0
travel_time_to_target_s_reporting_adj,B004,RF,81,190.39751704154222,10.492107408541667,177.8359413038718,189.43532031857907,203.5943874653184
travel_time_to_target_s_reporting_adj,B005,Full,81,173.60118713003692,0.29337427802596083,173.29100423871006,173.45340766948667,174.2062898280712
travel_time_to_target_s_reporting_adj,B005,HCS-i,81,240.0,0.0,240.0,240.0,240.0
travel_time_to_target_s_reporting_adj,B005,KINO,81,173.60975750137246,0.29329588062561907,173.29972455879144,173.46202375168292,174.21471879020362
travel_time_to_target_s_reporting_adj,B005,OEAC-i,81,240.0,0.0,240.0,240.0,240.0
travel_time_to_target_s_reporting_adj,B005,RF,81,187.8303285887679,10.609735428813597,177.79568477785412,182.8870786965753,202.49893831474364
travel_time_to_target_s_reporting_adj,B006,Full,81,178.55196584161862,0.44143916432638947,177.8785947092834,178.37337560599033,179.2657290345182
travel_time_to_target_s_reporting_adj,B006,HCS-i,81,240.0,0.0,240.0,240.0,240.0
travel_time_to_target_s_reporting_adj,B006,KINO,81,175.58691958277103,1.9685012431874271,172.0761425974946,175.32428019194862,179.4504861839631
travel_time_to_target_s_reporting_adj,B006,OEAC-i,81,240.0,0.0,240.0,240.0,240.0
travel_time_to_target_s_reporting_adj,B006,RF,81,192.2310798517797,12.331342551626918,174.69092517430857,200.22610713576597,201.4729747843275
travel_time_to_target_s_reporting_adj,B007,Full,81,180.96049072358898,0.4857090908845994,180.24072301952125,180.80324873072504,182.58258295515054
travel_time_to_target_s_reporting_adj,B007,HCS-i,81,240.0,0.0,240.0,240.0,240.0
travel_time_to_target_s_reporting_adj,B007,KINO,81,180.66033445613584,0.6858318256223194,179.57313363299946,180.3354465424399,181.68028658958045
travel_time_to_target_s_reporting_adj,B007,OEAC-i,81,240.0,0.0,240.0,240.0,240.0
travel_time_to_target_s_reporting_adj,B007,RF,81,190.59055255664524,7.191970710159592,183.58519600396548,187.36591998508013,200.55464357784626
travel_time_to_target_s_reporting_adj,B008,Full,81,179.01619411991345,0.822630023713292,176.34482511900998,178.8014712693607,180.7410545981907
travel_time_to_target_s_reporting_adj,B008,HCS-i,81,240.0,0.0,240.0,240.0,240.0
travel_time_to_target_s_reporting_adj,B008,KINO,81,177.62095698949756,1.993186968780014,175.25356945326942,176.8904727285628,180.8304611927911
travel_time_to_target_s_reporting_adj,B008,OEAC-i,81,240.0,0.0,240.0,240.0,240.0
travel_time_to_target_s_reporting_adj,B008,RF,81,190.060114781456,8.560681440916305,179.34346958909163,190.1176868093286,200.80493329014192
travel_time_to_target_s_reporting_adj,B009,Full,81,179.59660249488624,0.8714060681677476,177.56002276446523,179.45664127202068,181.02534205478287
travel_time_to_target_s_reporting_adj,B009,HCS-i,81,240.0,0.0,240.0,240.0,240.0
travel_time_to_target_s_reporting_adj,B009,KINO,81,178.95613436285615,1.3668443577408962,177.16192777346467,178.3995979450851,181.07291652810773
travel_time_to_target_s_reporting_adj,B009,OEAC-i,81,240.0,0.0,240.0,240.0,240.0
travel_time_to_target_s_reporting_adj,B009,RF,81,191.68998935084826,7.389316812752912,181.53000263172797,194.0010882135249,199.6046334448852
travel_time_to_target_s_reporting_adj,B010,Full,81,183.8673138264014,0.4601160129464147,183.47613892628868,183.5420080737243,184.48469981753578
travel_time_to_target_s_reporting_adj,B010,HCS-i,81,240.0,0.0,240.0,240.0,240.0
travel_time_to_target_s_reporting_adj,B010,KINO,81,183.84156363248542,0.4506032745543997,183.47625721811204,183.54187491363393,184.47870767829139
travel_time_to_target_s_reporting_adj,B010,OEAC-i,81,240.0,0.0,240.0,240.0,240.0
travel_time_to_target_s_reporting_adj,B010,RF,81,190.68152055740657,7.407101390348591,180.2174047277405,194.20738185271793,197.47142487717815
safety_slack_reporting,B001,Full,81,-4.444567898265058e-05,8.36683273467571e-05,-0.00020009999717629512,-1.2434497875801753e-14,-0.0
safety_slack_reporting,B001,HCS-i,81,0.0,0.0,-0.0,-0.0,-0.0
safety_slack_reporting,B001,KINO,81,-4.4444444452498944e-05,8.366600264978014e-05,-0.00020000000000131024,-1.7763568394002505e-14,-0.0
safety_slack_reporting,B001,OEAC-i,81,-1.9942274111540483,0.10733032420775102,-2.1450709134615416,-1.9196816514033852,-1.9171073806656924
safety_slack_reporting,B001,RF,81,-0.02064749333690901,0.0011373663834073325,-0.026404722744878484,-0.020453035809321563,-0.020315753852324647
safety_slack_reporting,B002,Full,81,0.0,0.0,-0.0,-0.0,-0.0
safety_slack_reporting,B002,HCS-i,81,0.0,0.0,-0.0,-0.0,-0.0
safety_slack_reporting,B002,KINO,81,-7.631755310015892e-15,7.826280516939514e-15,-1.7763568394002505e-14,-1.0658141036401503e-14,-0.0
safety_slack_reporting,B002,OEAC-i,81,-279.2793871416963,0.003602947842752429,-279.2847619030415,-279.28060337774104,-279.2740578028079
safety_slack_reporting,B002,RF,81,-0.022423991211232064,0.0,-0.022423991211232064,-0.022423991211232064,-0.022423991211232064
safety_slack_reporting,B003,Full,81,0.0,0.0,-0.0,-0.0,-0.0
safety_slack_reporting,B003,HCS-i,81,0.0,0.0,-0.0,-0.0,-0.0
safety_slack_reporting,B003,KINO,81,0.0,0.0,-0.0,-0.0,-0.0
safety_slack_reporting,B003,OEAC-i,81,-285.3302276146174,0.0007933408526845916,-285.331409831658,-285.3305555103173,-285.329012507298
safety_slack_reporting,B003,RF,81,-1.0824883485377739,1.5059087582651411,-3.1989779574870116,-0.024302581486077557,-0.024120754109763
safety_slack_reporting,B004,Full,81,-7.01770603219852e-16,3.1736569010644027e-15,-1.5987211554602254e-14,-0.0,-0.0
safety_slack_reporting,B004,HCS-i,81,0.0,0.0,-0.0,-0.0,-0.0
safety_slack_reporting,B004,KINO,81,-9.118631775587953e-14,1.7447654124949958e-13,-4.547473508864641e-13,-1.0658141036401503e-14,-0.0
safety_slack_reporting,B004,OEAC-i,81,-283.4523801436563,0.00027527950829214776,-283.45279855904255,-283.45228852219566,-283.45195042679865
safety_slack_reporting,B004,RF,81,-48.11203862748833,68.44467388129904,-146.42656508089135,-0.026070245170412676,-0.025931763081340264
safety_slack_reporting,B005,Full,81,-4.444444445539375e-05,8.366600264822316e-05,-0.00020000000000131024,-1.9539925233402755e-14,-7.105427357601002e-15
safety_slack_reporting,B005,HCS-i,81,0.0,0.0,-0.0,-0.0,-0.0
safety_slack_reporting,B005,KINO,81,-4.4444444453683184e-05,8.36660026491432e-05,-0.00020000000000131024,-2.4868995751603507e-14,-0.0
safety_slack_reporting,B005,OEAC-i,81,-2.1450709134615416,0.0,-2.1450709134615416,-2.1450709134615416,-2.1450709134615416
safety_slack_reporting,B005,RF,81,-0.03238028178352009,0.008781115099559788,-0.0487063537717205,-0.02772572733549694,-0.02751493881478062
safety_slack_reporting,B006,Full,81,-4.828181750152582e-13,4.3453635751373245e-12,-3.9108272176235914e-11,-0.0,-0.0
safety_slack_reporting,B006,HCS-i,81,-0.018352121086744465,0.05992788053183038,-0.2534735805449735,-0.0,-0.0
safety_slack_reporting,B006,KINO,81,-3.2983211816094304e-08,9.387186649797308e-08,-2.9684890634484873e-07,-0.0,-0.0
safety_slack_reporting,B006,OEAC-i,81,-277.81501594814074,0.04364111053917823,-277.88189743370265,-277.8011167086704,-277.747377700716
safety_slack_reporting,B006,RF,81,-1.3078789243375846,1.8177891302833824,-3.862692709371535,-0.029256961910276047,-0.0282731100673832
safety_slack_reporting,B007,Full,81,-2.409924112119673e-13,1.9810992169512552e-12,-1.7845280808614916e-11,-1.9539925233402755e-14,-0.0
safety_slack_reporting,B007,HCS-i,81,0.0,0.0,-0.0,-0.0,-0.0
safety_slack_reporting,B007,KINO,81,-2.1529181400599857e-08,1.1046167251322695e-07,-5.812877788002879e-07,-0.0,-0.0
safety_slack_reporting,B007,OEAC-i,81,-252.2231023913332,71.78397605304532,-272.4635761832264,-272.4152325341433,-0.0
safety_slack_reporting,B007,RF,81,-0.030660661609728024,0.0,-0.030660661609728024,-0.030660661609728024,-0.030660661609728024
safety_slack_reporting,B008,Full,81,-1.1272190314218873e-14,7.10027185939137e-14,-4.547473508864641e-13,-0.0,-0.0
safety_slack_reporting,B008,HCS-i,81,0.0,0.0,-0.0,-0.0,-0.0
safety_slack_reporting,B008,KINO,81,-4.2131975972223597e-07,1.0165839907720151e-06,-2.843908378125093e-06,-0.0,-0.0
safety_slack_reporting,B008,OEAC-i,81,-258.2690365655155,2.512310823895195,-265.3756601097833,-257.4150428230605,-257.2501496758698
safety_slack_reporting,B008,RF,81,-1.4483685899238392,1.0213728649143734,-2.358467271707596,-1.9547117393715965,-0.03192675869232531
safety_slack_reporting,B009,Full,81,-3.3553406966449175e-15,6.5388271932341825e-15,-1.9539925233402755e-14,-0.0,-0.0
safety_slack_reporting,B009,HCS-i,81,-0.01708867115707933,0.04984224023914122,-0.19950709245741827,-0.0,-0.0
safety_slack_reporting,B009,KINO,81,-7.237009345704725e-15,1.1240906848384958e-14,-3.552713678800501e-14,-0.0,-0.0
safety_slack_reporting,B009,OEAC-i,81,-261.62959157983886,3.370173115497123,-269.673610531182,-260.2214188104124,-260.11351051352415
safety_slack_reporting,B009,RF,81,-1.3131348559024947,0.9107932383738049,-1.9531751027340274,-1.9531751027340274,-0.03305436223942948
safety_slack_reporting,B010,Full,81,-0.0001999409052946458,1.4424004335765675e-07,-0.00020000000006348273,-0.00020000000006348273,-0.0001994728778607069
safety_slack_reporting,B010,HCS-i,81,0.0,0.0,-0.0,-0.0,-0.0
safety_slack_reporting,B010,KINO,81,-0.00020000000586151145,0.0,-0.00020000000586151145,-0.00020000000586151145,-0.00020000000586151145
safety_slack_reporting,B010,OEAC-i,81,0.0,0.0,-0.0,-0.0,-0.0
safety_slack_reporting,B010,RF,81,0.0,0.0,-0.0,-0.0,-0.0
safety_slack_reporting_adj,B001,Full,81,-4.444567898265058e-05,8.36683273467571e-05,-0.00020009999717629512,-1.2434497875801753e-14,-0.0
safety_slack_reporting_adj,B001,HCS-i,81,0.0,0.0,-0.0,-0.0,-0.0
safety_slack_reporting_adj,B001,KINO,81,-4.4444444452498944e-05,8.366600264978014e-05,-0.00020000000000131024,-1.7763568394002505e-14,-0.0
safety_slack_reporting_adj,B001,OEAC-i,81,-1.9942274111540483,0.10733032420775102,-2.1450709134615416,-1.9196816514033852,-1.9171073806656924
safety_slack_reporting_adj,B001,RF,81,-0.02064749333690901,0.0011373663834073325,-0.026404722744878484,-0.020453035809321563,-0.020315753852324647
safety_slack_reporting_adj,B002,Full,81,0.0,0.0,-0.0,-0.0,-0.0
safety_slack_reporting_adj,B002,HCS-i,81,0.0,0.0,-0.0,-0.0,-0.0
safety_slack_reporting_adj,B002,KINO,81,-7.631755310015892e-15,7.826280516939514e-15,-1.7763568394002505e-14,-1.0658141036401503e-14,-0.0
safety_slack_reporting_adj,B002,OEAC-i,81,-279.2793871416963,0.003602947842752429,-279.2847619030415,-279.28060337774104,-279.2740578028079
safety_slack_reporting_adj,B002,RF,81,-0.022423991211232064,0.0,-0.022423991211232064,-0.022423991211232064,-0.022423991211232064
safety_slack_reporting_adj,B003,Full,81,0.0,0.0,-0.0,-0.0,-0.0
safety_slack_reporting_adj,B003,HCS-i,81,0.0,0.0,-0.0,-0.0,-0.0
safety_slack_reporting_adj,B003,KINO,81,0.0,0.0,-0.0,-0.0,-0.0
safety_slack_reporting_adj,B003,OEAC-i,81,-285.3302276146174,0.0007933408526845916,-285.331409831658,-285.3305555103173,-285.329012507298
safety_slack_reporting_adj,B003,RF,81,-1.0824883485377739,1.5059087582651411,-3.1989779574870116,-0.024302581486077557,-0.024120754109763
safety_slack_reporting_adj,B004,Full,81,-7.01770603219852e-16,3.1736569010644027e-15,-1.5987211554602254e-14,-0.0,-0.0
safety_slack_reporting_adj,B004,HCS-i,81,0.0,0.0,-0.0,-0.0,-0.0
safety_slack_reporting_adj,B004,KINO,81,-9.118631775587953e-14,1.7447654124949958e-13,-4.547473508864641e-13,-1.0658141036401503e-14,-0.0
safety_slack_reporting_adj,B004,OEAC-i,81,-283.4523801436563,0.00027527950829214776,-283.45279855904255,-283.45228852219566,-283.45195042679865
safety_slack_reporting_adj,B004,RF,81,-48.11203862748833,68.44467388129904,-146.42656508089135,-0.026070245170412676,-0.025931763081340264
safety_slack_reporting_adj,B005,Full,81,-4.444444445539375e-05,8.366600264822316e-05,-0.00020000000000131024,-1.9539925233402755e-14,-7.105427357601002e-15
safety_slack_reporting_adj,B005,HCS-i,81,0.0,0.0,-0.0,-0.0,-0.0
safety_slack_reporting_adj,B005,KINO,81,-4.4444444453683184e-05,8.36660026491432e-05,-0.00020000000000131024,-2.4868995751603507e-14,-0.0
safety_slack_reporting_adj,B005,OEAC-i,81,-2.1450709134615416,0.0,-2.1450709134615416,-2.1450709134615416,-2.1450709134615416
safety_slack_reporting_adj,B005,RF,81,-0.03238028178352009,0.008781115099559788,-0.0487063537717205,-0.02772572733549694,-0.02751493881478062
safety_slack_reporting_adj,B006,Full,81,-4.828181750152582e-13,4.3453635751373245e-12,-3.9108272176235914e-11,-0.0,-0.0
safety_slack_reporting_adj,B006,HCS-i,81,-0.018352121086744465,0.05992788053183038,-0.2534735805449735,-0.0,-0.0
safety_slack_reporting_adj,B006,KINO,81,-3.2983211816094304e-08,9.387186649797308e-08,-2.9684890634484873e-07,-0.0,-0.0
safety_slack_reporting_adj,B006,OEAC-i,81,-277.81501594814074,0.04364111053917823,-277.88189743370265,-277.8011167086704,-277.747377700716
safety_slack_reporting_adj,B006,RF,81,-1.3078789243375846,1.8177891302833824,-3.862692709371535,-0.029256961910276047,-0.0282731100673832
safety_slack_reporting_adj,B007,Full,81,-2.409924112119673e-13,1.9810992169512552e-12,-1.7845280808614916e-11,-1.9539925233402755e-14,-0.0
safety_slack_reporting_adj,B007,HCS-i,81,0.0,0.0,-0.0,-0.0,-0.0
safety_slack_reporting_adj,B007,KINO,81,-2.1529181400599857e-08,1.1046167251322695e-07,-5.812877788002879e-07,-0.0,-0.0
safety_slack_reporting_adj,B007,OEAC-i,81,-252.2231023913332,71.78397605304532,-272.4635761832264,-272.4152325341433,-0.0
safety_slack_reporting_adj,B007,RF,81,-0.030660661609728024,0.0,-0.030660661609728024,-0.030660661609728024,-0.030660661609728024
safety_slack_reporting_adj,B008,Full,81,-1.1272190314218873e-14,7.10027185939137e-14,-4.547473508864641e-13,-0.0,-0.0
safety_slack_reporting_adj,B008,HCS-i,81,0.0,0.0,-0.0,-0.0,-0.0
safety_slack_reporting_adj,B008,KINO,81,-4.2131975972223597e-07,1.0165839907720151e-06,-2.843908378125093e-06,-0.0,-0.0
safety_slack_reporting_adj,B008,OEAC-i,81,-258.2690365655155,2.512310823895195,-265.3756601097833,-257.4150428230605,-257.2501496758698
safety_slack_reporting_adj,B008,RF,81,-1.4483685899238392,1.0213728649143734,-2.358467271707596,-1.9547117393715965,-0.03192675869232531
safety_slack_reporting_adj,B009,Full,81,-3.3553406966449175e-15,6.5388271932341825e-15,-1.9539925233402755e-14,-0.0,-0.0
safety_slack_reporting_adj,B009,HCS-i,81,-0.01708867115707933,0.04984224023914122,-0.19950709245741827,-0.0,-0.0
safety_slack_reporting_adj,B009,KINO,81,-7.237009345704725e-15,1.1240906848384958e-14,-3.552713678800501e-14,-0.0,-0.0
safety_slack_reporting_adj,B009,OEAC-i,81,-261.62959157983886,3.370173115497123,-269.673610531182,-260.2214188104124,-260.11351051352415
safety_slack_reporting_adj,B009,RF,81,-1.3131348559024947,0.9107932383738049,-1.9531751027340274,-1.9531751027340274,-0.03305436223942948
safety_slack_reporting_adj,B010,Full,81,-0.0001999409052946458,1.4424004335765675e-07,-0.00020000000006348273,-0.00020000000006348273,-0.0001994728778607069
safety_slack_reporting_adj,B010,HCS-i,81,0.0,0.0,-0.0,-0.0,-0.0
safety_slack_reporting_adj,B010,KINO,81,-0.00020000000586151145,0.0,-0.00020000000586151145,-0.00020000000586151145,-0.00020000000586151145
safety_slack_reporting_adj,B010,OEAC-i,81,0.0,0.0,-0.0,-0.0,-0.0
safety_slack_reporting_adj,B010,RF,81,0.0,0.0,-0.0,-0.0,-0.0
fuel_g_plot,B001,Full,81,78.70755629957215,5.821570179844346,59.37519133681066,79.53173343725547,88.49346181369695
fuel_g_plot,B001,HCS-i,81,97.89083333333306,3.188439714421423,91.8574999999998,98.64499999999973,102.26499999999967
fuel_g_plot,B001,KINO,81,109.68482237367641,0.9431464981568577,108.5999999999996,109.21850281928329,111.32773531625223
fuel_g_plot,B001,OEAC-i,81,102.14739437599212,0.3248240428479154,101.8354639054792,101.99919994113944,102.90288416037687
fuel_g_plot,B001,RF,81,109.62044261199779,1.1073490238281016,108.14749999999961,109.78633734513939,112.17827510058184
fuel_g_plot,B002,Full,81,56.812249281668876,6.029614597939996,50.22124176086434,53.77744676229132,68.72795649222911
fuel_g_plot,B002,HCS-i,33,97.04068181818157,3.765704940682916,91.4049999999998,99.09749999999971,101.35999999999969
fuel_g_plot,B002,KINO,81,108.5999999999996,0.0,108.5999999999996,108.5999999999996,108.5999999999996
fuel_g_plot,B002,OEAC-i,81,102.53172396323343,0.34008266192365466,102.31792476682233,102.31914266692604,103.36017691559525
fuel_g_plot,B002,RF,81,110.25208602963548,1.0203522474021558,108.60062828637895,110.55687861456092,112.33053070593648
fuel_g_plot,B003,Full,81,57.228685721405455,6.760229390272561,50.12257218620631,54.16193476811843,71.4536868464633
fuel_g_plot,B003,HCS-i,60,98.59974999999972,1.7249810057907633,96.38249999999975,98.87124999999972,101.81249999999969
fuel_g_plot,B003,KINO,81,108.5999999999996,0.0,108.5999999999996,108.5999999999996,108.5999999999996
fuel_g_plot,B003,OEAC-i,81,101.80951624280563,0.3919239966231105,101.22236745777411,101.67357015426263,102.60966870992405
fuel_g_plot,B003,RF,81,111.43092124927895,1.3577272838705858,109.29982785594417,111.61641462935444,114.5518540246098
fuel_g_plot,B004,Full,81,57.29778966764435,6.310106673461191,48.896119955573404,54.447684481991296,70.01658408549109
fuel_g_plot,B004,HCS-i,33,98.68613636363608,2.52794167219325,96.38249999999975,98.64499999999973,104.52749999999965
fuel_g_plot,B004,KINO,81,108.60719080239436,0.03689449279767695,108.5999999999996,108.5999999999996,108.79415166465839
fuel_g_plot,B004,OEAC-i,81,102.62038378073265,0.39019845053617525,102.01051640047626,102.46174845600504,103.47393834402615
fuel_g_plot,B004,RF,81,110.11441710632266,1.3284652763533131,108.14749999999961,109.8829569681028,112.66497305199918
fuel_g_plot,B005,Full,81,76.63917463908633,7.709736144527263,60.21374660079874,79.78810121586315,86.7474651961864
fuel_g_plot,B005,HCS-i,0,,,,,
fuel_g_plot,B005,KINO,81,109.05978968735543,1.0815806150162013,107.75814616544467,108.62810405239327,110.88466670612999
fuel_g_plot,B005,OEAC-i,81,101.61857647868705,0.40754758760702336,100.92612291155554,101.49706983010424,102.4716144232532
fuel_g_plot,B005,RF,81,109.518372827023,1.0952048241700993,108.14749999999961,109.01692706131533,111.45826467308447
fuel_g_plot,B006,Full,81,55.681742242293694,7.037536028401567,49.33992789953995,52.39284776843294,70.67698043041146
fuel_g_plot,B006,HCS-i,60,98.48662499999973,0.8927416618418329,97.28749999999974,98.64499999999973,100.4549999999997
fuel_g_plot,B006,KINO,81,108.82185706996663,0.6314162904964565,108.5999999999996,108.5999999999996,110.59671362970293
fuel_g_plot,B006,OEAC-i,81,101.41080210846825,0.39016817109971086,100.8246591630857,101.27575359211701,102.20236276793781
fuel_g_plot,B006,RF,81,111.4460899946755,1.8585034461999759,108.95194846124127,111.66758121702088,114.77867259435445
fuel_g_plot,B007,Full,81,63.90615408705684,9.495515759843997,52.861149556184515,60.06247545802174,80.60795079325437
fuel_g_plot,B007,HCS-i,54,98.54444444444417,1.3407960767755824,97.28749999999974,98.64499999999973,100.90749999999969
fuel_g_plot,B007,KINO,81,106.99239815981154,1.8233577687197318,104.62036580255906,108.5999999999996,108.5999999999996
fuel_g_plot,B007,OEAC-i,75,101.46836547740968,0.3913515119634853,100.83601006213853,101.30907472612802,102.37427595435751
fuel_g_plot,B007,RF,81,110.62352426881246,1.3096264841147507,108.51596557088067,110.86716047355702,113.6716692622114
fuel_g_plot,B008,Full,81,57.063932981869065,6.944628666612569,50.513951307284806,54.301608361002266,77.75466189489954
fuel_g_plot,B008,HCS-i,60,97.35537499999973,0.48453647800443644,96.83499999999974,97.28749999999974,98.64499999999973
fuel_g_plot,B008,KINO,81,108.33185185185145,0.7665094154853969,105.88499999999964,108.5999999999996,108.5999999999996
fuel_g_plot,B008,OEAC-i,81,100.17803504915064,0.3781875460232992,99.6224673190144,100.05906496394518,101.12209212324139
fuel_g_plot,B008,RF,81,110.80626293929448,1.3846409480906456,108.9954305459751,111.00807754476321,113.52343517887483
fuel_g_plot,B009,Full,81,58.33246782133431,8.183632132493518,51.17991535996998,54.52653243017611,88.76251164777587
fuel_g_plot,B009,HCS-i,33,96.85797054612708,1.41802084365044,94.11999999999978,96.38249999999975,98.89767600740035
fuel_g_plot,B009,KINO,81,107.84583333333293,1.4237580113909598,104.97999999999965,108.5999999999996,108.5999999999996
fuel_g_plot,B009,OEAC-i,81,100.0922960720094,0.5264193721994533,99.31482487085741,99.7837723527646,101.23213030839942
fuel_g_plot,B009,RF,81,110.14202583631557,1.1883098705524644,108.14749999999961,109.87503568890861,112.29292144784172
fuel_g_plot,B010,Full,81,66.56517797504549,1.9264899454691722,63.65880614594366,65.97727471481477,70.54903588145842
fuel_g_plot,B010,HCS-i,0,,,,,
fuel_g_plot,B010,KINO,81,107.99430435780909,0.6227828522040797,107.05109667988832,108.11771226518908,108.98600935032222
fuel_g_plot,B010,OEAC-i,0,,,,,
fuel_g_plot,B010,RF,81,111.08828536762422,2.367676631974825,108.14749999999961,110.75805011939822,116.5410906388854
fuel_g_plot_adj,B001,Full,81,78.70755629957215,5.821570179844346,59.37519133681066,79.53173343725547,88.49346181369695
fuel_g_plot_adj,B001,HCS-i,81,97.89083333333306,3.188439714421423,91.8574999999998,98.64499999999973,102.26499999999967
fuel_g_plot_adj,B001,KINO,81,109.68482237367641,0.9431464981568577,108.5999999999996,109.21850281928329,111.32773531625223
fuel_g_plot_adj,B001,OEAC-i,81,102.14739437599212,0.3248240428479154,101.8354639054792,101.99919994113944,102.90288416037687
fuel_g_plot_adj,B001,RF,81,109.62044261199779,1.1073490238281016,108.14749999999961,109.78633734513939,112.17827510058184
fuel_g_plot_adj,B002,Full,81,56.812249281668876,6.029614597939996,50.22124176086434,53.77744676229132,68.72795649222911
fuel_g_plot_adj,B002,HCS-i,81,108.59647963785791,9.931067965984921,91.4049999999998,116.5410906388854,116.5410906388854
fuel_g_plot_adj,B002,KINO,81,108.5999999999996,0.0,108.5999999999996,108.5999999999996,108.5999999999996
fuel_g_plot_adj,B002,OEAC-i,81,102.53172396323343,0.34008266192365466,102.31792476682233,102.31914266692604,103.36017691559525
fuel_g_plot_adj,B002,RF,81,110.25208602963548,1.0203522474021558,108.60062828637895,110.55687861456092,112.33053070593648
fuel_g_plot_adj,B003,Full,81,57.228685721405455,6.760229390272561,50.12257218620631,54.16193476811843,71.4536868464633
fuel_g_plot_adj,B003,HCS-i,81,103.25120868415527,8.048883689647786,96.38249999999975,99.09749999999971,116.5410906388854
fuel_g_plot_adj,B003,KINO,81,108.5999999999996,0.0,108.5999999999996,108.5999999999996,108.5999999999996
fuel_g_plot_adj,B003,OEAC-i,81,101.80951624280563,0.3919239966231105,101.22236745777411,101.67357015426263,102.60966870992405
fuel_g_plot_adj,B003,RF,81,111.43092124927895,1.3577272838705858,109.29982785594417,111.61641462935444,114.5518540246098
fuel_g_plot_adj,B004,Full,81,57.29778966764435,6.310106673461191,48.896119955573404,54.447684481991296,70.01658408549109
fuel_g_plot_adj,B004,HCS-i,81,109.26685000822827,8.971339696373702,96.38249999999975,116.5410906388854,116.5410906388854
fuel_g_plot_adj,B004,KINO,81,108.60719080239436,0.03689449279767695,108.5999999999996,108.5999999999996,108.79415166465839
fuel_g_plot_adj,B004,OEAC-i,81,102.62038378073265,0.39019845053617525,102.01051640047626,102.46174845600504,103.47393834402615
fuel_g_plot_adj,B004,RF,81,110.11441710632266,1.3284652763533131,108.14749999999961,109.8829569681028,112.66497305199918
fuel_g_plot_adj,B005,Full,81,76.63917463908633,7.709736144527263,60.21374660079874,79.78810121586315,86.7474651961864
fuel_g_plot_adj,B005,HCS-i,81,116.5410906388854,0.0,116.5410906388854,116.5410906388854,116.5410906388854
fuel_g_plot_adj,B005,KINO,81,109.05978968735543,1.0815806150162013,107.75814616544467,108.62810405239327,110.88466670612999
fuel_g_plot_adj,B005,OEAC-i,81,101.61857647868705,0.40754758760702336,100.92612291155554,101.49706983010424,102.4716144232532
fuel_g_plot_adj,B005,RF,81,109.518372827023,1.0952048241700993,108.14749999999961,109.01692706131533,111.45826467308447
fuel_g_plot_adj,B006,Full,81,55.681742242293694,7.037536028401567,49.33992789953995,52.39284776843294,70.67698043041146
fuel_g_plot_adj,B006,HCS-i,81,103.16741238785897,7.998100693472917,97.28749999999974,98.64499999999973,116.5410906388854
fuel_g_plot_adj,B006,KINO,81,108.82185706996663,0.6314162904964565,108.5999999999996,108.5999999999996,110.59671362970293
fuel_g_plot_adj,B006,OEAC-i,81,101.41080210846825,0.39016817109971086,100.8246591630857,101.27575359211701,102.20236276793781
fuel_g_plot_adj,B006,RF,81,111.4460899946755,1.8585034461999759,108.95194846124127,111.66758121702088,114.77867259435445
fuel_g_plot_adj,B007,Full,81,63.90615408705684,9.495515759843997,52.861149556184515,60.06247545802174,80.60795079325437
fuel_g_plot_adj,B007,HCS-i,81,104.54332650925792,8.60603483376306,97.28749999999974,99.09749999999971,116.5410906388854
fuel_g_plot_adj,B007,KINO,81,106.99239815981154,1.8233577687197318,104.62036580255906,108.5999999999996,108.5999999999996
fuel_g_plot_adj,B007,OEAC-i,81,102.58486363751899,3.98980542717055,100.83601006213853,101.30907472612802,116.5410906388854
fuel_g_plot_adj,B007,RF,81,110.62352426881246,1.3096264841147507,108.51596557088067,110.86716047355702,113.6716692622114
fuel_g_plot_adj,B008,Full,81,57.063932981869065,6.944628666612569,50.513951307284806,54.301608361002266,77.75466189489954
fuel_g_plot_adj,B008,HCS-i,81,102.32944942489601,8.470332349792503,96.83499999999974,97.28749999999974,116.5410906388854
fuel_g_plot_adj,B008,KINO,81,108.33185185185145,0.7665094154853969,105.88499999999964,108.5999999999996,108.5999999999996
fuel_g_plot_adj,B008,OEAC-i,81,100.17803504915064,0.3781875460232992,99.6224673190144,100.05906496394518,101.12209212324139
fuel_g_plot_adj,B008,RF,81,110.80626293929448,1.3846409480906456,108.9954305459751,111.00807754476321,113.52343517887483
fuel_g_plot_adj,B009,Full,81,58.33246782133431,8.183632132493518,51.17991535996998,54.52653243017611,88.76251164777587
fuel_g_plot_adj,B009,HCS-i,81,108.52204171220608,9.77283250021871,94.11999999999978,116.5410906388854,116.5410906388854
fuel_g_plot_adj,B009,KINO,81,107.84583333333293,1.4237580113909598,104.97999999999965,108.5999999999996,108.5999999999996
fuel_g_plot_adj,B009,OEAC-i,81,100.0922960720094,0.5264193721994533,99.31482487085741,99.7837723527646,101.23213030839942
fuel_g_plot_adj,B009,RF,81,110.14202583631557,1.1883098705524644,108.14749999999961,109.87503568890861,112.29292144784172
fuel_g_plot_adj,B010,Full,81,66.56517797504549,1.9264899454691722,63.65880614594366,65.97727471481477,70.54903588145842
fuel_g_plot_adj,B010,HCS-i,81,116.5410906388854,0.0,116.5410906388854,116.5410906388854,116.5410906388854
fuel_g_plot_adj,B010,KINO,81,107.99430435780909,0.6227828522040797,107.05109667988832,108.11771226518908,108.98600935032222
fuel_g_plot_adj,B010,OEAC-i,81,116.5410906388854,0.0,116.5410906388854,116.5410906388854,116.5410906388854
fuel_g_plot_adj,B010,RF,81,111.08828536762422,2.367676631974825,108.14749999999961,110.75805011939822,116.5410906388854
fuel_energy_kwh_plot,B001,Full,81,0.940118033578223,0.0695354215925854,0.7092036743007939,0.9499623716116626,1.057005238330269
fuel_energy_kwh_plot,B001,HCS-i,81,1.1692516203703671,0.03808414103336704,1.0971868055555531,1.1782597222222189,1.2214986111111072
fuel_energy_kwh_plot,B001,KINO,81,1.310124267241135,0.011265360950206905,1.297166666666662,1.304554339230328,1.3297479496107905
fuel_energy_kwh_plot,B001,OEAC-i,81,1.2200938772687948,0.0038798427340168864,1.2163680410932238,1.2183237770747213,1.2291177830267237
fuel_energy_kwh_plot,B001,RF,81,1.3093552867544183,0.013226668895724679,1.2917618055555509,1.3113368071780538,1.3399071748125053
fuel_energy_kwh_plot,B002,Full,81,0.6785907553088227,0.07202039658650551,0.5998648321436574,0.6423417252162575,0.8209172581016255
fuel_energy_kwh_plot,B002,HCS-i,33,1.1590970328282797,0.04497925345815715,1.091781944444442,1.18366458333333,1.2106888888888854
fuel_energy_kwh_plot,B002,KINO,81,1.297166666666662,0.0,1.297166666666662,1.297166666666662,1.297166666666662
fuel_energy_kwh_plot,B002,OEAC-i,81,1.224684480671955,0.004062098461865783,1.2221307680481557,1.2221453151882833,1.2345798909362764
fuel_energy_kwh_plot,B002,RF,81,1.3168999164650903,0.012187540732859195,1.2971741711984153,1.320540494562811,1.341725783432019
fuel_energy_kwh_plot,B003,Full,81,0.6835648572278985,0.08074718438381116,0.5986862788907976,0.6469342208414146,0.8534745928883116
fuel_energy_kwh_plot,B003,HCS-i,60,1.1777192361111077,0.02060393979138967,1.1512354166666636,1.1809621527777745,1.2160937499999962
fuel_energy_kwh_plot,B003,KINO,81,1.297166666666662,0.0,1.297166666666662,1.297166666666662,1.297166666666662
fuel_energy_kwh_plot,B003,OEAC-i,81,1.2160581106779562,0.00468131440410943,1.2090449446345242,1.214434310175915,1.2256154873685374
fuel_energy_kwh_plot,B003,RF,81,1.3309804482552765,0.016217298112898647,1.3055257216126666,1.3331960636284004,1.3682582564050614
fuel_energy_kwh_plot,B004,Full,81,0.6843902654746409,0.07537071859967535,0.5840369883582379,0.6503473424237849,0.8363091987989214
fuel_energy_kwh_plot,B004,HCS-i,33,1.1787510732323199,0.030194858862308382,1.1512354166666636,1.1782597222222189,1.2485229166666625
fuel_energy_kwh_plot,B004,KINO,81,1.2972525568063773,0.00044068421952775155,1.297166666666662,1.297166666666662,1.299485700438975
fuel_energy_kwh_plot,B004,OEAC-i,81,1.2257434729365289,0.004660703714737516,1.2184589458945776,1.2238486621133937,1.2359387079980901
fuel_energy_kwh_plot,B004,RF,81,1.3152555376588542,0.015867779689775763,1.2917618055555509,1.3124908748967836,1.3457205114544346
fuel_energy_kwh_plot,B005,Full,81,0.9154123637446424,0.09208851505963118,0.7192197510650961,0.9530245423005875,1.0361502787322263
fuel_energy_kwh_plot,B005,HCS-i,0,,,,,
fuel_energy_kwh_plot,B005,KINO,81,1.302658599043412,0.012918879568249319,1.287111190309478,1.2975023539591417,1.3244557412121083
fuel_energy_kwh_plot,B005,OEAC-i,81,1.2137774412732065,0.004867929518639444,1.2055064681102468,1.2123261118595785,1.22396650561108
fuel_energy_kwh_plot,B005,RF,81,1.3081361198783303,0.013081613177587275,1.2917618055555509,1.302146628787933,1.331307050261842
fuel_energy_kwh_plot,B006,Full,81,0.6650874767829525,0.08405945811701873,0.5893380276889494,0.6258034594562824,0.8441972662521369
fuel_energy_kwh_plot,B006,HCS-i,60,1.17636802083333,0.010663303183110751,1.1620451388888857,1.1782597222222189,1.199879166666663
fuel_energy_kwh_plot,B006,KINO,81,1.2998166261134905,0.007541916803152088,1.297166666666662,1.297166666666662,1.3210163016881182
fuel_energy_kwh_plot,B006,OEAC-i,81,1.2112956918511484,0.0046603420436908925,1.2042945400035237,1.2096826123502866,1.2207504441725905
fuel_energy_kwh_plot,B006,RF,81,1.3311616304919571,0.022198791162944057,1.3013704955092709,1.3338072200921938,1.3709674782103447
fuel_energy_kwh_plot,B007,Full,81,0.7633235071509568,0.11341866046480334,0.631397064143315,0.7174129013041485,0.9628171900305383
fuel_energy_kwh_plot,B007,HCS-i,54,1.1770586419753053,0.016015064250375122,1.1620451388888857,1.1782597222222189,1.205284027777774
fuel_energy_kwh_plot,B007,KINO,81,1.277964755797749,0.021778995570818933,1.2496321470861222,1.297166666666662,1.297166666666662
fuel_energy_kwh_plot,B007,OEAC-i,75,1.2119832543135045,0.004674476392897112,1.2044301201866547,1.2100806147843068,1.2228038516770479
fuel_energy_kwh_plot,B007,RF,81,1.3213365398774821,0.01564276078248179,1.2961629220966302,1.3242466389897087,1.3577449384097473
fuel_energy_kwh_plot,B008,Full,81,0.6815969772834362,0.08294973129565013,0.6033610850592352,0.6486025443119715,0.928736239300189
fuel_energy_kwh_plot,B008,HCS-i,60,1.1628558680555523,0.005787519042830788,1.1566402777777747,1.1620451388888857,1.1782597222222189
fuel_energy_kwh_plot,B008,KINO,81,1.2939637860082256,0.009155529129408816,1.2647374999999956,1.297166666666662,1.297166666666662
fuel_energy_kwh_plot,B008,OEAC-i,81,1.1965709741981883,0.004517240133056,1.1899350263104498,1.1951499426249006,1.2078472114720498
fuel_energy_kwh_plot,B008,RF,81,1.3235192517749064,0.01653876687997137,1.3018898648547026,1.325929815118005,1.3559743646365605
fuel_energy_kwh_plot,B009,Full,81,0.6967489211992709,0.09774893936033924,0.6113156556885304,0.6512891373604369,1.0602188891262116
fuel_energy_kwh_plot,B009,HCS-i,33,1.1569146481898511,0.01693747118804698,1.1242111111111084,1.1512354166666636,1.1812777967550598
fuel_energy_kwh_plot,B009,KINO,81,1.2881585648148102,0.017005998469392155,1.2539277777777735,1.297166666666662,1.297166666666662
fuel_energy_kwh_plot,B009,OEAC-i,81,1.1955468697490013,0.00628778694571572,1.1862604081796857,1.1918617253246884,1.2091615564614373
fuel_energy_kwh_plot,B009,RF,81,1.3155853086004359,0.014193701231598603,1.2917618055555509,1.3123962596175194,1.3412765617381095
fuel_energy_kwh_plot,B010,Full,81,0.7950840702574877,0.02301085212643733,0.7603690734098826,0.7880618924269542,0.8426690396951977
fuel_energy_kwh_plot,B010,HCS-i,0,,,,,
fuel_energy_kwh_plot,B010,KINO,81,1.289931968718275,0.007438795179104172,1.2786658770097772,1.2914060076119807,1.3017773339066265
fuel_energy_kwh_plot,B010,OEAC-i,0,,,,,
fuel_energy_kwh_plot,B010,RF,81,1.3268878530021782,0.02828058199303291,1.2917618055555509,1.3229433764261456,1.3920185826311309
fuel_energy_kwh_plot_adj,B001,Full,81,0.940118033578223,0.0695354215925854,0.7092036743007939,0.9499623716116626,1.057005238330269
fuel_energy_kwh_plot_adj,B001,HCS-i,81,1.1692516203703671,0.03808414103336704,1.0971868055555531,1.1782597222222189,1.2214986111111072
fuel_energy_kwh_plot_adj,B001,KINO,81,1.310124267241135,0.011265360950206905,1.297166666666662,1.304554339230328,1.3297479496107905
fuel_energy_kwh_plot_adj,B001,OEAC-i,81,1.2200938772687948,0.0038798427340168864,1.2163680410932238,1.2183237770747213,1.2291177830267237
fuel_energy_kwh_plot_adj,B001,RF,81,1.3093552867544183,0.013226668895724679,1.2917618055555509,1.3113368071780538,1.3399071748125053
fuel_energy_kwh_plot_adj,B002,Full,81,0.6785907553088227,0.07202039658650551,0.5998648321436574,0.6423417252162575,0.8209172581016255
fuel_energy_kwh_plot_adj,B002,HCS-i,81,1.297124617896636,0.11862108959370854,1.091781944444442,1.3920185826311309,1.3920185826311309
fuel_energy_kwh_plot_adj,B002,KINO,81,1.297166666666662,0.0,1.297166666666662,1.297166666666662,1.297166666666662
fuel_energy_kwh_plot_adj,B002,OEAC-i,81,1.224684480671955,0.004062098461865783,1.2221307680481557,1.2221453151882833,1.2345798909362764
fuel_energy_kwh_plot_adj,B002,RF,81,1.3168999164650903,0.012187540732859195,1.2971741711984153,1.320540494562811,1.341725783432019
fuel_energy_kwh_plot_adj,B003,Full,81,0.6835648572278985,0.08074718438381116,0.5986862788907976,0.6469342208414146,0.8534745928883116
fuel_energy_kwh_plot_adj,B003,HCS-i,81,1.2332783259496323,0.09613944407079265,1.1512354166666636,1.18366458333333,1.3920185826311309
fuel_energy_kwh_plot_adj,B003,KINO,81,1.297166666666662,0.0,1.297166666666662,1.297166666666662,1.297166666666662
fuel_energy_kwh_plot_adj,B003,OEAC-i,81,1.2160581106779562,0.00468131440410943,1.2090449446345242,1.214434310175915,1.2256154873685374
fuel_energy_kwh_plot_adj,B003,RF,81,1.3309804482552765,0.016217298112898647,1.3055257216126666,1.3331960636284004,1.3682582564050614
fuel_energy_kwh_plot_adj,B004,Full,81,0.6843902654746409,0.07537071859967535,0.5840369883582379,0.6503473424237849,0.8363091987989214
fuel_energy_kwh_plot_adj,B004,HCS-i,81,1.3051318195427264,0.10715766859557468,1.1512354166666636,1.3920185826311309,1.3920185826311309
fuel_energy_kwh_plot_adj,B004,KINO,81,1.2972525568063773,0.00044068421952775155,1.297166666666662,1.297166666666662,1.299485700438975
fuel_energy_kwh_plot_adj,B004,OEAC-i,81,1.2257434729365289,0.004660703714737516,1.2184589458945776,1.2238486621133937,1.2359387079980901
fuel_energy_kwh_plot_adj,B004,RF,81,1.3152555376588542,0.015867779689775763,1.2917618055555509,1.3124908748967836,1.3457205114544346
fuel_energy_kwh_plot_adj,B005,Full,81,0.9154123637446424,0.09208851505963118,0.7192197510650961,0.9530245423005875,1.0361502787322263
fuel_energy_kwh_plot_adj,B005,HCS-i,81,1.3920185826311309,0.0,1.3920185826311309,1.3920185826311309,1.3920185826311309
fuel_energy_kwh_plot_adj,B005,KINO,81,1.302658599043412,0.012918879568249319,1.287111190309478,1.2975023539591417,1.3244557412121083
fuel_energy_kwh_plot_adj,B005,OEAC-i,81,1.2137774412732065,0.004867929518639444,1.2055064681102468,1.2123261118595785,1.22396650561108
fuel_energy_kwh_plot_adj,B005,RF,81,1.3081361198783303,0.013081613177587275,1.2917618055555509,1.302146628787933,1.331307050261842
fuel_energy_kwh_plot_adj,B006,Full,81,0.6650874767829525,0.08405945811701873,0.5893380276889494,0.6258034594562824,0.8441972662521369
fuel_energy_kwh_plot_adj,B006,HCS-i,81,1.232277425743871,0.0955328693942596,1.1620451388888857,1.1782597222222189,1.3920185826311309
fuel_energy_kwh_plot_adj,B006,KINO,81,1.2998166261134905,0.007541916803152088,1.297166666666662,1.297166666666662,1.3210163016881182
fuel_energy_kwh_plot_adj,B006,OEAC-i,81,1.2112956918511484,0.0046603420436908925,1.2042945400035237,1.2096826123502866,1.2207504441725905
fuel_energy_kwh_plot_adj,B006,RF,81,1.3311616304919571,0.022198791162944057,1.3013704955092709,1.3338072200921938,1.3709674782103447
fuel_energy_kwh_plot_adj,B007,Full,81,0.7633235071509568,0.11341866046480334,0.631397064143315,0.7174129013041485,0.9628171900305383
fuel_energy_kwh_plot_adj,B007,HCS-i,81,1.248711955527247,0.10279430495883626,1.1620451388888857,1.18366458333333,1.3920185826311309
fuel_energy_kwh_plot_adj,B007,KINO,81,1.277964755797749,0.021778995570818933,1.2496321470861222,1.297166666666662,1.297166666666662
fuel_energy_kwh_plot_adj,B007,OEAC-i,81,1.2253192045592547,0.047656009268981454,1.2044301201866547,1.2100806147843068,1.3920185826311309
fuel_energy_kwh_plot_adj,B007,RF,81,1.3213365398774821,0.01564276078248179,1.2961629220966302,1.3242466389897087,1.3577449384097473
fuel_energy_kwh_plot_adj,B008,Full,81,0.6815969772834362,0.08294973129565013,0.6033610850592352,0.6486025443119715,0.928736239300189
fuel_energy_kwh_plot_adj,B008,HCS-i,81,1.2222684236862578,0.10117341417807713,1.1566402777777747,1.1620451388888857,1.3920185826311309
fuel_energy_kwh_plot_adj,B008,KINO,81,1.2939637860082256,0.009155529129408816,1.2647374999999956,1.297166666666662,1.297166666666662
fuel_energy_kwh_plot_adj,B008,OEAC-i,81,1.1965709741981883,0.004517240133056,1.1899350263104498,1.1951499426249006,1.2078472114720498
fuel_energy_kwh_plot_adj,B008,RF,81,1.3235192517749064,0.01653876687997137,1.3018898648547026,1.325929815118005,1.3559743646365605
fuel_energy_kwh_plot_adj,B009,Full,81,0.6967489211992709,0.09774893936033924,0.6113156556885304,0.6512891373604369,1.0602188891262116
fuel_energy_kwh_plot_adj,B009,HCS-i,81,1.296235498229128,0.11673105486372329,1.1242111111111084,1.3920185826311309,1.3920185826311309
fuel_energy_kwh_plot_adj,B009,KINO,81,1.2881585648148102,0.017005998469392155,1.2539277777777735,1.297166666666662,1.297166666666662
fuel_energy_kwh_plot_adj,B009,OEAC-i,81,1.1955468697490013,0.00628778694571572,1.1862604081796857,1.1918617253246884,1.2091615564614373
fuel_energy_kwh_plot_adj,B009,RF,81,1.3155853086004359,0.014193701231598603,1.2917618055555509,1.3123962596175194,1.3412765617381095
fuel_energy_kwh_plot_adj,B010,Full,81,0.7950840702574877,0.02301085212643733,0.7603690734098826,0.7880618924269542,0.8426690396951977
fuel_energy_kwh_plot_adj,B010,HCS-i,81,1.3920185826311309,0.0,1.3920185826311309,1.3920185826311309,1.3920185826311309
fuel_energy_kwh_plot_adj,B010,KINO,81,1.289931968718275,0.007438795179104172,1.2786658770097772,1.2914060076119807,1.3017773339066265
fuel_energy_kwh_plot_adj,B010,OEAC-i,81,1.3920185826311309,0.0,1.3920185826311309,1.3920185826311309,1.3920185826311309
fuel_energy_kwh_plot_adj,B010,RF,81,1.3268878530021782,0.02828058199303291,1.2917618055555509,1.3229433764261456,1.3920185826311309
battery_used_kwh_plot,B001,Full,81,0.10802454916736691,0.008650210457477318,0.09066671275874065,0.10716161702909253,0.13148836738831107
battery_used_kwh_plot,B001,HCS-i,81,0.0,0.0,0.0,0.0,0.0
battery_used_kwh_plot,B001,KINO,81,0.004227843973782307,0.0030651248619322697,0.0,0.003260042646549352,0.009596920657171276
battery_used_kwh_plot,B001,OEAC-i,81,0.027224707429273107,0.0009009471545281566,0.02654199895173964,0.026545395776022773,0.029293875450948758
battery_used_kwh_plot,B001,RF,81,0.029843082074212556,0.039053210069919304,0.0,0.004651592990395343,0.08602222201411013
battery_used_kwh_plot,B002,Full,81,0.1376026009897777,0.029436810688317713,0.07859131592488389,0.13159795037872987,0.17698671603597627
battery_used_kwh_plot,B002,HCS-i,33,6.418527775752191e-06,1.3830283689910769e-05,0.0,0.0,3.601222302140207e-05
battery_used_kwh_plot,B002,KINO,81,0.0002985205264693752,0.0008496043127602276,0.0,0.0,0.0026866847382297364
battery_used_kwh_plot,B002,OEAC-i,81,0.02654603671925408,0.0003446253461572045,0.02642237036406966,0.02642576185911413,0.027575422890141657
battery_used_kwh_plot,B002,RF,81,0.0115643599819893,0.005828655718785281,0.0039286488889711925,0.009041914223175152,0.022453500714305907
battery_used_kwh_plot,B003,Full,81,0.11484972800367901,0.02406707819211861,0.08536677854488856,0.10904713324856005,0.18249999632205025
battery_used_kwh_plot,B003,HCS-i,60,0.0,0.0,0.0,0.0,0.0
battery_used_kwh_plot,B003,KINO,81,0.0,0.0,0.0,0.0,0.0
battery_used_kwh_plot,B003,OEAC-i,81,0.019950940277785933,0.00025363787980419616,0.019858523705905497,0.019865154068480325,0.02076834217157283
battery_used_kwh_plot,B003,RF,81,0.03592178290339248,0.030932990756943182,0.0053491884283936005,0.02015787118864425,0.08392503648379097
battery_used_kwh_plot,B004,Full,81,0.13083850730775334,0.024182561299137182,0.07474321856733497,0.1414635825229648,0.16913282904481874
battery_used_kwh_plot,B004,HCS-i,33,0.0,0.0,0.0,0.0,0.0
battery_used_kwh_plot,B004,KINO,81,0.00042469900664209996,0.0010836837457499288,0.0,0.0,0.0044374008733224085
battery_used_kwh_plot,B004,OEAC-i,81,0.023811800401515565,0.0003248597310092316,0.02369214428121402,0.023699082964862433,0.024782739875548274
battery_used_kwh_plot,B004,RF,81,0.032462313434545205,0.03378457859661387,0.0,0.015454260242690674,0.0848786262058651
battery_used_kwh_plot,B005,Full,81,0.10948000216495579,0.007676583331868816,0.09492878311126943,0.10716161018264571,0.13009086385323063
battery_used_kwh_plot,B005,HCS-i,0,,,,,
battery_used_kwh_plot,B005,KINO,81,0.006124161632523278,0.003356591629469988,0.001315227092831194,0.004991962878790698,0.011823080421333485
battery_used_kwh_plot,B005,OEAC-i,81,0.029649752822647046,0.000808073012061543,0.02848158818197017,0.030055681030015446,0.031050286442117454
battery_used_kwh_plot,B005,RF,81,0.02802601343895427,0.03573967543811042,0.0,0.005685169511905068,0.08292843376882654
battery_used_kwh_plot,B006,Full,81,0.12491155015522638,0.02404806620477377,0.08109129152590229,0.12094814584527196,0.16845536487956467
battery_used_kwh_plot,B006,HCS-i,60,0.0,0.0,0.0,0.0,0.0
battery_used_kwh_plot,B006,KINO,81,0.0011472845501886173,0.0032652290726260143,0.0,0.0,0.010325560951697557
battery_used_kwh_plot,B006,OEAC-i,81,0.022119507701086956,0.00024578756977045377,0.02202879273495424,0.022037201747126926,0.02291872957894458
battery_used_kwh_plot,B006,RF,81,0.034657816567743166,0.027207326290671068,0.004552177089748972,0.024632779002435164,0.0757269545936374
battery_used_kwh_plot,B007,Full,81,0.12050246853187441,0.024216656774526186,0.0661514508218829,0.11286597157124759,0.1780016440468843
battery_used_kwh_plot,B007,HCS-i,54,2.5933723140218807e-06,7.404385842173697e-06,0.0,0.0,2.3552770121480612e-05
battery_used_kwh_plot,B007,KINO,81,0.004359521810778424,0.005060185318066076,0.0,0.00094440139729364,0.012987957848757494
battery_used_kwh_plot,B007,OEAC-i,75,0.024884980955177702,0.00034352469114744635,0.02477894354487032,0.0247823923297693,0.026042001571637673
battery_used_kwh_plot,B007,RF,81,0.026637055899524226,0.02359727701814783,0.0038047727017173783,0.015230182444493727,0.06110840367088367
battery_used_kwh_plot,B008,Full,81,0.13951314570537915,0.03030391238965974,0.0630191017586732,0.14105449501618217,0.20000006211485846
battery_used_kwh_plot,B008,HCS-i,60,0.0,0.0,0.0,0.0,0.0
battery_used_kwh_plot,B008,KINO,81,0.0008664526566246198,0.0016546145659915457,0.0,0.0,0.005577909288448261
battery_used_kwh_plot,B008,OEAC-i,81,0.029662569214654447,0.0003267473972605057,0.029066168373474584,0.029583862216046322,0.030727105732156142
battery_used_kwh_plot,B008,RF,81,0.013338658954891945,0.007979073953849737,0.003425973936731016,0.011059054779298905,0.028008752180817085
battery_used_kwh_plot,B009,Full,81,0.1381509876995713,0.031225570258583978,0.05373937789041659,0.15229312320840777,0.19252795170626855
battery_used_kwh_plot,B009,HCS-i,33,0.00014216979069949434,0.0004565510067987869,0.0,0.0,0.0015638676976944378
battery_used_kwh_plot,B009,KINO,81,0.002243403220254623,0.0038302522896590412,0.0,0.0,0.01122304294408193
battery_used_kwh_plot,B009,OEAC-i,81,0.028893371407157267,0.0004175662510692545,0.028071523388846286,0.028921796255833694,0.030012483987427962
battery_used_kwh_plot,B009,RF,81,0.00651461218739642,0.0039471907371021984,0.0,0.006472183655479458,0.013675793750585322
battery_used_kwh_plot,B010,Full,81,0.16466204233802995,0.028176764330875723,0.099595209140344,0.16626423214990013,0.20814162823218438
battery_used_kwh_plot,B010,HCS-i,0,,,,,
battery_used_kwh_plot,B010,KINO,81,0.016419855738855668,0.0036039225399092456,0.011582082329000072,0.014987280194789494,0.022502991612913116
battery_used_kwh_plot,B010,OEAC-i,0,,,,,
battery_used_kwh_plot,B010,RF,81,0.014581844784325003,0.013624682032733381,0.0,0.008378102297522536,0.037751923759463
battery_used_kwh_plot_adj,B001,Full,81,0.10802454916736691,0.008650210457477318,0.09066671275874065,0.10716161702909253,0.13148836738831107
battery_used_kwh_plot_adj,B001,HCS-i,81,0.0,0.0,0.0,0.0,0.0
battery_used_kwh_plot_adj,B001,KINO,81,0.004227843973782307,0.0030651248619322697,0.0,0.003260042646549352,0.009596920657171276
battery_used_kwh_plot_adj,B001,OEAC-i,81,0.027224707429273107,0.0009009471545281566,0.02654199895173964,0.026545395776022773,0.029293875450948758
battery_used_kwh_plot_adj,B001,RF,81,0.029843082074212556,0.039053210069919304,0.0,0.004651592990395343,0.08602222201411013
battery_used_kwh_plot_adj,B002,Full,81,0.1376026009897777,0.029436810688317713,0.07859131592488389,0.13159795037872987,0.17698671603597627
battery_used_kwh_plot_adj,B002,HCS-i,81,0.1233458020563142,0.10290480219316633,0.0,0.20814162823218438,0.20814162823218438
battery_used_kwh_plot_adj,B002,KINO,81,0.0002985205264693752,0.0008496043127602276,0.0,0.0,0.0026866847382297364
battery_used_kwh_plot_adj,B002,OEAC-i,81,0.02654603671925408,0.0003446253461572045,0.02642237036406966,0.02642576185911413,0.027575422890141657
battery_used_kwh_plot_adj,B002,RF,81,0.0115643599819893,0.005828655718785281,0.0039286488889711925,0.009041914223175152,0.022453500714305907
battery_used_kwh_plot_adj,B003,Full,81,0.11484972800367901,0.02406707819211861,0.08536677854488856,0.10904713324856005,0.18249999632205025
battery_used_kwh_plot_adj,B003,HCS-i,81,0.05396264435649225,0.09178183096373674,0.0,0.0,0.20814162823218438
battery_used_kwh_plot_adj,B003,KINO,81,0.0,0.0,0.0,0.0,0.0
battery_used_kwh_plot_adj,B003,OEAC-i,81,0.019950940277785933,0.00025363787980419616,0.019858523705905497,0.019865154068480325,0.02076834217157283
battery_used_kwh_plot_adj,B003,RF,81,0.03592178290339248,0.030932990756943182,0.0053491884283936005,0.02015787118864425,0.08392503648379097
battery_used_kwh_plot_adj,B004,Full,81,0.13083850730775334,0.024182561299137182,0.07474321856733497,0.1414635825229648,0.16913282904481874
battery_used_kwh_plot_adj,B004,HCS-i,81,0.1233431871005537,0.1029079752264769,0.0,0.20814162823218438,0.20814162823218438
battery_used_kwh_plot_adj,B004,KINO,81,0.00042469900664209996,0.0010836837457499288,0.0,0.0,0.0044374008733224085
battery_used_kwh_plot_adj,B004,OEAC-i,81,0.023811800401515565,0.0003248597310092316,0.02369214428121402,0.023699082964862433,0.024782739875548274
battery_used_kwh_plot_adj,B004,RF,81,0.032462313434545205,0.03378457859661387,0.0,0.015454260242690674,0.0848786262058651
battery_used_kwh_plot_adj,B005,Full,81,0.10948000216495579,0.007676583331868816,0.09492878311126943,0.10716161018264571,0.13009086385323063
battery_used_kwh_plot_adj,B005,HCS-i,81,0.20814162823218435,0.0,0.20814162823218438,0.20814162823218438,0.20814162823218438
battery_used_kwh_plot_adj,B005,KINO,81,0.006124161632523278,0.003356591629469988,0.001315227092831194,0.004991962878790698,0.011823080421333485
battery_used_kwh_plot_adj,B005,OEAC-i,81,0.029649752822647046,0.000808073012061543,0.02848158818197017,0.030055681030015446,0.031050286442117454
battery_used_kwh_plot_adj,B005,RF,81,0.02802601343895427,0.03573967543811042,0.0,0.005685169511905068,0.08292843376882654
battery_used_kwh_plot_adj,B006,Full,81,0.12491155015522638,0.02404806620477377,0.08109129152590229,0.12094814584527196,0.16845536487956467
battery_used_kwh_plot_adj,B006,HCS-i,81,0.05396264435649225,0.09178183096373674,0.0,0.0,0.20814162823218438
battery_used_kwh_plot_adj,B006,KINO,81,0.0011472845501886173,0.0032652290726260143,0.0,0.0,0.010325560951697557
battery_used_kwh_plot_adj,B006,OEAC-i,81,0.022119507701086956,0.00024578756977045377,0.02202879273495424,0.022037201747126926,0.02291872957894458
battery_used_kwh_plot_adj,B006,RF,81,0.034657816567743166,0.027207326290671068,0.004552177089748972,0.024632779002435164,0.0757269545936374
battery_used_kwh_plot_adj,B007,Full,81,0.12050246853187441,0.024216656774526186,0.0661514508218829,0.11286597157124759,0.1780016440468843
battery_used_kwh_plot_adj,B007,HCS-i,81,0.06938227165893747,0.09872901320590184,0.0,0.0,0.20814162823218438
battery_used_kwh_plot_adj,B007,KINO,81,0.004359521810778424,0.005060185318066076,0.0,0.00094440139729364,0.012987957848757494
battery_used_kwh_plot_adj,B007,OEAC-i,81,0.03845954742014116,0.04829349698424733,0.02477894354487032,0.0247823923297693,0.20814162823218438
battery_used_kwh_plot_adj,B007,RF,81,0.026637055899524226,0.02359727701814783,0.0038047727017173783,0.015230182444493727,0.06110840367088367
battery_used_kwh_plot_adj,B008,Full,81,0.13951314570537915,0.03030391238965974,0.0630191017586732,0.14105449501618217,0.20000006211485846
battery_used_kwh_plot_adj,B008,HCS-i,81,0.05396264435649225,0.09178183096373674,0.0,0.0,0.20814162823218438
battery_used_kwh_plot_adj,B008,KINO,81,0.0008664526566246198,0.0016546145659915457,0.0,0.0,0.005577909288448261
battery_used_kwh_plot_adj,B008,OEAC-i,81,0.029662569214654447,0.0003267473972605057,0.029066168373474584,0.029583862216046322,0.030727105732156142
battery_used_kwh_plot_adj,B008,RF,81,0.013338658954891945,0.007979073953849737,0.003425973936731016,0.011059054779298905,0.028008752180817085
battery_used_kwh_plot_adj,B009,Full,81,0.1381509876995713,0.031225570258583978,0.05373937789041659,0.15229312320840777,0.19252795170626855
battery_used_kwh_plot_adj,B009,HCS-i,81,0.12340110812639425,0.10283808997429499,0.0,0.20814162823218438,0.20814162823218438
battery_used_kwh_plot_adj,B009,KINO,81,0.002243403220254623,0.0038302522896590412,0.0,0.0,0.01122304294408193
battery_used_kwh_plot_adj,B009,OEAC-i,81,0.028893371407157267,0.0004175662510692545,0.028071523388846286,0.028921796255833694,0.030012483987427962
battery_used_kwh_plot_adj,B009,RF,81,0.00651461218739642,0.0039471907371021984,0.0,0.006472183655479458,0.013675793750585322
battery_used_kwh_plot_adj,B010,Full,81,0.16466204233802995,0.028176764330875723,0.099595209140344,0.16626423214990013,0.20814162823218438
battery_used_kwh_plot_adj,B010,HCS-i,81,0.20814162823218435,0.0,0.20814162823218438,0.20814162823218438,0.20814162823218438
battery_used_kwh_plot_adj,B010,KINO,81,0.016419855738855668,0.0036039225399092456,0.011582082329000072,0.014987280194789494,0.022502991612913116
battery_used_kwh_plot_adj,B010,OEAC-i,81,0.20814162823218435,0.0,0.20814162823218438,0.20814162823218438,0.20814162823218438
battery_used_kwh_plot_adj,B010,RF,81,0.014581844784325003,0.013624682032733381,0.0,0.008378102297522536,0.037751923759463
equivalent_energy_kwh_plot,B001,Full,81,1.04814258274559,0.0636375229815645,0.8406920416891049,1.0586170842706704,1.1512750257197797
equivalent_energy_kwh_plot,B001,HCS-i,81,1.1692516203703671,0.03808414103336704,1.0971868055555531,1.1782597222222189,1.2214986111111072
equivalent_energy_kwh_plot,B001,KINO,81,1.3143521112149172,0.014306779540087522,1.297166666666662,1.3078143818768773,1.3393448702679618
equivalent_energy_kwh_plot,B001,OEAC-i,81,1.247318584698068,0.003968471727253905,1.2447077079151885,1.2448687391197952,1.2571014002495722
equivalent_energy_kwh_plot,B001,RF,81,1.3391983688286309,0.04789660038107576,1.2917618055555509,1.3174424576811503,1.4259293968266156
equivalent_energy_kwh_plot,B002,Full,81,0.8161933562986003,0.060600648422817226,0.724753522048685,0.8081137290294744,0.9413756865772474
equivalent_energy_kwh_plot,B002,HCS-i,33,1.1591034513560556,0.04496934846554457,1.091816536026954,1.18366458333333,1.2106888888888854
equivalent_energy_kwh_plot,B002,KINO,81,1.2974651871931313,0.0008496043127602694,1.297166666666662,1.297166666666662,1.2998533514048918
equivalent_energy_kwh_plot,B002,OEAC-i,81,1.2512305173912088,0.004354160965730792,1.2485548457238127,1.2485722477500139,1.262155313826418
equivalent_energy_kwh_plot,B002,RF,81,1.3284642764470798,0.016198437825440545,1.3011028200873864,1.329582408785986,1.3641792841463252
equivalent_energy_kwh_plot,B003,Full,81,0.7984145852315776,0.08494482543159676,0.7035845631692781,0.7933657750940307,0.982451067112291
equivalent_energy_kwh_plot,B003,HCS-i,60,1.1777192361111077,0.02060393979138967,1.1512354166666636,1.1809621527777745,1.2160937499999962
equivalent_energy_kwh_plot,B003,KINO,81,1.297166666666662,0.0,1.297166666666662,1.297166666666662,1.297166666666662
equivalent_energy_kwh_plot,B003,OEAC-i,81,1.236009050955742,0.004860076851207648,1.228913362380605,1.2342994672033873,1.2463838295401102
equivalent_energy_kwh_plot,B003,RF,81,1.366902231158669,0.038681703406690894,1.3108749100410602,1.3587407594188476,1.4226949156978645
equivalent_energy_kwh_plot,B004,Full,81,0.8152287727823943,0.061187864451898895,0.7137001397039234,0.8067557988477847,0.9447368752856314
equivalent_energy_kwh_plot,B004,HCS-i,33,1.1787510732323199,0.030194858862308382,1.1512354166666636,1.1782597222222189,1.2485229166666625
equivalent_energy_kwh_plot,B004,KINO,81,1.2976772558130194,0.0014375299573130818,1.297166666666662,1.297166666666662,1.3039231013122974
equivalent_energy_kwh_plot,B004,OEAC-i,81,1.2495552733380444,0.0049082767492321,1.2421629499428657,1.2475497923270378,1.2607214478736384
equivalent_energy_kwh_plot,B004,RF,81,1.3477178510933994,0.0395731017770942,1.2917618055555509,1.346134566885134,1.4241625485155731
equivalent_energy_kwh_plot,B005,Full,81,1.0248923659095983,0.0864959200572845,0.8493106149183267,1.060193252020187,1.1341959594814686
equivalent_energy_kwh_plot,B005,HCS-i,0,,,,,
equivalent_energy_kwh_plot,B005,KINO,81,1.3087827606759352,0.016258300234686558,1.2884264174023092,1.3024943168379326,1.3362788216334418
equivalent_energy_kwh_plot,B005,OEAC-i,81,1.2434271940958534,0.00537828745314015,1.2339944105037095,1.2423825391078898,1.2550167920531974
equivalent_energy_kwh_plot,B005,RF,81,1.3361621333172846,0.040166093304239925,1.2917618055555509,1.3238055968614315,1.4134396370319497
equivalent_energy_kwh_plot,B006,Full,81,0.7899990269381788,0.08131662461253059,0.6927383934231363,0.7680255052194267,0.9596553947032092
equivalent_energy_kwh_plot,B006,HCS-i,60,1.17636802083333,0.010663303183110751,1.1620451388888857,1.1782597222222189,1.199879166666663
equivalent_energy_kwh_plot,B006,KINO,81,1.300963910663679,0.010807145875778157,1.297166666666662,1.297166666666662,1.331341862639816
equivalent_energy_kwh_plot,B006,OEAC-i,81,1.2334151995522353,0.00483146776993875,1.226335025101655,1.2317198140974135,1.243669173751535
equivalent_energy_kwh_plot,B006,RF,81,1.3658194470597005,0.03751562365721638,1.3059226725990198,1.3786501161303346,1.4351899143864224
equivalent_energy_kwh_plot,B007,Full,81,0.8838259756828312,0.10194707255344997,0.7375196893404232,0.8606301156241039,1.06447502150987
equivalent_energy_kwh_plot,B007,HCS-i,54,1.1770612353476193,0.016012588713073282,1.1620451388888857,1.1782597222222189,1.205284027777774
equivalent_energy_kwh_plot,B007,KINO,81,1.2823242776085275,0.0171925569220032,1.2586374813638612,1.297166666666662,1.2981110680639558
equivalent_energy_kwh_plot,B007,OEAC-i,75,1.2368682352686822,0.004915366309269473,1.229214672560151,1.2348747791324166,1.2488458532486857
equivalent_energy_kwh_plot,B007,RF,81,1.3479735957770065,0.03496431888883153,1.300766672808259,1.3410839398692715,1.4132801644606536
equivalent_energy_kwh_plot,B008,Full,81,0.8211101229888152,0.06576064772627174,0.7396780843293803,0.793545029300871,1.0385312586314215
equivalent_energy_kwh_plot,B008,HCS-i,60,1.1628558680555523,0.005787519042830788,1.1566402777777747,1.1620451388888857,1.1782597222222189
equivalent_energy_kwh_plot,B008,KINO,81,1.2948302386648505,0.007619710036187309,1.2694699808396257,1.297166666666662,1.2986877297178225
equivalent_energy_kwh_plot,B008,OEAC-i,81,1.2262335434128424,0.004731687142858122,1.2194976523680587,1.2247338595728572,1.2385743172042059
equivalent_energy_kwh_plot,B008,RF,81,1.3368579107297984,0.023823185431027665,1.3087210296318423,1.336790922525797,1.3839831168173775
equivalent_energy_kwh_plot,B009,Full,81,0.8348999088988421,0.08144044484989123,0.768474833061856,0.7971329649121531,1.1139582670166284
equivalent_energy_kwh_plot,B009,HCS-i,33,1.1570568179805507,0.017153141345409354,1.1242111111111084,1.1512354166666636,1.1828416644527544
equivalent_energy_kwh_plot,B009,KINO,81,1.2904019680350647,0.01337358835958377,1.2651508207218518,1.297166666666662,1.299466697978604
equivalent_energy_kwh_plot,B009,OEAC-i,81,1.2244402411561586,0.006462648157654606,1.2151892859561095,1.2205855655126574,1.2391740404488654
equivalent_energy_kwh_plot,B009,RF,81,1.3220999207878323,0.0180684695627396,1.2917618055555509,1.318868443272999,1.354952355488695
equivalent_energy_kwh_plot,B010,Full,81,0.9597461125955177,0.03460179291363523,0.8832803829334611,0.9637398879353937,1.0303321106927636
equivalent_energy_kwh_plot,B010,HCS-i,0,,,,,
equivalent_energy_kwh_plot,B010,KINO,81,1.3063518244571306,0.009686342641207248,1.2902479593387772,1.3061168758027735,1.3209771067285372
equivalent_energy_kwh_plot,B010,OEAC-i,0,,,,,
equivalent_energy_kwh_plot,B010,RF,81,1.341469697786503,0.041432649637291895,1.2917618055555509,1.331216975459421,1.4297705063905939
equivalent_energy_kwh_plot_adj,B001,Full,81,1.04814258274559,0.0636375229815645,0.8406920416891049,1.0586170842706704,1.1512750257197797
equivalent_energy_kwh_plot_adj,B001,HCS-i,81,1.1692516203703671,0.03808414103336704,1.0971868055555531,1.1782597222222189,1.2214986111111072
equivalent_energy_kwh_plot_adj,B001,KINO,81,1.3143521112149172,0.014306779540087522,1.297166666666662,1.3078143818768773,1.3393448702679618
equivalent_energy_kwh_plot_adj,B001,OEAC-i,81,1.247318584698068,0.003968471727253905,1.2447077079151885,1.2448687391197952,1.2571014002495722
equivalent_energy_kwh_plot_adj,B001,RF,81,1.3391983688286309,0.04789660038107576,1.2917618055555509,1.3174424576811503,1.4259293968266156
equivalent_energy_kwh_plot_adj,B002,Full,81,0.8161933562986003,0.060600648422817226,0.724753522048685,0.8081137290294744,0.9413756865772474
equivalent_energy_kwh_plot_adj,B002,HCS-i,81,1.3227102442629397,0.13943229716566785,1.091816536026954,1.4351899143864224,1.4351899143864224
equivalent_energy_kwh_plot_adj,B002,KINO,81,1.2974651871931313,0.0008496043127602694,1.297166666666662,1.297166666666662,1.2998533514048918
equivalent_energy_kwh_plot_adj,B002,OEAC-i,81,1.2512305173912088,0.004354160965730792,1.2485548457238127,1.2485722477500139,1.262155313826418
equivalent_energy_kwh_plot_adj,B002,RF,81,1.3284642764470798,0.016198437825440545,1.3011028200873864,1.329582408785986,1.3641792841463252
equivalent_energy_kwh_plot_adj,B003,Full,81,0.7984145852315776,0.08494482543159676,0.7035845631692781,0.7933657750940307,0.982451067112291
equivalent_energy_kwh_plot_adj,B003,HCS-i,81,1.2444708934417448,0.11490444329397877,1.1512354166666636,1.18366458333333,1.4351899143864224
equivalent_energy_kwh_plot_adj,B003,KINO,81,1.297166666666662,0.0,1.297166666666662,1.297166666666662,1.297166666666662
equivalent_energy_kwh_plot_adj,B003,OEAC-i,81,1.236009050955742,0.004860076851207648,1.228913362380605,1.2342994672033873,1.2463838295401102
equivalent_energy_kwh_plot_adj,B003,RF,81,1.366902231158669,0.038681703406690894,1.3108749100410602,1.3587407594188476,1.4226949156978645
equivalent_energy_kwh_plot_adj,B004,Full,81,0.8152287727823943,0.061187864451898895,0.7137001397039234,0.8067557988477847,0.9447368752856314
equivalent_energy_kwh_plot_adj,B004,HCS-i,81,1.3307148309532697,0.1282168998054912,1.1512354166666636,1.4351899143864224,1.4351899143864224
equivalent_energy_kwh_plot_adj,B004,KINO,81,1.2976772558130194,0.0014375299573130818,1.297166666666662,1.297166666666662,1.3039231013122974
equivalent_energy_kwh_plot_adj,B004,OEAC-i,81,1.2495552733380444,0.0049082767492321,1.2421629499428657,1.2475497923270378,1.2607214478736384
equivalent_energy_kwh_plot_adj,B004,RF,81,1.3477178510933994,0.0395731017770942,1.2917618055555509,1.346134566885134,1.4241625485155731
equivalent_energy_kwh_plot_adj,B005,Full,81,1.0248923659095983,0.0864959200572845,0.8493106149183267,1.060193252020187,1.1341959594814686
equivalent_energy_kwh_plot_adj,B005,HCS-i,81,1.4351899143864224,0.0,1.4351899143864224,1.4351899143864224,1.4351899143864224
equivalent_energy_kwh_plot_adj,B005,KINO,81,1.3087827606759352,0.016258300234686558,1.2884264174023092,1.3024943168379326,1.3362788216334418
equivalent_energy_kwh_plot_adj,B005,OEAC-i,81,1.2434271940958534,0.00537828745314015,1.2339944105037095,1.2423825391078898,1.2550167920531974
equivalent_energy_kwh_plot_adj,B005,RF,81,1.3361621333172846,0.040166093304239925,1.2917618055555509,1.3238055968614315,1.4134396370319497
equivalent_energy_kwh_plot_adj,B006,Full,81,0.7899990269381788,0.08131662461253059,0.6927383934231363,0.7680255052194267,0.9596553947032092
equivalent_energy_kwh_plot_adj,B006,HCS-i,81,1.2434699932359836,0.11449651902764611,1.1620451388888857,1.1782597222222189,1.4351899143864224
equivalent_energy_kwh_plot_adj,B006,KINO,81,1.300963910663679,0.010807145875778157,1.297166666666662,1.297166666666662,1.331341862639816
equivalent_energy_kwh_plot_adj,B006,OEAC-i,81,1.2334151995522353,0.00483146776993875,1.226335025101655,1.2317198140974135,1.243669173751535
equivalent_energy_kwh_plot_adj,B006,RF,81,1.3658194470597005,0.03751562365721638,1.3059226725990198,1.3786501161303346,1.4351899143864224
equivalent_energy_kwh_plot_adj,B007,Full,81,0.8838259756828312,0.10194707255344997,0.7375196893404232,0.8606301156241039,1.06447502150987
equivalent_energy_kwh_plot_adj,B007,HCS-i,81,1.2631041283605537,0.12313289709792713,1.1620451388888857,1.18366458333333,1.4351899143864224
equivalent_energy_kwh_plot_adj,B007,KINO,81,1.2823242776085275,0.0171925569220032,1.2586374813638612,1.297166666666662,1.2981110680639558
equivalent_energy_kwh_plot_adj,B007,OEAC-i,81,1.2515587300181445,0.0524757289199488,1.229214672560151,1.2348747791324166,1.4351899143864224
equivalent_energy_kwh_plot_adj,B007,RF,81,1.3479735957770065,0.03496431888883153,1.300766672808259,1.3410839398692715,1.4132801644606536
equivalent_energy_kwh_plot_adj,B008,Full,81,0.8211101229888152,0.06576064772627174,0.7396780843293803,0.793545029300871,1.0385312586314215
equivalent_energy_kwh_plot_adj,B008,HCS-i,81,1.2334609911783705,0.12019083573255372,1.1566402777777747,1.1620451388888857,1.4351899143864224
equivalent_energy_kwh_plot_adj,B008,KINO,81,1.2948302386648505,0.007619710036187309,1.2694699808396257,1.297166666666662,1.2986877297178225
equivalent_energy_kwh_plot_adj,B008,OEAC-i,81,1.2262335434128424,0.004731687142858122,1.2194976523680587,1.2247338595728572,1.2385743172042059
equivalent_energy_kwh_plot_adj,B008,RF,81,1.3368579107297984,0.023823185431027665,1.3087210296318423,1.336790922525797,1.3839831168173775
equivalent_energy_kwh_plot_adj,B009,Full,81,0.8348999088988421,0.08144044484989123,0.768474833061856,0.7971329649121531,1.1139582670166284
equivalent_energy_kwh_plot_adj,B009,HCS-i,81,1.3218764306655117,0.13793995127701827,1.1242111111111084,1.4351899143864224,1.4351899143864224
equivalent_energy_kwh_plot_adj,B009,KINO,81,1.2904019680350647,0.01337358835958377,1.2651508207218518,1.297166666666662,1.299466697978604
equivalent_energy_kwh_plot_adj,B009,OEAC-i,81,1.2244402411561586,0.006462648157654606,1.2151892859561095,1.2205855655126574,1.2391740404488654
equivalent_energy_kwh_plot_adj,B009,RF,81,1.3220999207878323,0.0180684695627396,1.2917618055555509,1.318868443272999,1.354952355488695
equivalent_energy_kwh_plot_adj,B010,Full,81,0.9597461125955177,0.03460179291363523,0.8832803829334611,0.9637398879353937,1.0303321106927636
equivalent_energy_kwh_plot_adj,B010,HCS-i,81,1.4351899143864224,0.0,1.4351899143864224,1.4351899143864224,1.4351899143864224
equivalent_energy_kwh_plot_adj,B010,KINO,81,1.3063518244571306,0.009686342641207248,1.2902479593387772,1.3061168758027735,1.3209771067285372
equivalent_energy_kwh_plot_adj,B010,OEAC-i,81,1.4351899143864224,0.0,1.4351899143864224,1.4351899143864224,1.4351899143864224
equivalent_energy_kwh_plot_adj,B010,RF,81,1.341469697786503,0.041432649637291895,1.2917618055555509,1.331216975459421,1.4297705063905939
equivalent_energy_kwh_per_km_plot,B001,Full,81,0.34423360249965174,0.02107195308194133,0.27581759897936514,0.34754263179015027,0.37886442442146046
equivalent_energy_kwh_per_km_plot,B001,HCS-i,81,0.5501632173164162,0.017139417484834867,0.5179194211738967,0.5528235246683505,0.5736755732271831
equivalent_energy_kwh_per_km_plot,B001,KINO,81,0.43165355526712273,0.005108515219805854,0.4255796150481174,0.4293380363003427,0.440754515874646
equivalent_energy_kwh_per_km_plot,B001,OEAC-i,81,0.5723153499422248,0.0018214246227723928,0.5711588519475452,0.5711748574669322,0.5768626346679587
equivalent_energy_kwh_per_km_plot,B001,RF,81,0.48572414042847384,0.04721449063698783,0.44247432795417513,0.457298955589581,0.5600360677640618
equivalent_energy_kwh_per_km_plot,B002,Full,81,0.2775796314493665,0.020609719576547236,0.24648177233825533,0.2748318920331837,0.32015295756452083
equivalent_energy_kwh_per_km_plot,B002,HCS-i,33,0.5390539308283656,0.020267129916373004,0.5091127495845502,0.5488388148154995,0.5646500898208952
equivalent_energy_kwh_per_km_plot,B002,KINO,81,0.44125479992565525,0.00028913524134318214,0.4411531249891091,0.44115314791673815,0.44206753400463755
equivalent_energy_kwh_per_km_plot,B002,OEAC-i,81,0.5694554040946888,0.001981754459187032,0.5682377226977036,0.5682454637262402,0.5744276475105151
equivalent_energy_kwh_per_km_plot,B002,RF,81,0.46324866629672584,0.012375332664669223,0.44237940623653466,0.4691925555361808,0.4811893378572109
equivalent_energy_kwh_per_km_plot,B003,Full,81,0.2752875438883909,0.029288371824215204,0.24259076431088616,0.2735467895360912,0.33874204630648996
equivalent_energy_kwh_per_km_plot,B003,HCS-i,60,0.5607103314702037,0.00982277704576212,0.5489808951092602,0.5611097296540495,0.580446274170752
equivalent_energy_kwh_per_km_plot,B003,KINO,81,0.447252677715479,1.5380624722439088e-07,0.4472525752351757,0.44725259017888064,0.4472530624277855
equivalent_energy_kwh_per_km_plot,B003,OEAC-i,81,0.5720706183242905,0.0022493852684140306,0.5687865226022698,0.5712793770766875,0.5768723880862829
equivalent_energy_kwh_per_km_plot,B003,RF,81,0.501443961760732,0.03876003076129856,0.46472754909077907,0.479588456233127,0.5595869426047789
equivalent_energy_kwh_per_km_plot,B004,Full,81,0.27829816973955274,0.02088696571773828,0.24363820010700712,0.27540504049087816,0.32250810804118524
equivalent_energy_kwh_per_km_plot,B004,HCS-i,33,0.5547280752764184,0.014393075653827116,0.5428296890992018,0.5530553814705358,0.5890819650186198
equivalent_energy_kwh_per_km_plot,B004,KINO,81,0.4429917162566326,0.0004908143643859821,0.44281722620750047,0.4428172476409296,0.44512367657125934
equivalent_energy_kwh_per_km_plot,B004,OEAC-i,81,0.5736560293835694,0.0022532603337718925,0.5702624280511648,0.5727354093385305,0.5787821699060808
equivalent_energy_kwh_per_km_plot,B004,RF,81,0.4953801584923088,0.035099490051867875,0.4522581142618137,0.48310132641409176,0.5528482085012354
equivalent_energy_kwh_per_km_plot,B005,Full,81,0.3367625638653022,0.02855690516025473,0.278763297757445,0.34875056453145814,0.3731576832247237
equivalent_energy_kwh_per_km_plot,B005,HCS-i,0,,,,,
equivalent_energy_kwh_per_km_plot,B005,KINO,81,0.4300498175827227,0.0058170645144447735,0.4228552509445912,0.42772119327097513,0.44009285991661634
equivalent_energy_kwh_per_km_plot,B005,OEAC-i,81,0.5712464710256498,0.0024437938625666263,0.5670079858128088,0.5707186372256651,0.5765229091165788
equivalent_energy_kwh_per_km_plot,B005,RF,81,0.47601452755311335,0.043925604781210194,0.43262005614975646,0.44999122829716587,0.5463573305070093
equivalent_energy_kwh_per_km_plot,B006,Full,81,0.27286118111097,0.028086335498072032,0.23926781429352265,0.2652716385495315,0.3314597006602784
equivalent_energy_kwh_per_km_plot,B006,HCS-i,60,0.5649485571639212,0.005485010149637894,0.5590771164570176,0.5647989875637162,0.5777340323902579
equivalent_energy_kwh_per_km_plot,B006,KINO,81,0.44934434062057826,0.003732672608640862,0.44803268952292763,0.44803272423643997,0.4598365603413414
equivalent_energy_kwh_per_km_plot,B006,OEAC-i,81,0.576562290275533,0.002258408809443382,0.5732527346064251,0.5757698133108332,0.5813554162004297
equivalent_energy_kwh_per_km_plot,B006,RF,81,0.5067897477892845,0.03181711717032762,0.47084802442055357,0.49242553442711634,0.5636252765122367
equivalent_energy_kwh_per_km_plot,B007,Full,81,0.29525805728519383,0.034057112854578186,0.24637948026868697,0.2875094290079413,0.3556103014716049
equivalent_energy_kwh_per_km_plot,B007,HCS-i,54,0.5437071851744256,0.007487347371842714,0.5356089872552497,0.5431198077519214,0.5557230199703772
equivalent_energy_kwh_per_km_plot,B007,KINO,81,0.4283800588331609,0.005740880765899013,0.4204688410324911,0.43333571231244994,0.43365171558872817
equivalent_energy_kwh_per_km_plot,B007,OEAC-i,75,0.5582857847769559,0.0022185568411166715,0.5548311409998478,0.5573865254908378,0.5636919221481165
equivalent_energy_kwh_per_km_plot,B007,RF,81,0.4800355767550593,0.0320611765357589,0.44904247508768325,0.4630941616219482,0.5328671604135563
equivalent_energy_kwh_per_km_plot,B008,Full,81,0.27802773137591336,0.02226661854558914,0.25045466914872927,0.2686941674423539,0.3516479205864535
equivalent_energy_kwh_per_km_plot,B008,HCS-i,60,0.5453889274816182,0.0029369098481983272,0.5411236210783548,0.5448439394626821,0.5535949938425296
equivalent_energy_kwh_per_km_plot,B008,KINO,81,0.43842807950965246,0.0025796242552737665,0.4298425523666206,0.4392188637114338,0.4397348115579898
equivalent_energy_kwh_per_km_plot,B008,OEAC-i,81,0.5643559287840927,0.0021784469909889256,0.5612479347082543,0.5636608064722668,0.5700284267877924
equivalent_energy_kwh_per_km_plot,B008,RF,81,0.4788191161079877,0.031591896856852604,0.44363509486855285,0.46421799776562395,0.5290947134574674
equivalent_energy_kwh_per_km_plot,B009,Full,81,0.2799437948418277,0.027307655457287132,0.25767080223228767,0.2672812886738561,0.37351391800755984
equivalent_energy_kwh_per_km_plot,B009,HCS-i,33,0.5412795297200996,0.008755347897008669,0.5266640615099859,0.5375541418706369,0.5558254721442554
equivalent_energy_kwh_per_km_plot,B009,KINO,81,0.4326733831169144,0.004483067993811608,0.42420966382733366,0.43494074121372167,0.4357129241798334
equivalent_energy_kwh_per_km_plot,B009,OEAC-i,81,0.5578693567547583,0.0029458971601570723,0.5536452411601942,0.5561039107589966,0.5645736632867618
equivalent_energy_kwh_per_km_plot,B009,RF,81,0.4655338650110671,0.019560196216755192,0.43395550224175305,0.47018997440562793,0.49295023863090215
equivalent_energy_kwh_per_km_plot,B010,Full,81,0.32561267975333963,0.012102404614491495,0.2991613582341451,0.3273244850729965,0.35043215900402425
equivalent_energy_kwh_per_km_plot,B010,HCS-i,0,,,,,
equivalent_energy_kwh_per_km_plot,B010,KINO,81,0.44314286320918805,0.0037492431323788507,0.4369988651145986,0.4424963673661471,0.4492855286157538
equivalent_energy_kwh_per_km_plot,B010,OEAC-i,0,,,,,
equivalent_energy_kwh_per_km_plot,B010,RF,81,0.48120725219746074,0.037287307317679916,0.43445527396503203,0.47121997800111703,0.5427214795403547
equivalent_energy_kwh_per_km_plot_adj,B001,Full,81,0.34423360249965174,0.02107195308194133,0.27581759897936514,0.34754263179015027,0.37886442442146046
equivalent_energy_kwh_per_km_plot_adj,B001,HCS-i,81,0.5501632173164162,0.017139417484834867,0.5179194211738967,0.5528235246683505,0.5736755732271831
equivalent_energy_kwh_per_km_plot_adj,B001,KINO,81,0.43165355526712273,0.005108515219805854,0.4255796150481174,0.4293380363003427,0.440754515874646
equivalent_energy_kwh_per_km_plot_adj,B001,OEAC-i,81,0.5723153499422248,0.0018214246227723928,0.5711588519475452,0.5711748574669322,0.5768626346679587
equivalent_energy_kwh_per_km_plot_adj,B001,RF,81,0.48572414042847384,0.04721449063698783,0.44247432795417513,0.457298955589581,0.5600360677640618
equivalent_energy_kwh_per_km_plot_adj,B002,Full,81,0.2775796314493665,0.020609719576547236,0.24648177233825533,0.2748318920331837,0.32015295756452083
equivalent_energy_kwh_per_km_plot_adj,B002,HCS-i,81,0.5687001733114793,0.027858557131497978,0.5091127495845502,0.5890819650186198,0.5890819650186198
equivalent_energy_kwh_per_km_plot_adj,B002,KINO,81,0.44125479992565525,0.00028913524134318214,0.4411531249891091,0.44115314791673815,0.44206753400463755
equivalent_energy_kwh_per_km_plot_adj,B002,OEAC-i,81,0.5694554040946888,0.001981754459187032,0.5682377226977036,0.5682454637262402,0.5744276475105151
equivalent_energy_kwh_per_km_plot_adj,B002,RF,81,0.46324866629672584,0.012375332664669223,0.44237940623653466,0.4691925555361808,0.4811893378572109
equivalent_energy_kwh_per_km_plot_adj,B003,Full,81,0.2752875438883909,0.029288371824215204,0.24259076431088616,0.2735467895360912,0.33874204630648996
equivalent_energy_kwh_per_km_plot_adj,B003,HCS-i,81,0.5680659401679411,0.015088972817267704,0.5489808951092602,0.5625999643878231,0.5890819650186198
equivalent_energy_kwh_per_km_plot_adj,B003,KINO,81,0.447252677715479,1.5380624722439088e-07,0.4472525752351757,0.44725259017888064,0.4472530624277855
equivalent_energy_kwh_per_km_plot_adj,B003,OEAC-i,81,0.5720706183242905,0.0022493852684140306,0.5687865226022698,0.5712793770766875,0.5768723880862829
equivalent_energy_kwh_per_km_plot_adj,B003,RF,81,0.501443961760732,0.03876003076129856,0.46472754909077907,0.479588456233127,0.5595869426047789
equivalent_energy_kwh_per_km_plot_adj,B004,Full,81,0.27829816973955274,0.02088696571773828,0.24363820010700712,0.27540504049087816,0.32250810804118524
equivalent_energy_kwh_per_km_plot_adj,B004,HCS-i,81,0.5750859358643896,0.019270575397391427,0.5428296890992018,0.5890819650186198,0.5890819650186198
equivalent_energy_kwh_per_km_plot_adj,B004,KINO,81,0.4429917162566326,0.0004908143643859821,0.44281722620750047,0.4428172476409296,0.44512367657125934
equivalent_energy_kwh_per_km_plot_adj,B004,OEAC-i,81,0.5736560293835694,0.0022532603337718925,0.5702624280511648,0.5727354093385305,0.5787821699060808
equivalent_energy_kwh_per_km_plot_adj,B004,RF,81,0.4953801584923088,0.035099490051867875,0.4522581142618137,0.48310132641409176,0.5528482085012354
equivalent_energy_kwh_per_km_plot_adj,B005,Full,81,0.3367625638653022,0.02855690516025473,0.278763297757445,0.34875056453145814,0.3731576832247237
equivalent_energy_kwh_per_km_plot_adj,B005,HCS-i,81,0.5890819650186198,0.0,0.5890819650186198,0.5890819650186198,0.5890819650186198
equivalent_energy_kwh_per_km_plot_adj,B005,KINO,81,0.4300498175827227,0.0058170645144447735,0.4228552509445912,0.42772119327097513,0.44009285991661634
equivalent_energy_kwh_per_km_plot_adj,B005,OEAC-i,81,0.5712464710256498,0.0024437938625666263,0.5670079858128088,0.5707186372256651,0.5765229091165788
equivalent_energy_kwh_per_km_plot_adj,B005,RF,81,0.47601452755311335,0.043925604781210194,0.43262005614975646,0.44999122829716587,0.5463573305070093
equivalent_energy_kwh_per_km_plot_adj,B006,Full,81,0.27286118111097,0.028086335498072032,0.23926781429352265,0.2652716385495315,0.3314597006602784
equivalent_energy_kwh_per_km_plot_adj,B006,HCS-i,81,0.5712053666077319,0.01163772040325823,0.5590771164570176,0.566664157350312,0.5890819650186198
equivalent_energy_kwh_per_km_plot_adj,B006,KINO,81,0.44934434062057826,0.003732672608640862,0.44803268952292763,0.44803272423643997,0.4598365603413414
equivalent_energy_kwh_per_km_plot_adj,B006,OEAC-i,81,0.576562290275533,0.002258408809443382,0.5732527346064251,0.5757698133108332,0.5813554162004297
equivalent_energy_kwh_per_km_plot_adj,B006,RF,81,0.5067897477892845,0.03181711717032762,0.47084802442055357,0.49242553442711634,0.5636252765122367
equivalent_energy_kwh_per_km_plot_adj,B007,Full,81,0.29525805728519383,0.034057112854578186,0.24637948026868697,0.2875094290079413,0.3556103014716049
equivalent_energy_kwh_per_km_plot_adj,B007,HCS-i,81,0.558832111789157,0.022369306893513727,0.5356089872552497,0.5480319520935777,0.5890819650186198
equivalent_energy_kwh_per_km_plot_adj,B007,KINO,81,0.4283800588331609,0.005740880765899013,0.4204688410324911,0.43333571231244994,0.43365171558872817
equivalent_energy_kwh_per_km_plot_adj,B007,OEAC-i,81,0.5605669833133754,0.008391321921286058,0.5548311409998478,0.5573865254908378,0.5890819650186198
equivalent_energy_kwh_per_km_plot_adj,B007,RF,81,0.4800355767550593,0.0320611765357589,0.44904247508768325,0.4630941616219482,0.5328671604135563
equivalent_energy_kwh_per_km_plot_adj,B008,Full,81,0.27802773137591336,0.02226661854558914,0.25045466914872927,0.2686941674423539,0.3516479205864535
equivalent_energy_kwh_per_km_plot_adj,B008,HCS-i,81,0.5567167520282482,0.019431200656302276,0.5411236210783548,0.5464317273588309,0.5890819650186198
equivalent_energy_kwh_per_km_plot_adj,B008,KINO,81,0.43842807950965246,0.0025796242552737665,0.4298425523666206,0.4392188637114338,0.4397348115579898
equivalent_energy_kwh_per_km_plot_adj,B008,OEAC-i,81,0.5643559287840927,0.0021784469909889256,0.5612479347082543,0.5636608064722668,0.5700284267877924
equivalent_energy_kwh_per_km_plot_adj,B008,RF,81,0.4788191161079877,0.031591896856852604,0.44363509486855285,0.46421799776562395,0.5290947134574674
equivalent_energy_kwh_per_km_plot_adj,B009,Full,81,0.2799437948418277,0.027307655457287132,0.25767080223228767,0.2672812886738561,0.37351391800755984
equivalent_energy_kwh_per_km_plot_adj,B009,HCS-i,81,0.5696068987858893,0.024274179756147447,0.5266640615099859,0.5890819650186198,0.5890819650186198
equivalent_energy_kwh_per_km_plot_adj,B009,KINO,81,0.4326733831169144,0.004483067993811608,0.42420966382733366,0.43494074121372167,0.4357129241798334
equivalent_energy_kwh_per_km_plot_adj,B009,OEAC-i,81,0.5578693567547583,0.0029458971601570723,0.5536452411601942,0.5561039107589966,0.5645736632867618
equivalent_energy_kwh_per_km_plot_adj,B009,RF,81,0.4655338650110671,0.019560196216755192,0.43395550224175305,0.47018997440562793,0.49295023863090215
equivalent_energy_kwh_per_km_plot_adj,B010,Full,81,0.32561267975333963,0.012102404614491495,0.2991613582341451,0.3273244850729965,0.35043215900402425
equivalent_energy_kwh_per_km_plot_adj,B010,HCS-i,81,0.5890819650186198,0.0,0.5890819650186198,0.5890819650186198,0.5890819650186198
equivalent_energy_kwh_per_km_plot_adj,B010,KINO,81,0.44314286320918805,0.0037492431323788507,0.4369988651145986,0.4424963673661471,0.4492855286157538
equivalent_energy_kwh_per_km_plot_adj,B010,OEAC-i,81,0.5890819650186198,0.0,0.5890819650186198,0.5890819650186198,0.5890819650186198
equivalent_energy_kwh_per_km_plot_adj,B010,RF,81,0.48120725219746074,0.037287307317679916,0.43445527396503203,0.47121997800111703,0.5427214795403547
fuel_g_adj,B001,Full,81,78.70755629957215,5.821570179844346,59.37519133681066,79.53173343725547,88.49346181369695
fuel_g_adj,B001,HCS-i,81,97.89083333333306,3.188439714421423,91.8574999999998,98.64499999999973,102.26499999999967
fuel_g_adj,B001,KINO,81,109.68482237367641,0.9431464981568577,108.5999999999996,109.21850281928329,111.32773531625223
fuel_g_adj,B001,OEAC-i,81,102.14739437599212,0.3248240428479154,101.8354639054792,101.99919994113944,102.90288416037687
fuel_g_adj,B001,RF,81,109.62044261199779,1.1073490238281016,108.14749999999961,109.78633734513939,112.17827510058184
fuel_g_adj,B002,Full,81,56.812249281668876,6.029614597939996,50.22124176086434,53.77744676229132,68.72795649222911
fuel_g_adj,B002,HCS-i,81,108.59647963785791,9.931067965984921,91.4049999999998,116.5410906388854,116.5410906388854
fuel_g_adj,B002,KINO,81,108.5999999999996,0.0,108.5999999999996,108.5999999999996,108.5999999999996
fuel_g_adj,B002,OEAC-i,81,102.53172396323343,0.34008266192365466,102.31792476682233,102.31914266692604,103.36017691559525
fuel_g_adj,B002,RF,81,110.25208602963548,1.0203522474021558,108.60062828637895,110.55687861456092,112.33053070593648
fuel_g_adj,B003,Full,81,57.228685721405455,6.760229390272561,50.12257218620631,54.16193476811843,71.4536868464633
fuel_g_adj,B003,HCS-i,81,103.25120868415527,8.048883689647786,96.38249999999975,99.09749999999971,116.5410906388854
fuel_g_adj,B003,KINO,81,108.5999999999996,0.0,108.5999999999996,108.5999999999996,108.5999999999996
fuel_g_adj,B003,OEAC-i,81,101.80951624280563,0.3919239966231105,101.22236745777411,101.67357015426263,102.60966870992405
fuel_g_adj,B003,RF,81,111.43092124927895,1.3577272838705858,109.29982785594417,111.61641462935444,114.5518540246098
fuel_g_adj,B004,Full,81,57.29778966764435,6.310106673461191,48.896119955573404,54.447684481991296,70.01658408549109
fuel_g_adj,B004,HCS-i,81,109.26685000822827,8.971339696373702,96.38249999999975,116.5410906388854,116.5410906388854
fuel_g_adj,B004,KINO,81,108.60719080239436,0.03689449279767695,108.5999999999996,108.5999999999996,108.79415166465839
fuel_g_adj,B004,OEAC-i,81,102.62038378073265,0.39019845053617525,102.01051640047626,102.46174845600504,103.47393834402615
fuel_g_adj,B004,RF,81,110.11441710632266,1.3284652763533131,108.14749999999961,109.8829569681028,112.66497305199918
fuel_g_adj,B005,Full,81,76.63917463908633,7.709736144527263,60.21374660079874,79.78810121586315,86.7474651961864
fuel_g_adj,B005,HCS-i,81,116.5410906388854,0.0,116.5410906388854,116.5410906388854,116.5410906388854
fuel_g_adj,B005,KINO,81,109.05978968735543,1.0815806150162013,107.75814616544467,108.62810405239327,110.88466670612999
fuel_g_adj,B005,OEAC-i,81,101.61857647868705,0.40754758760702336,100.92612291155554,101.49706983010424,102.4716144232532
fuel_g_adj,B005,RF,81,109.518372827023,1.0952048241700993,108.14749999999961,109.01692706131533,111.45826467308447
fuel_g_adj,B006,Full,81,55.681742242293694,7.037536028401567,49.33992789953995,52.39284776843294,70.67698043041146
fuel_g_adj,B006,HCS-i,81,103.16741238785897,7.998100693472917,97.28749999999974,98.64499999999973,116.5410906388854
fuel_g_adj,B006,KINO,81,108.82185706996663,0.6314162904964565,108.5999999999996,108.5999999999996,110.59671362970293
fuel_g_adj,B006,OEAC-i,81,101.41080210846825,0.39016817109971086,100.8246591630857,101.27575359211701,102.20236276793781
fuel_g_adj,B006,RF,81,111.4460899946755,1.8585034461999759,108.95194846124127,111.66758121702088,114.77867259435445
fuel_g_adj,B007,Full,81,63.90615408705684,9.495515759843997,52.861149556184515,60.06247545802174,80.60795079325437
fuel_g_adj,B007,HCS-i,81,104.54332650925792,8.60603483376306,97.28749999999974,99.09749999999971,116.5410906388854
fuel_g_adj,B007,KINO,81,106.99239815981154,1.8233577687197318,104.62036580255906,108.5999999999996,108.5999999999996
fuel_g_adj,B007,OEAC-i,81,102.58486363751899,3.98980542717055,100.83601006213853,101.30907472612802,116.5410906388854
fuel_g_adj,B007,RF,81,110.62352426881246,1.3096264841147507,108.51596557088067,110.86716047355702,113.6716692622114
fuel_g_adj,B008,Full,81,57.063932981869065,6.944628666612569,50.513951307284806,54.301608361002266,77.75466189489954
fuel_g_adj,B008,HCS-i,81,102.32944942489601,8.470332349792503,96.83499999999974,97.28749999999974,116.5410906388854
fuel_g_adj,B008,KINO,81,108.33185185185145,0.7665094154853969,105.88499999999964,108.5999999999996,108.5999999999996
fuel_g_adj,B008,OEAC-i,81,100.17803504915064,0.3781875460232992,99.6224673190144,100.05906496394518,101.12209212324139
fuel_g_adj,B008,RF,81,110.80626293929448,1.3846409480906456,108.9954305459751,111.00807754476321,113.52343517887483
fuel_g_adj,B009,Full,81,58.33246782133431,8.183632132493518,51.17991535996998,54.52653243017611,88.76251164777587
fuel_g_adj,B009,HCS-i,81,108.52204171220608,9.77283250021871,94.11999999999978,116.5410906388854,116.5410906388854
fuel_g_adj,B009,KINO,81,107.84583333333293,1.4237580113909598,104.97999999999965,108.5999999999996,108.5999999999996
fuel_g_adj,B009,OEAC-i,81,100.0922960720094,0.5264193721994533,99.31482487085741,99.7837723527646,101.23213030839942
fuel_g_adj,B009,RF,81,110.14202583631557,1.1883098705524644,108.14749999999961,109.87503568890861,112.29292144784172
fuel_g_adj,B010,Full,81,66.56517797504549,1.9264899454691722,63.65880614594366,65.97727471481477,70.54903588145842
fuel_g_adj,B010,HCS-i,81,116.5410906388854,0.0,116.5410906388854,116.5410906388854,116.5410906388854
fuel_g_adj,B010,KINO,81,107.99430435780909,0.6227828522040797,107.05109667988832,108.11771226518908,108.98600935032222
fuel_g_adj,B010,OEAC-i,81,116.5410906388854,0.0,116.5410906388854,116.5410906388854,116.5410906388854
fuel_g_adj,B010,RF,81,111.08828536762422,2.367676631974825,108.14749999999961,110.75805011939822,116.5410906388854
fuel_g_reporting_success_only,B001,Full,81,78.70755629957215,5.821570179844346,59.37519133681066,79.53173343725547,88.49346181369695
fuel_g_reporting_success_only,B001,HCS-i,81,97.89083333333306,3.188439714421423,91.8574999999998,98.64499999999973,102.26499999999967
fuel_g_reporting_success_only,B001,KINO,81,109.68482237367641,0.9431464981568577,108.5999999999996,109.21850281928329,111.32773531625223
fuel_g_reporting_success_only,B001,OEAC-i,81,102.14739437599212,0.3248240428479154,101.8354639054792,101.99919994113944,102.90288416037687
fuel_g_reporting_success_only,B001,RF,81,109.62044261199779,1.1073490238281016,108.14749999999961,109.78633734513939,112.17827510058184
fuel_g_reporting_success_only,B002,Full,81,56.812249281668876,6.029614597939996,50.22124176086434,53.77744676229132,68.72795649222911
fuel_g_reporting_success_only,B002,HCS-i,33,97.04068181818157,3.765704940682916,91.4049999999998,99.09749999999971,101.35999999999969
fuel_g_reporting_success_only,B002,KINO,81,108.5999999999996,0.0,108.5999999999996,108.5999999999996,108.5999999999996
fuel_g_reporting_success_only,B002,OEAC-i,81,102.53172396323343,0.34008266192365466,102.31792476682233,102.31914266692604,103.36017691559525
fuel_g_reporting_success_only,B002,RF,81,110.25208602963548,1.0203522474021558,108.60062828637895,110.55687861456092,112.33053070593648
fuel_g_reporting_success_only,B003,Full,81,57.228685721405455,6.760229390272561,50.12257218620631,54.16193476811843,71.4536868464633
fuel_g_reporting_success_only,B003,HCS-i,60,98.59974999999972,1.7249810057907633,96.38249999999975,98.87124999999972,101.81249999999969
fuel_g_reporting_success_only,B003,KINO,81,108.5999999999996,0.0,108.5999999999996,108.5999999999996,108.5999999999996
fuel_g_reporting_success_only,B003,OEAC-i,81,101.80951624280563,0.3919239966231105,101.22236745777411,101.67357015426263,102.60966870992405
fuel_g_reporting_success_only,B003,RF,81,111.43092124927895,1.3577272838705858,109.29982785594417,111.61641462935444,114.5518540246098
fuel_g_reporting_success_only,B004,Full,81,57.29778966764435,6.310106673461191,48.896119955573404,54.447684481991296,70.01658408549109
fuel_g_reporting_success_only,B004,HCS-i,33,98.68613636363608,2.52794167219325,96.38249999999975,98.64499999999973,104.52749999999965
fuel_g_reporting_success_only,B004,KINO,81,108.60719080239436,0.03689449279767695,108.5999999999996,108.5999999999996,108.79415166465839
fuel_g_reporting_success_only,B004,OEAC-i,81,102.62038378073265,0.39019845053617525,102.01051640047626,102.46174845600504,103.47393834402615
fuel_g_reporting_success_only,B004,RF,81,110.11441710632266,1.3284652763533131,108.14749999999961,109.8829569681028,112.66497305199918
fuel_g_reporting_success_only,B005,Full,81,76.63917463908633,7.709736144527263,60.21374660079874,79.78810121586315,86.7474651961864
fuel_g_reporting_success_only,B005,HCS-i,0,,,,,
fuel_g_reporting_success_only,B005,KINO,81,109.05978968735543,1.0815806150162013,107.75814616544467,108.62810405239327,110.88466670612999
fuel_g_reporting_success_only,B005,OEAC-i,81,101.61857647868705,0.40754758760702336,100.92612291155554,101.49706983010424,102.4716144232532
fuel_g_reporting_success_only,B005,RF,81,109.518372827023,1.0952048241700993,108.14749999999961,109.01692706131533,111.45826467308447
fuel_g_reporting_success_only,B006,Full,81,55.681742242293694,7.037536028401567,49.33992789953995,52.39284776843294,70.67698043041146
fuel_g_reporting_success_only,B006,HCS-i,60,98.48662499999973,0.8927416618418329,97.28749999999974,98.64499999999973,100.4549999999997
fuel_g_reporting_success_only,B006,KINO,81,108.82185706996663,0.6314162904964565,108.5999999999996,108.5999999999996,110.59671362970293
fuel_g_reporting_success_only,B006,OEAC-i,81,101.41080210846825,0.39016817109971086,100.8246591630857,101.27575359211701,102.20236276793781
fuel_g_reporting_success_only,B006,RF,81,111.4460899946755,1.8585034461999759,108.95194846124127,111.66758121702088,114.77867259435445
fuel_g_reporting_success_only,B007,Full,81,63.90615408705684,9.495515759843997,52.861149556184515,60.06247545802174,80.60795079325437
fuel_g_reporting_success_only,B007,HCS-i,54,98.54444444444417,1.3407960767755824,97.28749999999974,98.64499999999973,100.90749999999969
fuel_g_reporting_success_only,B007,KINO,81,106.99239815981154,1.8233577687197318,104.62036580255906,108.5999999999996,108.5999999999996
fuel_g_reporting_success_only,B007,OEAC-i,75,101.46836547740968,0.3913515119634853,100.83601006213853,101.30907472612802,102.37427595435751
fuel_g_reporting_success_only,B007,RF,81,110.62352426881246,1.3096264841147507,108.51596557088067,110.86716047355702,113.6716692622114
fuel_g_reporting_success_only,B008,Full,81,57.063932981869065,6.944628666612569,50.513951307284806,54.301608361002266,77.75466189489954
fuel_g_reporting_success_only,B008,HCS-i,60,97.35537499999973,0.48453647800443644,96.83499999999974,97.28749999999974,98.64499999999973
fuel_g_reporting_success_only,B008,KINO,81,108.33185185185145,0.7665094154853969,105.88499999999964,108.5999999999996,108.5999999999996
fuel_g_reporting_success_only,B008,OEAC-i,81,100.17803504915064,0.3781875460232992,99.6224673190144,100.05906496394518,101.12209212324139
fuel_g_reporting_success_only,B008,RF,81,110.80626293929448,1.3846409480906456,108.9954305459751,111.00807754476321,113.52343517887483
fuel_g_reporting_success_only,B009,Full,81,58.33246782133431,8.183632132493518,51.17991535996998,54.52653243017611,88.76251164777587
fuel_g_reporting_success_only,B009,HCS-i,33,96.85797054612708,1.41802084365044,94.11999999999978,96.38249999999975,98.89767600740035
fuel_g_reporting_success_only,B009,KINO,81,107.84583333333293,1.4237580113909598,104.97999999999965,108.5999999999996,108.5999999999996
fuel_g_reporting_success_only,B009,OEAC-i,81,100.0922960720094,0.5264193721994533,99.31482487085741,99.7837723527646,101.23213030839942
fuel_g_reporting_success_only,B009,RF,81,110.14202583631557,1.1883098705524644,108.14749999999961,109.87503568890861,112.29292144784172
fuel_g_reporting_success_only,B010,Full,81,66.56517797504549,1.9264899454691722,63.65880614594366,65.97727471481477,70.54903588145842
fuel_g_reporting_success_only,B010,HCS-i,0,,,,,
fuel_g_reporting_success_only,B010,KINO,81,107.99430435780909,0.6227828522040797,107.05109667988832,108.11771226518908,108.98600935032222
fuel_g_reporting_success_only,B010,OEAC-i,0,,,,,
fuel_g_reporting_success_only,B010,RF,81,111.08828536762422,2.367676631974825,108.14749999999961,110.75805011939822,116.5410906388854
equivalent_energy_kwh_adj,B001,Full,81,1.04814258274559,0.0636375229815645,0.8406920416891049,1.0586170842706704,1.1512750257197797
equivalent_energy_kwh_adj,B001,HCS-i,81,1.1692516203703671,0.03808414103336704,1.0971868055555531,1.1782597222222189,1.2214986111111072
equivalent_energy_kwh_adj,B001,KINO,81,1.3143521112149172,0.014306779540087522,1.297166666666662,1.3078143818768773,1.3393448702679618
equivalent_energy_kwh_adj,B001,OEAC-i,81,1.247318584698068,0.003968471727253905,1.2447077079151885,1.2448687391197952,1.2571014002495722
equivalent_energy_kwh_adj,B001,RF,81,1.3391983688286309,0.04789660038107576,1.2917618055555509,1.3174424576811503,1.4259293968266156
equivalent_energy_kwh_adj,B002,Full,81,0.8161933562986003,0.060600648422817226,0.724753522048685,0.8081137290294744,0.9413756865772474
equivalent_energy_kwh_adj,B002,HCS-i,81,1.3227102442629397,0.13943229716566785,1.091816536026954,1.4351899143864224,1.4351899143864224
equivalent_energy_kwh_adj,B002,KINO,81,1.2974651871931313,0.0008496043127602694,1.297166666666662,1.297166666666662,1.2998533514048918
equivalent_energy_kwh_adj,B002,OEAC-i,81,1.2512305173912088,0.004354160965730792,1.2485548457238127,1.2485722477500139,1.262155313826418
equivalent_energy_kwh_adj,B002,RF,81,1.3284642764470798,0.016198437825440545,1.3011028200873864,1.329582408785986,1.3641792841463252
equivalent_energy_kwh_adj,B003,Full,81,0.7984145852315776,0.08494482543159676,0.7035845631692781,0.7933657750940307,0.982451067112291
equivalent_energy_kwh_adj,B003,HCS-i,81,1.2444708934417448,0.11490444329397877,1.1512354166666636,1.18366458333333,1.4351899143864224
equivalent_energy_kwh_adj,B003,KINO,81,1.297166666666662,0.0,1.297166666666662,1.297166666666662,1.297166666666662
equivalent_energy_kwh_adj,B003,OEAC-i,81,1.236009050955742,0.004860076851207648,1.228913362380605,1.2342994672033873,1.2463838295401102
equivalent_energy_kwh_adj,B003,RF,81,1.366902231158669,0.038681703406690894,1.3108749100410602,1.3587407594188476,1.4226949156978645
equivalent_energy_kwh_adj,B004,Full,81,0.8152287727823943,0.061187864451898895,0.7137001397039234,0.8067557988477847,0.9447368752856314
equivalent_energy_kwh_adj,B004,HCS-i,81,1.3307148309532697,0.1282168998054912,1.1512354166666636,1.4351899143864224,1.4351899143864224
equivalent_energy_kwh_adj,B004,KINO,81,1.2976772558130194,0.0014375299573130818,1.297166666666662,1.297166666666662,1.3039231013122974
equivalent_energy_kwh_adj,B004,OEAC-i,81,1.2495552733380444,0.0049082767492321,1.2421629499428657,1.2475497923270378,1.2607214478736384
equivalent_energy_kwh_adj,B004,RF,81,1.3477178510933994,0.0395731017770942,1.2917618055555509,1.346134566885134,1.4241625485155731
equivalent_energy_kwh_adj,B005,Full,81,1.0248923659095983,0.0864959200572845,0.8493106149183267,1.060193252020187,1.1341959594814686
equivalent_energy_kwh_adj,B005,HCS-i,81,1.4351899143864224,0.0,1.4351899143864224,1.4351899143864224,1.4351899143864224
equivalent_energy_kwh_adj,B005,KINO,81,1.3087827606759352,0.016258300234686558,1.2884264174023092,1.3024943168379326,1.3362788216334418
equivalent_energy_kwh_adj,B005,OEAC-i,81,1.2434271940958534,0.00537828745314015,1.2339944105037095,1.2423825391078898,1.2550167920531974
equivalent_energy_kwh_adj,B005,RF,81,1.3361621333172846,0.040166093304239925,1.2917618055555509,1.3238055968614315,1.4134396370319497
equivalent_energy_kwh_adj,B006,Full,81,0.7899990269381788,0.08131662461253059,0.6927383934231363,0.7680255052194267,0.9596553947032092
equivalent_energy_kwh_adj,B006,HCS-i,81,1.2434699932359836,0.11449651902764611,1.1620451388888857,1.1782597222222189,1.4351899143864224
equivalent_energy_kwh_adj,B006,KINO,81,1.300963910663679,0.010807145875778157,1.297166666666662,1.297166666666662,1.331341862639816
equivalent_energy_kwh_adj,B006,OEAC-i,81,1.2334151995522353,0.00483146776993875,1.226335025101655,1.2317198140974135,1.243669173751535
equivalent_energy_kwh_adj,B006,RF,81,1.3658194470597005,0.03751562365721638,1.3059226725990198,1.3786501161303346,1.4351899143864224
equivalent_energy_kwh_adj,B007,Full,81,0.8838259756828312,0.10194707255344997,0.7375196893404232,0.8606301156241039,1.06447502150987
equivalent_energy_kwh_adj,B007,HCS-i,81,1.2631041283605537,0.12313289709792713,1.1620451388888857,1.18366458333333,1.4351899143864224
equivalent_energy_kwh_adj,B007,KINO,81,1.2823242776085275,0.0171925569220032,1.2586374813638612,1.297166666666662,1.2981110680639558
equivalent_energy_kwh_adj,B007,OEAC-i,81,1.2515587300181445,0.0524757289199488,1.229214672560151,1.2348747791324166,1.4351899143864224
equivalent_energy_kwh_adj,B007,RF,81,1.3479735957770065,0.03496431888883153,1.300766672808259,1.3410839398692715,1.4132801644606536
equivalent_energy_kwh_adj,B008,Full,81,0.8211101229888152,0.06576064772627174,0.7396780843293803,0.793545029300871,1.0385312586314215
equivalent_energy_kwh_adj,B008,HCS-i,81,1.2334609911783705,0.12019083573255372,1.1566402777777747,1.1620451388888857,1.4351899143864224
equivalent_energy_kwh_adj,B008,KINO,81,1.2948302386648505,0.007619710036187309,1.2694699808396257,1.297166666666662,1.2986877297178225
equivalent_energy_kwh_adj,B008,OEAC-i,81,1.2262335434128424,0.004731687142858122,1.2194976523680587,1.2247338595728572,1.2385743172042059
equivalent_energy_kwh_adj,B008,RF,81,1.3368579107297984,0.023823185431027665,1.3087210296318423,1.336790922525797,1.3839831168173775
equivalent_energy_kwh_adj,B009,Full,81,0.8348999088988421,0.08144044484989123,0.768474833061856,0.7971329649121531,1.1139582670166284
equivalent_energy_kwh_adj,B009,HCS-i,81,1.3218764306655117,0.13793995127701827,1.1242111111111084,1.4351899143864224,1.4351899143864224
equivalent_energy_kwh_adj,B009,KINO,81,1.2904019680350647,0.01337358835958377,1.2651508207218518,1.297166666666662,1.299466697978604
equivalent_energy_kwh_adj,B009,OEAC-i,81,1.2244402411561586,0.006462648157654606,1.2151892859561095,1.2205855655126574,1.2391740404488654
equivalent_energy_kwh_adj,B009,RF,81,1.3220999207878323,0.0180684695627396,1.2917618055555509,1.318868443272999,1.354952355488695
equivalent_energy_kwh_adj,B010,Full,81,0.9597461125955177,0.03460179291363523,0.8832803829334611,0.9637398879353937,1.0303321106927636
equivalent_energy_kwh_adj,B010,HCS-i,81,1.4351899143864224,0.0,1.4351899143864224,1.4351899143864224,1.4351899143864224
equivalent_energy_kwh_adj,B010,KINO,81,1.3063518244571306,0.009686342641207248,1.2902479593387772,1.3061168758027735,1.3209771067285372
equivalent_energy_kwh_adj,B010,OEAC-i,81,1.4351899143864224,0.0,1.4351899143864224,1.4351899143864224,1.4351899143864224
equivalent_energy_kwh_adj,B010,RF,81,1.341469697786503,0.041432649637291895,1.2917618055555509,1.331216975459421,1.4297705063905939
equivalent_energy_kwh_per_km_adj,B001,Full,81,0.34423360249965174,0.02107195308194133,0.27581759897936514,0.34754263179015027,0.37886442442146046
equivalent_energy_kwh_per_km_adj,B001,HCS-i,81,0.5501632173164162,0.017139417484834867,0.5179194211738967,0.5528235246683505,0.5736755732271831
equivalent_energy_kwh_per_km_adj,B001,KINO,81,0.43165355526712273,0.005108515219805854,0.4255796150481174,0.4293380363003427,0.440754515874646
equivalent_energy_kwh_per_km_adj,B001,OEAC-i,81,0.5723153499422248,0.0018214246227723928,0.5711588519475452,0.5711748574669322,0.5768626346679587
equivalent_energy_kwh_per_km_adj,B001,RF,81,0.48572414042847384,0.04721449063698783,0.44247432795417513,0.457298955589581,0.5600360677640618
equivalent_energy_kwh_per_km_adj,B002,Full,81,0.2775796314493665,0.020609719576547236,0.24648177233825533,0.2748318920331837,0.32015295756452083
equivalent_energy_kwh_per_km_adj,B002,HCS-i,81,0.5687001733114793,0.027858557131497978,0.5091127495845502,0.5890819650186198,0.5890819650186198
equivalent_energy_kwh_per_km_adj,B002,KINO,81,0.44125479992565525,0.00028913524134318214,0.4411531249891091,0.44115314791673815,0.44206753400463755
equivalent_energy_kwh_per_km_adj,B002,OEAC-i,81,0.5694554040946888,0.001981754459187032,0.5682377226977036,0.5682454637262402,0.5744276475105151
equivalent_energy_kwh_per_km_adj,B002,RF,81,0.46324866629672584,0.012375332664669223,0.44237940623653466,0.4691925555361808,0.4811893378572109
equivalent_energy_kwh_per_km_adj,B003,Full,81,0.2752875438883909,0.029288371824215204,0.24259076431088616,0.2735467895360912,0.33874204630648996
equivalent_energy_kwh_per_km_adj,B003,HCS-i,81,0.5680659401679411,0.015088972817267704,0.5489808951092602,0.5625999643878231,0.5890819650186198
equivalent_energy_kwh_per_km_adj,B003,KINO,81,0.447252677715479,1.5380624722439088e-07,0.4472525752351757,0.44725259017888064,0.4472530624277855
equivalent_energy_kwh_per_km_adj,B003,OEAC-i,81,0.5720706183242905,0.0022493852684140306,0.5687865226022698,0.5712793770766875,0.5768723880862829
equivalent_energy_kwh_per_km_adj,B003,RF,81,0.501443961760732,0.03876003076129856,0.46472754909077907,0.479588456233127,0.5595869426047789
equivalent_energy_kwh_per_km_adj,B004,Full,81,0.27829816973955274,0.02088696571773828,0.24363820010700712,0.27540504049087816,0.32250810804118524
equivalent_energy_kwh_per_km_adj,B004,HCS-i,81,0.5750859358643896,0.019270575397391427,0.5428296890992018,0.5890819650186198,0.5890819650186198
equivalent_energy_kwh_per_km_adj,B004,KINO,81,0.4429917162566326,0.0004908143643859821,0.44281722620750047,0.4428172476409296,0.44512367657125934
equivalent_energy_kwh_per_km_adj,B004,OEAC-i,81,0.5736560293835694,0.0022532603337718925,0.5702624280511648,0.5727354093385305,0.5787821699060808
equivalent_energy_kwh_per_km_adj,B004,RF,81,0.4953801584923088,0.035099490051867875,0.4522581142618137,0.48310132641409176,0.5528482085012354
equivalent_energy_kwh_per_km_adj,B005,Full,81,0.3367625638653022,0.02855690516025473,0.278763297757445,0.34875056453145814,0.3731576832247237
equivalent_energy_kwh_per_km_adj,B005,HCS-i,81,0.5890819650186198,0.0,0.5890819650186198,0.5890819650186198,0.5890819650186198
equivalent_energy_kwh_per_km_adj,B005,KINO,81,0.4300498175827227,0.0058170645144447735,0.4228552509445912,0.42772119327097513,0.44009285991661634
equivalent_energy_kwh_per_km_adj,B005,OEAC-i,81,0.5712464710256498,0.0024437938625666263,0.5670079858128088,0.5707186372256651,0.5765229091165788
equivalent_energy_kwh_per_km_adj,B005,RF,81,0.47601452755311335,0.043925604781210194,0.43262005614975646,0.44999122829716587,0.5463573305070093
equivalent_energy_kwh_per_km_adj,B006,Full,81,0.27286118111097,0.028086335498072032,0.23926781429352265,0.2652716385495315,0.3314597006602784
equivalent_energy_kwh_per_km_adj,B006,HCS-i,81,0.5712053666077319,0.01163772040325823,0.5590771164570176,0.566664157350312,0.5890819650186198
equivalent_energy_kwh_per_km_adj,B006,KINO,81,0.44934434062057826,0.003732672608640862,0.44803268952292763,0.44803272423643997,0.4598365603413414
equivalent_energy_kwh_per_km_adj,B006,OEAC-i,81,0.576562290275533,0.002258408809443382,0.5732527346064251,0.5757698133108332,0.5813554162004297
equivalent_energy_kwh_per_km_adj,B006,RF,81,0.5067897477892845,0.03181711717032762,0.47084802442055357,0.49242553442711634,0.5636252765122367
equivalent_energy_kwh_per_km_adj,B007,Full,81,0.29525805728519383,0.034057112854578186,0.24637948026868697,0.2875094290079413,0.3556103014716049
equivalent_energy_kwh_per_km_adj,B007,HCS-i,81,0.558832111789157,0.022369306893513727,0.5356089872552497,0.5480319520935777,0.5890819650186198
equivalent_energy_kwh_per_km_adj,B007,KINO,81,0.4283800588331609,0.005740880765899013,0.4204688410324911,0.43333571231244994,0.43365171558872817
equivalent_energy_kwh_per_km_adj,B007,OEAC-i,81,0.5605669833133754,0.008391321921286058,0.5548311409998478,0.5573865254908378,0.5890819650186198
equivalent_energy_kwh_per_km_adj,B007,RF,81,0.4800355767550593,0.0320611765357589,0.44904247508768325,0.4630941616219482,0.5328671604135563
equivalent_energy_kwh_per_km_adj,B008,Full,81,0.27802773137591336,0.02226661854558914,0.25045466914872927,0.2686941674423539,0.3516479205864535
equivalent_energy_kwh_per_km_adj,B008,HCS-i,81,0.5567167520282482,0.019431200656302276,0.5411236210783548,0.5464317273588309,0.5890819650186198
equivalent_energy_kwh_per_km_adj,B008,KINO,81,0.43842807950965246,0.0025796242552737665,0.4298425523666206,0.4392188637114338,0.4397348115579898
equivalent_energy_kwh_per_km_adj,B008,OEAC-i,81,0.5643559287840927,0.0021784469909889256,0.5612479347082543,0.5636608064722668,0.5700284267877924
equivalent_energy_kwh_per_km_adj,B008,RF,81,0.4788191161079877,0.031591896856852604,0.44363509486855285,0.46421799776562395,0.5290947134574674
equivalent_energy_kwh_per_km_adj,B009,Full,81,0.2799437948418277,0.027307655457287132,0.25767080223228767,0.2672812886738561,0.37351391800755984
equivalent_energy_kwh_per_km_adj,B009,HCS-i,81,0.5696068987858893,0.024274179756147447,0.5266640615099859,0.5890819650186198,0.5890819650186198
equivalent_energy_kwh_per_km_adj,B009,KINO,81,0.4326733831169144,0.004483067993811608,0.42420966382733366,0.43494074121372167,0.4357129241798334
equivalent_energy_kwh_per_km_adj,B009,OEAC-i,81,0.5578693567547583,0.0029458971601570723,0.5536452411601942,0.5561039107589966,0.5645736632867618
equivalent_energy_kwh_per_km_adj,B009,RF,81,0.4655338650110671,0.019560196216755192,0.43395550224175305,0.47018997440562793,0.49295023863090215
equivalent_energy_kwh_per_km_adj,B010,Full,81,0.32561267975333963,0.012102404614491495,0.2991613582341451,0.3273244850729965,0.35043215900402425
equivalent_energy_kwh_per_km_adj,B010,HCS-i,81,0.5890819650186198,0.0,0.5890819650186198,0.5890819650186198,0.5890819650186198
equivalent_energy_kwh_per_km_adj,B010,KINO,81,0.44314286320918805,0.0037492431323788507,0.4369988651145986,0.4424963673661471,0.4492855286157538
equivalent_energy_kwh_per_km_adj,B010,OEAC-i,81,0.5890819650186198,0.0,0.5890819650186198,0.5890819650186198,0.5890819650186198
equivalent_energy_kwh_per_km_adj,B010,RF,81,0.48120725219746074,0.037287307317679916,0.43445527396503203,0.47121997800111703,0.5427214795403547
battery_discharge_kwh_adj,B001,Full,81,0.10802454916736691,0.008650210457477318,0.09066671275874065,0.10716161702909253,0.13148836738831107
battery_discharge_kwh_adj,B001,HCS-i,81,0.0,0.0,0.0,0.0,0.0
battery_discharge_kwh_adj,B001,KINO,81,0.004227843973782307,0.0030651248619322697,0.0,0.003260042646549352,0.009596920657171276
battery_discharge_kwh_adj,B001,OEAC-i,81,0.027224707429273107,0.0009009471545281566,0.02654199895173964,0.026545395776022773,0.029293875450948758
battery_discharge_kwh_adj,B001,RF,81,0.029843082074212556,0.039053210069919304,0.0,0.004651592990395343,0.08602222201411013
battery_discharge_kwh_adj,B002,Full,81,0.1376026009897777,0.029436810688317713,0.07859131592488389,0.13159795037872987,0.17698671603597627
battery_discharge_kwh_adj,B002,HCS-i,81,0.1233458020563142,0.10290480219316633,0.0,0.20814162823218438,0.20814162823218438
battery_discharge_kwh_adj,B002,KINO,81,0.0002985205264693752,0.0008496043127602276,0.0,0.0,0.0026866847382297364
battery_discharge_kwh_adj,B002,OEAC-i,81,0.02654603671925408,0.0003446253461572045,0.02642237036406966,0.02642576185911413,0.027575422890141657
battery_discharge_kwh_adj,B002,RF,81,0.0115643599819893,0.005828655718785281,0.0039286488889711925,0.009041914223175152,0.022453500714305907
battery_discharge_kwh_adj,B003,Full,81,0.11484972800367901,0.02406707819211861,0.08536677854488856,0.10904713324856005,0.18249999632205025
battery_discharge_kwh_adj,B003,HCS-i,81,0.05396264435649225,0.09178183096373674,0.0,0.0,0.20814162823218438
battery_discharge_kwh_adj,B003,KINO,81,0.0,0.0,0.0,0.0,0.0
battery_discharge_kwh_adj,B003,OEAC-i,81,0.019950940277785933,0.00025363787980419616,0.019858523705905497,0.019865154068480325,0.02076834217157283
battery_discharge_kwh_adj,B003,RF,81,0.03592178290339248,0.030932990756943182,0.0053491884283936005,0.02015787118864425,0.08392503648379097
battery_discharge_kwh_adj,B004,Full,81,0.13083850730775334,0.024182561299137182,0.07474321856733497,0.1414635825229648,0.16913282904481874
battery_discharge_kwh_adj,B004,HCS-i,81,0.1233431871005537,0.1029079752264769,0.0,0.20814162823218438,0.20814162823218438
battery_discharge_kwh_adj,B004,KINO,81,0.00042469900664209996,0.0010836837457499288,0.0,0.0,0.0044374008733224085
battery_discharge_kwh_adj,B004,OEAC-i,81,0.023811800401515565,0.0003248597310092316,0.02369214428121402,0.023699082964862433,0.024782739875548274
battery_discharge_kwh_adj,B004,RF,81,0.032462313434545205,0.03378457859661387,0.0,0.015454260242690674,0.0848786262058651
battery_discharge_kwh_adj,B005,Full,81,0.10948000216495579,0.007676583331868816,0.09492878311126943,0.10716161018264571,0.13009086385323063
battery_discharge_kwh_adj,B005,HCS-i,81,0.20814162823218435,0.0,0.20814162823218438,0.20814162823218438,0.20814162823218438
battery_discharge_kwh_adj,B005,KINO,81,0.006124161632523278,0.003356591629469988,0.001315227092831194,0.004991962878790698,0.011823080421333485
battery_discharge_kwh_adj,B005,OEAC-i,81,0.029649752822647046,0.000808073012061543,0.02848158818197017,0.030055681030015446,0.031050286442117454
battery_discharge_kwh_adj,B005,RF,81,0.02802601343895427,0.03573967543811042,0.0,0.005685169511905068,0.08292843376882654
battery_discharge_kwh_adj,B006,Full,81,0.12491155015522638,0.02404806620477377,0.08109129152590229,0.12094814584527196,0.16845536487956467
battery_discharge_kwh_adj,B006,HCS-i,81,0.05396264435649225,0.09178183096373674,0.0,0.0,0.20814162823218438
battery_discharge_kwh_adj,B006,KINO,81,0.0011472845501886173,0.0032652290726260143,0.0,0.0,0.010325560951697557
battery_discharge_kwh_adj,B006,OEAC-i,81,0.022119507701086956,0.00024578756977045377,0.02202879273495424,0.022037201747126926,0.02291872957894458
battery_discharge_kwh_adj,B006,RF,81,0.034657816567743166,0.027207326290671068,0.004552177089748972,0.024632779002435164,0.0757269545936374
battery_discharge_kwh_adj,B007,Full,81,0.12050246853187441,0.024216656774526186,0.0661514508218829,0.11286597157124759,0.1780016440468843
battery_discharge_kwh_adj,B007,HCS-i,81,0.06938227165893747,0.09872901320590184,0.0,0.0,0.20814162823218438
battery_discharge_kwh_adj,B007,KINO,81,0.004359521810778424,0.005060185318066076,0.0,0.00094440139729364,0.012987957848757494
battery_discharge_kwh_adj,B007,OEAC-i,81,0.03845954742014116,0.04829349698424733,0.02477894354487032,0.0247823923297693,0.20814162823218438
battery_discharge_kwh_adj,B007,RF,81,0.026637055899524226,0.02359727701814783,0.0038047727017173783,0.015230182444493727,0.06110840367088367
battery_discharge_kwh_adj,B008,Full,81,0.13951314570537915,0.03030391238965974,0.0630191017586732,0.14105449501618217,0.20000006211485846
battery_discharge_kwh_adj,B008,HCS-i,81,0.05396264435649225,0.09178183096373674,0.0,0.0,0.20814162823218438
battery_discharge_kwh_adj,B008,KINO,81,0.0008664526566246198,0.0016546145659915457,0.0,0.0,0.005577909288448261
battery_discharge_kwh_adj,B008,OEAC-i,81,0.029662569214654447,0.0003267473972605057,0.029066168373474584,0.029583862216046322,0.030727105732156142
battery_discharge_kwh_adj,B008,RF,81,0.013338658954891945,0.007979073953849737,0.003425973936731016,0.011059054779298905,0.028008752180817085
battery_discharge_kwh_adj,B009,Full,81,0.1381509876995713,0.031225570258583978,0.05373937789041659,0.15229312320840777,0.19252795170626855
battery_discharge_kwh_adj,B009,HCS-i,81,0.12340110812639425,0.10283808997429499,0.0,0.20814162823218438,0.20814162823218438
battery_discharge_kwh_adj,B009,KINO,81,0.002243403220254623,0.0038302522896590412,0.0,0.0,0.01122304294408193
battery_discharge_kwh_adj,B009,OEAC-i,81,0.028893371407157267,0.0004175662510692545,0.028071523388846286,0.028921796255833694,0.030012483987427962
battery_discharge_kwh_adj,B009,RF,81,0.00651461218739642,0.0039471907371021984,0.0,0.006472183655479458,0.013675793750585322
battery_discharge_kwh_adj,B010,Full,81,0.16466204233802995,0.028176764330875723,0.099595209140344,0.16626423214990013,0.20814162823218438
battery_discharge_kwh_adj,B010,HCS-i,81,0.20814162823218435,0.0,0.20814162823218438,0.20814162823218438,0.20814162823218438
battery_discharge_kwh_adj,B010,KINO,81,0.016419855738855668,0.0036039225399092456,0.011582082329000072,0.014987280194789494,0.022502991612913116
battery_discharge_kwh_adj,B010,OEAC-i,81,0.20814162823218435,0.0,0.20814162823218438,0.20814162823218438,0.20814162823218438
battery_discharge_kwh_adj,B010,RF,81,0.014581844784325003,0.013624682032733381,0.0,0.008378102297522536,0.037751923759463
brake_loss_kwh_adj,B001,Full,81,0.032215166562903866,0.009903927962711959,0.0,0.033482892516097304,0.04647513397259572
brake_loss_kwh_adj,B001,HCS-i,81,0.00045197038967889044,0.0003371381058171819,0.0001442095184535431,0.0003919809676921878,0.0013310564420835095
brake_loss_kwh_adj,B001,KINO,81,0.0,0.0,0.0,0.0,0.0
brake_loss_kwh_adj,B001,OEAC-i,81,0.034825497023328586,0.007241551943328404,0.02254832568228841,0.03635836969429041,0.04588664205353695
brake_loss_kwh_adj,B001,RF,81,0.06386222136095737,0.09011393150118574,0.0,0.0,0.19437270234069473
brake_loss_kwh_adj,B002,Full,81,0.006156585735744452,0.012159097526474148,0.0,0.0,0.03420539758813152
brake_loss_kwh_adj,B002,HCS-i,81,0.11543658655717969,0.09579407716588115,0.00015607757080081342,0.19437270234069473,0.19437270234069473
brake_loss_kwh_adj,B002,KINO,81,0.0,0.0,0.0,0.0,0.0
brake_loss_kwh_adj,B002,OEAC-i,81,0.032956206532644264,0.007005520670741822,0.02220519883188809,0.03578694508768351,0.04234133368728482
brake_loss_kwh_adj,B002,RF,81,0.02519257270504299,0.013137805441356227,0.0,0.02138167875949422,0.04395303811952115
brake_loss_kwh_adj,B003,Full,81,0.010682879354854551,0.015812851866602858,0.0,0.0,0.041019671591658584
brake_loss_kwh_adj,B003,HCS-i,81,0.050757705821069504,0.08549332367455081,0.0002026842184683902,0.0004888621488110264,0.19437270234069473
brake_loss_kwh_adj,B003,KINO,81,0.0,0.0,0.0,0.0,0.0
brake_loss_kwh_adj,B003,OEAC-i,81,0.023524625317406785,0.00738952540713613,0.01184149031699113,0.026881545503979302,0.03325157615657432
brake_loss_kwh_adj,B003,RF,81,0.08435458667696949,0.0728951812591267,0.014428688007694347,0.05522414628563192,0.18439860856239554
brake_loss_kwh_adj,B004,Full,81,0.007804350233109809,0.012978044818735377,0.0,0.0,0.03691014288017591
brake_loss_kwh_adj,B004,HCS-i,81,0.11539434580620356,0.0958450679012667,0.00013493945520585282,0.19437270234069473,0.19437270234069473
brake_loss_kwh_adj,B004,KINO,81,0.0,0.0,0.0,0.0,0.0
brake_loss_kwh_adj,B004,OEAC-i,81,0.027189078525611907,0.0074888664342800644,0.015745672894295345,0.030238121046152082,0.03718314946761587
brake_loss_kwh_adj,B004,RF,81,0.07554971457897756,0.07430171777707341,0.009031835630783868,0.03932798419893839,0.18283185251020637
brake_loss_kwh_adj,B005,Full,81,0.029184735110649215,0.014334556108341097,0.0019708536813224944,0.035674591788755976,0.045474960177624084
brake_loss_kwh_adj,B005,HCS-i,81,0.19437270234069473,0.0,0.19437270234069473,0.19437270234069473,0.19437270234069473
brake_loss_kwh_adj,B005,KINO,81,0.0020592933178974013,8.39819391591652e-20,0.0020592933178974013,0.0020592933178974013,0.0020592933178974018
brake_loss_kwh_adj,B005,OEAC-i,81,0.03834451029709309,0.00771514834645278,0.024140236109620992,0.042762159183992184,0.047078597840961044
brake_loss_kwh_adj,B005,RF,81,0.05903637185680558,0.08339657500765078,0.0,0.0,0.17684693229221382
brake_loss_kwh_adj,B006,Full,81,0.008479733662339343,0.014127916724425791,0.0,0.0,0.03802322947866206
brake_loss_kwh_adj,B006,HCS-i,81,0.05083071569854346,0.08544974724306229,0.00033306888684844354,0.0006310455218031137,0.19437270234069473
brake_loss_kwh_adj,B006,KINO,81,0.0,0.0,0.0,0.0,0.0
brake_loss_kwh_adj,B006,OEAC-i,81,0.02805526699728929,0.007720639436111266,0.015986236756721398,0.031007673565958314,0.038326004629637485
brake_loss_kwh_adj,B006,RF,81,0.08183079700116182,0.06292941826355362,0.01752103058247736,0.06312269434247551,0.1677934074731047
brake_loss_kwh_adj,B007,Full,81,0.017147969049622576,0.018541312120494546,0.0003337344306116242,0.002947201709961511,0.062186028695653345
brake_loss_kwh_adj,B007,HCS-i,81,0.06516299922636885,0.091934384424034,0.00031572970817343976,0.0006623174192294456,0.19437270234069473
brake_loss_kwh_adj,B007,KINO,81,0.001243618503508021,0.0016592268700206447,0.0,0.0,0.004578378915148237
brake_loss_kwh_adj,B007,OEAC-i,81,0.04184411366834518,0.04395593968440286,0.01757502916461432,0.03247212984842148,0.19437270234069473
brake_loss_kwh_adj,B007,RF,81,0.058884910659311944,0.04870454512021956,0.009733999066995139,0.04093926084972415,0.13400301255696037
brake_loss_kwh_adj,B008,Full,81,0.005745663895576608,0.011813336056951186,0.0,0.0,0.046575951316424495
brake_loss_kwh_adj,B008,HCS-i,81,0.050840301761584245,0.08544401553174408,0.00045063184488183507,0.000645665586234098,0.19437270234069473
brake_loss_kwh_adj,B008,KINO,81,4.1688168843112524e-05,0.0001249424472738227,0.0,0.0,0.0005403115200436014
brake_loss_kwh_adj,B008,OEAC-i,81,0.03744412040736285,0.00761089451786304,0.024951032717800314,0.04041909759797421,0.04764453158087332
brake_loss_kwh_adj,B008,RF,81,0.032184848455726674,0.02176088482255754,0.00852206284220261,0.030714716849253875,0.06383858700192065
brake_loss_kwh_adj,B009,Full,81,0.005852115287125486,0.014040864092136314,0.0,7.251290899444359e-05,0.08151945579065994
brake_loss_kwh_adj,B009,HCS-i,81,0.11566478282515666,0.09552124596896562,0.0004574160917618008,0.19437270234069473,0.19437270234069473
brake_loss_kwh_adj,B009,KINO,81,0.0002810382600193198,0.0005882187925079443,0.0,0.0,0.0018067139919513019
brake_loss_kwh_adj,B009,OEAC-i,81,0.03637171848516171,0.007844952276405534,0.023086355212840762,0.03939233110683307,0.04633605412955077
brake_loss_kwh_adj,B009,RF,81,0.005861582994290729,0.0035820503192230888,0.0,0.008336663466173053,0.008336663466173053
brake_loss_kwh_adj,B010,Full,81,0.03568557048957898,0.0019189099722555535,0.032487650814983955,0.03664086271774884,0.03739257830053246
brake_loss_kwh_adj,B010,HCS-i,81,0.19437270234069473,0.0,0.19437270234069473,0.19437270234069473,0.19437270234069473
brake_loss_kwh_adj,B010,KINO,81,0.035838200621191973,0.0018185327239466022,0.032944817364909874,0.03698944683664664,0.0373606072141925
brake_loss_kwh_adj,B010,OEAC-i,81,0.19437270234069473,0.0,0.19437270234069473,0.19437270234069473,0.19437270234069473
brake_loss_kwh_adj,B010,RF,81,0.03237420958392451,0.03528826543977172,0.0,0.014980716216270786,0.08808585157595318
travel_time_to_target_s_adj,B001,Full,81,171.03425255749613,0.24734240360058862,170.77705533813526,170.93597289515324,171.55875022716023
travel_time_to_target_s_adj,B001,HCS-i,81,240.0,0.0,240.0,240.0,240.0
travel_time_to_target_s_adj,B001,KINO,81,171.03414893603252,0.24728698550260958,170.7770553379526,170.9359613861321,171.55851490441933
travel_time_to_target_s_adj,B001,OEAC-i,81,240.0,0.0,240.0,240.0,240.0
travel_time_to_target_s_adj,B001,RF,81,190.77599150300784,11.330471338179155,181.26220939142553,184.14494518999786,206.6253063707769
travel_time_to_target_s_adj,B002,Full,81,179.4153399842343,0.27754877889943874,179.049901328414,179.30863798478282,180.09038000535313
travel_time_to_target_s_adj,B002,HCS-i,81,240.0,0.0,240.0,240.0,240.0
travel_time_to_target_s_adj,B002,KINO,81,178.41801171773906,0.9028678390260835,177.4142578701431,177.93906157724058,180.0230292206488
travel_time_to_target_s_adj,B002,OEAC-i,81,240.0,0.0,240.0,240.0,240.0
travel_time_to_target_s_adj,B002,RF,81,184.52549278332452,2.3389350793818036,181.26068605521448,184.952224178492,187.43573184139603
travel_time_to_target_s_adj,B003,Full,81,178.80421180299575,0.44558707253999497,178.02466313841157,178.69062972033836,179.5935367929701
travel_time_to_target_s_adj,B003,HCS-i,81,240.0,0.0,240.0,240.0,240.0
travel_time_to_target_s_adj,B003,KINO,81,177.5324167551842,1.0676335813923408,176.28773311696708,176.94819299528507,179.51998984365065
travel_time_to_target_s_adj,B003,OEAC-i,81,240.0,0.0,240.0,240.0,240.0
travel_time_to_target_s_adj,B003,RF,81,190.97818570063788,11.374788913108187,176.6520936732588,191.41893263479867,204.5555084467576
travel_time_to_target_s_adj,B004,Full,81,179.04197059989306,0.35619391927198585,178.59552813897847,178.91146578836126,179.9310619763523
travel_time_to_target_s_adj,B004,HCS-i,81,240.0,0.0,240.0,240.0,240.0
travel_time_to_target_s_adj,B004,KINO,81,177.35891946929976,1.5962658249496384,173.48270980459634,176.61348485481432,179.9156987105614
travel_time_to_target_s_adj,B004,OEAC-i,81,240.0,0.0,240.0,240.0,240.0
travel_time_to_target_s_adj,B004,RF,81,190.39751704154222,10.492107408541667,177.8359413038718,189.43532031857907,203.5943874653184
travel_time_to_target_s_adj,B005,Full,81,173.60118713003692,0.29337427802596083,173.29100423871006,173.45340766948667,174.2062898280712
travel_time_to_target_s_adj,B005,HCS-i,81,240.0,0.0,240.0,240.0,240.0
travel_time_to_target_s_adj,B005,KINO,81,173.60975750137246,0.29329588062561907,173.29972455879144,173.46202375168292,174.21471879020362
travel_time_to_target_s_adj,B005,OEAC-i,81,240.0,0.0,240.0,240.0,240.0
travel_time_to_target_s_adj,B005,RF,81,187.8303285887679,10.609735428813597,177.79568477785412,182.8870786965753,202.49893831474364
travel_time_to_target_s_adj,B006,Full,81,178.55196584161862,0.44143916432638947,177.8785947092834,178.37337560599033,179.2657290345182
travel_time_to_target_s_adj,B006,HCS-i,81,240.0,0.0,240.0,240.0,240.0
travel_time_to_target_s_adj,B006,KINO,81,175.58691958277103,1.9685012431874271,172.0761425974946,175.32428019194862,179.4504861839631
travel_time_to_target_s_adj,B006,OEAC-i,81,240.0,0.0,240.0,240.0,240.0
travel_time_to_target_s_adj,B006,RF,81,192.2310798517797,12.331342551626918,174.69092517430857,200.22610713576597,201.4729747843275
travel_time_to_target_s_adj,B007,Full,81,180.96049072358898,0.4857090908845994,180.24072301952125,180.80324873072504,182.58258295515054
travel_time_to_target_s_adj,B007,HCS-i,81,240.0,0.0,240.0,240.0,240.0
travel_time_to_target_s_adj,B007,KINO,81,180.66033445613584,0.6858318256223194,179.57313363299946,180.3354465424399,181.68028658958045
travel_time_to_target_s_adj,B007,OEAC-i,81,240.0,0.0,240.0,240.0,240.0
travel_time_to_target_s_adj,B007,RF,81,190.59055255664524,7.191970710159592,183.58519600396548,187.36591998508013,200.55464357784626
travel_time_to_target_s_adj,B008,Full,81,179.01619411991345,0.822630023713292,176.34482511900998,178.8014712693607,180.7410545981907
travel_time_to_target_s_adj,B008,HCS-i,81,240.0,0.0,240.0,240.0,240.0
travel_time_to_target_s_adj,B008,KINO,81,177.62095698949756,1.993186968780014,175.25356945326942,176.8904727285628,180.8304611927911
travel_time_to_target_s_adj,B008,OEAC-i,81,240.0,0.0,240.0,240.0,240.0
travel_time_to_target_s_adj,B008,RF,81,190.060114781456,8.560681440916305,179.34346958909163,190.1176868093286,200.80493329014192
travel_time_to_target_s_adj,B009,Full,81,179.59660249488624,0.8714060681677476,177.56002276446523,179.45664127202068,181.02534205478287
travel_time_to_target_s_adj,B009,HCS-i,81,240.0,0.0,240.0,240.0,240.0
travel_time_to_target_s_adj,B009,KINO,81,178.95613436285615,1.3668443577408962,177.16192777346467,178.3995979450851,181.07291652810773
travel_time_to_target_s_adj,B009,OEAC-i,81,240.0,0.0,240.0,240.0,240.0
travel_time_to_target_s_adj,B009,RF,81,191.68998935084826,7.389316812752912,181.53000263172797,194.0010882135249,199.6046334448852
travel_time_to_target_s_adj,B010,Full,81,183.8673138264014,0.4601160129464147,183.47613892628868,183.5420080737243,184.48469981753578
travel_time_to_target_s_adj,B010,HCS-i,81,240.0,0.0,240.0,240.0,240.0
travel_time_to_target_s_adj,B010,KINO,81,183.84156363248542,0.4506032745543997,183.47625721811204,183.54187491363393,184.47870767829139
travel_time_to_target_s_adj,B010,OEAC-i,81,240.0,0.0,240.0,240.0,240.0
travel_time_to_target_s_adj,B010,RF,81,190.68152055740657,7.407101390348591,180.2174047277405,194.20738185271793,197.47142487717815
fuel_energy_kwh,B001,Full,81,0.940118033578223,0.0695354215925854,0.7092036743007939,0.9499623716116626,1.057005238330269
fuel_energy_kwh,B001,HCS-i,81,1.1692516203703671,0.03808414103336704,1.0971868055555531,1.1782597222222189,1.2214986111111072
fuel_energy_kwh,B001,KINO,81,1.310124267241135,0.011265360950206905,1.297166666666662,1.304554339230328,1.3297479496107905
fuel_energy_kwh,B001,OEAC-i,81,1.2200938772687948,0.0038798427340168864,1.2163680410932238,1.2183237770747213,1.2291177830267237
fuel_energy_kwh,B001,RF,81,1.3093552867544183,0.013226668895724679,1.2917618055555509,1.3113368071780538,1.3399071748125053
fuel_energy_kwh,B002,Full,81,0.6785907553088227,0.07202039658650551,0.5998648321436574,0.6423417252162575,0.8209172581016255
fuel_energy_kwh,B002,HCS-i,33,1.1590970328282797,0.04497925345815715,1.091781944444442,1.18366458333333,1.2106888888888854
fuel_energy_kwh,B002,KINO,81,1.297166666666662,0.0,1.297166666666662,1.297166666666662,1.297166666666662
fuel_energy_kwh,B002,OEAC-i,81,1.224684480671955,0.004062098461865783,1.2221307680481557,1.2221453151882833,1.2345798909362764
fuel_energy_kwh,B002,RF,81,1.3168999164650903,0.012187540732859195,1.2971741711984153,1.320540494562811,1.341725783432019
fuel_energy_kwh,B003,Full,81,0.6835648572278985,0.08074718438381116,0.5986862788907976,0.6469342208414146,0.8534745928883116
fuel_energy_kwh,B003,HCS-i,60,1.1777192361111077,0.02060393979138967,1.1512354166666636,1.1809621527777745,1.2160937499999962
fuel_energy_kwh,B003,KINO,81,1.297166666666662,0.0,1.297166666666662,1.297166666666662,1.297166666666662
fuel_energy_kwh,B003,OEAC-i,81,1.2160581106779562,0.00468131440410943,1.2090449446345242,1.214434310175915,1.2256154873685374
fuel_energy_kwh,B003,RF,81,1.3309804482552765,0.016217298112898647,1.3055257216126666,1.3331960636284004,1.3682582564050614
fuel_energy_kwh,B004,Full,81,0.6843902654746409,0.07537071859967535,0.5840369883582379,0.6503473424237849,0.8363091987989214
fuel_energy_kwh,B004,HCS-i,33,1.1787510732323199,0.030194858862308382,1.1512354166666636,1.1782597222222189,1.2485229166666625
fuel_energy_kwh,B004,KINO,81,1.2972525568063773,0.00044068421952775155,1.297166666666662,1.297166666666662,1.299485700438975
fuel_energy_kwh,B004,OEAC-i,81,1.2257434729365289,0.004660703714737516,1.2184589458945776,1.2238486621133937,1.2359387079980901
fuel_energy_kwh,B004,RF,81,1.3152555376588542,0.015867779689775763,1.2917618055555509,1.3124908748967836,1.3457205114544346
fuel_energy_kwh,B005,Full,81,0.9154123637446424,0.09208851505963118,0.7192197510650961,0.9530245423005875,1.0361502787322263
fuel_energy_kwh,B005,HCS-i,0,,,,,
fuel_energy_kwh,B005,KINO,81,1.302658599043412,0.012918879568249319,1.287111190309478,1.2975023539591417,1.3244557412121083
fuel_energy_kwh,B005,OEAC-i,81,1.2137774412732065,0.004867929518639444,1.2055064681102468,1.2123261118595785,1.22396650561108
fuel_energy_kwh,B005,RF,81,1.3081361198783303,0.013081613177587275,1.2917618055555509,1.302146628787933,1.331307050261842
fuel_energy_kwh,B006,Full,81,0.6650874767829525,0.08405945811701873,0.5893380276889494,0.6258034594562824,0.8441972662521369
fuel_energy_kwh,B006,HCS-i,60,1.17636802083333,0.010663303183110751,1.1620451388888857,1.1782597222222189,1.199879166666663
fuel_energy_kwh,B006,KINO,81,1.2998166261134905,0.007541916803152088,1.297166666666662,1.297166666666662,1.3210163016881182
fuel_energy_kwh,B006,OEAC-i,81,1.2112956918511484,0.0046603420436908925,1.2042945400035237,1.2096826123502866,1.2207504441725905
fuel_energy_kwh,B006,RF,81,1.3311616304919571,0.022198791162944057,1.3013704955092709,1.3338072200921938,1.3709674782103447
fuel_energy_kwh,B007,Full,81,0.7633235071509568,0.11341866046480334,0.631397064143315,0.7174129013041485,0.9628171900305383
fuel_energy_kwh,B007,HCS-i,54,1.1770586419753053,0.016015064250375122,1.1620451388888857,1.1782597222222189,1.205284027777774
fuel_energy_kwh,B007,KINO,81,1.277964755797749,0.021778995570818933,1.2496321470861222,1.297166666666662,1.297166666666662
fuel_energy_kwh,B007,OEAC-i,75,1.2119832543135045,0.004674476392897112,1.2044301201866547,1.2100806147843068,1.2228038516770479
fuel_energy_kwh,B007,RF,81,1.3213365398774821,0.01564276078248179,1.2961629220966302,1.3242466389897087,1.3577449384097473
fuel_energy_kwh,B008,Full,81,0.6815969772834362,0.08294973129565013,0.6033610850592352,0.6486025443119715,0.928736239300189
fuel_energy_kwh,B008,HCS-i,60,1.1628558680555523,0.005787519042830788,1.1566402777777747,1.1620451388888857,1.1782597222222189
fuel_energy_kwh,B008,KINO,81,1.2939637860082256,0.009155529129408816,1.2647374999999956,1.297166666666662,1.297166666666662
fuel_energy_kwh,B008,OEAC-i,81,1.1965709741981883,0.004517240133056,1.1899350263104498,1.1951499426249006,1.2078472114720498
fuel_energy_kwh,B008,RF,81,1.3235192517749064,0.01653876687997137,1.3018898648547026,1.325929815118005,1.3559743646365605
fuel_energy_kwh,B009,Full,81,0.6967489211992709,0.09774893936033924,0.6113156556885304,0.6512891373604369,1.0602188891262116
fuel_energy_kwh,B009,HCS-i,33,1.1569146481898511,0.01693747118804698,1.1242111111111084,1.1512354166666636,1.1812777967550598
fuel_energy_kwh,B009,KINO,81,1.2881585648148102,0.017005998469392155,1.2539277777777735,1.297166666666662,1.297166666666662
fuel_energy_kwh,B009,OEAC-i,81,1.1955468697490013,0.00628778694571572,1.1862604081796857,1.1918617253246884,1.2091615564614373
fuel_energy_kwh,B009,RF,81,1.3155853086004359,0.014193701231598603,1.2917618055555509,1.3123962596175194,1.3412765617381095
fuel_energy_kwh,B010,Full,81,0.7950840702574877,0.02301085212643733,0.7603690734098826,0.7880618924269542,0.8426690396951977
fuel_energy_kwh,B010,HCS-i,0,,,,,
fuel_energy_kwh,B010,KINO,81,1.289931968718275,0.007438795179104172,1.2786658770097772,1.2914060076119807,1.3017773339066265
fuel_energy_kwh,B010,OEAC-i,0,,,,,
fuel_energy_kwh,B010,RF,81,1.3268878530021782,0.02828058199303291,1.2917618055555509,1.3229433764261456,1.3920185826311309
fuel_energy_kwh_adj,B001,Full,81,0.940118033578223,0.0695354215925854,0.7092036743007939,0.9499623716116626,1.057005238330269
fuel_energy_kwh_adj,B001,HCS-i,81,1.1692516203703671,0.03808414103336704,1.0971868055555531,1.1782597222222189,1.2214986111111072
fuel_energy_kwh_adj,B001,KINO,81,1.310124267241135,0.011265360950206905,1.297166666666662,1.304554339230328,1.3297479496107905
fuel_energy_kwh_adj,B001,OEAC-i,81,1.2200938772687948,0.0038798427340168864,1.2163680410932238,1.2183237770747213,1.2291177830267237
fuel_energy_kwh_adj,B001,RF,81,1.3093552867544183,0.013226668895724679,1.2917618055555509,1.3113368071780538,1.3399071748125053
fuel_energy_kwh_adj,B002,Full,81,0.6785907553088227,0.07202039658650551,0.5998648321436574,0.6423417252162575,0.8209172581016255
fuel_energy_kwh_adj,B002,HCS-i,81,1.297124617896636,0.11862108959370854,1.091781944444442,1.3920185826311309,1.3920185826311309
fuel_energy_kwh_adj,B002,KINO,81,1.297166666666662,0.0,1.297166666666662,1.297166666666662,1.297166666666662
fuel_energy_kwh_adj,B002,OEAC-i,81,1.224684480671955,0.004062098461865783,1.2221307680481557,1.2221453151882833,1.2345798909362764
fuel_energy_kwh_adj,B002,RF,81,1.3168999164650903,0.012187540732859195,1.2971741711984153,1.320540494562811,1.341725783432019
fuel_energy_kwh_adj,B003,Full,81,0.6835648572278985,0.08074718438381116,0.5986862788907976,0.6469342208414146,0.8534745928883116
fuel_energy_kwh_adj,B003,HCS-i,81,1.2332783259496323,0.09613944407079265,1.1512354166666636,1.18366458333333,1.3920185826311309
fuel_energy_kwh_adj,B003,KINO,81,1.297166666666662,0.0,1.297166666666662,1.297166666666662,1.297166666666662
fuel_energy_kwh_adj,B003,OEAC-i,81,1.2160581106779562,0.00468131440410943,1.2090449446345242,1.214434310175915,1.2256154873685374
fuel_energy_kwh_adj,B003,RF,81,1.3309804482552765,0.016217298112898647,1.3055257216126666,1.3331960636284004,1.3682582564050614
fuel_energy_kwh_adj,B004,Full,81,0.6843902654746409,0.07537071859967535,0.5840369883582379,0.6503473424237849,0.8363091987989214
fuel_energy_kwh_adj,B004,HCS-i,81,1.3051318195427264,0.10715766859557468,1.1512354166666636,1.3920185826311309,1.3920185826311309
fuel_energy_kwh_adj,B004,KINO,81,1.2972525568063773,0.00044068421952775155,1.297166666666662,1.297166666666662,1.299485700438975
fuel_energy_kwh_adj,B004,OEAC-i,81,1.2257434729365289,0.004660703714737516,1.2184589458945776,1.2238486621133937,1.2359387079980901
fuel_energy_kwh_adj,B004,RF,81,1.3152555376588542,0.015867779689775763,1.2917618055555509,1.3124908748967836,1.3457205114544346
fuel_energy_kwh_adj,B005,Full,81,0.9154123637446424,0.09208851505963118,0.7192197510650961,0.9530245423005875,1.0361502787322263
fuel_energy_kwh_adj,B005,HCS-i,81,1.3920185826311309,0.0,1.3920185826311309,1.3920185826311309,1.3920185826311309
fuel_energy_kwh_adj,B005,KINO,81,1.302658599043412,0.012918879568249319,1.287111190309478,1.2975023539591417,1.3244557412121083
fuel_energy_kwh_adj,B005,OEAC-i,81,1.2137774412732065,0.004867929518639444,1.2055064681102468,1.2123261118595785,1.22396650561108
fuel_energy_kwh_adj,B005,RF,81,1.3081361198783303,0.013081613177587275,1.2917618055555509,1.302146628787933,1.331307050261842
fuel_energy_kwh_adj,B006,Full,81,0.6650874767829525,0.08405945811701873,0.5893380276889494,0.6258034594562824,0.8441972662521369
fuel_energy_kwh_adj,B006,HCS-i,81,1.232277425743871,0.0955328693942596,1.1620451388888857,1.1782597222222189,1.3920185826311309
fuel_energy_kwh_adj,B006,KINO,81,1.2998166261134905,0.007541916803152088,1.297166666666662,1.297166666666662,1.3210163016881182
fuel_energy_kwh_adj,B006,OEAC-i,81,1.2112956918511484,0.0046603420436908925,1.2042945400035237,1.2096826123502866,1.2207504441725905
fuel_energy_kwh_adj,B006,RF,81,1.3311616304919571,0.022198791162944057,1.3013704955092709,1.3338072200921938,1.3709674782103447
fuel_energy_kwh_adj,B007,Full,81,0.7633235071509568,0.11341866046480334,0.631397064143315,0.7174129013041485,0.9628171900305383
fuel_energy_kwh_adj,B007,HCS-i,81,1.248711955527247,0.10279430495883626,1.1620451388888857,1.18366458333333,1.3920185826311309
fuel_energy_kwh_adj,B007,KINO,81,1.277964755797749,0.021778995570818933,1.2496321470861222,1.297166666666662,1.297166666666662
fuel_energy_kwh_adj,B007,OEAC-i,81,1.2253192045592547,0.047656009268981454,1.2044301201866547,1.2100806147843068,1.3920185826311309
fuel_energy_kwh_adj,B007,RF,81,1.3213365398774821,0.01564276078248179,1.2961629220966302,1.3242466389897087,1.3577449384097473
fuel_energy_kwh_adj,B008,Full,81,0.6815969772834362,0.08294973129565013,0.6033610850592352,0.6486025443119715,0.928736239300189
fuel_energy_kwh_adj,B008,HCS-i,81,1.2222684236862578,0.10117341417807713,1.1566402777777747,1.1620451388888857,1.3920185826311309
fuel_energy_kwh_adj,B008,KINO,81,1.2939637860082256,0.009155529129408816,1.2647374999999956,1.297166666666662,1.297166666666662
fuel_energy_kwh_adj,B008,OEAC-i,81,1.1965709741981883,0.004517240133056,1.1899350263104498,1.1951499426249006,1.2078472114720498
fuel_energy_kwh_adj,B008,RF,81,1.3235192517749064,0.01653876687997137,1.3018898648547026,1.325929815118005,1.3559743646365605
fuel_energy_kwh_adj,B009,Full,81,0.6967489211992709,0.09774893936033924,0.6113156556885304,0.6512891373604369,1.0602188891262116
fuel_energy_kwh_adj,B009,HCS-i,81,1.296235498229128,0.11673105486372329,1.1242111111111084,1.3920185826311309,1.3920185826311309
fuel_energy_kwh_adj,B009,KINO,81,1.2881585648148102,0.017005998469392155,1.2539277777777735,1.297166666666662,1.297166666666662
fuel_energy_kwh_adj,B009,OEAC-i,81,1.1955468697490013,0.00628778694571572,1.1862604081796857,1.1918617253246884,1.2091615564614373
fuel_energy_kwh_adj,B009,RF,81,1.3155853086004359,0.014193701231598603,1.2917618055555509,1.3123962596175194,1.3412765617381095
fuel_energy_kwh_adj,B010,Full,81,0.7950840702574877,0.02301085212643733,0.7603690734098826,0.7880618924269542,0.8426690396951977
fuel_energy_kwh_adj,B010,HCS-i,81,1.3920185826311309,0.0,1.3920185826311309,1.3920185826311309,1.3920185826311309
fuel_energy_kwh_adj,B010,KINO,81,1.289931968718275,0.007438795179104172,1.2786658770097772,1.2914060076119807,1.3017773339066265
fuel_energy_kwh_adj,B010,OEAC-i,81,1.3920185826311309,0.0,1.3920185826311309,1.3920185826311309,1.3920185826311309
fuel_energy_kwh_adj,B010,RF,81,1.3268878530021782,0.02828058199303291,1.2917618055555509,1.3229433764261456,1.3920185826311309
battery_used_kwh,B001,Full,81,0.10802454916736691,0.008650210457477318,0.09066671275874065,0.10716161702909253,0.13148836738831107
battery_used_kwh,B001,HCS-i,81,0.0,0.0,0.0,0.0,0.0
battery_used_kwh,B001,KINO,81,0.004227843973782307,0.0030651248619322697,0.0,0.003260042646549352,0.009596920657171276
battery_used_kwh,B001,OEAC-i,81,0.027224707429273107,0.0009009471545281566,0.02654199895173964,0.026545395776022773,0.029293875450948758
battery_used_kwh,B001,RF,81,0.029843082074212556,0.039053210069919304,0.0,0.004651592990395343,0.08602222201411013
battery_used_kwh,B002,Full,81,0.1376026009897777,0.029436810688317713,0.07859131592488389,0.13159795037872987,0.17698671603597627
battery_used_kwh,B002,HCS-i,33,6.418527775752191e-06,1.3830283689910769e-05,0.0,0.0,3.601222302140207e-05
battery_used_kwh,B002,KINO,81,0.0002985205264693752,0.0008496043127602276,0.0,0.0,0.0026866847382297364
battery_used_kwh,B002,OEAC-i,81,0.02654603671925408,0.0003446253461572045,0.02642237036406966,0.02642576185911413,0.027575422890141657
battery_used_kwh,B002,RF,81,0.0115643599819893,0.005828655718785281,0.0039286488889711925,0.009041914223175152,0.022453500714305907
battery_used_kwh,B003,Full,81,0.11484972800367901,0.02406707819211861,0.08536677854488856,0.10904713324856005,0.18249999632205025
battery_used_kwh,B003,HCS-i,60,0.0,0.0,0.0,0.0,0.0
battery_used_kwh,B003,KINO,81,0.0,0.0,0.0,0.0,0.0
battery_used_kwh,B003,OEAC-i,81,0.019950940277785933,0.00025363787980419616,0.019858523705905497,0.019865154068480325,0.02076834217157283
battery_used_kwh,B003,RF,81,0.03592178290339248,0.030932990756943182,0.0053491884283936005,0.02015787118864425,0.08392503648379097
battery_used_kwh,B004,Full,81,0.13083850730775334,0.024182561299137182,0.07474321856733497,0.1414635825229648,0.16913282904481874
battery_used_kwh,B004,HCS-i,33,0.0,0.0,0.0,0.0,0.0
battery_used_kwh,B004,KINO,81,0.00042469900664209996,0.0010836837457499288,0.0,0.0,0.0044374008733224085
battery_used_kwh,B004,OEAC-i,81,0.023811800401515565,0.0003248597310092316,0.02369214428121402,0.023699082964862433,0.024782739875548274
battery_used_kwh,B004,RF,81,0.032462313434545205,0.03378457859661387,0.0,0.015454260242690674,0.0848786262058651
battery_used_kwh,B005,Full,81,0.10948000216495579,0.007676583331868816,0.09492878311126943,0.10716161018264571,0.13009086385323063
battery_used_kwh,B005,HCS-i,0,,,,,
battery_used_kwh,B005,KINO,81,0.006124161632523278,0.003356591629469988,0.001315227092831194,0.004991962878790698,0.011823080421333485
battery_used_kwh,B005,OEAC-i,81,0.029649752822647046,0.000808073012061543,0.02848158818197017,0.030055681030015446,0.031050286442117454
battery_used_kwh,B005,RF,81,0.02802601343895427,0.03573967543811042,0.0,0.005685169511905068,0.08292843376882654
battery_used_kwh,B006,Full,81,0.12491155015522638,0.02404806620477377,0.08109129152590229,0.12094814584527196,0.16845536487956467
battery_used_kwh,B006,HCS-i,60,0.0,0.0,0.0,0.0,0.0
battery_used_kwh,B006,KINO,81,0.0011472845501886173,0.0032652290726260143,0.0,0.0,0.010325560951697557
battery_used_kwh,B006,OEAC-i,81,0.022119507701086956,0.00024578756977045377,0.02202879273495424,0.022037201747126926,0.02291872957894458
battery_used_kwh,B006,RF,81,0.034657816567743166,0.027207326290671068,0.004552177089748972,0.024632779002435164,0.0757269545936374
battery_used_kwh,B007,Full,81,0.12050246853187441,0.024216656774526186,0.0661514508218829,0.11286597157124759,0.1780016440468843
battery_used_kwh,B007,HCS-i,54,2.5933723140218807e-06,7.404385842173697e-06,0.0,0.0,2.3552770121480612e-05
battery_used_kwh,B007,KINO,81,0.004359521810778424,0.005060185318066076,0.0,0.00094440139729364,0.012987957848757494
battery_used_kwh,B007,OEAC-i,75,0.024884980955177702,0.00034352469114744635,0.02477894354487032,0.0247823923297693,0.026042001571637673
battery_used_kwh,B007,RF,81,0.026637055899524226,0.02359727701814783,0.0038047727017173783,0.015230182444493727,0.06110840367088367
battery_used_kwh,B008,Full,81,0.13951314570537915,0.03030391238965974,0.0630191017586732,0.14105449501618217,0.20000006211485846
battery_used_kwh,B008,HCS-i,60,0.0,0.0,0.0,0.0,0.0
battery_used_kwh,B008,KINO,81,0.0008664526566246198,0.0016546145659915457,0.0,0.0,0.005577909288448261
battery_used_kwh,B008,OEAC-i,81,0.029662569214654447,0.0003267473972605057,0.029066168373474584,0.029583862216046322,0.030727105732156142
battery_used_kwh,B008,RF,81,0.013338658954891945,0.007979073953849737,0.003425973936731016,0.011059054779298905,0.028008752180817085
battery_used_kwh,B009,Full,81,0.1381509876995713,0.031225570258583978,0.05373937789041659,0.15229312320840777,0.19252795170626855
battery_used_kwh,B009,HCS-i,33,0.00014216979069949434,0.0004565510067987869,0.0,0.0,0.0015638676976944378
battery_used_kwh,B009,KINO,81,0.002243403220254623,0.0038302522896590412,0.0,0.0,0.01122304294408193
battery_used_kwh,B009,OEAC-i,81,0.028893371407157267,0.0004175662510692545,0.028071523388846286,0.028921796255833694,0.030012483987427962
battery_used_kwh,B009,RF,81,0.00651461218739642,0.0039471907371021984,0.0,0.006472183655479458,0.013675793750585322
battery_used_kwh,B010,Full,81,0.16466204233802995,0.028176764330875723,0.099595209140344,0.16626423214990013,0.20814162823218438
battery_used_kwh,B010,HCS-i,0,,,,,
battery_used_kwh,B010,KINO,81,0.016419855738855668,0.0036039225399092456,0.011582082329000072,0.014987280194789494,0.022502991612913116
battery_used_kwh,B010,OEAC-i,0,,,,,
battery_used_kwh,B010,RF,81,0.014581844784325003,0.013624682032733381,0.0,0.008378102297522536,0.037751923759463
battery_used_kwh_adj,B001,Full,81,0.10802454916736691,0.008650210457477318,0.09066671275874065,0.10716161702909253,0.13148836738831107
battery_used_kwh_adj,B001,HCS-i,81,0.0,0.0,0.0,0.0,0.0
battery_used_kwh_adj,B001,KINO,81,0.004227843973782307,0.0030651248619322697,0.0,0.003260042646549352,0.009596920657171276
battery_used_kwh_adj,B001,OEAC-i,81,0.027224707429273107,0.0009009471545281566,0.02654199895173964,0.026545395776022773,0.029293875450948758
battery_used_kwh_adj,B001,RF,81,0.029843082074212556,0.039053210069919304,0.0,0.004651592990395343,0.08602222201411013
battery_used_kwh_adj,B002,Full,81,0.1376026009897777,0.029436810688317713,0.07859131592488389,0.13159795037872987,0.17698671603597627
battery_used_kwh_adj,B002,HCS-i,81,0.1233458020563142,0.10290480219316633,0.0,0.20814162823218438,0.20814162823218438
battery_used_kwh_adj,B002,KINO,81,0.0002985205264693752,0.0008496043127602276,0.0,0.0,0.0026866847382297364
battery_used_kwh_adj,B002,OEAC-i,81,0.02654603671925408,0.0003446253461572045,0.02642237036406966,0.02642576185911413,0.027575422890141657
battery_used_kwh_adj,B002,RF,81,0.0115643599819893,0.005828655718785281,0.0039286488889711925,0.009041914223175152,0.022453500714305907
battery_used_kwh_adj,B003,Full,81,0.11484972800367901,0.02406707819211861,0.08536677854488856,0.10904713324856005,0.18249999632205025
battery_used_kwh_adj,B003,HCS-i,81,0.05396264435649225,0.09178183096373674,0.0,0.0,0.20814162823218438
battery_used_kwh_adj,B003,KINO,81,0.0,0.0,0.0,0.0,0.0
battery_used_kwh_adj,B003,OEAC-i,81,0.019950940277785933,0.00025363787980419616,0.019858523705905497,0.019865154068480325,0.02076834217157283
battery_used_kwh_adj,B003,RF,81,0.03592178290339248,0.030932990756943182,0.0053491884283936005,0.02015787118864425,0.08392503648379097
battery_used_kwh_adj,B004,Full,81,0.13083850730775334,0.024182561299137182,0.07474321856733497,0.1414635825229648,0.16913282904481874
battery_used_kwh_adj,B004,HCS-i,81,0.1233431871005537,0.1029079752264769,0.0,0.20814162823218438,0.20814162823218438
battery_used_kwh_adj,B004,KINO,81,0.00042469900664209996,0.0010836837457499288,0.0,0.0,0.0044374008733224085
battery_used_kwh_adj,B004,OEAC-i,81,0.023811800401515565,0.0003248597310092316,0.02369214428121402,0.023699082964862433,0.024782739875548274
battery_used_kwh_adj,B004,RF,81,0.032462313434545205,0.03378457859661387,0.0,0.015454260242690674,0.0848786262058651
battery_used_kwh_adj,B005,Full,81,0.10948000216495579,0.007676583331868816,0.09492878311126943,0.10716161018264571,0.13009086385323063
battery_used_kwh_adj,B005,HCS-i,81,0.20814162823218435,0.0,0.20814162823218438,0.20814162823218438,0.20814162823218438
battery_used_kwh_adj,B005,KINO,81,0.006124161632523278,0.003356591629469988,0.001315227092831194,0.004991962878790698,0.011823080421333485
battery_used_kwh_adj,B005,OEAC-i,81,0.029649752822647046,0.000808073012061543,0.02848158818197017,0.030055681030015446,0.031050286442117454
battery_used_kwh_adj,B005,RF,81,0.02802601343895427,0.03573967543811042,0.0,0.005685169511905068,0.08292843376882654
battery_used_kwh_adj,B006,Full,81,0.12491155015522638,0.02404806620477377,0.08109129152590229,0.12094814584527196,0.16845536487956467
battery_used_kwh_adj,B006,HCS-i,81,0.05396264435649225,0.09178183096373674,0.0,0.0,0.20814162823218438
battery_used_kwh_adj,B006,KINO,81,0.0011472845501886173,0.0032652290726260143,0.0,0.0,0.010325560951697557
battery_used_kwh_adj,B006,OEAC-i,81,0.022119507701086956,0.00024578756977045377,0.02202879273495424,0.022037201747126926,0.02291872957894458
battery_used_kwh_adj,B006,RF,81,0.034657816567743166,0.027207326290671068,0.004552177089748972,0.024632779002435164,0.0757269545936374
battery_used_kwh_adj,B007,Full,81,0.12050246853187441,0.024216656774526186,0.0661514508218829,0.11286597157124759,0.1780016440468843
battery_used_kwh_adj,B007,HCS-i,81,0.06938227165893747,0.09872901320590184,0.0,0.0,0.20814162823218438
battery_used_kwh_adj,B007,KINO,81,0.004359521810778424,0.005060185318066076,0.0,0.00094440139729364,0.012987957848757494
battery_used_kwh_adj,B007,OEAC-i,81,0.03845954742014116,0.04829349698424733,0.02477894354487032,0.0247823923297693,0.20814162823218438
battery_used_kwh_adj,B007,RF,81,0.026637055899524226,0.02359727701814783,0.0038047727017173783,0.015230182444493727,0.06110840367088367
battery_used_kwh_adj,B008,Full,81,0.13951314570537915,0.03030391238965974,0.0630191017586732,0.14105449501618217,0.20000006211485846
battery_used_kwh_adj,B008,HCS-i,81,0.05396264435649225,0.09178183096373674,0.0,0.0,0.20814162823218438
battery_used_kwh_adj,B008,KINO,81,0.0008664526566246198,0.0016546145659915457,0.0,0.0,0.005577909288448261
battery_used_kwh_adj,B008,OEAC-i,81,0.029662569214654447,0.0003267473972605057,0.029066168373474584,0.029583862216046322,0.030727105732156142
battery_used_kwh_adj,B008,RF,81,0.013338658954891945,0.007979073953849737,0.003425973936731016,0.011059054779298905,0.028008752180817085
battery_used_kwh_adj,B009,Full,81,0.1381509876995713,0.031225570258583978,0.05373937789041659,0.15229312320840777,0.19252795170626855
battery_used_kwh_adj,B009,HCS-i,81,0.12340110812639425,0.10283808997429499,0.0,0.20814162823218438,0.20814162823218438
battery_used_kwh_adj,B009,KINO,81,0.002243403220254623,0.0038302522896590412,0.0,0.0,0.01122304294408193
battery_used_kwh_adj,B009,OEAC-i,81,0.028893371407157267,0.0004175662510692545,0.028071523388846286,0.028921796255833694,0.030012483987427962
battery_used_kwh_adj,B009,RF,81,0.00651461218739642,0.0039471907371021984,0.0,0.006472183655479458,0.013675793750585322
battery_used_kwh_adj,B010,Full,81,0.16466204233802995,0.028176764330875723,0.099595209140344,0.16626423214990013,0.20814162823218438
battery_used_kwh_adj,B010,HCS-i,81,0.20814162823218435,0.0,0.20814162823218438,0.20814162823218438,0.20814162823218438
battery_used_kwh_adj,B010,KINO,81,0.016419855738855668,0.0036039225399092456,0.011582082329000072,0.014987280194789494,0.022502991612913116
battery_used_kwh_adj,B010,OEAC-i,81,0.20814162823218435,0.0,0.20814162823218438,0.20814162823218438,0.20814162823218438
battery_used_kwh_adj,B010,RF,81,0.014581844784325003,0.013624682032733381,0.0,0.008378102297522536,0.037751923759463
equivalent_energy_kwh_total_adj,B001,Full,81,1.04814258274559,0.0636375229815645,0.8406920416891049,1.0586170842706704,1.1512750257197797
equivalent_energy_kwh_total_adj,B001,HCS-i,81,1.1692516203703671,0.03808414103336704,1.0971868055555531,1.1782597222222189,1.2214986111111072
equivalent_energy_kwh_total_adj,B001,KINO,81,1.3143521112149172,0.014306779540087522,1.297166666666662,1.3078143818768773,1.3393448702679618
equivalent_energy_kwh_total_adj,B001,OEAC-i,81,1.247318584698068,0.003968471727253905,1.2447077079151885,1.2448687391197952,1.2571014002495722
equivalent_energy_kwh_total_adj,B001,RF,81,1.3391983688286309,0.04789660038107576,1.2917618055555509,1.3174424576811503,1.4259293968266156
equivalent_energy_kwh_total_adj,B002,Full,81,0.8161933562986003,0.060600648422817226,0.724753522048685,0.8081137290294744,0.9413756865772474
equivalent_energy_kwh_total_adj,B002,HCS-i,81,1.3227102442629397,0.13943229716566785,1.091816536026954,1.4351899143864224,1.4351899143864224
equivalent_energy_kwh_total_adj,B002,KINO,81,1.2974651871931313,0.0008496043127602694,1.297166666666662,1.297166666666662,1.2998533514048918
equivalent_energy_kwh_total_adj,B002,OEAC-i,81,1.2512305173912088,0.004354160965730792,1.2485548457238127,1.2485722477500139,1.262155313826418
equivalent_energy_kwh_total_adj,B002,RF,81,1.3284642764470798,0.016198437825440545,1.3011028200873864,1.329582408785986,1.3641792841463252
equivalent_energy_kwh_total_adj,B003,Full,81,0.7984145852315776,0.08494482543159676,0.7035845631692781,0.7933657750940307,0.982451067112291
equivalent_energy_kwh_total_adj,B003,HCS-i,81,1.2444708934417448,0.11490444329397877,1.1512354166666636,1.18366458333333,1.4351899143864224
equivalent_energy_kwh_total_adj,B003,KINO,81,1.297166666666662,0.0,1.297166666666662,1.297166666666662,1.297166666666662
equivalent_energy_kwh_total_adj,B003,OEAC-i,81,1.236009050955742,0.004860076851207648,1.228913362380605,1.2342994672033873,1.2463838295401102
equivalent_energy_kwh_total_adj,B003,RF,81,1.366902231158669,0.038681703406690894,1.3108749100410602,1.3587407594188476,1.4226949156978645
equivalent_energy_kwh_total_adj,B004,Full,81,0.8152287727823943,0.061187864451898895,0.7137001397039234,0.8067557988477847,0.9447368752856314
equivalent_energy_kwh_total_adj,B004,HCS-i,81,1.3307148309532697,0.1282168998054912,1.1512354166666636,1.4351899143864224,1.4351899143864224
equivalent_energy_kwh_total_adj,B004,KINO,81,1.2976772558130194,0.0014375299573130818,1.297166666666662,1.297166666666662,1.3039231013122974
equivalent_energy_kwh_total_adj,B004,OEAC-i,81,1.2495552733380444,0.0049082767492321,1.2421629499428657,1.2475497923270378,1.2607214478736384
equivalent_energy_kwh_total_adj,B004,RF,81,1.3477178510933994,0.0395731017770942,1.2917618055555509,1.346134566885134,1.4241625485155731
equivalent_energy_kwh_total_adj,B005,Full,81,1.0248923659095983,0.0864959200572845,0.8493106149183267,1.060193252020187,1.1341959594814686
equivalent_energy_kwh_total_adj,B005,HCS-i,81,1.4351899143864224,0.0,1.4351899143864224,1.4351899143864224,1.4351899143864224
equivalent_energy_kwh_total_adj,B005,KINO,81,1.3087827606759352,0.016258300234686558,1.2884264174023092,1.3024943168379326,1.3362788216334418
equivalent_energy_kwh_total_adj,B005,OEAC-i,81,1.2434271940958534,0.00537828745314015,1.2339944105037095,1.2423825391078898,1.2550167920531974
equivalent_energy_kwh_total_adj,B005,RF,81,1.3361621333172846,0.040166093304239925,1.2917618055555509,1.3238055968614315,1.4134396370319497
equivalent_energy_kwh_total_adj,B006,Full,81,0.7899990269381788,0.08131662461253059,0.6927383934231363,0.7680255052194267,0.9596553947032092
equivalent_energy_kwh_total_adj,B006,HCS-i,81,1.2434699932359836,0.11449651902764611,1.1620451388888857,1.1782597222222189,1.4351899143864224
equivalent_energy_kwh_total_adj,B006,KINO,81,1.300963910663679,0.010807145875778157,1.297166666666662,1.297166666666662,1.331341862639816
equivalent_energy_kwh_total_adj,B006,OEAC-i,81,1.2334151995522353,0.00483146776993875,1.226335025101655,1.2317198140974135,1.243669173751535
equivalent_energy_kwh_total_adj,B006,RF,81,1.3658194470597005,0.03751562365721638,1.3059226725990198,1.3786501161303346,1.4351899143864224
equivalent_energy_kwh_total_adj,B007,Full,81,0.8838259756828312,0.10194707255344997,0.7375196893404232,0.8606301156241039,1.06447502150987
equivalent_energy_kwh_total_adj,B007,HCS-i,81,1.2631041283605537,0.12313289709792713,1.1620451388888857,1.18366458333333,1.4351899143864224
equivalent_energy_kwh_total_adj,B007,KINO,81,1.2823242776085275,0.0171925569220032,1.2586374813638612,1.297166666666662,1.2981110680639558
equivalent_energy_kwh_total_adj,B007,OEAC-i,81,1.2515587300181445,0.0524757289199488,1.229214672560151,1.2348747791324166,1.4351899143864224
equivalent_energy_kwh_total_adj,B007,RF,81,1.3479735957770065,0.03496431888883153,1.300766672808259,1.3410839398692715,1.4132801644606536
equivalent_energy_kwh_total_adj,B008,Full,81,0.8211101229888152,0.06576064772627174,0.7396780843293803,0.793545029300871,1.0385312586314215
equivalent_energy_kwh_total_adj,B008,HCS-i,81,1.2334609911783705,0.12019083573255372,1.1566402777777747,1.1620451388888857,1.4351899143864224
equivalent_energy_kwh_total_adj,B008,KINO,81,1.2948302386648505,0.007619710036187309,1.2694699808396257,1.297166666666662,1.2986877297178225
equivalent_energy_kwh_total_adj,B008,OEAC-i,81,1.2262335434128424,0.004731687142858122,1.2194976523680587,1.2247338595728572,1.2385743172042059
equivalent_energy_kwh_total_adj,B008,RF,81,1.3368579107297984,0.023823185431027665,1.3087210296318423,1.336790922525797,1.3839831168173775
equivalent_energy_kwh_total_adj,B009,Full,81,0.8348999088988421,0.08144044484989123,0.768474833061856,0.7971329649121531,1.1139582670166284
equivalent_energy_kwh_total_adj,B009,HCS-i,81,1.3218764306655117,0.13793995127701827,1.1242111111111084,1.4351899143864224,1.4351899143864224
equivalent_energy_kwh_total_adj,B009,KINO,81,1.2904019680350647,0.01337358835958377,1.2651508207218518,1.297166666666662,1.299466697978604
equivalent_energy_kwh_total_adj,B009,OEAC-i,81,1.2244402411561586,0.006462648157654606,1.2151892859561095,1.2205855655126574,1.2391740404488654
equivalent_energy_kwh_total_adj,B009,RF,81,1.3220999207878323,0.0180684695627396,1.2917618055555509,1.318868443272999,1.354952355488695
equivalent_energy_kwh_total_adj,B010,Full,81,0.9597461125955177,0.03460179291363523,0.8832803829334611,0.9637398879353937,1.0303321106927636
equivalent_energy_kwh_total_adj,B010,HCS-i,81,1.4351899143864224,0.0,1.4351899143864224,1.4351899143864224,1.4351899143864224
equivalent_energy_kwh_total_adj,B010,KINO,81,1.3063518244571306,0.009686342641207248,1.2902479593387772,1.3061168758027735,1.3209771067285372
equivalent_energy_kwh_total_adj,B010,OEAC-i,81,1.4351899143864224,0.0,1.4351899143864224,1.4351899143864224,1.4351899143864224
equivalent_energy_kwh_total_adj,B010,RF,81,1.341469697786503,0.041432649637291895,1.2917618055555509,1.331216975459421,1.4297705063905939
