scenario_id,init_id,baseline,baseline_label,method,method_short,method_label,reference_method,reference_label,baseline_success,reference_success,fuel_saving_pct,equivalent_energy_reduction_pct,equivalent_energy_per_km_reduction_pct,distance_gain_pct,fuel_saving_pct_adj,equivalent_energy_reduction_pct_adj,equivalent_energy_per_km_reduction_pct_adj,distance_gain_pct_adj
B001,I001_L1_v8_SOC056,constant_rule_following,RF,constant_rule_following,RF,RF,proposed_full,Full,True,True,26.526646362598843,23.637859186231253,36.016961105979064,19.347474164601785,26.526646362598843,23.637859186231253,36.016961105979064,19.347474164601785
B001,I001_L1_v8_SOC056,hcs_i_nlc,HCS-i NLC,hcs_i_nlc,HCS-i,HCS-i NLC,proposed_full,Full,True,True,10.272823918583233,0.7579923130481462,30.813939814943943,43.44220124907151,10.272823918583233,0.7579923130481462,30.813939814943943,43.44220124907151
B001,I001_L1_v8_SOC056,oeac_i,OEAC-i,oeac_i,OEAC-i,OEAC-i,proposed_full,Full,True,True,19.903954644719484,13.326724581380056,37.83394017896973,39.4221793501847,19.903954644719484,13.326724581380056,37.83394017896973,39.4221793501847
B001,I001_L1_v8_SOC056,kinematic_only_optimization,KINO,kinematic_only_optimization,KINO,KINO,proposed_full,Full,True,True,25.96531265560116,18.701281642881565,18.701208461370275,-9.001549704729457e-05,25.96531265560116,18.701281642881565,18.701208461370275,-9.001549704729457e-05
B001,I002_L1_v8_SOC060,constant_rule_following,RF,constant_rule_following,RF,RF,proposed_full,Full,True,True,24.8744179126215,21.906834325896522,34.56655276077565,19.3474728430481,24.8744179126215,21.906834325896522,34.56655276077565,19.3474728430481
B001,I002_L1_v8_SOC060,hcs_i_nlc,HCS-i NLC,hcs_i_nlc,HCS-i,HCS-i NLC,proposed_full,Full,True,True,8.255088430565745,-1.4916877072462682,29.245586063719905,43.44219966071305,8.255088430565745,-1.4916877072462682,29.245586063719905,43.44219966071305
B001,I002_L1_v8_SOC060,oeac_i,OEAC-i,oeac_i,OEAC-i,OEAC-i,proposed_full,Full,True,True,18.102798738324264,11.361960460345646,36.424720274579364,39.42217780634059,18.102798738324264,11.361960460345646,36.424720274579364,39.42217780634059
B001,I002_L1_v8_SOC060,kinematic_only_optimization,KINO,kinematic_only_optimization,KINO,KINO,proposed_full,Full,True,True,24.300461241314746,16.85835134928575,16.85827558820847,-9.112281205903463e-05,24.300461241314746,16.85835134928575,16.85827558820847,-9.112281205903463e-05
B001,I003_L1_v8_SOC064,constant_rule_following,RF,constant_rule_following,RF,RF,proposed_full,Full,True,True,23.467760350304086,21.6038538511395,34.312688555054336,19.347472783334197,23.467760350304086,21.6038538511395,34.312688555054336,19.347472783334197
B001,I003_L1_v8_SOC064,hcs_i_nlc,HCS-i NLC,hcs_i_nlc,HCS-i,HCS-i NLC,proposed_full,Full,True,True,6.537249179574187,-1.8854481529907492,28.97107793594938,43.44219958894368,6.537249179574187,-1.8854481529907492,28.97107793594938,43.44219958894368
B001,I003_L1_v8_SOC064,oeac_i,OEAC-i,oeac_i,OEAC-i,OEAC-i,proposed_full,Full,True,True,16.569348823042716,11.018068711695975,36.17806525987414,39.422177736582576,16.569348823042716,11.018068711695975,36.17806525987414,39.422177736582576
B001,I003_L1_v8_SOC064,kinematic_only_optimization,KINO,kinematic_only_optimization,KINO,KINO,proposed_full,Full,True,True,22.8830568671963,16.535784118685854,16.535708021915745,-9.117284566785234e-05,22.8830568671963,16.535784118685854,16.535708021915745,-9.117284566785234e-05
B001,I004_L1_v9_SOC056,constant_rule_following,RF,constant_rule_following,RF,RF,proposed_full,Full,True,True,27.329211732375228,24.355484887524167,36.689725203238325,19.482209412784044,27.329211732375228,24.355484887524167,36.689725203238325,19.482209412784044
B001,I004_L1_v9_SOC056,hcs_i_nlc,HCS-i NLC,hcs_i_nlc,HCS-i,HCS-i NLC,proposed_full,Full,True,True,14.177255499921452,4.979915795186052,33.79951503139039,43.53381889856214,14.177255499921452,4.979915795186052,33.79951503139039,43.53381889856214
B001,I004_L1_v9_SOC056,oeac_i,OEAC-i,oeac_i,OEAC-i,OEAC-i,proposed_full,Full,True,True,20.7767180801466,14.148708381950575,38.48182443503175,39.55435256265589,20.7767180801466,14.148708381950575,38.48182443503175,39.55435256265589
B001,I004_L1_v9_SOC056,kinematic_only_optimization,KINO,kinematic_only_optimization,KINO,KINO,proposed_full,Full,True,True,26.859158228656824,19.503278630469126,19.503276642522714,-2.4695991653734715e-06,26.859158228656824,19.503278630469126,19.503276642522714,-2.4695991653734715e-06
B001,I005_L1_v9_SOC060,constant_rule_following,RF,constant_rule_following,RF,RF,proposed_full,Full,True,True,25.924414581739406,23.088877042992074,35.62964450069296,19.482209412119648,25.924414581739406,23.088877042992074,35.62964450069296,19.482209412119648
B001,I005_L1_v9_SOC060,hcs_i_nlc,HCS-i NLC,hcs_i_nlc,HCS-i,HCS-i NLC,proposed_full,Full,True,True,12.51821821950202,3.38887930215065,32.69104003519663,43.53381889776399,12.51821821950202,3.38887930215065,32.69104003519663,43.53381889776399
B001,I005_L1_v9_SOC060,oeac_i,OEAC-i,oeac_i,OEAC-i,OEAC-i,proposed_full,Full,True,True,19.245254842192292,12.711196101450817,37.451751023068674,39.55435256187988,19.245254842192292,12.711196101450817,37.451751023068674,39.55435256187988
B001,I005_L1_v9_SOC060,kinematic_only_optimization,KINO,kinematic_only_optimization,KINO,KINO,proposed_full,Full,True,True,25.445274485754545,18.155424412695893,18.155422391007782,-2.470155229011704e-06,25.445274485754545,18.155424412695893,18.155422391007782,-2.470155229011704e-06
B001,I006_L1_v9_SOC064,constant_rule_following,RF,constant_rule_following,RF,RF,proposed_full,Full,True,True,25.926306755858775,23.247915326539644,35.76275070985015,19.48220934365184,25.926306755858775,23.247915326539644,35.76275070985015,19.48220934365184
B001,I006_L1_v9_SOC064,hcs_i_nlc,HCS-i NLC,hcs_i_nlc,HCS-i,HCS-i NLC,proposed_full,Full,True,True,12.520452839214666,3.5886536158865376,32.83022274490411,43.533818815513705,12.520452839214666,3.5886536158865376,32.83022274490411,43.533818815513705
B001,I006_L1_v9_SOC064,oeac_i,OEAC-i,oeac_i,OEAC-i,OEAC-i,proposed_full,Full,True,True,19.247317627628835,12.891693551120165,37.58108944672907,39.55435248190997,19.247317627628835,12.891693551120165,37.58108944672907,39.55435248190997
B001,I006_L1_v9_SOC064,kinematic_only_optimization,KINO,kinematic_only_optimization,KINO,KINO,proposed_full,Full,True,True,25.447178898946806,18.324664183468187,18.324662119157512,-2.527458997535833e-06,25.447178898946806,18.324664183468187,18.324662119157512,-2.527458997535833e-06
B001,I007_L1_v10_SOC056,constant_rule_following,RF,constant_rule_following,RF,RF,proposed_full,Full,True,True,28.694160486584344,23.91349819088423,36.33342421927579,19.507765065247682,28.694160486584344,23.91349819088423,36.33342421927579,19.507765065247682
B001,I007_L1_v10_SOC056,hcs_i_nlc,HCS-i NLC,hcs_i_nlc,HCS-i,HCS-i NLC,proposed_full,Full,True,True,21.50064160165787,10.816176705272596,37.934108453167205,43.69216500730088,21.50064160165787,10.816176705272596,37.934108453167205,43.69216500730088
B001,I007_L1_v10_SOC056,oeac_i,OEAC-i,oeac_i,OEAC-i,OEAC-i,proposed_full,Full,True,True,23.029841357572298,14.409968200170962,38.70833616976577,39.643838086850536,23.029841357572298,14.409968200170962,38.70833616976577,39.643838086850536
B001,I007_L1_v10_SOC056,kinematic_only_optimization,KINO,kinematic_only_optimization,KINO,KINO,proposed_full,Full,True,True,28.546459660840345,19.222201774389823,19.222142946115106,-7.282722873031321e-05,28.546459660840345,19.222201774389823,19.222142946115106,-7.282722873031321e-05
B001,I008_L1_v10_SOC060,constant_rule_following,RF,constant_rule_following,RF,RF,proposed_full,Full,True,True,26.47387351029103,22.948072861331706,35.525589104421734,19.50776450437117,26.47387351029103,22.948072861331706,35.525589104421734,19.50776450437117
B001,I008_L1_v10_SOC060,hcs_i_nlc,HCS-i NLC,hcs_i_nlc,HCS-i,HCS-i NLC,proposed_full,Full,True,True,19.056366290006437,9.684565710577726,37.14658366466688,43.6921643329216,19.056366290006437,9.684565710577726,37.14658366466688,43.6921643329216
B001,I008_L1_v10_SOC060,oeac_i,OEAC-i,oeac_i,OEAC-i,OEAC-i,proposed_full,Full,True,True,20.633181533311195,13.323957111580455,37.93063519114829,39.64383743147096,20.633181533311195,13.323957111580455,37.93063519114829,39.64383743147096
B001,I008_L1_v10_SOC060,kinematic_only_optimization,KINO,kinematic_only_optimization,KINO,KINO,proposed_full,Full,True,True,26.32157364718873,18.197250822273055,18.197190863635647,-7.329655062179524e-05,26.32157364718873,18.197250822273055,18.197190863635647,-7.329655062179524e-05
B001,I009_L1_v10_SOC064,constant_rule_following,RF,constant_rule_following,RF,RF,proposed_full,Full,True,True,26.74189518101005,23.13053089203686,35.678263728896965,19.507764504325515,26.74189518101005,23.13053089203686,35.678263728896965,19.507764504325515
B001,I009_L1_v10_SOC064,hcs_i_nlc,HCS-i NLC,hcs_i_nlc,HCS-i,HCS-i NLC,proposed_full,Full,True,True,19.35142668522606,9.898431565653256,37.29541979364716,43.69216433286671,19.35142668522606,9.898431565653256,37.29541979364716,43.69216433286671
B001,I009_L1_v10_SOC064,oeac_i,OEAC-i,oeac_i,OEAC-i,OEAC-i,proposed_full,Full,True,True,20.922494030795654,13.529204931875398,38.077614695605575,39.64383743141761,20.922494030795654,13.529204931875398,38.077614695605575,39.64383743141761
B001,I009_L1_v10_SOC064,kinematic_only_optimization,KINO,kinematic_only_optimization,KINO,KINO,proposed_full,Full,True,True,26.590150490139827,18.390958742055187,18.39089892536793,-7.329658882635635e-05,26.590150490139827,18.390958742055187,18.39089892536793,-7.329658882635635e-05
B001,I010_L1_v11_SOC056,constant_rule_following,RF,constant_rule_following,RF,RF,proposed_full,Full,True,True,27.288015777704267,24.3858861797547,36.795584022905366,19.634225949731043,27.288015777704267,24.3858861797547,36.795584022905366,19.634225949731043
B001,I010_L1_v11_SOC056,hcs_i_nlc,HCS-i NLC,hcs_i_nlc,HCS-i,HCS-i NLC,proposed_full,Full,True,True,16.12675667736727,7.387891268625441,35.601485525358825,43.810939564208944,16.12675667736727,7.387891268625441,35.601485525358825,43.810939564208944
B001,I010_L1_v11_SOC056,oeac_i,OEAC-i,oeac_i,OEAC-i,OEAC-i,proposed_full,Full,True,True,21.1169833865382,14.75528211638478,38.99263788948287,39.728575264721684,21.1169833865382,14.75528211638478,38.99263788948287,39.728575264721684
B001,I010_L1_v11_SOC056,kinematic_only_optimization,KINO,kinematic_only_optimization,KINO,KINO,proposed_full,Full,True,True,26.730665150114422,19.371104183186553,19.37096128481011,-0.00017722941847146334,26.730665150114422,19.371104183186553,19.37096128481011,-0.00017722941847146334
B001,I011_L1_v11_SOC060,constant_rule_following,RF,constant_rule_following,RF,RF,proposed_full,Full,True,True,27.234273140148094,24.072288372824627,36.53345351263906,19.634225949723007,27.234273140148094,24.072288372824627,36.53345351263906,19.634225949723007
B001,I011_L1_v11_SOC060,hcs_i_nlc,HCS-i NLC,hcs_i_nlc,HCS-i,HCS-i NLC,proposed_full,Full,True,True,16.064764567472864,7.003796914727819,35.334402676816296,43.81093956419928,16.064764567472864,7.003796914727819,35.334402676816296,43.81093956419928
B001,I011_L1_v11_SOC060,oeac_i,OEAC-i,oeac_i,OEAC-i,OEAC-i,proposed_full,Full,True,True,21.05867963624809,14.401742873113019,38.73961931929584,39.7285752647123,21.05867963624809,14.401742873113019,38.73961931929584,39.7285752647123
B001,I011_L1_v11_SOC060,kinematic_only_optimization,KINO,kinematic_only_optimization,KINO,KINO,proposed_full,Full,True,True,26.676510565434395,19.03670834587693,19.036564854846205,-0.00017722942519090068,26.676510565434395,19.03670834587693,19.036564854846205,-0.00017722942519090068
B001,I012_L1_v11_SOC064,constant_rule_following,RF,constant_rule_following,RF,RF,proposed_full,Full,True,True,26.382192446704018,22.73388288358865,35.414705530106644,19.63422594973103,26.382192446704018,22.73388288358865,35.414705530106644,19.63422594973103
B001,I012_L1_v11_SOC064,hcs_i_nlc,HCS-i NLC,hcs_i_nlc,HCS-i,HCS-i NLC,proposed_full,Full,True,True,15.081889844741271,5.364518895938115,34.19451858750362,43.81093956420892,15.081889844741271,5.364518895938115,34.19451858750362,43.81093956420892
B001,I012_L1_v11_SOC064,oeac_i,OEAC-i,oeac_i,OEAC-i,OEAC-i,proposed_full,Full,True,True,20.134283249381934,12.892871148251842,37.659760226768185,39.72857526472167,20.134283249381934,12.892871148251842,37.659760226768185,39.72857526472167
B001,I012_L1_v11_SOC064,kinematic_only_optimization,KINO,kinematic_only_optimization,KINO,KINO,proposed_full,Full,True,True,25.81789851798688,17.609538849335596,17.60939282894161,-0.0001772294184863954,25.81789851798688,17.609538849335596,17.60939282894161,-0.0001772294184863954
B001,I013_L1_v12_SOC056,constant_rule_following,RF,constant_rule_following,RF,RF,proposed_full,Full,True,True,26.899715951171892,23.986910517595533,36.471805851679726,19.652526726850628,26.899715951171892,23.986910517595533,36.471805851679726,19.652526726850628
B001,I013_L1_v12_SOC056,hcs_i_nlc,HCS-i NLC,hcs_i_nlc,HCS-i,HCS-i NLC,proposed_full,Full,True,True,21.523371196301962,13.125300836665653,39.27420501866356,43.060620597942886,21.523371196301962,13.125300836665653,39.27420501866356,43.060620597942886
B001,I013_L1_v12_SOC056,oeac_i,OEAC-i,oeac_i,OEAC-i,OEAC-i,proposed_full,Full,True,True,21.31873347955899,14.756038231217387,39.006874839496824,39.75995088702778,21.31873347955899,14.756038231217387,39.006874839496824,39.75995088702778
B001,I013_L1_v12_SOC056,kinematic_only_optimization,KINO,kinematic_only_optimization,KINO,KINO,proposed_full,Full,True,True,26.519662534751284,18.859032413746256,18.859028783500367,-4.4739985429153765e-06,26.519662534751284,18.859032413746256,18.859028783500367,-4.4739985429153765e-06
B001,I014_L1_v12_SOC060,constant_rule_following,RF,constant_rule_following,RF,RF,proposed_full,Full,True,True,25.775279788968724,22.4325424404223,35.17273752466038,19.65252672682958,25.775279788968724,22.4325424404223,35.17273752466038,19.65252672682958
B001,I014_L1_v12_SOC060,hcs_i_nlc,HCS-i NLC,hcs_i_nlc,HCS-i,HCS-i NLC,proposed_full,Full,True,True,20.31623554063569,11.348827073883342,38.03244208252302,43.060620597917726,20.31623554063569,11.348827073883342,38.03244208252302,43.060620597917726
B001,I014_L1_v12_SOC060,oeac_i,OEAC-i,oeac_i,OEAC-i,OEAC-i,proposed_full,Full,True,True,20.10845006527795,13.012910911338578,37.75964535148482,39.7599508870032,20.10845006527795,13.012910911338578,37.75964535148482,39.7599508870032
B001,I014_L1_v12_SOC060,kinematic_only_optimization,KINO,kinematic_only_optimization,KINO,KINO,proposed_full,Full,True,True,25.389380351420392,17.199805948596246,17.19980224410203,-4.474016128982436e-06,25.389380351420392,17.199805948596246,17.19980224410203,-4.474016128982436e-06
B001,I015_L1_v12_SOC064,constant_rule_following,RF,constant_rule_following,RF,RF,proposed_full,Full,True,True,29.5012149723819,26.102545236948263,38.2399546549061,19.652526726847697,29.5012149723819,26.102545236948263,38.2399546549061,19.652526726847697
B001,I015_L1_v12_SOC064,hcs_i_nlc,HCS-i NLC,hcs_i_nlc,HCS-i,HCS-i NLC,proposed_full,Full,True,True,24.31620402420606,15.54324136552441,40.964356032094486,43.06062059793938,24.31620402420606,15.54324136552441,40.964356032094486,43.06062059793938
B001,I015_L1_v12_SOC064,oeac_i,OEAC-i,oeac_i,OEAC-i,OEAC-i,proposed_full,Full,True,True,24.118848971637878,17.128591252825053,40.70446632156843,39.75995088702435,24.118848971637878,17.128591252825053,40.70446632156843,39.75995088702435
B001,I015_L1_v12_SOC064,kinematic_only_optimization,KINO,kinematic_only_optimization,KINO,KINO,proposed_full,Full,True,True,29.134686928724072,21.11738882783582,21.117385298626854,-4.474000991230315e-06,29.134686928724072,21.11738882783582,21.117385298626854,-4.474000991230315e-06
B001,I016_L1_v13_SOC056,constant_rule_following,RF,constant_rule_following,RF,RF,proposed_full,Full,True,True,26.899715951171892,23.986910517595533,36.471805851679726,19.652526726850628,26.899715951171892,23.986910517595533,36.471805851679726,19.652526726850628
B001,I016_L1_v13_SOC056,hcs_i_nlc,HCS-i NLC,hcs_i_nlc,HCS-i,HCS-i NLC,proposed_full,Full,True,True,21.523371196301962,13.125300836665653,39.27420501866356,43.060620597942886,21.523371196301962,13.125300836665653,39.27420501866356,43.060620597942886
B001,I016_L1_v13_SOC056,oeac_i,OEAC-i,oeac_i,OEAC-i,OEAC-i,proposed_full,Full,True,True,21.31873347955899,14.756038231217387,39.006874839496824,39.75995088702778,21.31873347955899,14.756038231217387,39.006874839496824,39.75995088702778
B001,I016_L1_v13_SOC056,kinematic_only_optimization,KINO,kinematic_only_optimization,KINO,KINO,proposed_full,Full,True,True,26.519662534751284,18.859032413746256,18.859028783500367,-4.4739985429153765e-06,26.519662534751284,18.859032413746256,18.859028783500367,-4.4739985429153765e-06
B001,I017_L1_v13_SOC060,constant_rule_following,RF,constant_rule_following,RF,RF,proposed_full,Full,True,True,25.775279788968724,22.4325424404223,35.17273752466038,19.65252672682958,25.775279788968724,22.4325424404223,35.17273752466038,19.65252672682958
B001,I017_L1_v13_SOC060,hcs_i_nlc,HCS-i NLC,hcs_i_nlc,HCS-i,HCS-i NLC,proposed_full,Full,True,True,20.31623554063569,11.348827073883342,38.03244208252302,43.060620597917726,20.31623554063569,11.348827073883342,38.03244208252302,43.060620597917726
B001,I017_L1_v13_SOC060,oeac_i,OEAC-i,oeac_i,OEAC-i,OEAC-i,proposed_full,Full,True,True,20.10845006527795,13.012910911338578,37.75964535148482,39.7599508870032,20.10845006527795,13.012910911338578,37.75964535148482,39.7599508870032
B001,I017_L1_v13_SOC060,kinematic_only_optimization,KINO,kinematic_only_optimization,KINO,KINO,proposed_full,Full,True,True,25.389380351420392,17.199805948596246,17.19980224410203,-4.474016128982436e-06,25.389380351420392,17.199805948596246,17.19980224410203,-4.474016128982436e-06
B001,I018_L1_v13_SOC064,constant_rule_following,RF,constant_rule_following,RF,RF,proposed_full,Full,True,True,29.5012149723819,26.102545236948263,38.2399546549061,19.652526726847697,29.5012149723819,26.102545236948263,38.2399546549061,19.652526726847697
B001,I018_L1_v13_SOC064,hcs_i_nlc,HCS-i NLC,hcs_i_nlc,HCS-i,HCS-i NLC,proposed_full,Full,True,True,24.31620402420606,15.54324136552441,40.964356032094486,43.06062059793938,24.31620402420606,15.54324136552441,40.964356032094486,43.06062059793938
B001,I018_L1_v13_SOC064,oeac_i,OEAC-i,oeac_i,OEAC-i,OEAC-i,proposed_full,Full,True,True,24.118848971637878,17.128591252825053,40.70446632156843,39.75995088702435,24.118848971637878,17.128591252825053,40.70446632156843,39.75995088702435
B001,I018_L1_v13_SOC064,kinematic_only_optimization,KINO,kinematic_only_optimization,KINO,KINO,proposed_full,Full,True,True,29.134686928724072,21.11738882783582,21.117385298626854,-4.474000991230315e-06,29.134686928724072,21.11738882783582,21.117385298626854,-4.474000991230315e-06
B001,I019_L1_v14_SOC056,constant_rule_following,RF,constant_rule_following,RF,RF,proposed_full,Full,True,True,26.899715951171892,23.986910517595533,36.471805851679726,19.652526726850628,26.899715951171892,23.986910517595533,36.471805851679726,19.652526726850628
B001,I019_L1_v14_SOC056,hcs_i_nlc,HCS-i NLC,hcs_i_nlc,HCS-i,HCS-i NLC,proposed_full,Full,True,True,21.523371196301962,13.125300836665653,39.27420501866356,43.060620597942886,21.523371196301962,13.125300836665653,39.27420501866356,43.060620597942886
B001,I019_L1_v14_SOC056,oeac_i,OEAC-i,oeac_i,OEAC-i,OEAC-i,proposed_full,Full,True,True,21.31873347955899,14.756038231217387,39.006874839496824,39.75995088702778,21.31873347955899,14.756038231217387,39.006874839496824,39.75995088702778
B001,I019_L1_v14_SOC056,kinematic_only_optimization,KINO,kinematic_only_optimization,KINO,KINO,proposed_full,Full,True,True,26.519662534751284,18.859032413746256,18.859028783500367,-4.4739985429153765e-06,26.519662534751284,18.859032413746256,18.859028783500367,-4.4739985429153765e-06
B001,I020_L1_v14_SOC060,constant_rule_following,RF,constant_rule_following,RF,RF,proposed_full,Full,True,True,25.775279788968724,22.4325424404223,35.17273752466038,19.65252672682958,25.775279788968724,22.4325424404223,35.17273752466038,19.65252672682958
B001,I020_L1_v14_SOC060,hcs_i_nlc,HCS-i NLC,hcs_i_nlc,HCS-i,HCS-i NLC,proposed_full,Full,True,True,20.31623554063569,11.348827073883342,38.03244208252302,43.060620597917726,20.31623554063569,11.348827073883342,38.03244208252302,43.060620597917726
B001,I020_L1_v14_SOC060,oeac_i,OEAC-i,oeac_i,OEAC-i,OEAC-i,proposed_full,Full,True,True,20.10845006527795,13.012910911338578,37.75964535148482,39.7599508870032,20.10845006527795,13.012910911338578,37.75964535148482,39.7599508870032
B001,I020_L1_v14_SOC060,kinematic_only_optimization,KINO,kinematic_only_optimization,KINO,KINO,proposed_full,Full,True,True,25.389380351420392,17.199805948596246,17.19980224410203,-4.474016128982436e-06,25.389380351420392,17.199805948596246,17.19980224410203,-4.474016128982436e-06
B001,I021_L1_v14_SOC064,constant_rule_following,RF,constant_rule_following,RF,RF,proposed_full,Full,True,True,29.5012149723819,26.102545236948263,38.2399546549061,19.652526726847697,29.5012149723819,26.102545236948263,38.2399546549061,19.652526726847697
B001,I021_L1_v14_SOC064,hcs_i_nlc,HCS-i NLC,hcs_i_nlc,HCS-i,HCS-i NLC,proposed_full,Full,True,True,24.31620402420606,15.54324136552441,40.964356032094486,43.06062059793938,24.31620402420606,15.54324136552441,40.964356032094486,43.06062059793938
B001,I021_L1_v14_SOC064,oeac_i,OEAC-i,oeac_i,OEAC-i,OEAC-i,proposed_full,Full,True,True,24.118848971637878,17.128591252825053,40.70446632156843,39.75995088702435,24.118848971637878,17.128591252825053,40.70446632156843,39.75995088702435
B001,I021_L1_v14_SOC064,kinematic_only_optimization,KINO,kinematic_only_optimization,KINO,KINO,proposed_full,Full,True,True,29.134686928724072,21.11738882783582,21.117385298626854,-4.474000991230315e-06,29.134686928724072,21.11738882783582,21.117385298626854,-4.474000991230315e-06
B001,I022_L1_v15_SOC056,constant_rule_following,RF,constant_rule_following,RF,RF,proposed_full,Full,True,True,26.899715951171892,23.986910517595533,36.471805851679726,19.652526726850628,26.899715951171892,23.986910517595533,36.471805851679726,19.652526726850628
B001,I022_L1_v15_SOC056,hcs_i_nlc,HCS-i NLC,hcs_i_nlc,HCS-i,HCS-i NLC,proposed_full,Full,True,True,21.523371196301962,13.125300836665653,39.27420501866356,43.060620597942886,21.523371196301962,13.125300836665653,39.27420501866356,43.060620597942886
B001,I022_L1_v15_SOC056,oeac_i,OEAC-i,oeac_i,OEAC-i,OEAC-i,proposed_full,Full,True,True,21.31873347955899,14.756038231217387,39.006874839496824,39.75995088702778,21.31873347955899,14.756038231217387,39.006874839496824,39.75995088702778
B001,I022_L1_v15_SOC056,kinematic_only_optimization,KINO,kinematic_only_optimization,KINO,KINO,proposed_full,Full,True,True,26.519662534751284,18.859032413746256,18.859028783500367,-4.4739985429153765e-06,26.519662534751284,18.859032413746256,18.859028783500367,-4.4739985429153765e-06
B001,I023_L1_v15_SOC060,constant_rule_following,RF,constant_rule_following,RF,RF,proposed_full,Full,True,True,25.775279788968724,22.4325424404223,35.17273752466038,19.65252672682958,25.775279788968724,22.4325424404223,35.17273752466038,19.65252672682958
B001,I023_L1_v15_SOC060,hcs_i_nlc,HCS-i NLC,hcs_i_nlc,HCS-i,HCS-i NLC,proposed_full,Full,True,True,20.31623554063569,11.348827073883342,38.03244208252302,43.060620597917726,20.31623554063569,11.348827073883342,38.03244208252302,43.060620597917726
B001,I023_L1_v15_SOC060,oeac_i,OEAC-i,oeac_i,OEAC-i,OEAC-i,proposed_full,Full,True,True,20.10845006527795,13.012910911338578,37.75964535148482,39.7599508870032,20.10845006527795,13.012910911338578,37.75964535148482,39.7599508870032
B001,I023_L1_v15_SOC060,kinematic_only_optimization,KINO,kinematic_only_optimization,KINO,KINO,proposed_full,Full,True,True,25.389380351420392,17.199805948596246,17.19980224410203,-4.474016128982436e-06,25.389380351420392,17.199805948596246,17.19980224410203,-4.474016128982436e-06
B001,I024_L1_v15_SOC064,constant_rule_following,RF,constant_rule_following,RF,RF,proposed_full,Full,True,True,29.5012149723819,26.102545236948263,38.2399546549061,19.652526726847697,29.5012149723819,26.102545236948263,38.2399546549061,19.652526726847697
B001,I024_L1_v15_SOC064,hcs_i_nlc,HCS-i NLC,hcs_i_nlc,HCS-i,HCS-i NLC,proposed_full,Full,True,True,24.31620402420606,15.54324136552441,40.964356032094486,43.06062059793938,24.31620402420606,15.54324136552441,40.964356032094486,43.06062059793938
B001,I024_L1_v15_SOC064,oeac_i,OEAC-i,oeac_i,OEAC-i,OEAC-i,proposed_full,Full,True,True,24.118848971637878,17.128591252825053,40.70446632156843,39.75995088702435,24.118848971637878,17.128591252825053,40.70446632156843,39.75995088702435
B001,I024_L1_v15_SOC064,kinematic_only_optimization,KINO,kinematic_only_optimization,KINO,KINO,proposed_full,Full,True,True,29.134686928724072,21.11738882783582,21.117385298626854,-4.474000991230315e-06,29.134686928724072,21.11738882783582,21.117385298626854,-4.474000991230315e-06
B001,I025_L1_v16_SOC056,constant_rule_following,RF,constant_rule_following,RF,RF,proposed_full,Full,True,True,26.899715951171892,23.986910517595533,36.471805851679726,19.652526726850628,26.899715951171892,23.986910517595533,36.471805851679726,19.652526726850628
B001,I025_L1_v16_SOC056,hcs_i_nlc,HCS-i NLC,hcs_i_nlc,HCS-i,HCS-i NLC,proposed_full,Full,True,True,21.523371196301962,13.125300836665653,39.27420501866356,43.060620597942886,21.523371196301962,13.125300836665653,39.27420501866356,43.060620597942886
B001,I025_L1_v16_SOC056,oeac_i,OEAC-i,oeac_i,OEAC-i,OEAC-i,proposed_full,Full,True,True,21.31873347955899,14.756038231217387,39.006874839496824,39.75995088702778,21.31873347955899,14.756038231217387,39.006874839496824,39.75995088702778
B001,I025_L1_v16_SOC056,kinematic_only_optimization,KINO,kinematic_only_optimization,KINO,KINO,proposed_full,Full,True,True,26.519662534751284,18.859032413746256,18.859028783500367,-4.4739985429153765e-06,26.519662534751284,18.859032413746256,18.859028783500367,-4.4739985429153765e-06
B001,I026_L1_v16_SOC060,constant_rule_following,RF,constant_rule_following,RF,RF,proposed_full,Full,True,True,25.775279788968724,22.4325424404223,35.17273752466038,19.65252672682958,25.775279788968724,22.4325424404223,35.17273752466038,19.65252672682958
B001,I026_L1_v16_SOC060,hcs_i_nlc,HCS-i NLC,hcs_i_nlc,HCS-i,HCS-i NLC,proposed_full,Full,True,True,20.31623554063569,11.348827073883342,38.03244208252302,43.060620597917726,20.31623554063569,11.348827073883342,38.03244208252302,43.060620597917726
B001,I026_L1_v16_SOC060,oeac_i,OEAC-i,oeac_i,OEAC-i,OEAC-i,proposed_full,Full,True,True,20.10845006527795,13.012910911338578,37.75964535148482,39.7599508870032,20.10845006527795,13.012910911338578,37.75964535148482,39.7599508870032
B001,I026_L1_v16_SOC060,kinematic_only_optimization,KINO,kinematic_only_optimization,KINO,KINO,proposed_full,Full,True,True,25.389380351420392,17.199805948596246,17.19980224410203,-4.474016128982436e-06,25.389380351420392,17.199805948596246,17.19980224410203,-4.474016128982436e-06
B001,I027_L1_v16_SOC064,constant_rule_following,RF,constant_rule_following,RF,RF,proposed_full,Full,True,True,29.5012149723819,26.102545236948263,38.2399546549061,19.652526726847697,29.5012149723819,26.102545236948263,38.2399546549061,19.652526726847697
B001,I027_L1_v16_SOC064,hcs_i_nlc,HCS-i NLC,hcs_i_nlc,HCS-i,HCS-i NLC,proposed_full,Full,True,True,24.31620402420606,15.54324136552441,40.964356032094486,43.06062059793938,24.31620402420606,15.54324136552441,40.964356032094486,43.06062059793938
B001,I027_L1_v16_SOC064,oeac_i,OEAC-i,oeac_i,OEAC-i,OEAC-i,proposed_full,Full,True,True,24.118848971637878,17.128591252825053,40.70446632156843,39.75995088702435,24.118848971637878,17.128591252825053,40.70446632156843,39.75995088702435
B001,I027_L1_v16_SOC064,kinematic_only_optimization,KINO,kinematic_only_optimization,KINO,KINO,proposed_full,Full,True,True,29.134686928724072,21.11738882783582,21.117385298626854,-4.474000991230315e-06,29.134686928724072,21.11738882783582,21.117385298626854,-4.474000991230315e-06
B001,I028_L2_v8_SOC056,constant_rule_following,RF,constant_rule_following,RF,RF,proposed_full,Full,True,True,26.924855014450408,19.332237366671198,24.35040622604884,6.633437945975562,26.924855014450408,19.332237366671198,24.35040622604884,6.633437945975562
B001,I028_L2_v8_SOC056,hcs_i_nlc,HCS-i NLC,hcs_i_nlc,HCS-i,HCS-i NLC,proposed_full,Full,True,True,11.819197845902902,2.095515363934657,31.74637697631146,43.44217976837066,11.819197845902902,2.095515363934657,31.74637697631146,43.44217976837066
B001,I028_L2_v8_SOC056,oeac_i,OEAC-i,oeac_i,OEAC-i,OEAC-i,proposed_full,Full,True,True,21.28434397187754,14.494853949882154,38.67177611327418,39.422178943331495,21.28434397187754,14.494853949882154,38.67177611327418,39.422178943331495
B001,I028_L2_v8_SOC056,kinematic_only_optimization,KINO,kinematic_only_optimization,KINO,KINO,proposed_full,Full,True,True,27.241239473165994,19.79697602013743,19.796903590878024,-9.030731062058587e-05,27.241239473165994,19.79697602013743,19.796903590878024,-9.030731062058587e-05
B001,I029_L2_v8_SOC060,constant_rule_following,RF,constant_rule_following,RF,RF,proposed_full,Full,True,True,26.239710305230673,18.607746233422446,23.670983163198386,6.633436587558314,26.239710305230673,18.607746233422446,23.670983163198386,6.633436587558314
B001,I029_L2_v8_SOC060,hcs_i_nlc,HCS-i NLC,hcs_i_nlc,HCS-i,HCS-i NLC,proposed_full,Full,True,True,10.992424117810003,1.2162182481025159,31.133378501475473,43.44217794104206,10.992424117810003,1.2162182481025159,31.133378501475473,43.44217794104206
B001,I029_L2_v8_SOC060,oeac_i,OEAC-i,oeac_i,OEAC-i,OEAC-i,proposed_full,Full,True,True,20.546314437059735,13.726917439208988,38.12097593532735,39.42217716721421,20.546314437059735,13.726917439208988,38.12097593532735,39.42217716721421
B001,I029_L2_v8_SOC060,kinematic_only_optimization,KINO,kinematic_only_optimization,KINO,KINO,proposed_full,Full,True,True,26.559061150643284,19.076658785143977,19.07658467449094,-9.158122248958751e-05,26.559061150643284,19.076658785143977,19.07658467449094,-9.158122248958751e-05
B001,I030_L2_v8_SOC064,constant_rule_following,RF,constant_rule_following,RF,RF,proposed_full,Full,True,True,25.63693419032898,17.8364092966305,22.94763053925308,6.633438112797306,25.63693419032898,17.8364092966305,22.94763053925308,6.633438112797306
B001,I030_L2_v8_SOC064,hcs_i_nlc,HCS-i NLC,hcs_i_nlc,HCS-i,HCS-i NLC,proposed_full,Full,True,True,10.265045727498602,0.2800655296908626,30.480745290311297,43.44217999277752,10.265045727498602,0.2800655296908626,30.480745290311297,43.44217999277752
B001,I030_L2_v8_SOC064,oeac_i,OEAC-i,oeac_i,OEAC-i,OEAC-i,proposed_full,Full,True,True,19.89701134868472,12.909325934483203,37.53456258586606,39.42217916144929,19.89701134868472,12.909325934483203,37.53456258586606,39.42217916144929
B001,I030_L2_v8_SOC064,kinematic_only_optimization,KINO,kinematic_only_optimization,KINO,KINO,proposed_full,Full,True,True,25.958894801276475,18.309765632060312,18.309691987539676,-9.015086664151935e-05,25.958894801276475,18.309765632060312,18.309691987539676,-9.015086664151935e-05
B001,I031_L2_v9_SOC056,constant_rule_following,RF,constant_rule_following,RF,RF,proposed_full,Full,True,True,28.05685926869656,19.79443657888388,24.794797288923057,6.648955829890573,28.05685926869656,19.79443657888388,24.794797288923057,6.648955829890573
B001,I031_L2_v9_SOC056,hcs_i_nlc,HCS-i NLC,hcs_i_nlc,HCS-i,HCS-i NLC,proposed_full,Full,True,True,15.909479240242506,5.817507905824419,34.38306139331363,43.53381016251552,15.909479240242506,5.817507905824419,34.38306139331363,43.53381016251552
B001,I031_L2_v9_SOC056,oeac_i,OEAC-i,oeac_i,OEAC-i,OEAC-i,proposed_full,Full,True,True,22.37574000058393,14.905478544271153,39.02410072372733,39.55435256506559,22.37574000058393,14.905478544271153,39.02410072372733,39.55435256506559
B001,I031_L2_v9_SOC056,kinematic_only_optimization,KINO,kinematic_only_optimization,KINO,KINO,proposed_full,Full,True,True,28.335413774216438,20.2128488157159,20.212846846670722,-2.4678724571818657e-06,28.335413774216438,20.2128488157159,20.212846846670722,-2.4678724571818657e-06
B001,I032_L2_v9_SOC060,constant_rule_following,RF,constant_rule_following,RF,RF,proposed_full,Full,True,True,25.96769007338986,18.270813603835098,23.36616355249357,6.648955846219115,25.96769007338986,18.270813603835098,23.36616355249357,6.648955846219115
B001,I032_L2_v9_SOC060,hcs_i_nlc,HCS-i NLC,hcs_i_nlc,HCS-i,HCS-i NLC,proposed_full,Full,True,True,13.467560194134705,4.02837255559189,33.13657087410216,43.53381018449134,13.467560194134705,4.02837255559189,33.13657087410216,43.53381018449134
B001,I032_L2_v9_SOC060,oeac_i,OEAC-i,oeac_i,OEAC-i,OEAC-i,proposed_full,Full,True,True,20.121595809062757,13.288982600467389,37.86577359109694,39.55435258643213,20.121595809062757,13.288982600467389,37.86577359109694,39.55435258643213
B001,I032_L2_v9_SOC060,kinematic_only_optimization,KINO,kinematic_only_optimization,KINO,KINO,proposed_full,Full,True,True,26.254333570941927,18.69717419823593,18.69717220423374,-2.4525619065490405e-06,26.254333570941927,18.69717419823593,18.69717220423374,-2.4525619065490405e-06
B001,I033_L2_v9_SOC064,constant_rule_following,RF,constant_rule_following,RF,RF,proposed_full,Full,True,True,26.568561279543342,18.289260194039876,23.383460049416506,6.648955772033448,26.568561279543342,18.289260194039876,23.383460049416506,6.648955772033448
B001,I033_L2_v9_SOC064,hcs_i_nlc,HCS-i NLC,hcs_i_nlc,HCS-i,HCS-i NLC,proposed_full,Full,True,True,14.169886671980628,4.050033719257106,33.1516621594892,43.53381008464834,14.169886671980628,4.050033719257106,33.1516621594892,43.53381008464834
B001,I033_L2_v9_SOC064,oeac_i,OEAC-i,oeac_i,OEAC-i,OEAC-i,proposed_full,Full,True,True,20.769915888760444,13.308553608998597,37.879797480617675,39.554352489357264,20.769915888760444,13.308553608998597,37.879797480617675,39.554352489357264
B001,I033_L2_v9_SOC064,kinematic_only_optimization,KINO,kinematic_only_optimization,KINO,KINO,proposed_full,Full,True,True,26.85287828175464,18.71552455722257,18.715522507128448,-2.5221225179068748e-06,26.85287828175464,18.71552455722257,18.715522507128448,-2.5221225179068748e-06
B001,I034_L2_v10_SOC056,constant_rule_following,RF,constant_rule_following,RF,RF,proposed_full,Full,True,True,27.310196746081086,19.03599283137394,24.07907769037351,6.642549518079454,27.310196746081086,19.03599283137394,24.07907769037351,6.642549518079454
B001,I034_L2_v10_SOC056,hcs_i_nlc,HCS-i NLC,hcs_i_nlc,HCS-i,HCS-i NLC,proposed_full,Full,True,True,20.469900370873447,11.103198095961627,38.133837096861924,43.692121399578866,20.469900370873447,11.103198095961627,38.133837096861924,43.692121399578866
B001,I034_L2_v10_SOC056,oeac_i,OEAC-i,oeac_i,OEAC-i,OEAC-i,proposed_full,Full,True,True,22.01917938948106,14.685423647680999,38.905572787612186,39.64379444254808,22.01917938948106,14.685423647680999,38.905572787612186,39.64379444254808
B001,I034_L2_v10_SOC056,kinematic_only_optimization,KINO,kinematic_only_optimization,KINO,KINO,proposed_full,Full,True,True,27.608234029245317,19.48216995165548,19.482086147629733,-0.00010408121836397947,27.608234029245317,19.48216995165548,19.482086147629733,-0.00010408121836397947
B001,I035_L2_v10_SOC060,constant_rule_following,RF,constant_rule_following,RF,RF,proposed_full,Full,True,True,28.09446079514283,19.70995415170493,24.711065735305713,6.6425586076412,28.09446079514283,19.70995415170493,24.711065735305713,6.6425586076412
B001,I035_L2_v10_SOC060,hcs_i_nlc,HCS-i NLC,hcs_i_nlc,HCS-i,HCS-i NLC,proposed_full,Full,True,True,21.32796567254367,11.843193657936046,38.648829198527345,43.69213364702059,21.32796567254367,11.843193657936046,38.648829198527345,43.69213364702059
B001,I035_L2_v10_SOC060,oeac_i,OEAC-i,oeac_i,OEAC-i,OEAC-i,proposed_full,Full,True,True,22.860529226507428,15.395600015336985,39.41414073483421,39.64380634493505,22.860529226507428,15.395600015336985,39.41414073483421,39.64380634493505
B001,I035_L2_v10_SOC060,kinematic_only_optimization,KINO,kinematic_only_optimization,KINO,KINO,proposed_full,Full,True,True,28.38928249763409,20.152417200368692,20.152340899673586,-9.555783597308929e-05,28.38928249763409,20.152417200368692,20.152340899673586,-9.555783597308929e-05
B001,I036_L2_v10_SOC064,constant_rule_following,RF,constant_rule_following,RF,RF,proposed_full,Full,True,True,24.16870651724298,16.61208617393441,21.80614558786053,6.642541735504664,24.16870651724298,16.61208617393441,21.80614558786053,6.642541735504664
B001,I036_L2_v10_SOC064,hcs_i_nlc,HCS-i NLC,hcs_i_nlc,HCS-i,HCS-i NLC,proposed_full,Full,True,True,17.03278787779551,8.441798821201173,36.28167851601168,43.69211091319527,17.03278787779551,8.441798821201173,36.28167851601168,43.69211091319527
B001,I036_L2_v10_SOC064,oeac_i,OEAC-i,oeac_i,OEAC-i,OEAC-i,proposed_full,Full,True,True,18.64902326003088,12.131269316283813,37.07651854707814,39.643784251603854,18.64902326003088,12.131269316283813,37.07651854707814,39.643784251603854
B001,I036_L2_v10_SOC064,kinematic_only_optimization,KINO,kinematic_only_optimization,KINO,KINO,proposed_full,Full,True,True,24.47962430318721,17.071620979069603,17.071528614147013,-0.00011137902465621905,24.47962430318721,17.071620979069603,17.071528614147013,-0.00011137902465621905
B001,I037_L2_v11_SOC056,constant_rule_following,RF,constant_rule_following,RF,RF,proposed_full,Full,True,True,27.85412333888987,19.49516209993392,24.521439360986665,6.659211858969624,27.85412333888987,19.49516209993392,24.521439360986665,6.659211858969624
B001,I037_L2_v11_SOC056,hcs_i_nlc,HCS-i NLC,hcs_i_nlc,HCS-i,HCS-i NLC,proposed_full,Full,True,True,17.697841708535943,7.968735965667396,36.005366317894065,43.81090841381945,17.697841708535943,7.968735965667396,36.005366317894065,43.81090841381945
B001,I037_L2_v11_SOC056,oeac_i,OEAC-i,oeac_i,OEAC-i,OEAC-i,proposed_full,Full,True,True,22.5945931903956,15.289920005660715,39.37525086539775,39.72854519572779,22.5945931903956,15.289920005660715,39.37525086539775,39.72854519572779
B001,I037_L2_v11_SOC056,kinematic_only_optimization,KINO,kinematic_only_optimization,KINO,KINO,proposed_full,Full,True,True,28.103121378896958,19.876792555960627,19.876633311607304,-0.00019874895414478323,28.103121378896958,19.876792555960627,19.876633311607304,-0.00019874895414478323
B001,I038_L2_v11_SOC060,constant_rule_following,RF,constant_rule_following,RF,RF,proposed_full,Full,True,True,43.425814102972886,33.6609364190612,37.80282050897044,6.6592796068937625,43.425814102972886,33.6609364190612,37.80282050897044,6.6592796068937625
B001,I038_L2_v11_SOC060,hcs_i_nlc,HCS-i NLC,hcs_i_nlc,HCS-i,HCS-i NLC,proposed_full,Full,True,True,35.46162555097584,24.162720707711088,47.26600926288332,43.81099975980207,35.46162555097584,24.162720707711088,47.26600926288332,43.81099975980207
B001,I038_L2_v11_SOC060,oeac_i,OEAC-i,oeac_i,OEAC-i,OEAC-i,proposed_full,Full,True,True,39.30148087531488,30.195656195635006,50.04292117390349,39.72863394867013,39.30148087531488,30.195656195635006,50.04292117390349,39.72863394867013
B001,I038_L2_v11_SOC060,kinematic_only_optimization,KINO,kinematic_only_optimization,KINO,KINO,proposed_full,Full,True,True,43.62106935601426,33.975414501958596,33.97532521615553,-0.00013523096230056371,43.62106935601426,33.975414501958596,33.97532521615553,-0.00013523096230056371
B001,I039_L2_v11_SOC064,constant_rule_following,RF,constant_rule_following,RF,RF,proposed_full,Full,True,True,27.672627303989433,19.51379035282972,24.538939700696655,6.659261515721559,27.672627303989433,19.51379035282972,24.538939700696655,6.659261515721559
B001,I039_L2_v11_SOC064,hcs_i_nlc,HCS-i NLC,hcs_i_nlc,HCS-i,HCS-i NLC,proposed_full,Full,True,True,17.49079570556318,7.990031352447502,36.020204012460205,43.810975367085646,17.49079570556318,7.990031352447502,36.020204012460205,43.810975367085646
B001,I039_L2_v11_SOC064,oeac_i,OEAC-i,oeac_i,OEAC-i,OEAC-i,proposed_full,Full,True,True,22.399865853699843,15.30952132198057,39.389307223861756,39.72861024839025,22.399865853699843,15.30952132198057,39.389307223861756,39.72861024839025
B001,I039_L2_v11_SOC064,kinematic_only_optimization,KINO,kinematic_only_optimization,KINO,KINO,proposed_full,Full,True,True,27.922251743716796,19.89533250225482,19.89521058870273,-0.00015219258796073915,27.922251743716796,19.89533250225482,19.89521058870273,-0.00015219258796073915
B001,I040_L2_v12_SOC056,constant_rule_following,RF,constant_rule_following,RF,RF,proposed_full,Full,True,True,26.999824989084114,19.3454203541919,24.39092750911552,6.673150441743495,26.999824989084114,19.3454203541919,24.39092750911552,6.673150441743495
B001,I040_L2_v12_SOC056,hcs_i_nlc,HCS-i NLC,hcs_i_nlc,HCS-i,HCS-i NLC,proposed_full,Full,True,True,19.61016442688059,11.11913324461393,37.82974277263903,42.96364647542397,19.61016442688059,11.11913324461393,37.82974277263903,42.96364647542397
B001,I040_L2_v12_SOC056,oeac_i,OEAC-i,oeac_i,OEAC-i,OEAC-i,proposed_full,Full,True,True,22.25374968934531,15.874869307009364,39.822785363945066,39.79565388954942,22.25374968934531,15.874869307009364,39.822785363945066,39.79565388954942
B001,I040_L2_v12_SOC056,kinematic_only_optimization,KINO,kinematic_only_optimization,KINO,KINO,proposed_full,Full,True,True,27.271227169290842,19.754183192436887,19.754177179909956,-7.492635405469848e-06,27.271227169290842,19.754183192436887,19.754177179909956,-7.492635405469848e-06
B001,I041_L2_v12_SOC060,constant_rule_following,RF,constant_rule_following,RF,RF,proposed_full,Full,True,True,29.36522522049791,20.647585351321524,25.61163363399562,6.673151361128262,29.36522522049791,20.647585351321524,25.61163363399562,6.673151361128262
B001,I041_L2_v12_SOC060,hcs_i_nlc,HCS-i NLC,hcs_i_nlc,HCS-i,HCS-i NLC,proposed_full,Full,True,True,22.215009355533695,12.554111321638983,38.833479642866614,42.963647707585935,22.215009355533695,12.554111321638983,38.833479642866614,42.963647707585935
B001,I041_L2_v12_SOC060,oeac_i,OEAC-i,oeac_i,OEAC-i,OEAC-i,proposed_full,Full,True,True,24.77293540977513,17.233066213476793,40.79434462349441,39.79565509440738,24.77293540977513,17.233066213476793,40.79434462349441,39.79565509440738
B001,I041_L2_v12_SOC060,kinematic_only_optimization,KINO,kinematic_only_optimization,KINO,KINO,proposed_full,Full,True,True,29.627833246721153,21.049748729716523,21.049743494710825,-6.630764640106866e-06,29.627833246721153,21.049748729716523,21.049743494710825,-6.630764640106866e-06
B001,I042_L2_v12_SOC064,constant_rule_following,RF,constant_rule_following,RF,RF,proposed_full,Full,True,True,43.92838108929021,34.870894746501904,38.94517507944608,6.673150464759716,43.92838108929021,34.870894746501904,38.94517507944608,6.673150464759716
B001,I042_L2_v12_SOC064,hcs_i_nlc,HCS-i NLC,hcs_i_nlc,HCS-i,HCS-i NLC,proposed_full,Full,True,True,38.2523641364347,28.228113625355185,49.79710707680018,42.96364650627037,38.2523641364347,28.228113625355185,49.79710707680018,42.96364650627037
B001,I042_L2_v12_SOC064,oeac_i,OEAC-i,oeac_i,OEAC-i,OEAC-i,proposed_full,Full,True,True,40.282908657358455,32.06840187588985,51.406502119783525,39.79565391971229,40.282908657358455,32.06840187588985,51.406502119783525,39.79565391971229
B001,I042_L2_v12_SOC064,kinematic_only_optimization,KINO,kinematic_only_optimization,KINO,KINO,proposed_full,Full,True,True,44.13684578979006,35.200973435556975,35.2009685943831,-7.4710590114625325e-06,44.13684578979006,35.200973435556975,35.2009685943831,-7.4710590114625325e-06
B001,I043_L2_v13_SOC056,constant_rule_following,RF,constant_rule_following,RF,RF,proposed_full,Full,True,True,28.504816333398683,19.899727288215644,24.913064903651033,6.676710947120755,28.504816333398683,19.899727288215644,24.913064903651033,6.676710947120755
B001,I043_L2_v13_SOC056,hcs_i_nlc,HCS-i NLC,hcs_i_nlc,HCS-i,HCS-i NLC,proposed_full,Full,True,True,21.289706055117893,11.816213528310872,38.32241638489192,42.97542365146791,21.289706055117893,11.816213528310872,38.32241638489192,42.97542365146791
B001,I043_L2_v13_SOC056,oeac_i,OEAC-i,oeac_i,OEAC-i,OEAC-i,proposed_full,Full,True,True,23.87818010193711,16.534808640008887,40.30284348616712,39.81435001958721,23.87818010193711,16.534808640008887,40.30284348616712,39.81435001958721
B001,I043_L2_v13_SOC056,kinematic_only_optimization,KINO,kinematic_only_optimization,KINO,KINO,proposed_full,Full,True,True,28.68687804936226,20.208704297781807,20.208696905693884,-9.264277728761068e-06,28.68687804936226,20.208704297781807,20.208696905693884,-9.264277728761068e-06
B001,I044_L2_v13_SOC060,constant_rule_following,RF,constant_rule_following,RF,RF,proposed_full,Full,True,True,27.99600761250361,20.69554675740015,25.65907540781769,6.676710947094554,27.99600761250361,20.69554675740015,25.65907540781769,6.676710947094554
B001,I044_L2_v13_SOC060,hcs_i_nlc,HCS-i NLC,hcs_i_nlc,HCS-i,HCS-i NLC,proposed_full,Full,True,True,20.72954966514167,12.692345054018586,38.93520108824207,42.97542365143279,20.72954966514167,12.692345054018586,38.93520108824207,42.97542365143279
B001,I044_L2_v13_SOC060,oeac_i,OEAC-i,oeac_i,OEAC-i,OEAC-i,proposed_full,Full,True,True,23.336445067096836,17.36405955307999,40.89595207118334,39.81435001955287,23.336445067096836,17.36405955307999,40.89595207118334,39.81435001955287
B001,I044_L2_v13_SOC060,kinematic_only_optimization,KINO,kinematic_only_optimization,KINO,KINO,proposed_full,Full,True,True,28.179365004400488,21.00145399065447,21.001446671989672,-9.264302291911046e-06,28.179365004400488,21.00145399065447,21.001446671989672,-9.264302291911046e-06
B001,I045_L2_v13_SOC064,constant_rule_following,RF,constant_rule_following,RF,RF,proposed_full,Full,True,True,28.47764623608272,19.790502461524646,24.810676270057833,6.676710947107543,28.47764623608272,19.790502461524646,24.810676270057833,6.676710947107543
B001,I045_L2_v13_SOC064,hcs_i_nlc,HCS-i NLC,hcs_i_nlc,HCS-i,HCS-i NLC,proposed_full,Full,True,True,21.25979402137554,11.695966012687759,38.23831275885395,42.9754236514502,21.25979402137554,11.695966012687759,38.23831275885395,42.9754236514502
B001,I045_L2_v13_SOC064,oeac_i,OEAC-i,oeac_i,OEAC-i,OEAC-i,proposed_full,Full,True,True,23.84925175811827,16.420995406265867,40.221440372869075,39.81435001956989,23.84925175811827,16.420995406265867,40.221440372869075,39.81435001956989
B001,I045_L2_v13_SOC064,kinematic_only_optimization,KINO,kinematic_only_optimization,KINO,KINO,proposed_full,Full,True,True,28.659777140406778,20.09990079250682,20.099893390329143,-9.264290114796598e-06,28.659777140406778,20.09990079250682,20.099893390329143,-9.264290114796598e-06
B001,I046_L2_v14_SOC056,constant_rule_following,RF,constant_rule_following,RF,RF,proposed_full,Full,True,True,28.504816333398683,19.899727288215644,24.913064903651033,6.676710947120755,28.504816333398683,19.899727288215644,24.913064903651033,6.676710947120755
B001,I046_L2_v14_SOC056,hcs_i_nlc,HCS-i NLC,hcs_i_nlc,HCS-i,HCS-i NLC,proposed_full,Full,True,True,21.289706055117893,11.816213528310872,38.32241638489192,42.97542365146791,21.289706055117893,11.816213528310872,38.32241638489192,42.97542365146791
B001,I046_L2_v14_SOC056,oeac_i,OEAC-i,oeac_i,OEAC-i,OEAC-i,proposed_full,Full,True,True,23.87818010193711,16.534808640008887,40.30284348616712,39.81435001958721,23.87818010193711,16.534808640008887,40.30284348616712,39.81435001958721
B001,I046_L2_v14_SOC056,kinematic_only_optimization,KINO,kinematic_only_optimization,KINO,KINO,proposed_full,Full,True,True,28.68687804936226,20.208704297781807,20.208696905693884,-9.264277728761068e-06,28.68687804936226,20.208704297781807,20.208696905693884,-9.264277728761068e-06
B001,I047_L2_v14_SOC060,constant_rule_following,RF,constant_rule_following,RF,RF,proposed_full,Full,True,True,27.99600761250361,20.69554675740015,25.65907540781769,6.676710947094554,27.99600761250361,20.69554675740015,25.65907540781769,6.676710947094554
B001,I047_L2_v14_SOC060,hcs_i_nlc,HCS-i NLC,hcs_i_nlc,HCS-i,HCS-i NLC,proposed_full,Full,True,True,20.72954966514167,12.692345054018586,38.93520108824207,42.97542365143279,20.72954966514167,12.692345054018586,38.93520108824207,42.97542365143279
B001,I047_L2_v14_SOC060,oeac_i,OEAC-i,oeac_i,OEAC-i,OEAC-i,proposed_full,Full,True,True,23.336445067096836,17.36405955307999,40.89595207118334,39.81435001955287,23.336445067096836,17.36405955307999,40.89595207118334,39.81435001955287
B001,I047_L2_v14_SOC060,kinematic_only_optimization,KINO,kinematic_only_optimization,KINO,KINO,proposed_full,Full,True,True,28.179365004400488,21.00145399065447,21.001446671989672,-9.264302291911046e-06,28.179365004400488,21.00145399065447,21.001446671989672,-9.264302291911046e-06
B001,I048_L2_v14_SOC064,constant_rule_following,RF,constant_rule_following,RF,RF,proposed_full,Full,True,True,28.47764623608272,19.790502461524646,24.810676270057833,6.676710947107543,28.47764623608272,19.790502461524646,24.810676270057833,6.676710947107543
B001,I048_L2_v14_SOC064,hcs_i_nlc,HCS-i NLC,hcs_i_nlc,HCS-i,HCS-i NLC,proposed_full,Full,True,True,21.25979402137554,11.695966012687759,38.23831275885395,42.9754236514502,21.25979402137554,11.695966012687759,38.23831275885395,42.9754236514502
B001,I048_L2_v14_SOC064,oeac_i,OEAC-i,oeac_i,OEAC-i,OEAC-i,proposed_full,Full,True,True,23.84925175811827,16.420995406265867,40.221440372869075,39.81435001956989,23.84925175811827,16.420995406265867,40.221440372869075,39.81435001956989
B001,I048_L2_v14_SOC064,kinematic_only_optimization,KINO,kinematic_only_optimization,KINO,KINO,proposed_full,Full,True,True,28.659777140406778,20.09990079250682,20.099893390329143,-9.264290114796598e-06,28.659777140406778,20.09990079250682,20.099893390329143,-9.264290114796598e-06
B001,I049_L2_v15_SOC056,constant_rule_following,RF,constant_rule_following,RF,RF,proposed_full,Full,True,True,28.504816333398683,19.899727288215644,24.913064903651033,6.676710947120755,28.504816333398683,19.899727288215644,24.913064903651033,6.676710947120755
B001,I049_L2_v15_SOC056,hcs_i_nlc,HCS-i NLC,hcs_i_nlc,HCS-i,HCS-i NLC,proposed_full,Full,True,True,21.289706055117893,11.816213528310872,38.32241638489192,42.97542365146791,21.289706055117893,11.816213528310872,38.32241638489192,42.97542365146791
B001,I049_L2_v15_SOC056,oeac_i,OEAC-i,oeac_i,OEAC-i,OEAC-i,proposed_full,Full,True,True,23.87818010193711,16.534808640008887,40.30284348616712,39.81435001958721,23.87818010193711,16.534808640008887,40.30284348616712,39.81435001958721
B001,I049_L2_v15_SOC056,kinematic_only_optimization,KINO,kinematic_only_optimization,KINO,KINO,proposed_full,Full,True,True,28.68687804936226,20.208704297781807,20.208696905693884,-9.264277728761068e-06,28.68687804936226,20.208704297781807,20.208696905693884,-9.264277728761068e-06
B001,I050_L2_v15_SOC060,constant_rule_following,RF,constant_rule_following,RF,RF,proposed_full,Full,True,True,27.99600761250361,20.69554675740015,25.65907540781769,6.676710947094554,27.99600761250361,20.69554675740015,25.65907540781769,6.676710947094554
B001,I050_L2_v15_SOC060,hcs_i_nlc,HCS-i NLC,hcs_i_nlc,HCS-i,HCS-i NLC,proposed_full,Full,True,True,20.72954966514167,12.692345054018586,38.93520108824207,42.97542365143279,20.72954966514167,12.692345054018586,38.93520108824207,42.97542365143279
B001,I050_L2_v15_SOC060,oeac_i,OEAC-i,oeac_i,OEAC-i,OEAC-i,proposed_full,Full,True,True,23.336445067096836,17.36405955307999,40.89595207118334,39.81435001955287,23.336445067096836,17.36405955307999,40.89595207118334,39.81435001955287
B001,I050_L2_v15_SOC060,kinematic_only_optimization,KINO,kinematic_only_optimization,KINO,KINO,proposed_full,Full,True,True,28.179365004400488,21.00145399065447,21.001446671989672,-9.264302291911046e-06,28.179365004400488,21.00145399065447,21.001446671989672,-9.264302291911046e-06
B001,I051_L2_v15_SOC064,constant_rule_following,RF,constant_rule_following,RF,RF,proposed_full,Full,True,True,28.47764623608272,19.790502461524646,24.810676270057833,6.676710947107543,28.47764623608272,19.790502461524646,24.810676270057833,6.676710947107543
B001,I051_L2_v15_SOC064,hcs_i_nlc,HCS-i NLC,hcs_i_nlc,HCS-i,HCS-i NLC,proposed_full,Full,True,True,21.25979402137554,11.695966012687759,38.23831275885395,42.9754236514502,21.25979402137554,11.695966012687759,38.23831275885395,42.9754236514502
B001,I051_L2_v15_SOC064,oeac_i,OEAC-i,oeac_i,OEAC-i,OEAC-i,proposed_full,Full,True,True,23.84925175811827,16.420995406265867,40.221440372869075,39.81435001956989,23.84925175811827,16.420995406265867,40.221440372869075,39.81435001956989
B001,I051_L2_v15_SOC064,kinematic_only_optimization,KINO,kinematic_only_optimization,KINO,KINO,proposed_full,Full,True,True,28.659777140406778,20.09990079250682,20.099893390329143,-9.264290114796598e-06,28.659777140406778,20.09990079250682,20.099893390329143,-9.264290114796598e-06
B001,I052_L2_v16_SOC056,constant_rule_following,RF,constant_rule_following,RF,RF,proposed_full,Full,True,True,28.504816333398683,19.899727288215644,24.913064903651033,6.676710947120755,28.504816333398683,19.899727288215644,24.913064903651033,6.676710947120755
B001,I052_L2_v16_SOC056,hcs_i_nlc,HCS-i NLC,hcs_i_nlc,HCS-i,HCS-i NLC,proposed_full,Full,True,True,21.289706055117893,11.816213528310872,38.32241638489192,42.97542365146791,21.289706055117893,11.816213528310872,38.32241638489192,42.97542365146791
B001,I052_L2_v16_SOC056,oeac_i,OEAC-i,oeac_i,OEAC-i,OEAC-i,proposed_full,Full,True,True,23.87818010193711,16.534808640008887,40.30284348616712,39.81435001958721,23.87818010193711,16.534808640008887,40.30284348616712,39.81435001958721
B001,I052_L2_v16_SOC056,kinematic_only_optimization,KINO,kinematic_only_optimization,KINO,KINO,proposed_full,Full,True,True,28.68687804936226,20.208704297781807,20.208696905693884,-9.264277728761068e-06,28.68687804936226,20.208704297781807,20.208696905693884,-9.264277728761068e-06
B001,I053_L2_v16_SOC060,constant_rule_following,RF,constant_rule_following,RF,RF,proposed_full,Full,True,True,27.99600761250361,20.69554675740015,25.65907540781769,6.676710947094554,27.99600761250361,20.69554675740015,25.65907540781769,6.676710947094554
B001,I053_L2_v16_SOC060,hcs_i_nlc,HCS-i NLC,hcs_i_nlc,HCS-i,HCS-i NLC,proposed_full,Full,True,True,20.72954966514167,12.692345054018586,38.93520108824207,42.97542365143279,20.72954966514167,12.692345054018586,38.93520108824207,42.97542365143279
B001,I053_L2_v16_SOC060,oeac_i,OEAC-i,oeac_i,OEAC-i,OEAC-i,proposed_full,Full,True,True,23.336445067096836,17.36405955307999,40.89595207118334,39.81435001955287,23.336445067096836,17.36405955307999,40.89595207118334,39.81435001955287
B001,I053_L2_v16_SOC060,kinematic_only_optimization,KINO,kinematic_only_optimization,KINO,KINO,proposed_full,Full,True,True,28.179365004400488,21.00145399065447,21.001446671989672,-9.264302291911046e-06,28.179365004400488,21.00145399065447,21.001446671989672,-9.264302291911046e-06
B001,I054_L2_v16_SOC064,constant_rule_following,RF,constant_rule_following,RF,RF,proposed_full,Full,True,True,28.47764623608272,19.790502461524646,24.810676270057833,6.676710947107543,28.47764623608272,19.790502461524646,24.810676270057833,6.676710947107543
B001,I054_L2_v16_SOC064,hcs_i_nlc,HCS-i NLC,hcs_i_nlc,HCS-i,HCS-i NLC,proposed_full,Full,True,True,21.25979402137554,11.695966012687759,38.23831275885395,42.9754236514502,21.25979402137554,11.695966012687759,38.23831275885395,42.9754236514502
B001,I054_L2_v16_SOC064,oeac_i,OEAC-i,oeac_i,OEAC-i,OEAC-i,proposed_full,Full,True,True,23.84925175811827,16.420995406265867,40.221440372869075,39.81435001956989,23.84925175811827,16.420995406265867,40.221440372869075,39.81435001956989
B001,I054_L2_v16_SOC064,kinematic_only_optimization,KINO,kinematic_only_optimization,KINO,KINO,proposed_full,Full,True,True,28.659777140406778,20.09990079250682,20.099893390329143,-9.264290114796598e-06,28.659777140406778,20.09990079250682,20.099893390329143,-9.264290114796598e-06
B001,I055_L3_v8_SOC056,constant_rule_following,RF,constant_rule_following,RF,RF,proposed_full,Full,True,True,20.16520694308873,13.543841725412582,17.151696982775174,4.354772670011694,20.16520694308873,13.543841725412582,17.151696982775174,4.354772670011694
B001,I055_L3_v8_SOC056,hcs_i_nlc,HCS-i NLC,hcs_i_nlc,HCS-i,HCS-i NLC,proposed_full,Full,True,True,3.662235730672897,-4.929718429929472,26.84878967690412,43.44221779308032,3.662235730672897,-4.929718429929472,26.84878967690412,43.44221779308032
B001,I055_L3_v8_SOC056,oeac_i,OEAC-i,oeac_i,OEAC-i,OEAC-i,proposed_full,Full,True,True,13.911161400999573,8.418284675268263,34.323285709164665,39.4432049678698,13.911161400999573,8.418284675268263,34.323285709164665,39.4432049678698
B001,I055_L3_v8_SOC056,kinematic_only_optimization,KINO,kinematic_only_optimization,KINO,KINO,proposed_full,Full,True,True,20.51085781785575,14.041928163771225,14.041850786342833,-9.001755982745108e-05,20.51085781785575,14.041928163771225,14.041850786342833,-9.001755982745108e-05
B001,I056_L3_v8_SOC060,constant_rule_following,RF,constant_rule_following,RF,RF,proposed_full,Full,True,True,24.440176073239275,17.129391146216406,20.587618551011754,4.354771059241918,24.440176073239275,17.129391146216406,20.587618551011754,4.354771059241918
B001,I056_L3_v8_SOC060,hcs_i_nlc,HCS-i NLC,hcs_i_nlc,HCS-i,HCS-i NLC,proposed_full,Full,True,True,8.820900926003299,-0.5780250555070069,29.882549116001854,43.44221557897565,8.820900926003299,-0.5780250555070069,29.882549116001854,43.44221557897565
B001,I056_L3_v8_SOC060,oeac_i,OEAC-i,oeac_i,OEAC-i,OEAC-i,proposed_full,Full,True,True,18.52102025287743,12.21640354721602,37.047059533667465,39.44320281549195,18.52102025287743,12.21640354721602,37.047059533667465,39.44320281549195
B001,I056_L3_v8_SOC060,kinematic_only_optimization,KINO,kinematic_only_optimization,KINO,KINO,proposed_full,Full,True,True,24.767318140469396,17.606820715519,17.606745275340373,-9.156111005009194e-05,24.767318140469396,17.606820715519,17.606745275340373,-9.156111005009194e-05
B001,I057_L3_v8_SOC064,constant_rule_following,RF,constant_rule_following,RF,RF,proposed_full,Full,True,True,27.157386076844833,18.729954437755158,22.121389994564698,4.354771556108721,27.157386076844833,18.729954437755158,22.121389994564698,4.354771556108721
B001,I057_L3_v8_SOC064,hcs_i_nlc,HCS-i NLC,hcs_i_nlc,HCS-i,HCS-i NLC,proposed_full,Full,True,True,12.099796339573217,1.3645393477948173,31.236798187724823,43.44221626195041,12.099796339573217,1.3645393477948173,31.236798187724823,43.44221626195041
B001,I057_L3_v8_SOC064,oeac_i,OEAC-i,oeac_i,OEAC-i,OEAC-i,proposed_full,Full,True,True,21.45108926768949,13.911856302118304,38.262933187286244,39.443203479426124,21.45108926768949,13.911856302118304,38.262933187286244,39.443203479426124
B001,I057_L3_v8_SOC064,kinematic_only_optimization,KINO,kinematic_only_optimization,KINO,KINO,proposed_full,Full,True,True,27.47276377444726,19.19816293032753,19.198089331924844,-9.108497815595898e-05,27.47276377444726,19.19816293032753,19.198089331924844,-9.108497815595898e-05
B001,I058_L3_v9_SOC056,constant_rule_following,RF,constant_rule_following,RF,RF,proposed_full,Full,True,True,23.570799530908147,16.068134725757428,19.583730752813338,4.371747234691447,23.570799530908147,16.068134725757428,19.583730752813338,4.371747234691447
B001,I058_L3_v9_SOC056,hcs_i_nlc,HCS-i NLC,hcs_i_nlc,HCS-i,HCS-i NLC,proposed_full,Full,True,True,10.66596198932176,1.4418464198507808,31.33454232796471,43.5338187810376,10.66596198932176,1.4418464198507808,31.33454232796471,43.5338187810376
B001,I058_L3_v9_SOC056,oeac_i,OEAC-i,oeac_i,OEAC-i,OEAC-i,proposed_full,Full,True,True,17.404305302843802,10.941700589874038,36.193415838182815,39.57540680170087,17.404305302843802,10.941700589874038,36.193415838182815,39.57540680170087
B001,I058_L3_v9_SOC056,kinematic_only_optimization,KINO,kinematic_only_optimization,KINO,KINO,proposed_full,Full,True,True,23.866723477618528,16.50598614145653,16.5059840321634,-2.5262805935377186e-06,23.866723477618528,16.50598614145653,16.5059840321634,-2.5262805935377186e-06
B001,I059_L3_v9_SOC060,constant_rule_following,RF,constant_rule_following,RF,RF,proposed_full,Full,True,True,24.786443040450013,17.116982815336403,20.588645554700104,4.371746035077459,24.786443040450013,17.116982815336403,20.588645554700104,4.371746035077459
B001,I059_L3_v9_SOC060,hcs_i_nlc,HCS-i NLC,hcs_i_nlc,HCS-i,HCS-i NLC,proposed_full,Full,True,True,12.086863200145821,2.6734707946601195,32.19261415147661,43.533817131307856,12.086863200145821,2.6734707946601195,32.19261415147661,43.533817131307856
B001,I059_L3_v9_SOC060,oeac_i,OEAC-i,oeac_i,OEAC-i,OEAC-i,proposed_full,Full,True,True,18.718029894471634,12.054610768770402,36.990769178275585,39.57540519746778,18.718029894471634,12.054610768770402,36.990769178275585,39.57540519746778
B001,I059_L3_v9_SOC060,kinematic_only_optimization,KINO,kinematic_only_optimization,KINO,KINO,proposed_full,Full,True,True,25.077660173234193,17.54936265454456,17.54935962394994,-3.675647149700458e-06,25.077660173234193,17.54936265454456,17.54935962394994,-3.675647149700458e-06
B001,I060_L3_v9_SOC064,constant_rule_following,RF,constant_rule_following,RF,RF,proposed_full,Full,True,True,23.725162466461192,16.743472926426193,20.23078157697068,4.371747297373172,23.725162466461192,16.743472926426193,20.23078157697068,4.371747297373172
B001,I060_L3_v9_SOC064,hcs_i_nlc,HCS-i NLC,hcs_i_nlc,HCS-i,HCS-i NLC,proposed_full,Full,True,True,10.846388636041848,2.234871641946973,31.887042977320384,43.533818867238594,10.846388636041848,2.234871641946973,31.887042977320384,43.533818867238594
B001,I060_L3_v9_SOC064,oeac_i,OEAC-i,oeac_i,OEAC-i,OEAC-i,proposed_full,Full,True,True,17.571122616373756,11.658287448532976,36.70682069089567,39.57540688552458,17.571122616373756,11.658287448532976,36.70682069089567,39.57540688552458
B001,I060_L3_v9_SOC064,kinematic_only_optimization,KINO,kinematic_only_optimization,KINO,KINO,proposed_full,Full,True,True,24.02048873991535,17.17780127271331,17.177799230132006,-2.466224375040147e-06,24.02048873991535,17.17780127271331,17.177799230132006,-2.466224375040147e-06
B001,I061_L3_v10_SOC056,constant_rule_following,RF,constant_rule_following,RF,RF,proposed_full,Full,True,True,24.74387997517106,16.710366931481353,20.195487114856373,4.367071556956772,24.74387997517106,16.710366931481353,20.195487114856373,4.367071556956772
B001,I061_L3_v10_SOC056,hcs_i_nlc,HCS-i NLC,hcs_i_nlc,HCS-i,HCS-i NLC,proposed_full,Full,True,True,17.6620866290008,8.549709056133501,36.356789264556625,43.692139172571856,17.6620866290008,8.549709056133501,36.356789264556625,43.692139172571856
B001,I061_L3_v10_SOC056,oeac_i,OEAC-i,oeac_i,OEAC-i,OEAC-i,proposed_full,Full,True,True,19.137540441799313,12.22444888973381,37.15275469134514,39.664913997715665,19.137540441799313,12.22444888973381,37.15275469134514,39.664913997715665
B001,I061_L3_v10_SOC056,kinematic_only_optimization,KINO,kinematic_only_optimization,KINO,KINO,proposed_full,Full,True,True,25.052439478012637,17.169360130205067,17.169299418157944,-7.329655151826519e-05,25.052439478012637,17.169360130205067,17.169299418157944,-7.329655151826519e-05
B001,I062_L3_v10_SOC060,constant_rule_following,RF,constant_rule_following,RF,RF,proposed_full,Full,True,True,23.218459659894297,15.985483792958837,19.50093554057637,4.367071556948991,23.218459659894297,15.985483792958837,19.50093554057637,4.367071556948991
B001,I062_L3_v10_SOC060,hcs_i_nlc,HCS-i NLC,hcs_i_nlc,HCS-i,HCS-i NLC,proposed_full,Full,True,True,15.993120361112135,7.753802393131968,35.80289211500376,43.692139172561134,15.993120361112135,7.753802393131968,35.80289211500376,43.692139172561134
B001,I062_L3_v10_SOC060,oeac_i,OEAC-i,oeac_i,OEAC-i,OEAC-i,proposed_full,Full,True,True,17.498481206316153,11.460524081444527,36.60578495755188,39.66491399770525,17.498481206316153,11.460524081444527,36.60578495755188,39.66491399770525
B001,I062_L3_v10_SOC060,kinematic_only_optimization,KINO,kinematic_only_optimization,KINO,KINO,proposed_full,Full,True,True,23.53327357678155,16.44847168367715,16.448410443237034,-7.329655897390695e-05,23.53327357678155,16.44847168367715,16.448410443237034,-7.329655897390695e-05
B001,I063_L3_v10_SOC064,constant_rule_following,RF,constant_rule_following,RF,RF,proposed_full,Full,True,True,23.80201618064828,15.996995258907566,19.51196532783343,4.3670715569619345,23.80201618064828,15.996995258907566,19.51196532783343,4.3670715569619345
B001,I063_L3_v10_SOC064,hcs_i_nlc,HCS-i NLC,hcs_i_nlc,HCS-i,HCS-i NLC,proposed_full,Full,True,True,16.63159104279318,7.766441744170236,35.81168824757057,43.692139172578955,16.63159104279318,7.766441744170236,35.81168824757057,43.692139172578955
B001,I063_L3_v10_SOC064,oeac_i,OEAC-i,oeac_i,OEAC-i,OEAC-i,proposed_full,Full,True,True,18.125510815918997,11.472655546436158,36.61447107968189,39.66491399772257,18.125510815918997,11.472655546436158,36.61447107968189,39.66491399772257
B001,I063_L3_v10_SOC064,kinematic_only_optimization,KINO,kinematic_only_optimization,KINO,KINO,proposed_full,Full,True,True,24.11443744282699,16.459919712144124,16.4598584801054,-7.329654657273928e-05,24.11443744282699,16.459919712144124,16.4598584801054,-7.329654657273928e-05
B001,I064_L3_v11_SOC056,constant_rule_following,RF,constant_rule_following,RF,RF,proposed_full,Full,True,True,27.455278904373515,19.447634604342323,22.831036048730677,4.384406983259382,27.455278904373515,19.447634604342323,22.831036048730677,4.384406983259382
B001,I064_L3_v11_SOC056,hcs_i_nlc,HCS-i NLC,hcs_i_nlc,HCS-i,HCS-i NLC,proposed_full,Full,True,True,17.631381467637123,8.346730378218622,36.26821415078224,43.8109232316551,17.631381467637123,8.346730378218622,36.26821415078224,43.8109232316551
B001,I064_L3_v11_SOC056,oeac_i,OEAC-i,oeac_i,OEAC-i,OEAC-i,proposed_full,Full,True,True,22.041957965997966,15.229503785572232,39.341210244948016,39.74973216040411,22.041957965997966,15.229503785572232,39.341210244948016,39.74973216040411
B001,I064_L3_v11_SOC056,kinematic_only_optimization,KINO,kinematic_only_optimization,KINO,KINO,proposed_full,Full,True,True,27.70565348157245,19.829490362851338,19.82937452774313,-0.00014448572343276814,27.70565348157245,19.829490362851338,19.82937452774313,-0.00014448572343276814
B001,I065_L3_v11_SOC060,constant_rule_following,RF,constant_rule_following,RF,RF,proposed_full,Full,True,True,25.976994586541643,17.974589732424057,21.419864827344938,4.384409733262714,25.976994586541643,17.974589732424057,21.419864827344938,4.384409733262714
B001,I065_L3_v11_SOC060,hcs_i_nlc,HCS-i NLC,hcs_i_nlc,HCS-i,HCS-i NLC,proposed_full,Full,True,True,15.952910102403516,6.670685507931235,35.10276553681965,43.810927020348544,15.952910102403516,6.670685507931235,35.10276553681965,43.810927020348544
B001,I065_L3_v11_SOC060,oeac_i,OEAC-i,oeac_i,OEAC-i,OEAC-i,proposed_full,Full,True,True,20.453363382584637,13.679322805469553,38.231956808806615,39.74973584210562,20.453363382584637,13.679322805469553,38.231956808806615,39.74973584210562
B001,I065_L3_v11_SOC060,kinematic_only_optimization,KINO,kinematic_only_optimization,KINO,KINO,proposed_full,Full,True,True,26.23247118640284,18.363428410231858,18.363312607585883,-0.00014185123094622793,26.23247118640284,18.363428410231858,18.363312607585883,-0.00014185123094622793
B001,I066_L3_v11_SOC064,constant_rule_following,RF,constant_rule_following,RF,RF,proposed_full,Full,True,True,27.268169026061585,19.327596438112757,22.71604182268921,4.384409733262403,27.268169026061585,19.327596438112757,22.71604182268921,4.384409733262403
B001,I066_L3_v11_SOC064,hcs_i_nlc,HCS-i NLC,hcs_i_nlc,HCS-i,HCS-i NLC,proposed_full,Full,True,True,17.41893344995164,8.210149778005285,36.17324349143013,43.81092702034811,17.41893344995164,8.210149778005285,36.17324349143013,43.81092702034811
B001,I066_L3_v11_SOC064,oeac_i,OEAC-i,oeac_i,OEAC-i,OEAC-i,proposed_full,Full,True,True,21.840885861258734,15.103179811521692,39.2508188463425,39.7497358421052,21.840885861258734,15.103179811521692,39.2508188463425,39.7497358421052
B001,I066_L3_v11_SOC064,kinematic_only_optimization,KINO,kinematic_only_optimization,KINO,KINO,proposed_full,Full,True,True,27.519189378114497,19.71002123348109,19.709907340996086,-0.0001418512312448696,27.519189378114497,19.71002123348109,19.709907340996086,-0.0001418512312448696
B001,I067_L3_v12_SOC056,constant_rule_following,RF,constant_rule_following,RF,RF,proposed_full,Full,True,True,27.24873531082923,18.882218066840064,22.300059465408598,4.3987696451929015,27.24873531082923,18.882218066840064,22.300059465408598,4.3987696451929015
B001,I067_L3_v12_SOC056,hcs_i_nlc,HCS-i NLC,hcs_i_nlc,HCS-i,HCS-i NLC,proposed_full,Full,True,True,19.884271438741173,10.608687080692368,37.47263547660071,42.96350661933813,19.884271438741173,10.608687080692368,37.47263547660071,42.96350661933813
B001,I067_L3_v12_SOC056,oeac_i,OEAC-i,oeac_i,OEAC-i,OEAC-i,proposed_full,Full,True,True,22.39428659114836,15.380819144747898,39.47853036602501,39.8167978520954,22.39428659114836,15.380819144747898,39.47853036602501,39.8167978520954
B001,I067_L3_v12_SOC056,kinematic_only_optimization,KINO,kinematic_only_optimization,KINO,KINO,proposed_full,Full,True,True,27.51921208498059,19.293328445454,19.29332119895472,-8.97880990730336e-06,27.51921208498059,19.293328445454,19.29332119895472,-8.97880990730336e-06
B001,I068_L3_v12_SOC060,constant_rule_following,RF,constant_rule_following,RF,RF,proposed_full,Full,True,True,25.400688402238853,18.46977938906338,21.904998604842504,4.398769645187744,25.400688402238853,18.46977938906338,21.904998604842504,4.398769645187744
B001,I068_L3_v12_SOC060,hcs_i_nlc,HCS-i NLC,hcs_i_nlc,HCS-i,HCS-i NLC,proposed_full,Full,True,True,17.84915046689725,10.154182112403905,37.154718702564736,42.96350661933108,17.84915046689725,10.154182112403905,37.154718702564736,42.96350661933108
B001,I068_L3_v12_SOC060,oeac_i,OEAC-i,oeac_i,OEAC-i,OEAC-i,proposed_full,Full,True,True,20.422925689493447,14.950577806353763,39.1708124487162,39.8167978520885,20.422925689493447,14.950577806353763,39.1708124487162,39.8167978520885
B001,I068_L3_v12_SOC060,kinematic_only_optimization,KINO,kinematic_only_optimization,KINO,KINO,proposed_full,Full,True,True,25.67803589909795,18.882980034656207,18.882972751308515,-8.978814847456285e-06,25.67803589909795,18.882980034656207,18.882972751308515,-8.978814847456285e-06
B001,I069_L3_v12_SOC064,constant_rule_following,RF,constant_rule_following,RF,RF,proposed_full,Full,True,True,28.796758922164816,19.995686426083164,23.366612608735355,4.3987696451957214,28.796758922164816,19.995686426083164,23.366612608735355,4.3987696451957214
B001,I069_L3_v12_SOC064,hcs_i_nlc,HCS-i NLC,hcs_i_nlc,HCS-i,HCS-i NLC,proposed_full,Full,True,True,21.58899835973781,11.835722585791155,38.33092129660954,42.963506619342,21.58899835973781,11.835722585791155,38.33092129660954,42.963506619342
B001,I069_L3_v12_SOC064,oeac_i,OEAC-i,oeac_i,OEAC-i,OEAC-i,proposed_full,Full,True,True,24.045604643758484,16.542349677535764,40.30928214308891,39.81679785209918,24.045604643758484,16.542349677535764,40.30928214308891,39.81679785209918
B001,I069_L3_v12_SOC064,kinematic_only_optimization,KINO,kinematic_only_optimization,KINO,KINO,proposed_full,Full,True,True,29.061480408975225,20.40115367210849,20.401146525080897,-8.978807205890432e-06,29.061480408975225,20.40115367210849,20.401146525080897,-8.978807205890432e-06
B001,I070_L3_v13_SOC056,constant_rule_following,RF,constant_rule_following,RF,RF,proposed_full,Full,True,True,45.097952946844934,34.918958118014125,37.664722775073585,4.404832671477209,45.097952946844934,34.918958118014125,37.664722775073585,4.404832671477209
B001,I070_L3_v13_SOC056,hcs_i_nlc,HCS-i NLC,hcs_i_nlc,HCS-i,HCS-i NLC,proposed_full,Full,True,True,39.25190164025903,27.989032362062005,49.64176280938863,42.99739557079548,39.25190164025903,27.989032362062005,49.64176280938863,42.99739557079548
B001,I070_L3_v13_SOC056,oeac_i,OEAC-i,oeac_i,OEAC-i,OEAC-i,proposed_full,Full,True,True,41.69500751430966,32.45872304128804,51.71047965896618,39.86735938091117,41.69500751430966,32.45872304128804,51.71047965896618,39.86735938091117
B001,I070_L3_v13_SOC056,kinematic_only_optimization,KINO,kinematic_only_optimization,KINO,KINO,proposed_full,Full,True,True,45.32671147623308,35.190129125855734,35.190129125855734,0.0,45.32671147623308,35.190129125855734,35.190129125855734,0.0
B001,I071_L3_v13_SOC060,constant_rule_following,RF,constant_rule_following,RF,RF,proposed_full,Full,True,True,29.034800679719304,21.04530441656819,24.37639756401643,4.404832671477209,29.034800679719304,21.04530441656819,24.37639756401643,4.404832671477209
B001,I071_L3_v13_SOC060,hcs_i_nlc,HCS-i NLC,hcs_i_nlc,HCS-i,HCS-i NLC,proposed_full,Full,True,True,21.478321122467253,12.638091460925077,38.906643585810215,42.99739557079548,21.478321122467253,12.638091460925077,38.906643585810215,42.99739557079548
B001,I071_L3_v13_SOC060,oeac_i,OEAC-i,oeac_i,OEAC-i,OEAC-i,proposed_full,Full,True,True,24.636226967848444,18.060608629140173,41.41635923238658,39.86735938091117,24.636226967848444,18.060608629140173,41.41635923238658,39.86735938091117
B001,I071_L3_v13_SOC060,kinematic_only_optimization,KINO,kinematic_only_optimization,KINO,KINO,proposed_full,Full,True,True,29.330489010220465,21.374282314832485,21.374282314832477,0.0,29.330489010220465,21.374282314832485,21.374282314832477,0.0
B001,I072_L3_v13_SOC064,constant_rule_following,RF,constant_rule_following,RF,RF,proposed_full,Full,True,True,26.459942728906583,18.408560442602223,21.850897635997963,4.404832671477209,26.459942728906583,18.408560442602223,21.850897635997963,4.404832671477209
B001,I072_L3_v13_SOC064,hcs_i_nlc,HCS-i NLC,hcs_i_nlc,HCS-i,HCS-i NLC,proposed_full,Full,True,True,18.629288482447624,9.720583082323852,36.866390777739454,42.99739557079548,18.629288482447624,9.720583082323852,36.866390777739454,42.99739557079548
B001,I072_L3_v13_SOC064,oeac_i,OEAC-i,oeac_i,OEAC-i,OEAC-i,proposed_full,Full,True,True,21.901773854861492,15.324188776830704,39.45992002854263,39.86735938091117,21.901773854861492,15.324188776830704,39.45992002854263,39.86735938091117
B001,I072_L3_v13_SOC064,kinematic_only_optimization,KINO,kinematic_only_optimization,KINO,KINO,proposed_full,Full,True,True,26.766359634202797,18.748524774091376,18.748524774091383,0.0,26.766359634202797,18.748524774091376,18.748524774091383,0.0
B001,I073_L3_v14_SOC056,constant_rule_following,RF,constant_rule_following,RF,RF,proposed_full,Full,True,True,45.097952946844934,34.918958118014125,37.664722775073585,4.404832671477209,45.097952946844934,34.918958118014125,37.664722775073585,4.404832671477209
B001,I073_L3_v14_SOC056,hcs_i_nlc,HCS-i NLC,hcs_i_nlc,HCS-i,HCS-i NLC,proposed_full,Full,True,True,39.25190164025903,27.989032362062005,49.64176280938863,42.99739557079548,39.25190164025903,27.989032362062005,49.64176280938863,42.99739557079548
B001,I073_L3_v14_SOC056,oeac_i,OEAC-i,oeac_i,OEAC-i,OEAC-i,proposed_full,Full,True,True,41.69500751430966,32.45872304128804,51.71047965896618,39.86735938091117,41.69500751430966,32.45872304128804,51.71047965896618,39.86735938091117
B001,I073_L3_v14_SOC056,kinematic_only_optimization,KINO,kinematic_only_optimization,KINO,KINO,proposed_full,Full,True,True,45.32671147623308,35.190129125855734,35.190129125855734,0.0,45.32671147623308,35.190129125855734,35.190129125855734,0.0
B001,I074_L3_v14_SOC060,constant_rule_following,RF,constant_rule_following,RF,RF,proposed_full,Full,True,True,29.034800679719304,21.04530441656819,24.37639756401643,4.404832671477209,29.034800679719304,21.04530441656819,24.37639756401643,4.404832671477209
B001,I074_L3_v14_SOC060,hcs_i_nlc,HCS-i NLC,hcs_i_nlc,HCS-i,HCS-i NLC,proposed_full,Full,True,True,21.478321122467253,12.638091460925077,38.906643585810215,42.99739557079548,21.478321122467253,12.638091460925077,38.906643585810215,42.99739557079548
B001,I074_L3_v14_SOC060,oeac_i,OEAC-i,oeac_i,OEAC-i,OEAC-i,proposed_full,Full,True,True,24.636226967848444,18.060608629140173,41.41635923238658,39.86735938091117,24.636226967848444,18.060608629140173,41.41635923238658,39.86735938091117
B001,I074_L3_v14_SOC060,kinematic_only_optimization,KINO,kinematic_only_optimization,KINO,KINO,proposed_full,Full,True,True,29.330489010220465,21.374282314832485,21.374282314832477,0.0,29.330489010220465,21.374282314832485,21.374282314832477,0.0
B001,I075_L3_v14_SOC064,constant_rule_following,RF,constant_rule_following,RF,RF,proposed_full,Full,True,True,26.459942728906583,18.408560442602223,21.850897635997963,4.404832671477209,26.459942728906583,18.408560442602223,21.850897635997963,4.404832671477209
B001,I075_L3_v14_SOC064,hcs_i_nlc,HCS-i NLC,hcs_i_nlc,HCS-i,HCS-i NLC,proposed_full,Full,True,True,18.629288482447624,9.720583082323852,36.866390777739454,42.99739557079548,18.629288482447624,9.720583082323852,36.866390777739454,42.99739557079548
B001,I075_L3_v14_SOC064,oeac_i,OEAC-i,oeac_i,OEAC-i,OEAC-i,proposed_full,Full,True,True,21.901773854861492,15.324188776830704,39.45992002854263,39.86735938091117,21.901773854861492,15.324188776830704,39.45992002854263,39.86735938091117
B001,I075_L3_v14_SOC064,kinematic_only_optimization,KINO,kinematic_only_optimization,KINO,KINO,proposed_full,Full,True,True,26.766359634202797,18.748524774091376,18.748524774091383,0.0,26.766359634202797,18.748524774091376,18.748524774091383,0.0
B001,I076_L3_v15_SOC056,constant_rule_following,RF,constant_rule_following,RF,RF,proposed_full,Full,True,True,45.097952946844934,34.918958118014125,37.664722775073585,4.404832671477209,45.097952946844934,34.918958118014125,37.664722775073585,4.404832671477209
B001,I076_L3_v15_SOC056,hcs_i_nlc,HCS-i NLC,hcs_i_nlc,HCS-i,HCS-i NLC,proposed_full,Full,True,True,39.25190164025903,27.989032362062005,49.64176280938863,42.99739557079548,39.25190164025903,27.989032362062005,49.64176280938863,42.99739557079548
B001,I076_L3_v15_SOC056,oeac_i,OEAC-i,oeac_i,OEAC-i,OEAC-i,proposed_full,Full,True,True,41.69500751430966,32.45872304128804,51.71047965896618,39.86735938091117,41.69500751430966,32.45872304128804,51.71047965896618,39.86735938091117
B001,I076_L3_v15_SOC056,kinematic_only_optimization,KINO,kinematic_only_optimization,KINO,KINO,proposed_full,Full,True,True,45.32671147623308,35.190129125855734,35.190129125855734,0.0,45.32671147623308,35.190129125855734,35.190129125855734,0.0
B001,I077_L3_v15_SOC060,constant_rule_following,RF,constant_rule_following,RF,RF,proposed_full,Full,True,True,29.034800679719304,21.04530441656819,24.37639756401643,4.404832671477209,29.034800679719304,21.04530441656819,24.37639756401643,4.404832671477209
B001,I077_L3_v15_SOC060,hcs_i_nlc,HCS-i NLC,hcs_i_nlc,HCS-i,HCS-i NLC,proposed_full,Full,True,True,21.478321122467253,12.638091460925077,38.906643585810215,42.99739557079548,21.478321122467253,12.638091460925077,38.906643585810215,42.99739557079548
B001,I077_L3_v15_SOC060,oeac_i,OEAC-i,oeac_i,OEAC-i,OEAC-i,proposed_full,Full,True,True,24.636226967848444,18.060608629140173,41.41635923238658,39.86735938091117,24.636226967848444,18.060608629140173,41.41635923238658,39.86735938091117
B001,I077_L3_v15_SOC060,kinematic_only_optimization,KINO,kinematic_only_optimization,KINO,KINO,proposed_full,Full,True,True,29.330489010220465,21.374282314832485,21.374282314832477,0.0,29.330489010220465,21.374282314832485,21.374282314832477,0.0
B001,I078_L3_v15_SOC064,constant_rule_following,RF,constant_rule_following,RF,RF,proposed_full,Full,True,True,26.459942728906583,18.408560442602223,21.850897635997963,4.404832671477209,26.459942728906583,18.408560442602223,21.850897635997963,4.404832671477209
B001,I078_L3_v15_SOC064,hcs_i_nlc,HCS-i NLC,hcs_i_nlc,HCS-i,HCS-i NLC,proposed_full,Full,True,True,18.629288482447624,9.720583082323852,36.866390777739454,42.99739557079548,18.629288482447624,9.720583082323852,36.866390777739454,42.99739557079548
B001,I078_L3_v15_SOC064,oeac_i,OEAC-i,oeac_i,OEAC-i,OEAC-i,proposed_full,Full,True,True,21.901773854861492,15.324188776830704,39.45992002854263,39.86735938091117,21.901773854861492,15.324188776830704,39.45992002854263,39.86735938091117
B001,I078_L3_v15_SOC064,kinematic_only_optimization,KINO,kinematic_only_optimization,KINO,KINO,proposed_full,Full,True,True,26.766359634202797,18.748524774091376,18.748524774091383,0.0,26.766359634202797,18.748524774091376,18.748524774091383,0.0
B001,I079_L3_v16_SOC056,constant_rule_following,RF,constant_rule_following,RF,RF,proposed_full,Full,True,True,45.097952946844934,34.918958118014125,37.664722775073585,4.404832671477209,45.097952946844934,34.918958118014125,37.664722775073585,4.404832671477209
B001,I079_L3_v16_SOC056,hcs_i_nlc,HCS-i NLC,hcs_i_nlc,HCS-i,HCS-i NLC,proposed_full,Full,True,True,39.25190164025903,27.989032362062005,49.64176280938863,42.99739557079548,39.25190164025903,27.989032362062005,49.64176280938863,42.99739557079548
B001,I079_L3_v16_SOC056,oeac_i,OEAC-i,oeac_i,OEAC-i,OEAC-i,proposed_full,Full,True,True,41.69500751430966,32.45872304128804,51.71047965896618,39.86735938091117,41.69500751430966,32.45872304128804,51.71047965896618,39.86735938091117
B001,I079_L3_v16_SOC056,kinematic_only_optimization,KINO,kinematic_only_optimization,KINO,KINO,proposed_full,Full,True,True,45.32671147623308,35.190129125855734,35.190129125855734,0.0,45.32671147623308,35.190129125855734,35.190129125855734,0.0
B001,I080_L3_v16_SOC060,constant_rule_following,RF,constant_rule_following,RF,RF,proposed_full,Full,True,True,29.034800679719304,21.04530441656819,24.37639756401643,4.404832671477209,29.034800679719304,21.04530441656819,24.37639756401643,4.404832671477209
B001,I080_L3_v16_SOC060,hcs_i_nlc,HCS-i NLC,hcs_i_nlc,HCS-i,HCS-i NLC,proposed_full,Full,True,True,21.478321122467253,12.638091460925077,38.906643585810215,42.99739557079548,21.478321122467253,12.638091460925077,38.906643585810215,42.99739557079548
B001,I080_L3_v16_SOC060,oeac_i,OEAC-i,oeac_i,OEAC-i,OEAC-i,proposed_full,Full,True,True,24.636226967848444,18.060608629140173,41.41635923238658,39.86735938091117,24.636226967848444,18.060608629140173,41.41635923238658,39.86735938091117
B001,I080_L3_v16_SOC060,kinematic_only_optimization,KINO,kinematic_only_optimization,KINO,KINO,proposed_full,Full,True,True,29.330489010220465,21.374282314832485,21.374282314832477,0.0,29.330489010220465,21.374282314832485,21.374282314832477,0.0
B001,I081_L3_v16_SOC064,constant_rule_following,RF,constant_rule_following,RF,RF,proposed_full,Full,True,True,26.459942728906583,18.408560442602223,21.850897635997963,4.404832671477209,26.459942728906583,18.408560442602223,21.850897635997963,4.404832671477209
B001,I081_L3_v16_SOC064,hcs_i_nlc,HCS-i NLC,hcs_i_nlc,HCS-i,HCS-i NLC,proposed_full,Full,True,True,18.629288482447624,9.720583082323852,36.866390777739454,42.99739557079548,18.629288482447624,9.720583082323852,36.866390777739454,42.99739557079548
B001,I081_L3_v16_SOC064,oeac_i,OEAC-i,oeac_i,OEAC-i,OEAC-i,proposed_full,Full,True,True,21.901773854861492,15.324188776830704,39.45992002854263,39.86735938091117,21.901773854861492,15.324188776830704,39.45992002854263,39.86735938091117
B001,I081_L3_v16_SOC064,kinematic_only_optimization,KINO,kinematic_only_optimization,KINO,KINO,proposed_full,Full,True,True,26.766359634202797,18.748524774091376,18.748524774091383,0.0,26.766359634202797,18.748524774091376,18.748524774091383,0.0
B002,I001_L1_v8_SOC056,constant_rule_following,RF,constant_rule_following,RF,RF,proposed_full,Full,True,True,47.352742932042624,38.175858905367434,40.4375668330563,3.79720539849283,47.352742932042624,38.175858905367434,40.4375668330563,3.79720539849283
B002,I001_L1_v8_SOC056,hcs_i_nlc,HCS-i NLC,hcs_i_nlc,HCS-i,HCS-i NLC,proposed_full,Full,False,True,,,,,49.86629111236761,42.38656724201909,52.26330476305051,
B002,I001_L1_v8_SOC056,oeac_i,OEAC-i,oeac_i,OEAC-i,OEAC-i,proposed_full,Full,True,True,43.42760578615805,34.426518210217694,50.99948383871661,33.82202255574128,43.42760578615805,34.426518210217694,50.99948383871661,33.82202255574128
B002,I001_L1_v8_SOC056,kinematic_only_optimization,KINO,kinematic_only_optimization,KINO,KINO,proposed_full,Full,True,True,46.200394921389666,36.388041360152656,36.38794059601236,-0.00015840414732862647,46.200394921389666,36.388041360152656,36.38794059601236,-0.00015840414732862647
B002,I002_L1_v8_SOC060,constant_rule_following,RF,constant_rule_following,RF,RF,proposed_full,Full,True,True,47.16248585542441,38.58816304759427,40.83478166625976,3.797194841727313,47.16248585542441,38.58816304759427,40.83478166625976,3.797194841727313
B002,I002_L1_v8_SOC060,hcs_i_nlc,HCS-i NLC,hcs_i_nlc,HCS-i,HCS-i NLC,proposed_full,Full,False,True,,,,,49.685117516169086,42.7707902421844,52.581655146472265,
B002,I002_L1_v8_SOC060,oeac_i,OEAC-i,oeac_i,OEAC-i,OEAC-i,proposed_full,Full,True,True,43.22316401768138,34.86382664157592,51.32626249464112,33.822008945281276,43.22316401768138,34.86382664157592,51.32626249464112,33.822008945281276
B002,I002_L1_v8_SOC060,kinematic_only_optimization,KINO,kinematic_only_optimization,KINO,KINO,proposed_full,Full,True,True,46.005973480358875,36.81226842708798,36.81216190837988,-0.00016857469937190121,46.005973480358875,36.81226842708798,36.81216190837988,-0.00016857469937190121
B002,I003_L1_v8_SOC064,constant_rule_following,RF,constant_rule_following,RF,RF,proposed_full,Full,True,True,47.143567239443655,38.45757914729807,40.70897929973601,3.7972025541937118,47.143567239443655,38.45757914729807,40.70897929973601,3.7972025541937118
B002,I003_L1_v8_SOC064,hcs_i_nlc,HCS-i NLC,hcs_i_nlc,HCS-i,HCS-i NLC,proposed_full,Full,False,True,,,,,49.66710213533146,42.649100128487966,52.48083003051371,
B002,I003_L1_v8_SOC064,oeac_i,OEAC-i,oeac_i,OEAC-i,OEAC-i,proposed_full,Full,True,True,43.202834916777576,34.725323447572706,51.22276805080776,33.822018888688206,43.202834916777576,34.725323447572706,51.22276805080776,33.822018888688206
B002,I003_L1_v8_SOC064,kinematic_only_optimization,KINO,kinematic_only_optimization,KINO,KINO,proposed_full,Full,True,True,45.98664077196944,36.677908328951595,36.677806288789235,-0.00016114438932399015,45.98664077196944,36.677908328951595,36.677806288789235,-0.00016114438932399015
B002,I004_L1_v9_SOC056,constant_rule_following,RF,constant_rule_following,RF,RF,proposed_full,Full,True,True,48.291068384430986,38.756881387031164,41.00347201547115,3.8080048185702107,48.291068384430986,38.756881387031164,41.00347201547115,3.8080048185702107
B002,I004_L1_v9_SOC056,hcs_i_nlc,HCS-i NLC,hcs_i_nlc,HCS-i,HCS-i NLC,proposed_full,Full,False,True,,,,,50.99513121468188,43.249715544907936,52.97851688436425,
B002,I004_L1_v9_SOC056,oeac_i,OEAC-i,oeac_i,OEAC-i,OEAC-i,proposed_full,Full,True,True,44.42835728160393,35.04726558225299,51.463377243661306,33.82211354881389,44.42835728160393,35.04726558225299,51.463377243661306,33.82211354881389
B002,I004_L1_v9_SOC056,kinematic_only_optimization,KINO,kinematic_only_optimization,KINO,KINO,proposed_full,Full,True,True,47.411778500400864,37.21127902723192,37.21118165323389,-0.00015508174957225,47.411778500400864,37.21127902723192,37.21118165323389,-0.00015508174957225
B002,I005_L1_v9_SOC060,constant_rule_following,RF,constant_rule_following,RF,RF,proposed_full,Full,True,True,48.02744583116729,39.07086915435159,41.305940209597274,3.808002144045182,48.02744583116729,39.07086915435159,41.305940209597274,3.808002144045182
B002,I005_L1_v9_SOC060,hcs_i_nlc,HCS-i NLC,hcs_i_nlc,HCS-i,HCS-i NLC,proposed_full,Full,False,True,,,,,50.74529451862359,43.5406689697892,53.219590445283764,
B002,I005_L1_v9_SOC060,oeac_i,OEAC-i,oeac_i,OEAC-i,OEAC-i,proposed_full,Full,True,True,44.14504184876156,35.380272204434796,51.712218745621236,33.82211010100086,44.14504184876156,35.380272204434796,51.712218745621236,33.82211010100086
B002,I005_L1_v9_SOC060,kinematic_only_optimization,KINO,kinematic_only_optimization,KINO,KINO,proposed_full,Full,True,True,47.14367315012233,37.53319095395358,37.533092469776186,-0.00015765816059743954,47.14367315012233,37.53319095395358,37.533092469776186,-0.00015765816059743954
B002,I006_L1_v9_SOC064,constant_rule_following,RF,constant_rule_following,RF,RF,proposed_full,Full,True,True,48.33400561982517,38.85357766368385,41.096619900691344,3.80800258529447,48.33400561982517,38.85357766368385,41.096619900691344,3.80800258529447
B002,I006_L1_v9_SOC064,hcs_i_nlc,HCS-i NLC,hcs_i_nlc,HCS-i,HCS-i NLC,proposed_full,Full,False,True,,,,,51.03582309364275,43.339318121165796,53.05275772296559,
B002,I006_L1_v9_SOC064,oeac_i,OEAC-i,oeac_i,OEAC-i,OEAC-i,proposed_full,Full,True,True,44.47450197324793,35.14981894202388,51.540010291739485,33.82211066982898,44.47450197324793,35.14981894202388,51.540010291739485,33.82211066982898
B002,I006_L1_v9_SOC064,kinematic_only_optimization,KINO,kinematic_only_optimization,KINO,KINO,proposed_full,Full,True,True,47.45544586646205,37.31041564325273,37.3103170743219,-0.00015723309838350908,47.45544586646205,37.31041564325273,37.3103170743219,-0.00015723309838350908
B002,I007_L1_v10_SOC056,constant_rule_following,RF,constant_rule_following,RF,RF,proposed_full,Full,True,True,39.90809053774008,31.33756508466249,33.86566232023118,3.822669621052326,39.90809053774008,31.33756508466249,33.86566232023118,3.822669621052326
B002,I007_L1_v10_SOC056,hcs_i_nlc,HCS-i NLC,hcs_i_nlc,HCS-i,HCS-i NLC,proposed_full,Full,False,True,,,,,42.38804520629035,35.55043991177275,46.59915709374397,
B002,I007_L1_v10_SOC056,oeac_i,OEAC-i,oeac_i,OEAC-i,OEAC-i,proposed_full,Full,True,True,34.66807638249956,26.23540136735441,44.878629838977474,33.82214269558573,34.66807638249956,26.23540136735441,44.878629838977474,33.82214269558573
B002,I007_L1_v10_SOC056,kinematic_only_optimization,KINO,kinematic_only_optimization,KINO,KINO,proposed_full,Full,True,True,38.1753218646675,28.69277248469809,28.692644378847376,-0.0001796530660875118,38.1753218646675,28.69277248469809,28.692644378847376,-0.0001796530660875118
B002,I008_L1_v10_SOC060,constant_rule_following,RF,constant_rule_following,RF,RF,proposed_full,Full,True,True,50.78230838775577,39.8236344493497,42.03928102469066,3.822669239635903,50.78230838775577,39.8236344493497,42.03928102469066,3.822669239635903
B002,I008_L1_v10_SOC060,hcs_i_nlc,HCS-i NLC,hcs_i_nlc,HCS-i,HCS-i NLC,proposed_full,Full,False,True,,,,,52.81349104081673,43.515835227372065,53.199028563327005,
B002,I008_L1_v10_SOC060,oeac_i,OEAC-i,oeac_i,OEAC-i,OEAC-i,proposed_full,Full,True,True,46.49052596572448,35.35205301867992,51.69114324684053,33.82214220395936,46.49052596572448,35.35205301867992,51.69114324684053,33.82214220395936
B002,I008_L1_v10_SOC060,kinematic_only_optimization,KINO,kinematic_only_optimization,KINO,KINO,proposed_full,Full,True,True,49.36310112758034,37.505714811088204,37.50560230839951,-0.00018002043839553827,49.36310112758034,37.505714811088204,37.50560230839951,-0.00018002043839553827
B002,I009_L1_v10_SOC064,constant_rule_following,RF,constant_rule_following,RF,RF,proposed_full,Full,True,True,39.389940111042954,30.679011054180904,33.23135757015567,3.822672474817182,39.389940111042954,30.679011054180904,33.23135757015567,3.822672474817182
B002,I009_L1_v10_SOC064,hcs_i_nlc,HCS-i NLC,hcs_i_nlc,HCS-i,HCS-i NLC,proposed_full,Full,False,True,,,,,41.891278516292516,34.932292337903554,46.08698127854962,
B002,I009_L1_v10_SOC064,oeac_i,OEAC-i,oeac_i,OEAC-i,OEAC-i,proposed_full,Full,True,True,34.104743241611224,25.52791154710141,44.34995217846917,33.822146373943546,34.104743241611224,25.52791154710141,44.34995217846917,33.822146373943546
B002,I009_L1_v10_SOC064,kinematic_only_optimization,KINO,kinematic_only_optimization,KINO,KINO,proposed_full,Full,True,True,37.642230411210626,28.00885176239088,28.008724406671462,-0.00017690437956315114,37.642230411210626,28.00885176239088,28.008724406671462,-0.00017690437956315114
B002,I010_L1_v11_SOC056,constant_rule_following,RF,constant_rule_following,RF,RF,proposed_full,Full,True,True,51.64277661910311,39.76242212778269,41.92341179017411,3.7209308070645033,51.64277661910311,39.76242212778269,41.92341179017411,3.7209308070645033
B002,I010_L1_v11_SOC056,hcs_i_nlc,HCS-i NLC,hcs_i_nlc,HCS-i,HCS-i NLC,proposed_full,Full,False,True,,,,,54.11757302973251,44.10410003575331,53.68644865975936,
B002,I010_L1_v11_SOC056,oeac_i,OEAC-i,oeac_i,OEAC-i,OEAC-i,proposed_full,Full,True,True,47.73947876229928,35.74873209696019,51.98756305551773,33.822134413495455,47.73947876229928,35.74873209696019,51.98756305551773,33.822134413495455
B002,I010_L1_v11_SOC056,kinematic_only_optimization,KINO,kinematic_only_optimization,KINO,KINO,proposed_full,Full,True,True,50.76254069729279,38.15657313305446,38.156454830333416,-0.00019129356301139641,50.76254069729279,38.15657313305446,38.156454830333416,-0.00019129356301139641
B002,I011_L1_v11_SOC060,constant_rule_following,RF,constant_rule_following,RF,RF,proposed_full,Full,True,True,49.63430202799516,43.606583685834096,45.62966643183293,3.720931274887934,49.63430202799516,43.606583685834096,45.62966643183293,3.720931274887934
B002,I011_L1_v11_SOC060,hcs_i_nlc,HCS-i NLC,hcs_i_nlc,HCS-i,HCS-i NLC,proposed_full,Full,False,True,,,,,52.21188692318586,47.67119017259541,56.64202542343415,
B002,I011_L1_v11_SOC060,oeac_i,OEAC-i,oeac_i,OEAC-i,OEAC-i,proposed_full,Full,True,True,45.56888413991564,39.84903398248546,55.051557046348144,33.82213501708751,45.56888413991564,39.84903398248546,55.051557046348144,33.82213501708751
B002,I011_L1_v11_SOC060,kinematic_only_optimization,KINO,kinematic_only_optimization,KINO,KINO,proposed_full,Full,True,True,48.71750628410385,42.10321462458966,42.10310413269265,-0.00019084252334950765,48.71750628410385,42.10321462458966,42.10310413269265,-0.00019084252334950765
B002,I012_L1_v11_SOC064,constant_rule_following,RF,constant_rule_following,RF,RF,proposed_full,Full,True,True,51.573556279884905,39.154757394308994,41.3375510019902,3.7209384281846973,51.573556279884905,39.154757394308994,41.3375510019902,3.7209384281846973
B002,I012_L1_v11_SOC064,hcs_i_nlc,HCS-i NLC,hcs_i_nlc,HCS-i,HCS-i NLC,proposed_full,Full,False,True,,,,,54.051895206710704,43.54023328755672,53.2192501805071,
B002,I012_L1_v11_SOC064,oeac_i,OEAC-i,oeac_i,OEAC-i,OEAC-i,proposed_full,Full,True,True,47.664671096455855,35.10057805483601,51.50322668146459,33.822144246366825,47.664671096455855,35.10057805483601,51.50322668146459,33.822144246366825
B002,I012_L1_v11_SOC064,kinematic_only_optimization,KINO,kinematic_only_optimization,KINO,KINO,proposed_full,Full,True,True,50.69206035543506,37.53270891354813,37.53259400734074,-0.00018394586032873363,50.69206035543506,37.53270891354813,37.53259400734074,-0.00018394586032873363
B002,I013_L1_v12_SOC056,constant_rule_following,RF,constant_rule_following,RF,RF,proposed_full,Full,True,True,52.912397049455805,40.28839991617233,42.453709244637906,3.762726146278683,52.912397049455805,40.28839991617233,42.453709244637906,3.762726146278683
B002,I013_L1_v12_SOC056,hcs_i_nlc,HCS-i NLC,hcs_i_nlc,HCS-i,HCS-i NLC,proposed_full,Full,False,True,,,,,55.330275569628526,44.68223872248795,54.16547641161785,
B002,I013_L1_v12_SOC056,oeac_i,OEAC-i,oeac_i,OEAC-i,OEAC-i,proposed_full,Full,True,True,49.121115768048675,36.41381427553676,52.4845444850829,33.82211121705626,49.121115768048675,36.41381427553676,52.4845444850829,33.82211121705626
B002,I013_L1_v12_SOC056,kinematic_only_optimization,KINO,kinematic_only_optimization,KINO,KINO,proposed_full,Full,True,True,52.06391893504628,38.796227877228816,38.79610437182603,-0.0002017933687320591,52.06391893504628,38.796227877228816,38.79610437182603,-0.0002017933687320591
B002,I014_L1_v12_SOC060,constant_rule_following,RF,constant_rule_following,RF,RF,proposed_full,Full,True,True,52.956679430948725,39.96514929329381,42.142180608076025,3.7627261754114327,52.956679430948725,39.96514929329381,42.142180608076025,3.7627261754114327
B002,I014_L1_v12_SOC060,hcs_i_nlc,HCS-i NLC,hcs_i_nlc,HCS-i,HCS-i NLC,proposed_full,Full,False,True,,,,,55.37228411655938,44.38277428401875,53.91734979123056,
B002,I014_L1_v12_SOC060,oeac_i,OEAC-i,oeac_i,OEAC-i,OEAC-i,proposed_full,Full,True,True,49.168963567051314,36.06958846157353,52.227318087379764,33.82211125462858,49.168963567051314,36.06958846157353,52.227318087379764,33.82211125462858
B002,I014_L1_v12_SOC060,kinematic_only_optimization,KINO,kinematic_only_optimization,KINO,KINO,proposed_full,Full,True,True,52.10899924697515,38.46489933414127,38.464775177414936,-0.0002017652924742711,52.10899924697515,38.46489933414127,38.464775177414936,-0.0002017652924742711
B002,I015_L1_v12_SOC064,constant_rule_following,RF,constant_rule_following,RF,RF,proposed_full,Full,True,True,52.68801689128308,40.58492310783714,42.73949081629882,3.762746331069928,52.68801689128308,40.58492310783714,42.73949081629882,3.762746331069928
B002,I015_L1_v12_SOC064,hcs_i_nlc,HCS-i NLC,hcs_i_nlc,HCS-i,HCS-i NLC,proposed_full,Full,False,True,,,,,55.11741699953427,44.95694245018461,54.393095985624825,
B002,I015_L1_v12_SOC064,oeac_i,OEAC-i,oeac_i,OEAC-i,OEAC-i,proposed_full,Full,True,True,48.878669532176204,36.72957836007543,52.7205117625042,33.82213724924989,48.878669532176204,36.72957836007543,52.7205117625042,33.82213724924989
B002,I015_L1_v12_SOC064,kinematic_only_optimization,KINO,kinematic_only_optimization,KINO,KINO,proposed_full,Full,True,True,51.83549563936839,39.10016107992798,39.100050034609865,-0.0001823405736266996,51.83549563936839,39.10016107992798,39.100050034609865,-0.0001823405736266996
B002,I016_L1_v13_SOC056,constant_rule_following,RF,constant_rule_following,RF,RF,proposed_full,Full,True,True,52.912397049455805,40.28839991617233,42.453709244637906,3.762726146278683,52.912397049455805,40.28839991617233,42.453709244637906,3.762726146278683
B002,I016_L1_v13_SOC056,hcs_i_nlc,HCS-i NLC,hcs_i_nlc,HCS-i,HCS-i NLC,proposed_full,Full,False,True,,,,,55.330275569628526,44.68223872248795,54.16547641161785,
B002,I016_L1_v13_SOC056,oeac_i,OEAC-i,oeac_i,OEAC-i,OEAC-i,proposed_full,Full,True,True,49.121115768048675,36.41381427553676,52.4845444850829,33.82211121705626,49.121115768048675,36.41381427553676,52.4845444850829,33.82211121705626
B002,I016_L1_v13_SOC056,kinematic_only_optimization,KINO,kinematic_only_optimization,KINO,KINO,proposed_full,Full,True,True,52.06391893504628,38.796227877228816,38.79610437182603,-0.0002017933687320591,52.06391893504628,38.796227877228816,38.79610437182603,-0.0002017933687320591
B002,I017_L1_v13_SOC060,constant_rule_following,RF,constant_rule_following,RF,RF,proposed_full,Full,True,True,52.956679430948725,39.96514929329381,42.142180608076025,3.7627261754114327,52.956679430948725,39.96514929329381,42.142180608076025,3.7627261754114327
B002,I017_L1_v13_SOC060,hcs_i_nlc,HCS-i NLC,hcs_i_nlc,HCS-i,HCS-i NLC,proposed_full,Full,False,True,,,,,55.37228411655938,44.38277428401875,53.91734979123056,
B002,I017_L1_v13_SOC060,oeac_i,OEAC-i,oeac_i,OEAC-i,OEAC-i,proposed_full,Full,True,True,49.168963567051314,36.06958846157353,52.227318087379764,33.82211125462858,49.168963567051314,36.06958846157353,52.227318087379764,33.82211125462858
B002,I017_L1_v13_SOC060,kinematic_only_optimization,KINO,kinematic_only_optimization,KINO,KINO,proposed_full,Full,True,True,52.10899924697515,38.46489933414127,38.464775177414936,-0.0002017652924742711,52.10899924697515,38.46489933414127,38.464775177414936,-0.0002017652924742711
B002,I018_L1_v13_SOC064,constant_rule_following,RF,constant_rule_following,RF,RF,proposed_full,Full,True,True,52.68801689128308,40.58492310783714,42.73949081629882,3.762746331069928,52.68801689128308,40.58492310783714,42.73949081629882,3.762746331069928
B002,I018_L1_v13_SOC064,hcs_i_nlc,HCS-i NLC,hcs_i_nlc,HCS-i,HCS-i NLC,proposed_full,Full,False,True,,,,,55.11741699953427,44.95694245018461,54.393095985624825,
B002,I018_L1_v13_SOC064,oeac_i,OEAC-i,oeac_i,OEAC-i,OEAC-i,proposed_full,Full,True,True,48.878669532176204,36.72957836007543,52.7205117625042,33.82213724924989,48.878669532176204,36.72957836007543,52.7205117625042,33.82213724924989
B002,I018_L1_v13_SOC064,kinematic_only_optimization,KINO,kinematic_only_optimization,KINO,KINO,proposed_full,Full,True,True,51.83549563936839,39.10016107992798,39.100050034609865,-0.0001823405736266996,51.83549563936839,39.10016107992798,39.100050034609865,-0.0001823405736266996
B002,I019_L1_v14_SOC056,constant_rule_following,RF,constant_rule_following,RF,RF,proposed_full,Full,True,True,52.912397049455805,40.28839991617233,42.453709244637906,3.762726146278683,52.912397049455805,40.28839991617233,42.453709244637906,3.762726146278683
B002,I019_L1_v14_SOC056,hcs_i_nlc,HCS-i NLC,hcs_i_nlc,HCS-i,HCS-i NLC,proposed_full,Full,False,True,,,,,55.330275569628526,44.68223872248795,54.16547641161785,
B002,I019_L1_v14_SOC056,oeac_i,OEAC-i,oeac_i,OEAC-i,OEAC-i,proposed_full,Full,True,True,49.121115768048675,36.41381427553676,52.4845444850829,33.82211121705626,49.121115768048675,36.41381427553676,52.4845444850829,33.82211121705626
B002,I019_L1_v14_SOC056,kinematic_only_optimization,KINO,kinematic_only_optimization,KINO,KINO,proposed_full,Full,True,True,52.06391893504628,38.796227877228816,38.79610437182603,-0.0002017933687320591,52.06391893504628,38.796227877228816,38.79610437182603,-0.0002017933687320591
B002,I020_L1_v14_SOC060,constant_rule_following,RF,constant_rule_following,RF,RF,proposed_full,Full,True,True,52.956679430948725,39.96514929329381,42.142180608076025,3.7627261754114327,52.956679430948725,39.96514929329381,42.142180608076025,3.7627261754114327
B002,I020_L1_v14_SOC060,hcs_i_nlc,HCS-i NLC,hcs_i_nlc,HCS-i,HCS-i NLC,proposed_full,Full,False,True,,,,,55.37228411655938,44.38277428401875,53.91734979123056,
B002,I020_L1_v14_SOC060,oeac_i,OEAC-i,oeac_i,OEAC-i,OEAC-i,proposed_full,Full,True,True,49.168963567051314,36.06958846157353,52.227318087379764,33.82211125462858,49.168963567051314,36.06958846157353,52.227318087379764,33.82211125462858
B002,I020_L1_v14_SOC060,kinematic_only_optimization,KINO,kinematic_only_optimization,KINO,KINO,proposed_full,Full,True,True,52.10899924697515,38.46489933414127,38.464775177414936,-0.0002017652924742711,52.10899924697515,38.46489933414127,38.464775177414936,-0.0002017652924742711
B002,I021_L1_v14_SOC064,constant_rule_following,RF,constant_rule_following,RF,RF,proposed_full,Full,True,True,52.68801689128308,40.58492310783714,42.73949081629882,3.762746331069928,52.68801689128308,40.58492310783714,42.73949081629882,3.762746331069928
B002,I021_L1_v14_SOC064,hcs_i_nlc,HCS-i NLC,hcs_i_nlc,HCS-i,HCS-i NLC,proposed_full,Full,False,True,,,,,55.11741699953427,44.95694245018461,54.393095985624825,
B002,I021_L1_v14_SOC064,oeac_i,OEAC-i,oeac_i,OEAC-i,OEAC-i,proposed_full,Full,True,True,48.878669532176204,36.72957836007543,52.7205117625042,33.82213724924989,48.878669532176204,36.72957836007543,52.7205117625042,33.82213724924989
B002,I021_L1_v14_SOC064,kinematic_only_optimization,KINO,kinematic_only_optimization,KINO,KINO,proposed_full,Full,True,True,51.83549563936839,39.10016107992798,39.100050034609865,-0.0001823405736266996,51.83549563936839,39.10016107992798,39.100050034609865,-0.0001823405736266996
B002,I022_L1_v15_SOC056,constant_rule_following,RF,constant_rule_following,RF,RF,proposed_full,Full,True,True,52.912397049455805,40.28839991617233,42.453709244637906,3.762726146278683,52.912397049455805,40.28839991617233,42.453709244637906,3.762726146278683
B002,I022_L1_v15_SOC056,hcs_i_nlc,HCS-i NLC,hcs_i_nlc,HCS-i,HCS-i NLC,proposed_full,Full,False,True,,,,,55.330275569628526,44.68223872248795,54.16547641161785,
B002,I022_L1_v15_SOC056,oeac_i,OEAC-i,oeac_i,OEAC-i,OEAC-i,proposed_full,Full,True,True,49.121115768048675,36.41381427553676,52.4845444850829,33.82211121705626,49.121115768048675,36.41381427553676,52.4845444850829,33.82211121705626
B002,I022_L1_v15_SOC056,kinematic_only_optimization,KINO,kinematic_only_optimization,KINO,KINO,proposed_full,Full,True,True,52.06391893504628,38.796227877228816,38.79610437182603,-0.0002017933687320591,52.06391893504628,38.796227877228816,38.79610437182603,-0.0002017933687320591
B002,I023_L1_v15_SOC060,constant_rule_following,RF,constant_rule_following,RF,RF,proposed_full,Full,True,True,52.956679430948725,39.96514929329381,42.142180608076025,3.7627261754114327,52.956679430948725,39.96514929329381,42.142180608076025,3.7627261754114327
B002,I023_L1_v15_SOC060,hcs_i_nlc,HCS-i NLC,hcs_i_nlc,HCS-i,HCS-i NLC,proposed_full,Full,False,True,,,,,55.37228411655938,44.38277428401875,53.91734979123056,
B002,I023_L1_v15_SOC060,oeac_i,OEAC-i,oeac_i,OEAC-i,OEAC-i,proposed_full,Full,True,True,49.168963567051314,36.06958846157353,52.227318087379764,33.82211125462858,49.168963567051314,36.06958846157353,52.227318087379764,33.82211125462858
B002,I023_L1_v15_SOC060,kinematic_only_optimization,KINO,kinematic_only_optimization,KINO,KINO,proposed_full,Full,True,True,52.10899924697515,38.46489933414127,38.464775177414936,-0.0002017652924742711,52.10899924697515,38.46489933414127,38.464775177414936,-0.0002017652924742711
B002,I024_L1_v15_SOC064,constant_rule_following,RF,constant_rule_following,RF,RF,proposed_full,Full,True,True,52.68801689128308,40.58492310783714,42.73949081629882,3.762746331069928,52.68801689128308,40.58492310783714,42.73949081629882,3.762746331069928
B002,I024_L1_v15_SOC064,hcs_i_nlc,HCS-i NLC,hcs_i_nlc,HCS-i,HCS-i NLC,proposed_full,Full,False,True,,,,,55.11741699953427,44.95694245018461,54.393095985624825,
B002,I024_L1_v15_SOC064,oeac_i,OEAC-i,oeac_i,OEAC-i,OEAC-i,proposed_full,Full,True,True,48.878669532176204,36.72957836007543,52.7205117625042,33.82213724924989,48.878669532176204,36.72957836007543,52.7205117625042,33.82213724924989
B002,I024_L1_v15_SOC064,kinematic_only_optimization,KINO,kinematic_only_optimization,KINO,KINO,proposed_full,Full,True,True,51.83549563936839,39.10016107992798,39.100050034609865,-0.0001823405736266996,51.83549563936839,39.10016107992798,39.100050034609865,-0.0001823405736266996
B002,I025_L1_v16_SOC056,constant_rule_following,RF,constant_rule_following,RF,RF,proposed_full,Full,True,True,52.912397049455805,40.28839991617233,42.453709244637906,3.762726146278683,52.912397049455805,40.28839991617233,42.453709244637906,3.762726146278683
B002,I025_L1_v16_SOC056,hcs_i_nlc,HCS-i NLC,hcs_i_nlc,HCS-i,HCS-i NLC,proposed_full,Full,False,True,,,,,55.330275569628526,44.68223872248795,54.16547641161785,
B002,I025_L1_v16_SOC056,oeac_i,OEAC-i,oeac_i,OEAC-i,OEAC-i,proposed_full,Full,True,True,49.121115768048675,36.41381427553676,52.4845444850829,33.82211121705626,49.121115768048675,36.41381427553676,52.4845444850829,33.82211121705626
B002,I025_L1_v16_SOC056,kinematic_only_optimization,KINO,kinematic_only_optimization,KINO,KINO,proposed_full,Full,True,True,52.06391893504628,38.796227877228816,38.79610437182603,-0.0002017933687320591,52.06391893504628,38.796227877228816,38.79610437182603,-0.0002017933687320591
B002,I026_L1_v16_SOC060,constant_rule_following,RF,constant_rule_following,RF,RF,proposed_full,Full,True,True,52.956679430948725,39.96514929329381,42.142180608076025,3.7627261754114327,52.956679430948725,39.96514929329381,42.142180608076025,3.7627261754114327
B002,I026_L1_v16_SOC060,hcs_i_nlc,HCS-i NLC,hcs_i_nlc,HCS-i,HCS-i NLC,proposed_full,Full,False,True,,,,,55.37228411655938,44.38277428401875,53.91734979123056,
B002,I026_L1_v16_SOC060,oeac_i,OEAC-i,oeac_i,OEAC-i,OEAC-i,proposed_full,Full,True,True,49.168963567051314,36.06958846157353,52.227318087379764,33.82211125462858,49.168963567051314,36.06958846157353,52.227318087379764,33.82211125462858
B002,I026_L1_v16_SOC060,kinematic_only_optimization,KINO,kinematic_only_optimization,KINO,KINO,proposed_full,Full,True,True,52.10899924697515,38.46489933414127,38.464775177414936,-0.0002017652924742711,52.10899924697515,38.46489933414127,38.464775177414936,-0.0002017652924742711
B002,I027_L1_v16_SOC064,constant_rule_following,RF,constant_rule_following,RF,RF,proposed_full,Full,True,True,52.68801689128308,40.58492310783714,42.73949081629882,3.762746331069928,52.68801689128308,40.58492310783714,42.73949081629882,3.762746331069928
B002,I027_L1_v16_SOC064,hcs_i_nlc,HCS-i NLC,hcs_i_nlc,HCS-i,HCS-i NLC,proposed_full,Full,False,True,,,,,55.11741699953427,44.95694245018461,54.393095985624825,
B002,I027_L1_v16_SOC064,oeac_i,OEAC-i,oeac_i,OEAC-i,OEAC-i,proposed_full,Full,True,True,48.878669532176204,36.72957836007543,52.7205117625042,33.82213724924989,48.878669532176204,36.72957836007543,52.7205117625042,33.82213724924989
B002,I027_L1_v16_SOC064,kinematic_only_optimization,KINO,kinematic_only_optimization,KINO,KINO,proposed_full,Full,True,True,51.83549563936839,39.10016107992798,39.100050034609865,-0.0001823405736266996,51.83549563936839,39.10016107992798,39.100050034609865,-0.0001823405736266996
B002,I028_L2_v8_SOC056,constant_rule_following,RF,constant_rule_following,RF,RF,proposed_full,Full,True,True,48.036201377232864,39.49581401513675,41.664104684742995,3.7169064739444155,48.036201377232864,39.49581401513675,41.664104684742995,3.7169064739444155
B002,I028_L2_v8_SOC056,hcs_i_nlc,HCS-i NLC,hcs_i_nlc,HCS-i,HCS-i NLC,proposed_full,Full,True,True,36.14002432260974,24.402539803034085,44.8636655378156,37.110058066727134,36.14002432260974,24.402539803034085,44.8636655378156,37.110058066727134
B002,I028_L2_v8_SOC056,oeac_i,OEAC-i,oeac_i,OEAC-i,OEAC-i,proposed_full,Full,True,True,43.52640203433006,34.6050710078948,51.132904271390856,33.82200848457596,43.52640203433006,34.6050710078948,51.132904271390856,33.82200848457596
B002,I028_L2_v8_SOC056,kinematic_only_optimization,KINO,kinematic_only_optimization,KINO,KINO,proposed_full,Full,True,True,46.25118713819644,36.50163917685088,36.501532727889,-0.0001676402068482118,46.25118713819644,36.50163917685088,36.501532727889,-0.0001676402068482118
B002,I029_L2_v8_SOC060,constant_rule_following,RF,constant_rule_following,RF,RF,proposed_full,Full,True,True,42.54188536980085,37.72653899199152,39.958235384425734,3.7169067343755864,42.54188536980085,37.72653899199152,39.958235384425734,3.7169067343755864
B002,I029_L2_v8_SOC060,hcs_i_nlc,HCS-i NLC,hcs_i_nlc,HCS-i,HCS-i NLC,proposed_full,Full,True,True,29.387883488071573,22.191904357526724,43.251358401998566,37.11005841100787,29.387883488071573,22.191904357526724,43.251358401998566,37.11005841100787
B002,I029_L2_v8_SOC060,oeac_i,OEAC-i,oeac_i,OEAC-i,OEAC-i,proposed_full,Full,True,True,37.55524901003761,32.692779938727554,49.70392340208899,33.822008820600466,37.55524901003761,32.692779938727554,49.70392340208899,33.822008820600466
B002,I029_L2_v8_SOC060,kinematic_only_optimization,KINO,kinematic_only_optimization,KINO,KINO,proposed_full,Full,True,True,40.56813526912681,34.64480791821419,34.64469852055724,-0.0001673891091794582,40.56813526912681,34.64480791821419,34.64469852055724,-0.0001673891091794582
B002,I030_L2_v8_SOC064,constant_rule_following,RF,constant_rule_following,RF,RF,proposed_full,Full,True,True,48.00093233007342,39.30990538499032,41.48485827534387,3.7169061310452105,48.00093233007342,39.30990538499032,41.48485827534387,3.7169061310452105
B002,I030_L2_v8_SOC064,hcs_i_nlc,HCS-i NLC,hcs_i_nlc,HCS-i,HCS-i NLC,proposed_full,Full,True,True,36.09668106146523,24.170254713349824,44.694250293113065,37.11005761342659,36.09668106146523,24.170254713349824,44.694250293113065,37.11005761342659
B002,I030_L2_v8_SOC064,oeac_i,OEAC-i,oeac_i,OEAC-i,OEAC-i,proposed_full,Full,True,True,43.48807208073344,34.40413480043162,50.98275226978396,33.82200804214606,43.48807208073344,34.40413480043162,50.98275226978396,33.82200804214606
B002,I030_L2_v8_SOC064,kinematic_only_optimization,KINO,kinematic_only_optimization,KINO,KINO,proposed_full,Full,True,True,46.21470656006649,36.30653047346086,36.30642348684,-0.0001679708170079357,46.21470656006649,36.30653047346086,36.30642348684,-0.0001679708170079357
B002,I031_L2_v9_SOC056,constant_rule_following,RF,constant_rule_following,RF,RF,proposed_full,Full,True,True,38.93037668421557,30.624702130499905,33.138993277335175,3.760474557711034,38.93037668421557,30.624702130499905,33.138993277335175,3.760474557711034
B002,I031_L2_v9_SOC056,hcs_i_nlc,HCS-i NLC,hcs_i_nlc,HCS-i,HCS-i NLC,proposed_full,Full,True,True,26.702506899855422,15.450465935138736,38.31157113103767,37.058984342850046,26.702506899855422,15.450465935138736,38.31157113103767,37.058984342850046
B002,I031_L2_v9_SOC056,oeac_i,OEAC-i,oeac_i,OEAC-i,OEAC-i,proposed_full,Full,True,True,33.5171523272062,24.92718148549756,43.901047751454435,33.822140174549844,33.5171523272062,24.92718148549756,43.901047751454435,33.822140174549844
B002,I031_L2_v9_SOC056,kinematic_only_optimization,KINO,kinematic_only_optimization,KINO,KINO,proposed_full,Full,True,True,37.08631842237581,27.42831659432732,27.428219541502475,-0.0001337335590163414,37.08631842237581,27.42831659432732,27.428219541502475,-0.0001337335590163414
B002,I032_L2_v9_SOC060,constant_rule_following,RF,constant_rule_following,RF,RF,proposed_full,Full,True,True,49.76424137924567,38.8064766404107,41.024244318150885,3.7604735235681725,49.76424137924567,38.8064766404107,41.024244318150885,3.7604735235681725
B002,I032_L2_v9_SOC060,hcs_i_nlc,HCS-i NLC,hcs_i_nlc,HCS-i,HCS-i NLC,proposed_full,Full,True,True,39.70561842431479,25.42181371858143,45.586794340926595,37.05898297683307,39.70561842431479,25.42181371858143,45.586794340926595,37.05898297683307
B002,I032_L2_v9_SOC060,oeac_i,OEAC-i,oeac_i,OEAC-i,OEAC-i,proposed_full,Full,True,True,45.31133308550114,33.78089299048489,50.51707618550677,33.8221388407933,45.31133308550114,33.78089299048489,50.51707618550677,33.8221388407933
B002,I032_L2_v9_SOC060,kinematic_only_optimization,KINO,kinematic_only_optimization,KINO,KINO,proposed_full,Full,True,True,48.24732248087012,35.98705677511564,35.9869705302194,-0.00013473022126460625,48.24732248087012,35.98705677511564,35.9869705302194,-0.00013473022126460625
B002,I033_L2_v9_SOC064,constant_rule_following,RF,constant_rule_following,RF,RF,proposed_full,Full,True,True,48.780535552919744,39.87763319468071,42.05656756060242,3.76045096776177,48.780535552919744,39.87763319468071,42.05656756060242,3.76045096776177
B002,I033_L2_v9_SOC064,hcs_i_nlc,HCS-i NLC,hcs_i_nlc,HCS-i,HCS-i NLC,proposed_full,Full,True,True,38.52494680554847,26.72726090735477,46.5392538092068,37.05895318248286,38.52494680554847,26.72726090735477,46.5392538092068,37.05895318248286
B002,I033_L2_v9_SOC064,oeac_i,OEAC-i,oeac_i,OEAC-i,OEAC-i,proposed_full,Full,True,True,44.24043136619149,34.94001942408375,51.38323502938372,33.82210975007934,44.24043136619149,34.94001942408375,51.38323502938372,33.82210975007934
B002,I033_L2_v9_SOC064,kinematic_only_optimization,KINO,kinematic_only_optimization,KINO,KINO,proposed_full,Full,True,True,47.233912674762365,37.10756561214609,37.10746720512217,-0.00015646853379074483,47.233912674762365,37.10756561214609,37.10746720512217,-0.00015646853379074483
B002,I034_L2_v10_SOC056,constant_rule_following,RF,constant_rule_following,RF,RF,proposed_full,Full,True,True,50.40297389715177,40.21571584569222,42.35337879120823,3.7082189739682154,50.40297389715177,40.21571584569222,42.35337879120823,3.7082189739682154
B002,I034_L2_v10_SOC056,hcs_i_nlc,HCS-i NLC,hcs_i_nlc,HCS-i,HCS-i NLC,proposed_full,Full,True,True,45.57945687928707,33.315782417158154,51.36196025420792,37.10301223356979,45.57945687928707,33.315782417158154,51.36196025420792,37.10301223356979
B002,I034_L2_v10_SOC056,oeac_i,OEAC-i,oeac_i,OEAC-i,OEAC-i,proposed_full,Full,True,True,46.32612973986345,35.61660156655144,51.888828570405956,33.822138435492704,46.32612973986345,35.61660156655144,51.888828570405956,33.822138435492704
B002,I034_L2_v10_SOC056,kinematic_only_optimization,KINO,kinematic_only_optimization,KINO,KINO,proposed_full,Full,True,True,49.207493087334576,37.761396922680895,37.76128433555167,-0.00018089564995800716,49.207493087334576,37.761396922680895,37.76128433555167,-0.00018089564995800716
B002,I035_L2_v10_SOC060,constant_rule_following,RF,constant_rule_following,RF,RF,proposed_full,Full,True,True,50.4621545195715,40.07981970300729,42.2223418400888,3.708219068262777,50.4621545195715,40.07981970300729,42.2223418400888,3.708219068262777
B002,I035_L2_v10_SOC060,hcs_i_nlc,HCS-i NLC,hcs_i_nlc,HCS-i,HCS-i NLC,proposed_full,Full,True,True,45.64439306331604,33.16420197966255,51.25140077469168,37.10301235822788,45.64439306331604,33.16420197966255,51.25140077469168,37.10301235822788
B002,I035_L2_v10_SOC060,oeac_i,OEAC-i,oeac_i,OEAC-i,OEAC-i,proposed_full,Full,True,True,46.390174971992565,35.47025113978259,51.779466719065454,33.822138557167726,46.390174971992565,35.47025113978259,51.779466719065454,33.822138557167726
B002,I035_L2_v10_SOC060,kinematic_only_optimization,KINO,kinematic_only_optimization,KINO,KINO,proposed_full,Full,True,True,49.268100192428264,37.619921847685,37.61980906135096,-0.0001808047271825159,49.268100192428264,37.619921847685,37.61980906135096,-0.0001808047271825159
B002,I036_L2_v10_SOC064,constant_rule_following,RF,constant_rule_following,RF,RF,proposed_full,Full,True,True,50.690457342974526,39.47099548115745,41.63528818260406,3.708221344805003,50.690457342974526,39.47099548115745,41.63528818260406,3.708221344805003
B002,I036_L2_v10_SOC064,hcs_i_nlc,HCS-i NLC,hcs_i_nlc,HCS-i,HCS-i NLC,proposed_full,Full,True,True,45.894899285600836,32.48511102032698,50.75608745837018,37.103015367833095,45.894899285600836,32.48511102032698,50.75608745837018,37.103015367833095
B002,I036_L2_v10_SOC064,oeac_i,OEAC-i,oeac_i,OEAC-i,OEAC-i,proposed_full,Full,True,True,46.637244142993794,34.81459099421459,51.28951885115275,33.82214149475312,46.637244142993794,34.81459099421459,51.28951885115275,33.82214149475312
B002,I036_L2_v10_SOC064,kinematic_only_optimization,KINO,kinematic_only_optimization,KINO,KINO,proposed_full,Full,True,True,49.501905999894085,36.9861036189718,36.985991069909076,-0.00017860958958344612,49.501905999894085,36.9861036189718,36.985991069909076,-0.00017860958958344612
B002,I037_L2_v11_SOC056,constant_rule_following,RF,constant_rule_following,RF,RF,proposed_full,Full,True,True,51.61998250606282,39.724677302118266,41.91060712173465,3.763044699395131,51.61998250606282,39.724677302118266,41.91060712173465,3.763044699395131
B002,I037_L2_v11_SOC056,hcs_i_nlc,HCS-i NLC,hcs_i_nlc,HCS-i,HCS-i NLC,proposed_full,Full,True,True,47.15708354411369,33.168716395835645,51.26651803450295,37.136278609191976,47.15708354411369,33.168716395835645,51.26651803450295,37.136278609191976
B002,I037_L2_v11_SOC056,oeac_i,OEAC-i,oeac_i,OEAC-i,OEAC-i,proposed_full,Full,True,True,47.65181150639001,35.19556408205884,51.57420236293988,33.82213423439104,47.65181150639001,35.19556408205884,51.57420236293988,33.82213423439104
B002,I037_L2_v11_SOC056,kinematic_only_optimization,KINO,kinematic_only_optimization,KINO,KINO,proposed_full,Full,True,True,50.679944641172746,37.624135302779884,37.62401589805505,-0.00019142740038634502,50.679944641172746,37.624135302779884,37.62401589805505,-0.00019142740038634502
B002,I038_L2_v11_SOC060,constant_rule_following,RF,constant_rule_following,RF,RF,proposed_full,Full,True,True,39.844942526232096,31.85369985684895,34.32507653719798,3.763044629581961,39.844942526232096,31.85369985684895,34.32507653719798,3.763044629581961
B002,I038_L2_v11_SOC060,hcs_i_nlc,HCS-i NLC,hcs_i_nlc,HCS-i,HCS-i NLC,proposed_full,Full,True,True,34.29583449646935,24.441637015051814,44.90271735380142,37.13627851692485,34.29583449646935,24.441637015051814,44.90271735380142,37.13627851692485
B002,I038_L2_v11_SOC060,oeac_i,OEAC-i,oeac_i,OEAC-i,OEAC-i,proposed_full,Full,True,True,34.910972533745635,26.73315806525221,45.25058025474696,33.82213414435371,34.910972533745635,26.73315806525221,45.25058025474696,33.82213414435371
B002,I038_L2_v11_SOC060,kinematic_only_optimization,KINO,kinematic_only_optimization,KINO,KINO,proposed_full,Full,True,True,38.676112196704686,29.478861214048308,29.478726169559515,-0.00019149468160049285,38.676112196704686,29.478861214048308,29.478726169559515,-0.00019149468160049285
B002,I039_L2_v11_SOC064,constant_rule_following,RF,constant_rule_following,RF,RF,proposed_full,Full,True,True,51.65852378770349,39.40901261245575,41.606385551778345,3.7630363526666804,51.65852378770349,39.40901261245575,41.606385551778345,3.7630363526666804
B002,I039_L2_v11_SOC064,hcs_i_nlc,HCS-i NLC,hcs_i_nlc,HCS-i,HCS-i NLC,proposed_full,Full,True,True,47.1991801333945,32.818717831673695,51.01129456497815,37.13626757791122,47.1991801333945,32.818717831673695,51.01129456497815,37.13626757791122
B002,I039_L2_v11_SOC064,oeac_i,OEAC-i,oeac_i,OEAC-i,OEAC-i,proposed_full,Full,True,True,47.69351397738156,34.856180214214184,51.320590275541996,33.82212346970098,47.69351397738156,34.856180214214184,51.320590275541996,33.82212346970098
B002,I039_L2_v11_SOC064,kinematic_only_optimization,KINO,kinematic_only_optimization,KINO,KINO,proposed_full,Full,True,True,50.71923479116817,37.297469976228726,37.29734490235657,-0.00019947141306636158,50.71923479116817,37.297469976228726,37.29734490235657,-0.00019947141306636158
B002,I040_L2_v12_SOC056,constant_rule_following,RF,constant_rule_following,RF,RF,proposed_full,Full,True,True,39.811903757039964,31.853239828249272,34.34319212162033,3.7923748866733873,39.811903757039964,31.853239828249272,34.34319212162033,3.7923748866733873
B002,I040_L2_v12_SOC056,hcs_i_nlc,HCS-i NLC,hcs_i_nlc,HCS-i,HCS-i NLC,proposed_full,Full,True,True,33.306656776580624,23.454931930076214,43.861312156240345,36.34994156428699,33.306656776580624,23.454931930076214,43.861312156240345,36.34994156428699
B002,I040_L2_v12_SOC056,oeac_i,OEAC-i,oeac_i,OEAC-i,OEAC-i,proposed_full,Full,True,True,35.40633720104235,27.433849779100846,45.77416866189438,33.822107342972906,35.40633720104235,27.433849779100846,45.77416866189438,33.822107342972906
B002,I040_L2_v12_SOC056,kinematic_only_optimization,KINO,kinematic_only_optimization,KINO,KINO,proposed_full,Full,True,True,39.14232430862977,30.15262538619449,30.15248325383799,-0.00020348949129662041,39.14232430862977,30.15262538619449,30.15248325383799,-0.00020348949129662041
B002,I041_L2_v12_SOC060,constant_rule_following,RF,constant_rule_following,RF,RF,proposed_full,Full,True,True,52.82054089332259,40.26880362700553,42.451267256766656,3.7923747852080227,52.82054089332259,40.26880362700553,42.451267256766656,3.7923747852080227
B002,I041_L2_v12_SOC060,hcs_i_nlc,HCS-i NLC,hcs_i_nlc,HCS-i,HCS-i NLC,proposed_full,Full,True,True,47.72129281851217,32.90761760726877,50.79397784216406,36.349941430994,47.72129281851217,32.90761760726877,50.79397784216406,36.349941430994
B002,I041_L2_v12_SOC060,oeac_i,OEAC-i,oeac_i,OEAC-i,OEAC-i,proposed_full,Full,True,True,49.36716289759063,36.395171862131555,52.47061232040358,33.82210721215107,49.36716289759063,36.395171862131555,52.47061232040358,33.82210721215107
B002,I041_L2_v12_SOC060,kinematic_only_optimization,KINO,kinematic_only_optimization,KINO,KINO,proposed_full,Full,True,True,52.29567969689231,38.778201066632704,38.77807642660265,-0.00020358724911168023,52.29567969689231,38.778201066632704,38.77807642660265,-0.00020358724911168023
B002,I042_L2_v12_SOC064,constant_rule_following,RF,constant_rule_following,RF,RF,proposed_full,Full,True,True,39.28028100376582,30.717522454927444,33.24897162398565,3.7923747852966945,39.28028100376582,30.717522454927444,33.24897162398565,3.7923747852966945
B002,I042_L2_v12_SOC064,hcs_i_nlc,HCS-i NLC,hcs_i_nlc,HCS-i,HCS-i NLC,proposed_full,Full,True,True,32.717575197951376,22.179250394666237,42.9257183475565,36.34994143111049,32.717575197951376,22.179250394666237,42.9257183475565,36.34994143111049
B002,I042_L2_v12_SOC064,oeac_i,OEAC-i,oeac_i,OEAC-i,OEAC-i,proposed_full,Full,True,True,34.83580144721777,26.22447992331832,44.870454057593996,33.8221072122654,34.83580144721777,26.22447992331832,44.870454057593996,33.8221072122654
B002,I042_L2_v12_SOC064,kinematic_only_optimization,KINO,kinematic_only_optimization,KINO,KINO,proposed_full,Full,True,True,38.60478736813059,28.988565985132887,28.98842141467417,-0.0002035871636802962,38.60478736813059,28.988565985132887,28.98842141467417,-0.0002035871636802962
B002,I043_L2_v13_SOC056,constant_rule_following,RF,constant_rule_following,RF,RF,proposed_full,Full,True,True,50.954924585087575,45.36067545569016,47.346557732867346,3.771609588413959,50.954924585087575,45.36067545569016,47.346557732867346,3.771609588413959
B002,I043_L2_v13_SOC056,hcs_i_nlc,HCS-i NLC,hcs_i_nlc,HCS-i,HCS-i NLC,proposed_full,Full,True,True,45.73279168264439,38.77036347512407,55.0903169228084,36.33949814260165,45.73279168264439,38.77036347512407,55.0903169228084,36.33949814260165
B002,I043_L2_v13_SOC056,oeac_i,OEAC-i,oeac_i,OEAC-i,OEAC-i,proposed_full,Full,True,True,47.441460746646285,41.95341732489048,56.62406687385346,33.822095553074455,47.441460746646285,41.95341732489048,56.62406687385346,33.822095553074455
B002,I043_L2_v13_SOC056,kinematic_only_optimization,KINO,kinematic_only_optimization,KINO,KINO,proposed_full,Full,True,True,50.48117241041297,44.12795667105067,44.127842299429,-0.0002047023533293344,50.48117241041297,44.12795667105067,44.127842299429,-0.0002047023533293344
B002,I044_L2_v13_SOC060,constant_rule_following,RF,constant_rule_following,RF,RF,proposed_full,Full,True,True,38.328829846774276,30.709667647391065,33.2280447814135,3.771609092137887,38.328829846774276,30.709667647391065,33.2280447814135,3.771609092137887
B002,I044_L2_v13_SOC060,hcs_i_nlc,HCS-i NLC,hcs_i_nlc,HCS-i,HCS-i NLC,proposed_full,Full,True,True,31.76231844751951,22.352227081476155,43.04821834634345,36.33949749057331,31.76231844751951,22.352227081476155,43.04821834634345,36.33949749057331
B002,I044_L2_v13_SOC060,oeac_i,OEAC-i,oeac_i,OEAC-i,OEAC-i,proposed_full,Full,True,True,33.91086485488365,26.388786116310243,44.993228561024445,33.8220949130853,33.91086485488365,26.388786116310243,44.993228561024445,33.8220949130853
B002,I044_L2_v13_SOC060,kinematic_only_optimization,KINO,kinematic_only_optimization,KINO,KINO,proposed_full,Full,True,True,37.7331155833615,29.146407211846938,29.14626183372812,-0.00020518059112298404,37.7331155833615,29.146407211846938,29.14626183372812,-0.00020518059112298404
B002,I045_L2_v13_SOC064,constant_rule_following,RF,constant_rule_following,RF,RF,proposed_full,Full,True,True,51.29353975768882,45.012833772102034,47.01135844224295,3.771609558932639,51.29353975768882,45.012833772102034,47.01135844224295,3.771609558932639
B002,I045_L2_v13_SOC064,hcs_i_nlc,HCS-i NLC,hcs_i_nlc,HCS-i,HCS-i NLC,proposed_full,Full,True,True,46.10746130962557,38.380566931482136,54.80441550285436,36.339498103867854,46.10746130962557,38.380566931482136,54.80441550285436,36.339498103867854
B002,I045_L2_v13_SOC064,oeac_i,OEAC-i,oeac_i,OEAC-i,OEAC-i,proposed_full,Full,True,True,47.80433344467729,41.583884553161695,56.34792952389083,33.82209551505584,47.80433344467729,41.583884553161695,56.34792952389083,33.82209551505584
B002,I045_L2_v13_SOC064,kinematic_only_optimization,KINO,kinematic_only_optimization,KINO,KINO,proposed_full,Full,True,True,50.82305844503329,43.772267324977406,43.77215220927555,-0.00020473076308385045,50.82305844503329,43.772267324977406,43.77215220927555,-0.00020473076308385045
B002,I046_L2_v14_SOC056,constant_rule_following,RF,constant_rule_following,RF,RF,proposed_full,Full,True,True,50.954924585087575,45.36067545569016,47.346557732867346,3.771609588413959,50.954924585087575,45.36067545569016,47.346557732867346,3.771609588413959
B002,I046_L2_v14_SOC056,hcs_i_nlc,HCS-i NLC,hcs_i_nlc,HCS-i,HCS-i NLC,proposed_full,Full,True,True,45.73279168264439,38.77036347512407,55.0903169228084,36.33949814260165,45.73279168264439,38.77036347512407,55.0903169228084,36.33949814260165
B002,I046_L2_v14_SOC056,oeac_i,OEAC-i,oeac_i,OEAC-i,OEAC-i,proposed_full,Full,True,True,47.441460746646285,41.95341732489048,56.62406687385346,33.822095553074455,47.441460746646285,41.95341732489048,56.62406687385346,33.822095553074455
B002,I046_L2_v14_SOC056,kinematic_only_optimization,KINO,kinematic_only_optimization,KINO,KINO,proposed_full,Full,True,True,50.48117241041297,44.12795667105067,44.127842299429,-0.0002047023533293344,50.48117241041297,44.12795667105067,44.127842299429,-0.0002047023533293344
B002,I047_L2_v14_SOC060,constant_rule_following,RF,constant_rule_following,RF,RF,proposed_full,Full,True,True,38.328829846774276,30.709667647391065,33.2280447814135,3.771609092137887,38.328829846774276,30.709667647391065,33.2280447814135,3.771609092137887
B002,I047_L2_v14_SOC060,hcs_i_nlc,HCS-i NLC,hcs_i_nlc,HCS-i,HCS-i NLC,proposed_full,Full,True,True,31.76231844751951,22.352227081476155,43.04821834634345,36.33949749057331,31.76231844751951,22.352227081476155,43.04821834634345,36.33949749057331
B002,I047_L2_v14_SOC060,oeac_i,OEAC-i,oeac_i,OEAC-i,OEAC-i,proposed_full,Full,True,True,33.91086485488365,26.388786116310243,44.993228561024445,33.8220949130853,33.91086485488365,26.388786116310243,44.993228561024445,33.8220949130853
B002,I047_L2_v14_SOC060,kinematic_only_optimization,KINO,kinematic_only_optimization,KINO,KINO,proposed_full,Full,True,True,37.7331155833615,29.146407211846938,29.14626183372812,-0.00020518059112298404,37.7331155833615,29.146407211846938,29.14626183372812,-0.00020518059112298404
B002,I048_L2_v14_SOC064,constant_rule_following,RF,constant_rule_following,RF,RF,proposed_full,Full,True,True,51.29353975768882,45.012833772102034,47.01135844224295,3.771609558932639,51.29353975768882,45.012833772102034,47.01135844224295,3.771609558932639
B002,I048_L2_v14_SOC064,hcs_i_nlc,HCS-i NLC,hcs_i_nlc,HCS-i,HCS-i NLC,proposed_full,Full,True,True,46.10746130962557,38.380566931482136,54.80441550285436,36.339498103867854,46.10746130962557,38.380566931482136,54.80441550285436,36.339498103867854
B002,I048_L2_v14_SOC064,oeac_i,OEAC-i,oeac_i,OEAC-i,OEAC-i,proposed_full,Full,True,True,47.80433344467729,41.583884553161695,56.34792952389083,33.82209551505584,47.80433344467729,41.583884553161695,56.34792952389083,33.82209551505584
B002,I048_L2_v14_SOC064,kinematic_only_optimization,KINO,kinematic_only_optimization,KINO,KINO,proposed_full,Full,True,True,50.82305844503329,43.772267324977406,43.77215220927555,-0.00020473076308385045,50.82305844503329,43.772267324977406,43.77215220927555,-0.00020473076308385045
B002,I049_L2_v15_SOC056,constant_rule_following,RF,constant_rule_following,RF,RF,proposed_full,Full,True,True,50.954924585087575,45.36067545569016,47.346557732867346,3.771609588413959,50.954924585087575,45.36067545569016,47.346557732867346,3.771609588413959
B002,I049_L2_v15_SOC056,hcs_i_nlc,HCS-i NLC,hcs_i_nlc,HCS-i,HCS-i NLC,proposed_full,Full,True,True,45.73279168264439,38.77036347512407,55.0903169228084,36.33949814260165,45.73279168264439,38.77036347512407,55.0903169228084,36.33949814260165
B002,I049_L2_v15_SOC056,oeac_i,OEAC-i,oeac_i,OEAC-i,OEAC-i,proposed_full,Full,True,True,47.441460746646285,41.95341732489048,56.62406687385346,33.822095553074455,47.441460746646285,41.95341732489048,56.62406687385346,33.822095553074455
B002,I049_L2_v15_SOC056,kinematic_only_optimization,KINO,kinematic_only_optimization,KINO,KINO,proposed_full,Full,True,True,50.48117241041297,44.12795667105067,44.127842299429,-0.0002047023533293344,50.48117241041297,44.12795667105067,44.127842299429,-0.0002047023533293344
B002,I050_L2_v15_SOC060,constant_rule_following,RF,constant_rule_following,RF,RF,proposed_full,Full,True,True,38.328829846774276,30.709667647391065,33.2280447814135,3.771609092137887,38.328829846774276,30.709667647391065,33.2280447814135,3.771609092137887
B002,I050_L2_v15_SOC060,hcs_i_nlc,HCS-i NLC,hcs_i_nlc,HCS-i,HCS-i NLC,proposed_full,Full,True,True,31.76231844751951,22.352227081476155,43.04821834634345,36.33949749057331,31.76231844751951,22.352227081476155,43.04821834634345,36.33949749057331
B002,I050_L2_v15_SOC060,oeac_i,OEAC-i,oeac_i,OEAC-i,OEAC-i,proposed_full,Full,True,True,33.91086485488365,26.388786116310243,44.993228561024445,33.8220949130853,33.91086485488365,26.388786116310243,44.993228561024445,33.8220949130853
B002,I050_L2_v15_SOC060,kinematic_only_optimization,KINO,kinematic_only_optimization,KINO,KINO,proposed_full,Full,True,True,37.7331155833615,29.146407211846938,29.14626183372812,-0.00020518059112298404,37.7331155833615,29.146407211846938,29.14626183372812,-0.00020518059112298404
B002,I051_L2_v15_SOC064,constant_rule_following,RF,constant_rule_following,RF,RF,proposed_full,Full,True,True,51.29353975768882,45.012833772102034,47.01135844224295,3.771609558932639,51.29353975768882,45.012833772102034,47.01135844224295,3.771609558932639
B002,I051_L2_v15_SOC064,hcs_i_nlc,HCS-i NLC,hcs_i_nlc,HCS-i,HCS-i NLC,proposed_full,Full,True,True,46.10746130962557,38.380566931482136,54.80441550285436,36.339498103867854,46.10746130962557,38.380566931482136,54.80441550285436,36.339498103867854
B002,I051_L2_v15_SOC064,oeac_i,OEAC-i,oeac_i,OEAC-i,OEAC-i,proposed_full,Full,True,True,47.80433344467729,41.583884553161695,56.34792952389083,33.82209551505584,47.80433344467729,41.583884553161695,56.34792952389083,33.82209551505584
B002,I051_L2_v15_SOC064,kinematic_only_optimization,KINO,kinematic_only_optimization,KINO,KINO,proposed_full,Full,True,True,50.82305844503329,43.772267324977406,43.77215220927555,-0.00020473076308385045,50.82305844503329,43.772267324977406,43.77215220927555,-0.00020473076308385045
B002,I052_L2_v16_SOC056,constant_rule_following,RF,constant_rule_following,RF,RF,proposed_full,Full,True,True,50.954924585087575,45.36067545569016,47.346557732867346,3.771609588413959,50.954924585087575,45.36067545569016,47.346557732867346,3.771609588413959
B002,I052_L2_v16_SOC056,hcs_i_nlc,HCS-i NLC,hcs_i_nlc,HCS-i,HCS-i NLC,proposed_full,Full,True,True,45.73279168264439,38.77036347512407,55.0903169228084,36.33949814260165,45.73279168264439,38.77036347512407,55.0903169228084,36.33949814260165
B002,I052_L2_v16_SOC056,oeac_i,OEAC-i,oeac_i,OEAC-i,OEAC-i,proposed_full,Full,True,True,47.441460746646285,41.95341732489048,56.62406687385346,33.822095553074455,47.441460746646285,41.95341732489048,56.62406687385346,33.822095553074455
B002,I052_L2_v16_SOC056,kinematic_only_optimization,KINO,kinematic_only_optimization,KINO,KINO,proposed_full,Full,True,True,50.48117241041297,44.12795667105067,44.127842299429,-0.0002047023533293344,50.48117241041297,44.12795667105067,44.127842299429,-0.0002047023533293344
B002,I053_L2_v16_SOC060,constant_rule_following,RF,constant_rule_following,RF,RF,proposed_full,Full,True,True,38.328829846774276,30.709667647391065,33.2280447814135,3.771609092137887,38.328829846774276,30.709667647391065,33.2280447814135,3.771609092137887
B002,I053_L2_v16_SOC060,hcs_i_nlc,HCS-i NLC,hcs_i_nlc,HCS-i,HCS-i NLC,proposed_full,Full,True,True,31.76231844751951,22.352227081476155,43.04821834634345,36.33949749057331,31.76231844751951,22.352227081476155,43.04821834634345,36.33949749057331
B002,I053_L2_v16_SOC060,oeac_i,OEAC-i,oeac_i,OEAC-i,OEAC-i,proposed_full,Full,True,True,33.91086485488365,26.388786116310243,44.993228561024445,33.8220949130853,33.91086485488365,26.388786116310243,44.993228561024445,33.8220949130853
B002,I053_L2_v16_SOC060,kinematic_only_optimization,KINO,kinematic_only_optimization,KINO,KINO,proposed_full,Full,True,True,37.7331155833615,29.146407211846938,29.14626183372812,-0.00020518059112298404,37.7331155833615,29.146407211846938,29.14626183372812,-0.00020518059112298404
B002,I054_L2_v16_SOC064,constant_rule_following,RF,constant_rule_following,RF,RF,proposed_full,Full,True,True,51.29353975768882,45.012833772102034,47.01135844224295,3.771609558932639,51.29353975768882,45.012833772102034,47.01135844224295,3.771609558932639
B002,I054_L2_v16_SOC064,hcs_i_nlc,HCS-i NLC,hcs_i_nlc,HCS-i,HCS-i NLC,proposed_full,Full,True,True,46.10746130962557,38.380566931482136,54.80441550285436,36.339498103867854,46.10746130962557,38.380566931482136,54.80441550285436,36.339498103867854
B002,I054_L2_v16_SOC064,oeac_i,OEAC-i,oeac_i,OEAC-i,OEAC-i,proposed_full,Full,True,True,47.80433344467729,41.583884553161695,56.34792952389083,33.82209551505584,47.80433344467729,41.583884553161695,56.34792952389083,33.82209551505584
B002,I054_L2_v16_SOC064,kinematic_only_optimization,KINO,kinematic_only_optimization,KINO,KINO,proposed_full,Full,True,True,50.82305844503329,43.772267324977406,43.77215220927555,-0.00020473076308385045,50.82305844503329,43.772267324977406,43.77215220927555,-0.00020473076308385045
B002,I055_L3_v8_SOC056,constant_rule_following,RF,constant_rule_following,RF,RF,proposed_full,Full,True,True,47.14454660007011,37.88881076466912,37.9567841162344,0.10955807270312103,47.14454660007011,37.88881076466912,37.9567841162344,0.10955807270312103
B002,I055_L3_v8_SOC056,hcs_i_nlc,HCS-i NLC,hcs_i_nlc,HCS-i,HCS-i NLC,proposed_full,Full,True,True,35.80897033801787,24.114694823233087,44.65373377197611,37.1100714619541,35.80897033801787,24.114694823233087,44.65373377197611,37.1100714619541
B002,I055_L3_v8_SOC056,oeac_i,OEAC-i,oeac_i,OEAC-i,OEAC-i,proposed_full,Full,True,True,43.23363947949882,34.35598778409996,50.94677233911069,33.822003864261,43.23363947949882,34.35598778409996,50.94677233911069,33.822003864261
B002,I055_L3_v8_SOC056,kinematic_only_optimization,KINO,kinematic_only_optimization,KINO,KINO,proposed_full,Full,True,True,45.9725500344983,36.25977980544003,36.25967075033658,-0.00017109278337692783,45.9725500344983,36.25977980544003,36.25967075033658,-0.00017109278337692783
B002,I056_L3_v8_SOC060,constant_rule_following,RF,constant_rule_following,RF,RF,proposed_full,Full,True,True,47.10408202442766,38.77521128702712,38.842215882118914,0.10956020735258261,47.10408202442766,38.77521128702712,38.842215882118914,0.10956020735258261
B002,I056_L3_v8_SOC060,hcs_i_nlc,HCS-i NLC,hcs_i_nlc,HCS-i,HCS-i NLC,proposed_full,Full,True,True,35.759827579641176,25.197668357890834,45.44359196264763,37.110074385570435,35.759827579641176,25.197668357890834,45.44359196264763,37.110074385570435
B002,I056_L3_v8_SOC060,oeac_i,OEAC-i,oeac_i,OEAC-i,OEAC-i,proposed_full,Full,True,True,43.190180828754734,35.29280589101764,51.646821254555135,33.82200671776544,43.190180828754734,35.29280589101764,51.646821254555135,33.82200671776544
B002,I056_L3_v8_SOC060,kinematic_only_optimization,KINO,kinematic_only_optimization,KINO,KINO,proposed_full,Full,True,True,45.93118821286457,37.169428536550356,37.16932237753983,-0.0001689604736849801,45.93118821286457,37.169428536550356,37.16932237753983,-0.0001689604736849801
B002,I057_L3_v8_SOC064,constant_rule_following,RF,constant_rule_following,RF,RF,proposed_full,Full,True,True,47.13111388875386,38.60190050249014,38.66909573748901,0.10956178749830033,47.13111388875386,38.60190050249014,38.66909573748901,0.10956178749830033
B002,I057_L3_v8_SOC064,hcs_i_nlc,HCS-i NLC,hcs_i_nlc,HCS-i,HCS-i NLC,proposed_full,Full,True,True,35.79265679769087,24.98592322892247,45.2891584201944,37.11007654973834,35.79265679769087,24.98592322892247,45.2891584201944,37.11007654973834
B002,I057_L3_v8_SOC064,oeac_i,OEAC-i,oeac_i,OEAC-i,OEAC-i,proposed_full,Full,True,True,43.21921284829435,35.1096373605587,51.509947274922524,33.822008830033944,43.21921284829435,35.1096373605587,51.509947274922524,33.822008830033944
B002,I057_L3_v8_SOC064,kinematic_only_optimization,KINO,kinematic_only_optimization,KINO,KINO,proposed_full,Full,True,True,45.95881947138973,36.99157221622417,36.99146675124328,-0.00016738205995044927,45.95881947138973,36.99157221622417,36.99146675124328,-0.00016738205995044927
B002,I058_L3_v9_SOC056,constant_rule_following,RF,constant_rule_following,RF,RF,proposed_full,Full,True,True,47.95661176601723,38.92794748395354,38.985319014471706,0.09402905922227937,47.95661176601723,38.92794748395354,38.985319014471706,0.09402905922227937
B002,I058_L3_v9_SOC056,hcs_i_nlc,HCS-i NLC,hcs_i_nlc,HCS-i,HCS-i NLC,proposed_full,Full,True,True,38.451440178209644,27.419371208443724,47.04422903952431,37.05895972268608,38.451440178209644,27.419371208443724,47.04422903952431,37.05895972268608
B002,I058_L3_v9_SOC056,oeac_i,OEAC-i,oeac_i,OEAC-i,OEAC-i,proposed_full,Full,True,True,44.17375882799662,35.55455469740423,51.84245272998973,33.82210879898498,44.17375882799662,35.55455469740423,51.84245272998973,33.82210879898498
B002,I058_L3_v9_SOC056,kinematic_only_optimization,KINO,kinematic_only_optimization,KINO,KINO,proposed_full,Full,True,True,47.17081948629654,37.701626953914115,37.70152903364588,-0.00015717924809427624,47.17081948629654,37.701626953914115,37.70152903364588,-0.00015717924809427624
B002,I059_L3_v9_SOC060,constant_rule_following,RF,constant_rule_following,RF,RF,proposed_full,Full,True,True,47.9840255644322,38.570219098498164,38.62792771242298,0.09403074032501478,47.9840255644322,38.570219098498164,38.62792771242298,0.09403074032501478
B002,I059_L3_v9_SOC060,hcs_i_nlc,HCS-i NLC,hcs_i_nlc,HCS-i,HCS-i NLC,proposed_full,Full,True,True,38.48386081546909,26.994231556454512,46.73404251344794,37.05896202462351,38.48386081546909,26.994231556454512,46.73404251344794,37.05896202462351
B002,I059_L3_v9_SOC060,oeac_i,OEAC-i,oeac_i,OEAC-i,OEAC-i,proposed_full,Full,True,True,44.20316524010173,35.17706672789489,51.56037162681418,33.82211104655873,44.20316524010173,35.17706672789489,51.56037162681418,33.82211104655873
B002,I059_L3_v9_SOC060,kinematic_only_optimization,KINO,kinematic_only_optimization,KINO,KINO,proposed_full,Full,True,True,47.19864719994423,37.33671541929004,37.33661797790192,-0.00015549972723886827,47.19864719994423,37.33671541929004,37.33661797790192,-0.00015549972723886827
B002,I060_L3_v9_SOC064,constant_rule_following,RF,constant_rule_following,RF,RF,proposed_full,Full,True,True,48.15060736963966,38.658492696824446,38.716117049603135,0.09402856020943179,48.15060736963966,38.658492696824446,38.716117049603135,0.09402856020943179
B002,I060_L3_v9_SOC064,hcs_i_nlc,HCS-i NLC,hcs_i_nlc,HCS-i,HCS-i NLC,proposed_full,Full,True,True,38.680867016466934,27.099139661033625,46.81058367150098,37.058959039386764,38.680867016466934,27.099139661033625,46.81058367150098,37.058959039386764
B002,I060_L3_v9_SOC064,oeac_i,OEAC-i,oeac_i,OEAC-i,OEAC-i,proposed_full,Full,True,True,44.38185529753167,35.27021623111659,51.62997753321844,33.82210813182278,44.38185529753167,35.27021623111659,51.62997753321844,33.82210813182278
B002,I060_L3_v9_SOC064,kinematic_only_optimization,KINO,kinematic_only_optimization,KINO,KINO,proposed_full,Full,True,True,47.367744189134044,37.42676154238711,37.42666287813115,-0.00015767779138195468,47.367744189134044,37.42676154238711,37.42666287813115,-0.00015767779138195468
B002,I061_L3_v10_SOC056,constant_rule_following,RF,constant_rule_following,RF,RF,proposed_full,Full,True,True,38.0687662460187,29.762411156811545,29.8284136993681,0.09405878652047284,38.0687662460187,29.762411156811545,29.8284136993681,0.09405878652047284
B002,I061_L3_v10_SOC056,hcs_i_nlc,HCS-i NLC,hcs_i_nlc,HCS-i,HCS-i NLC,proposed_full,Full,False,True,,,,,41.02684631192462,34.690853771675165,45.88693081411427,
B002,I061_L3_v10_SOC056,oeac_i,OEAC-i,oeac_i,OEAC-i,OEAC-i,proposed_full,Full,True,True,33.12452656764668,25.251641397013458,44.14350306055595,33.82213833428152,33.12452656764668,25.251641397013458,44.14350306055595,33.82213833428152
B002,I061_L3_v10_SOC056,kinematic_only_optimization,KINO,kinematic_only_optimization,KINO,KINO,proposed_full,Full,True,True,36.71458886535049,27.74172325523818,27.741592488272534,-0.0001809712809441009,36.71458886535049,27.74172325523818,27.741592488272534,-0.0001809712809441009
B002,I062_L3_v10_SOC060,constant_rule_following,RF,constant_rule_following,RF,RF,proposed_full,Full,True,True,38.77250508415735,30.82502571921798,30.890029847911073,0.0940589737631733,38.77250508415735,30.82502571921798,30.890029847911073,0.0940589737631733
B002,I062_L3_v10_SOC060,hcs_i_nlc,HCS-i NLC,hcs_i_nlc,HCS-i,HCS-i NLC,proposed_full,Full,False,True,,,,,41.69697180664158,35.67890662177353,46.705599895483495,
B002,I062_L3_v10_SOC060,oeac_i,OEAC-i,oeac_i,OEAC-i,OEAC-i,proposed_full,Full,True,True,33.88444793721299,26.38249875808892,44.988548217407725,33.82213858461824,33.88444793721299,26.38249875808892,44.988548217407725,33.82213858461824
B002,I062_L3_v10_SOC060,kinematic_only_optimization,KINO,kinematic_only_optimization,KINO,KINO,proposed_full,Full,True,True,37.4337155321943,28.834908519538782,28.834779864054546,-0.00018078421453488204,37.4337155321943,28.834908519538782,28.834779864054546,-0.00018078421453488204
B002,I063_L3_v10_SOC064,constant_rule_following,RF,constant_rule_following,RF,RF,proposed_full,Full,True,True,50.37479051763523,39.1617572140473,39.21892744214873,0.09405926170029362,50.37479051763523,39.1617572140473,39.21892744214873,0.09405926170029362
B002,I063_L3_v10_SOC064,hcs_i_nlc,HCS-i NLC,hcs_i_nlc,HCS-i,HCS-i NLC,proposed_full,Full,False,True,,,,,52.74508631247319,43.430664978365954,53.128458997288945,
B002,I063_L3_v10_SOC064,oeac_i,OEAC-i,oeac_i,OEAC-i,OEAC-i,proposed_full,Full,True,True,46.412994265603395,35.25462841993661,51.618340523774464,33.82213896957976,46.412994265603395,35.25462841993661,51.618340523774464,33.82213896957976
B002,I063_L3_v10_SOC064,kinematic_only_optimization,KINO,kinematic_only_optimization,KINO,KINO,proposed_full,Full,True,True,49.28969448258943,37.411482138047454,37.41136916772905,-0.00018049654851082743,49.28969448258943,37.411482138047454,37.41136916772905,-0.00018049654851082743
B002,I064_L3_v11_SOC056,constant_rule_following,RF,constant_rule_following,RF,RF,proposed_full,Full,True,True,51.496287402341274,39.59386142197065,39.62067398180421,0.04440685513031231,51.496287402341274,39.59386142197065,39.62067398180421,0.04440685513031231
B002,I064_L3_v11_SOC056,hcs_i_nlc,HCS-i NLC,hcs_i_nlc,HCS-i,HCS-i NLC,proposed_full,Full,False,True,,,,,54.01488229287795,44.1577517852869,53.73090276697022,
B002,I064_L3_v11_SOC056,oeac_i,OEAC-i,oeac_i,OEAC-i,OEAC-i,proposed_full,Full,True,True,47.622513035142326,35.81040375686644,52.033647839724956,33.82213437588513,47.622513035142326,35.81040375686644,52.033647839724956,33.82213437588513
B002,I064_L3_v11_SOC056,kinematic_only_optimization,KINO,kinematic_only_optimization,KINO,KINO,proposed_full,Full,True,True,50.65234096919388,38.215933623728844,38.215815417196566,-0.00019132166763619638,50.65234096919388,38.215933623728844,38.215815417196566,-0.00019132166763619638
B002,I065_L3_v11_SOC060,constant_rule_following,RF,constant_rule_following,RF,RF,proposed_full,Full,True,True,39.98054712841313,31.174051001453257,31.204600747888353,0.04440667074717167,39.98054712841313,31.174051001453257,31.204600747888353,0.04440667074717167
B002,I065_L3_v11_SOC060,hcs_i_nlc,HCS-i NLC,hcs_i_nlc,HCS-i,HCS-i NLC,proposed_full,Full,False,True,,,,,43.09710623779731,36.374086838453636,47.28160734649794,
B002,I065_L3_v11_SOC060,oeac_i,OEAC-i,oeac_i,OEAC-i,OEAC-i,proposed_full,Full,True,True,35.1870621431322,26.863229776549897,45.34777770558304,33.82213412924919,35.1870621431322,26.863229776549897,45.34777770558304,33.82213412924919
B002,I065_L3_v11_SOC060,kinematic_only_optimization,KINO,kinematic_only_optimization,KINO,KINO,proposed_full,Full,True,True,38.93623112747924,29.60405843781728,29.60392362512938,-0.000191505968581821,38.93623112747924,29.60405843781728,29.60392362512938,-0.000191505968581821
B002,I066_L3_v11_SOC064,constant_rule_following,RF,constant_rule_following,RF,RF,proposed_full,Full,True,True,41.18081978354083,32.18546949518153,32.21557036720851,0.044406764488596075,41.18081978354083,32.18546949518153,32.21557036720851,0.044406764488596075
B002,I066_L3_v11_SOC064,hcs_i_nlc,HCS-i NLC,hcs_i_nlc,HCS-i,HCS-i NLC,proposed_full,Full,False,True,,,,,44.23505375502203,37.309089205849915,48.056320393176655,
B002,I066_L3_v11_SOC064,oeac_i,OEAC-i,oeac_i,OEAC-i,OEAC-i,proposed_full,Full,True,True,36.48319520143465,27.937997114332845,46.150908975531905,33.82213425464029,36.48319520143465,27.937997114332845,46.150908975531905,33.82213425464029
B002,I066_L3_v11_SOC064,kinematic_only_optimization,KINO,kinematic_only_optimization,KINO,KINO,proposed_full,Full,True,True,40.157388077269125,30.63854845525111,30.63841568866881,-0.00019141226894581756,40.157388077269125,30.63854845525111,30.63841568866881,-0.00019141226894581756
B002,I067_L3_v12_SOC056,constant_rule_following,RF,constant_rule_following,RF,RF,proposed_full,Full,True,True,38.349777602984446,30.14048922939822,30.15901191405737,0.026521223663624548,38.349777602984446,30.14048922939822,30.15901191405737,0.026521223663624548
B002,I067_L3_v12_SOC056,hcs_i_nlc,HCS-i NLC,hcs_i_nlc,HCS-i,HCS-i NLC,proposed_full,Full,False,True,,,,,42.532920852328296,36.60330654939539,47.471532274378795,
B002,I067_L3_v12_SOC056,oeac_i,OEAC-i,oeac_i,OEAC-i,OEAC-i,proposed_full,Full,True,True,34.54498491038977,27.12741127538308,45.54517919026588,33.8221072827229,34.54498491038977,27.12741127538308,45.54517919026588,33.8221072827229
B002,I067_L3_v12_SOC056,kinematic_only_optimization,KINO,kinematic_only_optimization,KINO,KINO,proposed_full,Full,True,True,38.33079116297574,29.857667959072984,29.857525194928016,-0.00020353451366692337,38.33079116297574,29.857667959072984,29.857525194928016,-0.00020353451366692337
B002,I068_L3_v12_SOC060,constant_rule_following,RF,constant_rule_following,RF,RF,proposed_full,Full,True,True,51.93586896109584,40.25590912447779,40.27174978869129,0.02652122598177898,51.93586896109584,40.25590912447779,40.27174978869129,0.02652122598177898
B002,I068_L3_v12_SOC060,hcs_i_nlc,HCS-i NLC,hcs_i_nlc,HCS-i,HCS-i NLC,proposed_full,Full,False,True,,,,,55.19715720100174,45.7829324462657,55.077475999168314,
B002,I068_L3_v12_SOC060,oeac_i,OEAC-i,oeac_i,OEAC-i,OEAC-i,proposed_full,Full,True,True,48.96955274288235,37.679114624859466,53.4300522991823,33.82210728582428,48.96955274288235,37.679114624859466,53.4300522991823,33.82210728582428
B002,I068_L3_v12_SOC060,kinematic_only_optimization,KINO,kinematic_only_optimization,KINO,KINO,proposed_full,Full,True,True,51.92106663427431,40.01403941354714,40.0139173225557,-0.00020353219613184802,51.92106663427431,40.01403941354714,40.0139173225557,-0.00020353219613184802
B002,I069_L3_v12_SOC064,constant_rule_following,RF,constant_rule_following,RF,RF,proposed_full,Full,True,True,51.93125103518713,39.26588470902724,39.28200669647088,0.026552240228111413,51.93125103518713,39.26588470902724,39.28200669647088,0.026552240228111413
B002,I069_L3_v12_SOC064,hcs_i_nlc,HCS-i NLC,hcs_i_nlc,HCS-i,HCS-i NLC,proposed_full,Full,False,True,,,,,55.19285261452376,44.88449680475323,54.33307518954087,
B002,I069_L3_v12_SOC064,oeac_i,OEAC-i,oeac_i,OEAC-i,OEAC-i,proposed_full,Full,True,True,48.964649817989546,36.646389928413164,52.65835241045488,33.82214877873785,48.964649817989546,36.646389928413164,52.65835241045488,33.82214877873785
B002,I069_L3_v12_SOC064,kinematic_only_optimization,KINO,kinematic_only_optimization,KINO,KINO,proposed_full,Full,True,True,51.91644728618138,39.02000695452827,39.01990174786,-0.00017252623608412352,51.91644728618138,39.02000695452827,39.01990174786,-0.00017252623608412352
B002,I070_L3_v13_SOC056,constant_rule_following,RF,constant_rule_following,RF,RF,proposed_full,Full,True,True,39.297065222602825,30.844190747372398,30.82785029967602,-0.02362287100685046,39.297065222602825,30.844190747372398,30.82785029967602,-0.02362287100685046
B002,I070_L3_v13_SOC056,hcs_i_nlc,HCS-i NLC,hcs_i_nlc,HCS-i,HCS-i NLC,proposed_full,Full,False,True,,,,,43.43302590088523,37.30528793293031,48.05317212595781,
B002,I070_L3_v13_SOC056,oeac_i,OEAC-i,oeac_i,OEAC-i,OEAC-i,proposed_full,Full,True,True,35.57073957168543,27.93501817722325,46.14866084369695,33.822079361125574,35.57073957168543,27.93501817722325,46.14866084369695,33.822079361125574
B002,I070_L3_v13_SOC056,kinematic_only_optimization,KINO,kinematic_only_optimization,KINO,KINO,proposed_full,Full,True,True,39.29671403634953,30.634342713077622,30.634200061348757,-0.00020565138581613173,39.29671403634953,30.634342713077622,30.634200061348757,-0.00020565138581613173
B002,I071_L3_v13_SOC060,constant_rule_following,RF,constant_rule_following,RF,RF,proposed_full,Full,True,True,53.47948779779034,41.81148866464097,41.797740507855366,-0.023621345469339496,53.47948779779034,41.81148866464097,41.797740507855366,-0.023621345469339496
B002,I071_L3_v13_SOC060,hcs_i_nlc,HCS-i NLC,hcs_i_nlc,HCS-i,HCS-i NLC,proposed_full,Full,False,True,,,,,56.64913700680255,47.24793183382287,56.29132868044124,
B002,I071_L3_v13_SOC060,oeac_i,OEAC-i,oeac_i,OEAC-i,OEAC-i,proposed_full,Full,True,True,50.62376791293468,39.36367664560647,54.6888505105985,33.82208140311397,50.62376791293468,39.36367664560647,54.6888505105985,33.82208140311397
B002,I071_L3_v13_SOC060,kinematic_only_optimization,KINO,kinematic_only_optimization,KINO,KINO,proposed_full,Full,True,True,53.479218661471954,41.63492006029339,41.6348009220442,-0.0002041254909822888,53.479218661471954,41.63492006029339,41.6348009220442,-0.0002041254909822888
B002,I072_L3_v13_SOC064,constant_rule_following,RF,constant_rule_following,RF,RF,proposed_full,Full,True,True,36.734956059332056,29.310144482967996,29.29344156720451,-0.023622866299406516,36.734956059332056,29.310144482967996,29.29344156720451,-0.023622866299406516
B002,I072_L3_v13_SOC064,hcs_i_nlc,HCS-i NLC,hcs_i_nlc,HCS-i,HCS-i NLC,proposed_full,Full,False,True,,,,,41.04548461957296,35.91456472567143,46.900863477759884,
B002,I072_L3_v13_SOC064,oeac_i,OEAC-i,oeac_i,OEAC-i,OEAC-i,proposed_full,Full,True,True,32.85135212968635,26.336439296369484,44.9541054422139,33.82207936742666,32.85135212968635,26.336439296369484,44.9541054422139,33.82207936742666
B002,I072_L3_v13_SOC064,kinematic_only_optimization,KINO,kinematic_only_optimization,KINO,KINO,proposed_full,Full,True,True,36.734590050442584,29.09564150216068,29.095495689403528,-0.00020564667726957566,36.734590050442584,29.09564150216068,29.095495689403528,-0.00020564667726957566
B002,I073_L3_v14_SOC056,constant_rule_following,RF,constant_rule_following,RF,RF,proposed_full,Full,True,True,53.50829179100541,42.001514759974796,41.98666384795766,-0.025599134616600152,53.50829179100541,42.001514759974796,41.98666384795766,-0.025599134616600152
B002,I073_L3_v14_SOC056,hcs_i_nlc,HCS-i NLC,hcs_i_nlc,HCS-i,HCS-i NLC,proposed_full,Full,False,True,,,,,56.67597845597009,47.42020414848356,56.43406737137201,
B002,I073_L3_v14_SOC056,oeac_i,OEAC-i,oeac_i,OEAC-i,OEAC-i,proposed_full,Full,True,True,50.65437499288302,39.56174663164004,54.8368589610514,33.822076981399825,50.65437499288302,39.56174663164004,54.8368589610514,33.822076981399825
B002,I073_L3_v14_SOC056,kinematic_only_optimization,KINO,kinematic_only_optimization,KINO,KINO,proposed_full,Full,True,True,53.50802282132751,41.825522775335685,41.82540313780038,-0.00020565253867377642,53.50802282132751,41.825522775335685,41.82540313780038,-0.00020565253867377642
B002,I074_L3_v14_SOC060,constant_rule_following,RF,constant_rule_following,RF,RF,proposed_full,Full,True,True,53.641298909523954,41.546264673982535,41.531297246618536,-0.0255990412975802,53.641298909523954,41.546264673982535,41.531297246618536,-0.0255990412975802
B002,I074_L3_v14_SOC060,hcs_i_nlc,HCS-i NLC,hcs_i_nlc,HCS-i,HCS-i NLC,proposed_full,Full,False,True,,,,,56.79992320849033,47.00748722176046,56.09210340254811,
B002,I074_L3_v14_SOC060,oeac_i,OEAC-i,oeac_i,OEAC-i,OEAC-i,proposed_full,Full,True,True,50.79554682000086,39.08734596532436,54.48235795482059,33.82207710631325,50.79554682000086,39.08734596532436,54.48235795482059,33.82207710631325
B002,I074_L3_v14_SOC060,kinematic_only_optimization,KINO,kinematic_only_optimization,KINO,KINO,proposed_full,Full,True,True,53.64103070933556,41.36889126764233,41.36877074575891,-0.00020555919595080776,53.64103070933556,41.36889126764233,41.36877074575891,-0.00020555919595080776
B002,I075_L3_v14_SOC064,constant_rule_following,RF,constant_rule_following,RF,RF,proposed_full,Full,True,True,53.756030187568214,41.11310913717024,41.09806209845469,-0.025545914534600884,53.756030187568214,41.11310913717024,41.09806209845469,-0.025545914534600884
B002,I075_L3_v14_SOC064,hcs_i_nlc,HCS-i NLC,hcs_i_nlc,HCS-i,HCS-i NLC,proposed_full,Full,False,True,,,,,56.906837334755984,46.61480059204436,55.766759360485196,
B002,I075_L3_v14_SOC064,oeac_i,OEAC-i,oeac_i,OEAC-i,OEAC-i,proposed_full,Full,True,True,50.917320935021735,38.63596927896044,54.14508619288857,33.82214821985536,50.917320935021735,38.63596927896044,54.14508619288857,33.82214821985536
B002,I075_L3_v14_SOC064,kinematic_only_optimization,KINO,kinematic_only_optimization,KINO,KINO,proposed_full,Full,True,True,53.75576265113764,40.934421353355084,40.93433132608971,-0.00015241893878206072,53.75576265113764,40.934421353355084,40.93433132608971,-0.00015241893878206072
B002,I076_L3_v15_SOC056,constant_rule_following,RF,constant_rule_following,RF,RF,proposed_full,Full,True,True,53.50829179100541,42.001514759974796,41.98666384795766,-0.025599134616600152,53.50829179100541,42.001514759974796,41.98666384795766,-0.025599134616600152
B002,I076_L3_v15_SOC056,hcs_i_nlc,HCS-i NLC,hcs_i_nlc,HCS-i,HCS-i NLC,proposed_full,Full,False,True,,,,,56.67597845597009,47.42020414848356,56.43406737137201,
B002,I076_L3_v15_SOC056,oeac_i,OEAC-i,oeac_i,OEAC-i,OEAC-i,proposed_full,Full,True,True,50.65437499288302,39.56174663164004,54.8368589610514,33.822076981399825,50.65437499288302,39.56174663164004,54.8368589610514,33.822076981399825
B002,I076_L3_v15_SOC056,kinematic_only_optimization,KINO,kinematic_only_optimization,KINO,KINO,proposed_full,Full,True,True,53.50802282132751,41.825522775335685,41.82540313780038,-0.00020565253867377642,53.50802282132751,41.825522775335685,41.82540313780038,-0.00020565253867377642
B002,I077_L3_v15_SOC060,constant_rule_following,RF,constant_rule_following,RF,RF,proposed_full,Full,True,True,53.641298909523954,41.546264673982535,41.531297246618536,-0.0255990412975802,53.641298909523954,41.546264673982535,41.531297246618536,-0.0255990412975802
B002,I077_L3_v15_SOC060,hcs_i_nlc,HCS-i NLC,hcs_i_nlc,HCS-i,HCS-i NLC,proposed_full,Full,False,True,,,,,56.79992320849033,47.00748722176046,56.09210340254811,
B002,I077_L3_v15_SOC060,oeac_i,OEAC-i,oeac_i,OEAC-i,OEAC-i,proposed_full,Full,True,True,50.79554682000086,39.08734596532436,54.48235795482059,33.82207710631325,50.79554682000086,39.08734596532436,54.48235795482059,33.82207710631325
B002,I077_L3_v15_SOC060,kinematic_only_optimization,KINO,kinematic_only_optimization,KINO,KINO,proposed_full,Full,True,True,53.64103070933556,41.36889126764233,41.36877074575891,-0.00020555919595080776,53.64103070933556,41.36889126764233,41.36877074575891,-0.00020555919595080776
B002,I078_L3_v15_SOC064,constant_rule_following,RF,constant_rule_following,RF,RF,proposed_full,Full,True,True,53.756030187568214,41.11310913717024,41.09806209845469,-0.025545914534600884,53.756030187568214,41.11310913717024,41.09806209845469,-0.025545914534600884
B002,I078_L3_v15_SOC064,hcs_i_nlc,HCS-i NLC,hcs_i_nlc,HCS-i,HCS-i NLC,proposed_full,Full,False,True,,,,,56.906837334755984,46.61480059204436,55.766759360485196,
B002,I078_L3_v15_SOC064,oeac_i,OEAC-i,oeac_i,OEAC-i,OEAC-i,proposed_full,Full,True,True,50.917320935021735,38.63596927896044,54.14508619288857,33.82214821985536,50.917320935021735,38.63596927896044,54.14508619288857,33.82214821985536
B002,I078_L3_v15_SOC064,kinematic_only_optimization,KINO,kinematic_only_optimization,KINO,KINO,proposed_full,Full,True,True,53.75576265113764,40.934421353355084,40.93433132608971,-0.00015241893878206072,53.75576265113764,40.934421353355084,40.93433132608971,-0.00015241893878206072
B002,I079_L3_v16_SOC056,constant_rule_following,RF,constant_rule_following,RF,RF,proposed_full,Full,True,True,53.50829179100541,42.001514759974796,41.98666384795766,-0.025599134616600152,53.50829179100541,42.001514759974796,41.98666384795766,-0.025599134616600152
B002,I079_L3_v16_SOC056,hcs_i_nlc,HCS-i NLC,hcs_i_nlc,HCS-i,HCS-i NLC,proposed_full,Full,False,True,,,,,56.67597845597009,47.42020414848356,56.43406737137201,
B002,I079_L3_v16_SOC056,oeac_i,OEAC-i,oeac_i,OEAC-i,OEAC-i,proposed_full,Full,True,True,50.65437499288302,39.56174663164004,54.8368589610514,33.822076981399825,50.65437499288302,39.56174663164004,54.8368589610514,33.822076981399825
B002,I079_L3_v16_SOC056,kinematic_only_optimization,KINO,kinematic_only_optimization,KINO,KINO,proposed_full,Full,True,True,53.50802282132751,41.825522775335685,41.82540313780038,-0.00020565253867377642,53.50802282132751,41.825522775335685,41.82540313780038,-0.00020565253867377642
B002,I080_L3_v16_SOC060,constant_rule_following,RF,constant_rule_following,RF,RF,proposed_full,Full,True,True,53.641298909523954,41.546264673982535,41.531297246618536,-0.0255990412975802,53.641298909523954,41.546264673982535,41.531297246618536,-0.0255990412975802
B002,I080_L3_v16_SOC060,hcs_i_nlc,HCS-i NLC,hcs_i_nlc,HCS-i,HCS-i NLC,proposed_full,Full,False,True,,,,,56.79992320849033,47.00748722176046,56.09210340254811,
B002,I080_L3_v16_SOC060,oeac_i,OEAC-i,oeac_i,OEAC-i,OEAC-i,proposed_full,Full,True,True,50.79554682000086,39.08734596532436,54.48235795482059,33.82207710631325,50.79554682000086,39.08734596532436,54.48235795482059,33.82207710631325
B002,I080_L3_v16_SOC060,kinematic_only_optimization,KINO,kinematic_only_optimization,KINO,KINO,proposed_full,Full,True,True,53.64103070933556,41.36889126764233,41.36877074575891,-0.00020555919595080776,53.64103070933556,41.36889126764233,41.36877074575891,-0.00020555919595080776
B002,I081_L3_v16_SOC064,constant_rule_following,RF,constant_rule_following,RF,RF,proposed_full,Full,True,True,53.756030187568214,41.11310913717024,41.09806209845469,-0.025545914534600884,53.756030187568214,41.11310913717024,41.09806209845469,-0.025545914534600884
B002,I081_L3_v16_SOC064,hcs_i_nlc,HCS-i NLC,hcs_i_nlc,HCS-i,HCS-i NLC,proposed_full,Full,False,True,,,,,56.906837334755984,46.61480059204436,55.766759360485196,
B002,I081_L3_v16_SOC064,oeac_i,OEAC-i,oeac_i,OEAC-i,OEAC-i,proposed_full,Full,True,True,50.917320935021735,38.63596927896044,54.14508619288857,33.82214821985536,50.917320935021735,38.63596927896044,54.14508619288857,33.82214821985536
B002,I081_L3_v16_SOC064,kinematic_only_optimization,KINO,kinematic_only_optimization,KINO,KINO,proposed_full,Full,True,True,53.75576265113764,40.934421353355084,40.93433132608971,-0.00015241893878206072,53.75576265113764,40.934421353355084,40.93433132608971,-0.00015241893878206072
B003,I001_L1_v8_SOC056,constant_rule_following,RF,constant_rule_following,RF,RF,proposed_full,Full,True,True,36.795066854178586,32.441513857439894,40.77810573860163,14.076874752376227,36.795066854178586,32.441513857439894,40.77810573860163,14.076874752376227
B003,I001_L1_v8_SOC056,hcs_i_nlc,HCS-i NLC,hcs_i_nlc,HCS-i,HCS-i NLC,proposed_full,Full,True,True,26.49908134483196,16.511329172307153,39.648863118761255,38.33819069885132,26.49908134483196,16.511329172307153,39.648863118761255,38.33819069885132
B003,I001_L1_v8_SOC056,oeac_i,OEAC-i,oeac_i,OEAC-i,OEAC-i,proposed_full,Full,True,True,30.936716547732242,22.836551672464296,42.51667763048383,34.23623608863647,30.936716547732242,22.836551672464296,42.51667763048383,34.23623608863647
B003,I001_L1_v8_SOC056,kinematic_only_optimization,KINO,kinematic_only_optimization,KINO,KINO,proposed_full,Full,True,True,34.767934693538294,25.903804640422525,25.903696298669296,-0.00014621748699780336,34.767934693538294,25.903804640422525,25.903696298669296,-0.00014621748699780336
B003,I002_L1_v8_SOC060,constant_rule_following,RF,constant_rule_following,RF,RF,proposed_full,Full,True,True,50.233742144141345,42.63361515052321,49.712520353220796,14.076874109460313,50.233742144141345,42.63361515052321,49.712520353220796,14.076874109460313
B003,I002_L1_v8_SOC060,hcs_i_nlc,HCS-i NLC,hcs_i_nlc,HCS-i,HCS-i NLC,proposed_full,Full,True,True,42.12689598141893,29.106711906389386,48.75363908186449,38.33818991920318,42.12689598141893,29.106711906389386,48.75363908186449,38.33818991920318
B003,I002_L1_v8_SOC060,oeac_i,OEAC-i,oeac_i,OEAC-i,OEAC-i,proposed_full,Full,True,True,45.62099821024743,34.47768998658048,51.18880542849363,34.23623533210617,45.62099821024743,34.47768998658048,51.18880542849363,34.23623533210617
B003,I002_L1_v8_SOC060,kinematic_only_optimization,KINO,kinematic_only_optimization,KINO,KINO,proposed_full,Full,True,True,48.63762018350925,37.08220681692052,37.08211446537651,-0.00014678106745694892,48.63762018350925,37.08220681692052,37.08211446537651,-0.00014678106745694892
B003,I003_L1_v8_SOC064,constant_rule_following,RF,constant_rule_following,RF,RF,proposed_full,Full,True,True,50.25175040849609,42.55640801827178,49.64483640438598,14.076864972655148,50.25175040849609,42.55640801827178,49.64483640438598,14.076864972655148
B003,I003_L1_v8_SOC064,hcs_i_nlc,HCS-i NLC,hcs_i_nlc,HCS-i,HCS-i NLC,proposed_full,Full,True,True,42.14783776408653,29.011299453888792,48.684664536018936,38.33817883922664,42.14783776408653,29.011299453888792,48.684664536018936,38.33817883922664
B003,I003_L1_v8_SOC064,oeac_i,OEAC-i,oeac_i,OEAC-i,OEAC-i,proposed_full,Full,True,True,45.64067562787473,34.38950611953189,51.123108471335506,34.236224580669145,45.64067562787473,34.38950611953189,51.123108471335506,34.236224580669145
B003,I003_L1_v8_SOC064,kinematic_only_optimization,KINO,kinematic_only_optimization,KINO,KINO,proposed_full,Full,True,True,48.656206015626736,36.99752826532624,36.99743074339974,-0.00015479039609871557,48.656206015626736,36.99752826532624,36.99743074339974,-0.00015479039609871557
B003,I004_L1_v9_SOC056,constant_rule_following,RF,constant_rule_following,RF,RF,proposed_full,Full,True,True,39.28726934258246,34.21655032201879,42.345600309427375,14.099617775983571,39.28726934258246,34.21655032201879,42.345600309427375,14.099617775983571
B003,I004_L1_v9_SOC056,hcs_i_nlc,HCS-i NLC,hcs_i_nlc,HCS-i,HCS-i NLC,proposed_full,Full,True,True,29.691206200932204,19.083632466706412,41.49386346967124,38.30406916605695,29.691206200932204,19.083632466706412,41.49386346967124,38.30406916605695
B003,I004_L1_v9_SOC056,oeac_i,OEAC-i,oeac_i,OEAC-i,OEAC-i,proposed_full,Full,True,True,33.64365882167904,24.855748252351177,44.02089238962727,34.23624447654623,33.64365882167904,24.855748252351177,44.02089238962727,34.23624447654623
B003,I004_L1_v9_SOC056,kinematic_only_optimization,KINO,kinematic_only_optimization,KINO,KINO,proposed_full,Full,True,True,37.60094550332726,28.18672381420187,28.186579990430808,-0.0002002742259628892,37.60094550332726,28.18672381420187,28.186579990430808,-0.0002002742259628892
B003,I005_L1_v9_SOC060,constant_rule_following,RF,constant_rule_following,RF,RF,proposed_full,Full,True,True,50.786378732500786,43.931645493531555,50.86017312673836,14.099617507966444,50.786378732500786,43.931645493531555,50.86017312673836,14.099617507966444
B003,I005_L1_v9_SOC060,hcs_i_nlc,HCS-i NLC,hcs_i_nlc,HCS-i,HCS-i NLC,proposed_full,Full,True,True,43.007828632737045,31.033601879486792,50.13422331073429,38.30406884118417,43.007828632737045,31.033601879486792,50.13422331073429,38.30406884118417
B003,I005_L1_v9_SOC060,oeac_i,OEAC-i,oeac_i,OEAC-i,OEAC-i,proposed_full,Full,True,True,46.21167903196801,35.95327446744228,52.28805310164043,34.236244161228676,46.21167903196801,35.95327446744228,52.28805310164043,34.236244161228676
B003,I005_L1_v9_SOC060,kinematic_only_optimization,KINO,kinematic_only_optimization,KINO,KINO,proposed_full,Full,True,True,49.41944791155407,38.792321668044465,38.792198940819375,-0.00020050912297339284,49.41944791155407,38.792321668044465,38.792198940819375,-0.00020050912297339284
B003,I006_L1_v9_SOC064,constant_rule_following,RF,constant_rule_following,RF,RF,proposed_full,Full,True,True,50.60988697091606,44.20883323192753,51.10310785807252,14.09961722338869,50.60988697091606,44.20883323192753,51.10310785807252,14.09961722338869
B003,I006_L1_v9_SOC064,hcs_i_nlc,HCS-i NLC,hcs_i_nlc,HCS-i,HCS-i NLC,proposed_full,Full,True,True,42.80344113874481,31.37455427747692,50.38074695222005,38.30406849623769,42.80344113874481,31.37455427747692,50.38074695222005,38.30406849623769
B003,I006_L1_v9_SOC064,oeac_i,OEAC-i,oeac_i,OEAC-i,OEAC-i,proposed_full,Full,True,True,46.01878130821115,36.269905250676494,52.523928759710564,34.23624382642783,46.01878130821115,36.269905250676494,52.523928759710564,34.23624382642783
B003,I006_L1_v9_SOC064,kinematic_only_optimization,KINO,kinematic_only_optimization,KINO,KINO,proposed_full,Full,True,True,49.23805401063596,39.094916921260705,39.09479464886323,-0.00020075853413471835,49.23805401063596,39.094916921260705,39.09479464886323,-0.00020075853413471835
B003,I007_L1_v10_SOC056,constant_rule_following,RF,constant_rule_following,RF,RF,proposed_full,Full,True,True,52.18371626154087,43.830112023853246,50.77121998421548,14.099695255776524,52.18371626154087,43.830112023853246,50.77121998421548,14.099695255776524
B003,I007_L1_v10_SOC056,hcs_i_nlc,HCS-i NLC,hcs_i_nlc,HCS-i,HCS-i NLC,proposed_full,Full,True,True,47.08347945033012,34.04726167434299,52.337341824973414,38.37402455285997,47.08347945033012,34.04726167434299,52.337341824973414,38.37402455285997
B003,I007_L1_v10_SOC056,oeac_i,OEAC-i,oeac_i,OEAC-i,OEAC-i,proposed_full,Full,True,True,47.948207351110646,36.16431671188262,52.445273555488285,34.23625380876238,47.948207351110646,36.16431671188262,52.445273555488285,34.23625380876238
B003,I007_L1_v10_SOC056,kinematic_only_optimization,KINO,kinematic_only_optimization,KINO,KINO,proposed_full,Full,True,True,51.052218491555315,38.99371704876723,38.99358283087073,-0.00022000619399905556,51.052218491555315,38.99371704876723,38.99358283087073,-0.00022000619399905556
B003,I008_L1_v10_SOC060,constant_rule_following,RF,constant_rule_following,RF,RF,proposed_full,Full,True,True,51.84373210198077,44.48582206695112,51.34589652044703,14.099683198106577,51.84373210198077,44.48582206695112,51.34589652044703,14.099683198106577
B003,I008_L1_v10_SOC060,hcs_i_nlc,HCS-i NLC,hcs_i_nlc,HCS-i,HCS-i NLC,proposed_full,Full,True,True,46.707231499646014,34.81717371170194,52.89373609878704,38.37400992996099,46.707231499646014,34.81717371170194,52.89373609878704,38.37400992996099
B003,I008_L1_v10_SOC060,oeac_i,OEAC-i,oeac_i,OEAC-i,OEAC-i,proposed_full,Full,True,True,47.5781078035564,36.909514898103126,53.00040787865877,34.236239623129016,47.5781078035564,36.909514898103126,53.00040787865877,34.236239623129016
B003,I008_L1_v10_SOC060,kinematic_only_optimization,KINO,kinematic_only_optimization,KINO,KINO,proposed_full,Full,True,True,50.704189137172534,39.705885683324254,39.7057466605535,-0.00023057383258353703,50.704189137172534,39.705885683324254,39.7057466605535,-0.00023057383258353703
B003,I009_L1_v10_SOC064,constant_rule_following,RF,constant_rule_following,RF,RF,proposed_full,Full,True,True,38.75750514563841,34.05047292143023,42.20007857699589,14.09968293196012,38.75750514563841,34.05047292143023,42.20007857699589,14.09968293196012
B003,I009_L1_v10_SOC064,hcs_i_nlc,HCS-i NLC,hcs_i_nlc,HCS-i,HCS-i NLC,proposed_full,Full,True,True,32.22518598058014,22.564347930321045,44.038875299271666,38.37400960719276,32.22518598058014,22.564347930321045,44.038875299271666,38.37400960719276
B003,I009_L1_v10_SOC064,oeac_i,OEAC-i,oeac_i,OEAC-i,OEAC-i,proposed_full,Full,True,True,33.33271860071516,25.0499996479163,44.16559884474259,34.23623931001246,33.33271860071516,25.0499996479163,44.16559884474259,34.23623931001246
B003,I009_L1_v10_SOC064,kinematic_only_optimization,KINO,kinematic_only_optimization,KINO,KINO,proposed_full,Full,True,True,37.30829703203659,28.372021835546917,28.371856512713403,-0.00023080708988607122,37.30829703203659,28.372021835546917,28.371856512713403,-0.00023080708988607122
B003,I010_L1_v11_SOC056,constant_rule_following,RF,constant_rule_following,RF,RF,proposed_full,Full,True,True,53.09100617970802,46.08811458392667,52.7414520569011,14.07859056733041,53.09100617970802,46.08811458392667,52.7414520569011,14.07859056733041
B003,I010_L1_v11_SOC056,hcs_i_nlc,HCS-i NLC,hcs_i_nlc,HCS-i,HCS-i NLC,proposed_full,Full,True,True,48.53963066884313,37.38866609080447,54.77108813203763,38.4321031024978,48.53963066884313,37.38866609080447,54.77108813203763,38.4321031024978
B003,I010_L1_v11_SOC056,oeac_i,OEAC-i,oeac_i,OEAC-i,OEAC-i,proposed_full,Full,True,True,48.46872778537434,38.31133779707029,54.044712349238765,34.23626606743234,48.46872778537434,38.31133779707029,54.044712349238765,34.23626606743234
B003,I010_L1_v11_SOC056,kinematic_only_optimization,KINO,kinematic_only_optimization,KINO,KINO,proposed_full,Full,True,True,51.7559037520404,41.301874460129156,41.30173937551145,-0.00023013393627945716,51.7559037520404,41.301874460129156,41.30173937551145,-0.00023013393627945716
B003,I011_L1_v11_SOC060,constant_rule_following,RF,constant_rule_following,RF,RF,proposed_full,Full,True,True,41.77060961054987,36.75180319927117,44.557341535955054,14.078578756727234,41.77060961054987,36.75180319927117,44.557341535955054,14.078578756727234
B003,I011_L1_v11_SOC060,hcs_i_nlc,HCS-i NLC,hcs_i_nlc,HCS-i,HCS-i NLC,proposed_full,Full,True,True,36.12086528973926,26.545808248355353,46.93846462622832,38.43208877056551,36.12086528973926,26.545808248355353,46.93846462622832,38.43208877056551
B003,I011_L1_v11_SOC060,oeac_i,OEAC-i,oeac_i,OEAC-i,OEAC-i,proposed_full,Full,True,True,36.03285164150244,27.6282656918297,46.08629700375376,34.23625216989677,36.03285164150244,27.6282656918297,46.08629700375376,34.23625216989677
B003,I011_L1_v11_SOC060,kinematic_only_optimization,KINO,kinematic_only_optimization,KINO,KINO,proposed_full,Full,True,True,40.113311209130515,31.136695232833105,31.136529625171217,-0.00024048695338512173,40.113311209130515,31.136695232833105,31.136529625171217,-0.00024048695338512173
B003,I012_L1_v11_SOC064,constant_rule_following,RF,constant_rule_following,RF,RF,proposed_full,Full,True,True,40.50532551693081,35.966684241838095,43.86911573785147,14.078580089895947,40.50532551693081,35.966684241838095,43.86911573785147,14.078580089895947
B003,I012_L1_v11_SOC064,hcs_i_nlc,HCS-i NLC,hcs_i_nlc,HCS-i,HCS-i NLC,proposed_full,Full,True,True,34.73281618734499,25.633999195065847,46.27979639957938,38.43209038833925,34.73281618734499,25.633999195065847,46.27979639957938,38.43209038833925
B003,I012_L1_v11_SOC064,oeac_i,OEAC-i,oeac_i,OEAC-i,OEAC-i,proposed_full,Full,True,True,34.64289006383768,26.729893509510028,45.41705057327507,34.23625373863626,34.64289006383768,26.729893509510028,45.41705057327507,34.23625373863626
B003,I012_L1_v11_SOC064,kinematic_only_optimization,KINO,kinematic_only_optimization,KINO,KINO,proposed_full,Full,True,True,38.81201517563589,30.28187424537419,30.281707396730756,-0.00023931831548619845,38.81201517563589,30.28187424537419,30.281707396730756,-0.00023931831548619845
B003,I013_L1_v12_SOC056,constant_rule_following,RF,constant_rule_following,RF,RF,proposed_full,Full,True,True,41.65016088971119,37.06758526985644,44.81673928426423,14.042580873076393,41.65016088971119,37.06758526985644,44.81673928426423,14.042580873076393
B003,I013_L1_v12_SOC056,hcs_i_nlc,HCS-i NLC,hcs_i_nlc,HCS-i,HCS-i NLC,proposed_full,Full,True,True,34.27674337829221,25.064071580554433,45.64028564150995,37.85195397691022,34.27674337829221,25.064071580554433,45.64028564150995,37.85195397691022
B003,I013_L1_v12_SOC056,oeac_i,OEAC-i,oeac_i,OEAC-i,OEAC-i,proposed_full,Full,True,True,35.94195139809986,28.138180345127477,46.466168721096544,34.236272536674804,35.94195139809986,28.138180345127477,46.466168721096544,34.236272536674804
B003,I013_L1_v12_SOC056,kinematic_only_optimization,KINO,kinematic_only_optimization,KINO,KINO,proposed_full,Full,True,True,40.027528332691595,31.62096531725587,31.62080212886632,-0.0002386520968924096,40.027528332691595,31.62096531725587,31.62080212886632,-0.0002386520968924096
B003,I014_L1_v12_SOC060,constant_rule_following,RF,constant_rule_following,RF,RF,proposed_full,Full,True,True,52.73420374872107,49.23256153560574,55.48378384941859,14.042573368471729,52.73420374872107,49.23256153560574,55.48378384941859,14.042573368471729
B003,I014_L1_v12_SOC060,hcs_i_nlc,HCS-i NLC,hcs_i_nlc,HCS-i,HCS-i NLC,proposed_full,Full,True,True,46.76142892904058,39.54935384063281,56.1481369009359,37.85194490552294,46.76142892904058,39.54935384063281,56.1481369009359,37.85194490552294
B003,I014_L1_v12_SOC060,oeac_i,OEAC-i,oeac_i,OEAC-i,OEAC-i,proposed_full,Full,True,True,48.11031667543961,42.029230517978306,56.81437498127285,34.236263703218484,48.11031667543961,42.029230517978306,56.81437498127285,34.236263703218484
B003,I014_L1_v12_SOC060,kinematic_only_optimization,KINO,kinematic_only_optimization,KINO,KINO,proposed_full,Full,True,True,51.41980389774948,44.8387853795774,44.83865010595945,-0.0002452326097995523,51.41980389774948,44.8387853795774,44.83865010595945,-0.0002452326097995523
B003,I015_L1_v12_SOC064,constant_rule_following,RF,constant_rule_following,RF,RF,proposed_full,Full,True,True,52.915801437236595,49.04429330130609,55.3187052105757,14.042591958983976,52.915801437236595,49.04429330130609,55.3187052105757,14.042591958983976
B003,I015_L1_v12_SOC064,hcs_i_nlc,HCS-i NLC,hcs_i_nlc,HCS-i,HCS-i NLC,proposed_full,Full,True,True,46.96597433424136,39.32517596680372,55.98552186989571,37.8519673772911,46.96597433424136,39.32517596680372,55.98552186989571,37.8519673772911
B003,I015_L1_v12_SOC064,oeac_i,OEAC-i,oeac_i,OEAC-i,OEAC-i,proposed_full,Full,True,True,48.30967958259233,41.81424912948405,56.654230548251924,34.23628558558075,48.30967958259233,41.81424912948405,56.654230548251924,34.23628558558075
B003,I015_L1_v12_SOC064,kinematic_only_optimization,KINO,kinematic_only_optimization,KINO,KINO,proposed_full,Full,True,True,51.60645157999521,44.63422306970835,44.63409631984154,-0.0002289312706538601,51.60645157999521,44.63422306970835,44.63409631984154,-0.0002289312706538601
B003,I016_L1_v13_SOC056,constant_rule_following,RF,constant_rule_following,RF,RF,proposed_full,Full,True,True,41.65016088971119,37.06758526985644,44.81673928426423,14.042580873076393,41.65016088971119,37.06758526985644,44.81673928426423,14.042580873076393
B003,I016_L1_v13_SOC056,hcs_i_nlc,HCS-i NLC,hcs_i_nlc,HCS-i,HCS-i NLC,proposed_full,Full,True,True,34.27674337829221,25.064071580554433,45.64028564150995,37.85195397691022,34.27674337829221,25.064071580554433,45.64028564150995,37.85195397691022
B003,I016_L1_v13_SOC056,oeac_i,OEAC-i,oeac_i,OEAC-i,OEAC-i,proposed_full,Full,True,True,35.94195139809986,28.138180345127477,46.466168721096544,34.236272536674804,35.94195139809986,28.138180345127477,46.466168721096544,34.236272536674804
B003,I016_L1_v13_SOC056,kinematic_only_optimization,KINO,kinematic_only_optimization,KINO,KINO,proposed_full,Full,True,True,40.027528332691595,31.62096531725587,31.62080212886632,-0.0002386520968924096,40.027528332691595,31.62096531725587,31.62080212886632,-0.0002386520968924096
B003,I017_L1_v13_SOC060,constant_rule_following,RF,constant_rule_following,RF,RF,proposed_full,Full,True,True,52.73420374872107,49.23256153560574,55.48378384941859,14.042573368471729,52.73420374872107,49.23256153560574,55.48378384941859,14.042573368471729
B003,I017_L1_v13_SOC060,hcs_i_nlc,HCS-i NLC,hcs_i_nlc,HCS-i,HCS-i NLC,proposed_full,Full,True,True,46.76142892904058,39.54935384063281,56.1481369009359,37.85194490552294,46.76142892904058,39.54935384063281,56.1481369009359,37.85194490552294
B003,I017_L1_v13_SOC060,oeac_i,OEAC-i,oeac_i,OEAC-i,OEAC-i,proposed_full,Full,True,True,48.11031667543961,42.029230517978306,56.81437498127285,34.236263703218484,48.11031667543961,42.029230517978306,56.81437498127285,34.236263703218484
B003,I017_L1_v13_SOC060,kinematic_only_optimization,KINO,kinematic_only_optimization,KINO,KINO,proposed_full,Full,True,True,51.41980389774948,44.8387853795774,44.83865010595945,-0.0002452326097995523,51.41980389774948,44.8387853795774,44.83865010595945,-0.0002452326097995523
B003,I018_L1_v13_SOC064,constant_rule_following,RF,constant_rule_following,RF,RF,proposed_full,Full,True,True,52.915801437236595,49.04429330130609,55.3187052105757,14.042591958983976,52.915801437236595,49.04429330130609,55.3187052105757,14.042591958983976
B003,I018_L1_v13_SOC064,hcs_i_nlc,HCS-i NLC,hcs_i_nlc,HCS-i,HCS-i NLC,proposed_full,Full,True,True,46.96597433424136,39.32517596680372,55.98552186989571,37.8519673772911,46.96597433424136,39.32517596680372,55.98552186989571,37.8519673772911
B003,I018_L1_v13_SOC064,oeac_i,OEAC-i,oeac_i,OEAC-i,OEAC-i,proposed_full,Full,True,True,48.30967958259233,41.81424912948405,56.654230548251924,34.23628558558075,48.30967958259233,41.81424912948405,56.654230548251924,34.23628558558075
B003,I018_L1_v13_SOC064,kinematic_only_optimization,KINO,kinematic_only_optimization,KINO,KINO,proposed_full,Full,True,True,51.60645157999521,44.63422306970835,44.63409631984154,-0.0002289312706538601,51.60645157999521,44.63422306970835,44.63409631984154,-0.0002289312706538601
B003,I019_L1_v14_SOC056,constant_rule_following,RF,constant_rule_following,RF,RF,proposed_full,Full,True,True,41.65016088971119,37.06758526985644,44.81673928426423,14.042580873076393,41.65016088971119,37.06758526985644,44.81673928426423,14.042580873076393
B003,I019_L1_v14_SOC056,hcs_i_nlc,HCS-i NLC,hcs_i_nlc,HCS-i,HCS-i NLC,proposed_full,Full,True,True,34.27674337829221,25.064071580554433,45.64028564150995,37.85195397691022,34.27674337829221,25.064071580554433,45.64028564150995,37.85195397691022
B003,I019_L1_v14_SOC056,oeac_i,OEAC-i,oeac_i,OEAC-i,OEAC-i,proposed_full,Full,True,True,35.94195139809986,28.138180345127477,46.466168721096544,34.236272536674804,35.94195139809986,28.138180345127477,46.466168721096544,34.236272536674804
B003,I019_L1_v14_SOC056,kinematic_only_optimization,KINO,kinematic_only_optimization,KINO,KINO,proposed_full,Full,True,True,40.027528332691595,31.62096531725587,31.62080212886632,-0.0002386520968924096,40.027528332691595,31.62096531725587,31.62080212886632,-0.0002386520968924096
B003,I020_L1_v14_SOC060,constant_rule_following,RF,constant_rule_following,RF,RF,proposed_full,Full,True,True,52.73420374872107,49.23256153560574,55.48378384941859,14.042573368471729,52.73420374872107,49.23256153560574,55.48378384941859,14.042573368471729
B003,I020_L1_v14_SOC060,hcs_i_nlc,HCS-i NLC,hcs_i_nlc,HCS-i,HCS-i NLC,proposed_full,Full,True,True,46.76142892904058,39.54935384063281,56.1481369009359,37.85194490552294,46.76142892904058,39.54935384063281,56.1481369009359,37.85194490552294
B003,I020_L1_v14_SOC060,oeac_i,OEAC-i,oeac_i,OEAC-i,OEAC-i,proposed_full,Full,True,True,48.11031667543961,42.029230517978306,56.81437498127285,34.236263703218484,48.11031667543961,42.029230517978306,56.81437498127285,34.236263703218484
B003,I020_L1_v14_SOC060,kinematic_only_optimization,KINO,kinematic_only_optimization,KINO,KINO,proposed_full,Full,True,True,51.41980389774948,44.8387853795774,44.83865010595945,-0.0002452326097995523,51.41980389774948,44.8387853795774,44.83865010595945,-0.0002452326097995523
B003,I021_L1_v14_SOC064,constant_rule_following,RF,constant_rule_following,RF,RF,proposed_full,Full,True,True,52.915801437236595,49.04429330130609,55.3187052105757,14.042591958983976,52.915801437236595,49.04429330130609,55.3187052105757,14.042591958983976
B003,I021_L1_v14_SOC064,hcs_i_nlc,HCS-i NLC,hcs_i_nlc,HCS-i,HCS-i NLC,proposed_full,Full,True,True,46.96597433424136,39.32517596680372,55.98552186989571,37.8519673772911,46.96597433424136,39.32517596680372,55.98552186989571,37.8519673772911
B003,I021_L1_v14_SOC064,oeac_i,OEAC-i,oeac_i,OEAC-i,OEAC-i,proposed_full,Full,True,True,48.30967958259233,41.81424912948405,56.654230548251924,34.23628558558075,48.30967958259233,41.81424912948405,56.654230548251924,34.23628558558075
B003,I021_L1_v14_SOC064,kinematic_only_optimization,KINO,kinematic_only_optimization,KINO,KINO,proposed_full,Full,True,True,51.60645157999521,44.63422306970835,44.63409631984154,-0.0002289312706538601,51.60645157999521,44.63422306970835,44.63409631984154,-0.0002289312706538601
B003,I022_L1_v15_SOC056,constant_rule_following,RF,constant_rule_following,RF,RF,proposed_full,Full,True,True,41.65016088971119,37.06758526985644,44.81673928426423,14.042580873076393,41.65016088971119,37.06758526985644,44.81673928426423,14.042580873076393
B003,I022_L1_v15_SOC056,hcs_i_nlc,HCS-i NLC,hcs_i_nlc,HCS-i,HCS-i NLC,proposed_full,Full,True,True,34.27674337829221,25.064071580554433,45.64028564150995,37.85195397691022,34.27674337829221,25.064071580554433,45.64028564150995,37.85195397691022
B003,I022_L1_v15_SOC056,oeac_i,OEAC-i,oeac_i,OEAC-i,OEAC-i,proposed_full,Full,True,True,35.94195139809986,28.138180345127477,46.466168721096544,34.236272536674804,35.94195139809986,28.138180345127477,46.466168721096544,34.236272536674804
B003,I022_L1_v15_SOC056,kinematic_only_optimization,KINO,kinematic_only_optimization,KINO,KINO,proposed_full,Full,True,True,40.027528332691595,31.62096531725587,31.62080212886632,-0.0002386520968924096,40.027528332691595,31.62096531725587,31.62080212886632,-0.0002386520968924096
B003,I023_L1_v15_SOC060,constant_rule_following,RF,constant_rule_following,RF,RF,proposed_full,Full,True,True,52.73420374872107,49.23256153560574,55.48378384941859,14.042573368471729,52.73420374872107,49.23256153560574,55.48378384941859,14.042573368471729
B003,I023_L1_v15_SOC060,hcs_i_nlc,HCS-i NLC,hcs_i_nlc,HCS-i,HCS-i NLC,proposed_full,Full,True,True,46.76142892904058,39.54935384063281,56.1481369009359,37.85194490552294,46.76142892904058,39.54935384063281,56.1481369009359,37.85194490552294
B003,I023_L1_v15_SOC060,oeac_i,OEAC-i,oeac_i,OEAC-i,OEAC-i,proposed_full,Full,True,True,48.11031667543961,42.029230517978306,56.81437498127285,34.236263703218484,48.11031667543961,42.029230517978306,56.81437498127285,34.236263703218484
B003,I023_L1_v15_SOC060,kinematic_only_optimization,KINO,kinematic_only_optimization,KINO,KINO,proposed_full,Full,True,True,51.41980389774948,44.8387853795774,44.83865010595945,-0.0002452326097995523,51.41980389774948,44.8387853795774,44.83865010595945,-0.0002452326097995523
B003,I024_L1_v15_SOC064,constant_rule_following,RF,constant_rule_following,RF,RF,proposed_full,Full,True,True,52.915801437236595,49.04429330130609,55.3187052105757,14.042591958983976,52.915801437236595,49.04429330130609,55.3187052105757,14.042591958983976
B003,I024_L1_v15_SOC064,hcs_i_nlc,HCS-i NLC,hcs_i_nlc,HCS-i,HCS-i NLC,proposed_full,Full,True,True,46.96597433424136,39.32517596680372,55.98552186989571,37.8519673772911,46.96597433424136,39.32517596680372,55.98552186989571,37.8519673772911
B003,I024_L1_v15_SOC064,oeac_i,OEAC-i,oeac_i,OEAC-i,OEAC-i,proposed_full,Full,True,True,48.30967958259233,41.81424912948405,56.654230548251924,34.23628558558075,48.30967958259233,41.81424912948405,56.654230548251924,34.23628558558075
B003,I024_L1_v15_SOC064,kinematic_only_optimization,KINO,kinematic_only_optimization,KINO,KINO,proposed_full,Full,True,True,51.60645157999521,44.63422306970835,44.63409631984154,-0.0002289312706538601,51.60645157999521,44.63422306970835,44.63409631984154,-0.0002289312706538601
B003,I025_L1_v16_SOC056,constant_rule_following,RF,constant_rule_following,RF,RF,proposed_full,Full,True,True,41.65016088971119,37.06758526985644,44.81673928426423,14.042580873076393,41.65016088971119,37.06758526985644,44.81673928426423,14.042580873076393
B003,I025_L1_v16_SOC056,hcs_i_nlc,HCS-i NLC,hcs_i_nlc,HCS-i,HCS-i NLC,proposed_full,Full,True,True,34.27674337829221,25.064071580554433,45.64028564150995,37.85195397691022,34.27674337829221,25.064071580554433,45.64028564150995,37.85195397691022
B003,I025_L1_v16_SOC056,oeac_i,OEAC-i,oeac_i,OEAC-i,OEAC-i,proposed_full,Full,True,True,35.94195139809986,28.138180345127477,46.466168721096544,34.236272536674804,35.94195139809986,28.138180345127477,46.466168721096544,34.236272536674804
B003,I025_L1_v16_SOC056,kinematic_only_optimization,KINO,kinematic_only_optimization,KINO,KINO,proposed_full,Full,True,True,40.027528332691595,31.62096531725587,31.62080212886632,-0.0002386520968924096,40.027528332691595,31.62096531725587,31.62080212886632,-0.0002386520968924096
B003,I026_L1_v16_SOC060,constant_rule_following,RF,constant_rule_following,RF,RF,proposed_full,Full,True,True,52.73420374872107,49.23256153560574,55.48378384941859,14.042573368471729,52.73420374872107,49.23256153560574,55.48378384941859,14.042573368471729
B003,I026_L1_v16_SOC060,hcs_i_nlc,HCS-i NLC,hcs_i_nlc,HCS-i,HCS-i NLC,proposed_full,Full,True,True,46.76142892904058,39.54935384063281,56.1481369009359,37.85194490552294,46.76142892904058,39.54935384063281,56.1481369009359,37.85194490552294
B003,I026_L1_v16_SOC060,oeac_i,OEAC-i,oeac_i,OEAC-i,OEAC-i,proposed_full,Full,True,True,48.11031667543961,42.029230517978306,56.81437498127285,34.236263703218484,48.11031667543961,42.029230517978306,56.81437498127285,34.236263703218484
B003,I026_L1_v16_SOC060,kinematic_only_optimization,KINO,kinematic_only_optimization,KINO,KINO,proposed_full,Full,True,True,51.41980389774948,44.8387853795774,44.83865010595945,-0.0002452326097995523,51.41980389774948,44.8387853795774,44.83865010595945,-0.0002452326097995523
B003,I027_L1_v16_SOC064,constant_rule_following,RF,constant_rule_following,RF,RF,proposed_full,Full,True,True,52.915801437236595,49.04429330130609,55.3187052105757,14.042591958983976,52.915801437236595,49.04429330130609,55.3187052105757,14.042591958983976
B003,I027_L1_v16_SOC064,hcs_i_nlc,HCS-i NLC,hcs_i_nlc,HCS-i,HCS-i NLC,proposed_full,Full,True,True,46.96597433424136,39.32517596680372,55.98552186989571,37.8519673772911,46.96597433424136,39.32517596680372,55.98552186989571,37.8519673772911
B003,I027_L1_v16_SOC064,oeac_i,OEAC-i,oeac_i,OEAC-i,OEAC-i,proposed_full,Full,True,True,48.30967958259233,41.81424912948405,56.654230548251924,34.23628558558075,48.30967958259233,41.81424912948405,56.654230548251924,34.23628558558075
B003,I027_L1_v16_SOC064,kinematic_only_optimization,KINO,kinematic_only_optimization,KINO,KINO,proposed_full,Full,True,True,51.60645157999521,44.63422306970835,44.63409631984154,-0.0002289312706538601,51.60645157999521,44.63422306970835,44.63409631984154,-0.0002289312706538601
B003,I028_L2_v8_SOC056,constant_rule_following,RF,constant_rule_following,RF,RF,proposed_full,Full,True,True,50.149294634494325,39.461409530577654,42.35346788292577,5.016881755306025,50.149294634494325,39.461409530577654,42.35346788292577,5.016881755306025
B003,I028_L2_v8_SOC056,hcs_i_nlc,HCS-i NLC,hcs_i_nlc,HCS-i,HCS-i NLC,proposed_full,Full,True,True,42.153039256601375,29.03155244598169,48.69928432095005,38.33812377592272,42.153039256601375,29.03155244598169,48.69928432095005,38.33812377592272
B003,I028_L2_v8_SOC056,oeac_i,OEAC-i,oeac_i,OEAC-i,OEAC-i,proposed_full,Full,True,True,45.66365174014671,34.449253629852805,51.16761792245745,34.236225187739166,45.66365174014671,34.449253629852805,51.16761792245745,34.236225187739166
B003,I028_L2_v8_SOC056,kinematic_only_optimization,KINO,kinematic_only_optimization,KINO,KINO,proposed_full,Full,True,True,48.66082234023366,37.015502795808686,37.01540530074699,-0.00015479191722968586,48.66082234023366,37.015502795808686,37.01540530074699,-0.00015479191722968586
B003,I029_L2_v8_SOC060,constant_rule_following,RF,constant_rule_following,RF,RF,proposed_full,Full,True,True,50.18038704125498,39.430528847457126,42.324062437003526,5.016881756600745,50.18038704125498,39.430528847457126,42.324062437003526,5.016881756600745
B003,I029_L2_v8_SOC060,hcs_i_nlc,HCS-i NLC,hcs_i_nlc,HCS-i,HCS-i NLC,proposed_full,Full,True,True,42.18911901154394,28.99535150170008,48.67311587047658,38.33812377762824,42.18911901154394,28.99535150170008,48.67311587047658,38.33812377762824
B003,I029_L2_v8_SOC060,oeac_i,OEAC-i,oeac_i,OEAC-i,OEAC-i,proposed_full,Full,True,True,45.69754188933511,34.41581625030244,51.14270856680845,34.236225189394126,45.69754188933511,34.41581625030244,51.14270856680845,34.236225189394126
B003,I029_L2_v8_SOC060,kinematic_only_optimization,KINO,kinematic_only_optimization,KINO,KINO,proposed_full,Full,True,True,48.69284312274518,36.98337445775876,36.98327691374182,-0.0001547906843633436,48.69284312274518,36.98337445775876,36.98327691374182,-0.0001547906843633436
B003,I030_L2_v8_SOC064,constant_rule_following,RF,constant_rule_following,RF,RF,proposed_full,Full,True,True,36.11230539224399,27.202948937564077,30.68062617637913,5.016890729082167,36.11230539224399,27.202948937564077,30.68062617637913,5.016890729082167
B003,I030_L2_v8_SOC064,hcs_i_nlc,HCS-i NLC,hcs_i_nlc,HCS-i,HCS-i NLC,proposed_full,Full,True,True,25.86445999381269,14.661149849183587,38.31140648056318,38.33813559702551,25.86445999381269,14.661149849183587,38.31140648056318,38.33813559702551
B003,I030_L2_v8_SOC064,oeac_i,OEAC-i,oeac_i,OEAC-i,OEAC-i,proposed_full,Full,True,True,30.36359268592732,21.175881471858062,41.27955275685266,34.236236658331464,30.36359268592732,21.175881471858062,41.27955275685266,34.236236658331464
B003,I030_L2_v8_SOC064,kinematic_only_optimization,KINO,kinematic_only_optimization,KINO,KINO,proposed_full,Full,True,True,34.20470824450869,24.261770491150358,24.261659726212827,-0.00014624685085423507,34.20470824450869,24.261770491150358,24.261659726212827,-0.00014624685085423507
B003,I031_L2_v9_SOC056,constant_rule_following,RF,constant_rule_following,RF,RF,proposed_full,Full,True,True,50.87257547680729,40.60759760599622,43.39168661672854,4.918162800368943,50.87257547680729,40.60759760599622,43.39168661672854,4.918162800368943
B003,I031_L2_v9_SOC056,hcs_i_nlc,HCS-i NLC,hcs_i_nlc,HCS-i,HCS-i NLC,proposed_full,Full,True,True,43.15797903851255,30.657185142528707,49.862057841296725,38.30407047416948,43.15797903851255,30.657185142528707,49.862057841296725,38.30407047416948
B003,I031_L2_v9_SOC056,oeac_i,OEAC-i,oeac_i,OEAC-i,OEAC-i,proposed_full,Full,True,True,46.353440260112734,35.60378298326648,52.02769897421814,34.23624808433708,46.353440260112734,35.60378298326648,52.02769897421814,34.23624808433708
B003,I031_L2_v9_SOC056,kinematic_only_optimization,KINO,kinematic_only_optimization,KINO,KINO,proposed_full,Full,True,True,49.55270639667983,38.45825181399417,38.45812993720183,-0.0001980388184609766,49.55270639667983,38.45825181399417,38.45812993720183,-0.0001980388184609766
B003,I032_L2_v9_SOC060,constant_rule_following,RF,constant_rule_following,RF,RF,proposed_full,Full,True,True,50.6884936095285,40.97462631257847,43.74150896398966,4.918160086519468,50.6884936095285,40.97462631257847,43.74150896398966,4.918160086519468
B003,I032_L2_v9_SOC060,hcs_i_nlc,HCS-i NLC,hcs_i_nlc,HCS-i,HCS-i NLC,proposed_full,Full,True,True,42.94499035734219,31.085704660548405,50.171895240868196,38.30406689674857,42.94499035734219,31.085704660548405,50.171895240868196,38.30406689674857
B003,I032_L2_v9_SOC060,oeac_i,OEAC-i,oeac_i,OEAC-i,OEAC-i,proposed_full,Full,True,True,46.152425063695496,36.00173388755298,52.32415336307678,34.23624461213588,46.152425063695496,36.00173388755298,52.32415336307678,34.23624461213588
B003,I032_L2_v9_SOC060,kinematic_only_optimization,KINO,kinematic_only_optimization,KINO,KINO,proposed_full,Full,True,True,49.36367894214114,38.83856288623665,38.83844018058331,-0.0002006254479136235,49.36367894214114,38.83856288623665,38.83844018058331,-0.0002006254479136235
B003,I033_L2_v9_SOC064,constant_rule_following,RF,constant_rule_following,RF,RF,proposed_full,Full,True,True,50.78191616506798,40.89154308372404,43.662320546121656,4.918160437662237,50.78191616506798,40.89154308372404,43.662320546121656,4.918160437662237
B003,I033_L2_v9_SOC064,hcs_i_nlc,HCS-i NLC,hcs_i_nlc,HCS-i,HCS-i NLC,proposed_full,Full,True,True,43.053083279203875,30.9887019342065,50.101758116523506,38.30406735962814,43.053083279203875,30.9887019342065,50.101758116523506,38.30406735962814
B003,I033_L2_v9_SOC064,oeac_i,OEAC-i,oeac_i,OEAC-i,OEAC-i,proposed_full,Full,True,True,46.25444137648706,35.91165089006337,52.25704571770322,34.236245061401156,46.25444137648706,35.91165089006337,52.25704571770322,34.236245061401156
B003,I033_L2_v9_SOC064,kinematic_only_optimization,KINO,kinematic_only_optimization,KINO,KINO,proposed_full,Full,True,True,49.459611410293384,38.75247296660821,38.752350293221426,-0.0002002907660397829,49.459611410293384,38.75247296660821,38.752350293221426,-0.0002002907660397829
B003,I034_L2_v10_SOC056,constant_rule_following,RF,constant_rule_following,RF,RF,proposed_full,Full,True,True,39.12823826384929,30.612330429056282,33.81711239416933,4.842312085565,39.12823826384929,30.612330429056282,33.81711239416933,4.842312085565
B003,I034_L2_v10_SOC056,hcs_i_nlc,HCS-i NLC,hcs_i_nlc,HCS-i,HCS-i NLC,proposed_full,Full,True,True,32.79812601236842,22.778875361817228,44.19391248105981,38.37401629701144,32.79812601236842,22.778875361817228,44.19391248105981,38.37401629701144
B003,I034_L2_v10_SOC056,oeac_i,OEAC-i,oeac_i,OEAC-i,OEAC-i,proposed_full,Full,True,True,33.89635945523576,25.257726286418148,44.32035205585146,34.23625413105116,33.89635945523576,25.257726286418148,44.32035205585146,34.23625413105116
B003,I034_L2_v10_SOC056,kinematic_only_optimization,KINO,kinematic_only_optimization,KINO,KINO,proposed_full,Full,True,True,37.83826656144074,28.57045970968089,28.57030240948005,-0.0002202168091804941,37.83826656144074,28.57045970968089,28.57030240948005,-0.0002202168091804941
B003,I035_L2_v10_SOC060,constant_rule_following,RF,constant_rule_following,RF,RF,proposed_full,Full,True,True,39.3389881608398,31.00686752626607,34.19342737637154,4.8423124363740255,39.3389881608398,31.00686752626607,34.19342737637154,4.8423124363740255
B003,I035_L2_v10_SOC060,hcs_i_nlc,HCS-i NLC,hcs_i_nlc,HCS-i,HCS-i NLC,proposed_full,Full,True,True,33.03079199108366,23.217953349972944,44.511225121700996,38.374016760019664,33.03079199108366,23.217953349972944,44.511225121700996,38.374016760019664
B003,I035_L2_v10_SOC060,oeac_i,OEAC-i,oeac_i,OEAC-i,OEAC-i,proposed_full,Full,True,True,34.125223135835185,25.682709570799332,44.63694576282173,34.23625458021418,34.125223135835185,25.682709570799332,44.63694576282173,34.23625458021418
B003,I035_L2_v10_SOC060,kinematic_only_optimization,KINO,kinematic_only_optimization,KINO,KINO,proposed_full,Full,True,True,38.05348259175234,28.97660684872493,28.976450680579617,-0.0002198822035754851,38.05348259175234,28.97660684872493,28.976450680579617,-0.0002198822035754851
B003,I036_L2_v10_SOC064,constant_rule_following,RF,constant_rule_following,RF,RF,proposed_full,Full,True,True,51.763009648142194,41.26417374917925,43.97698302253541,4.842311999097406,51.763009648142194,41.26417374917925,43.97698302253541,4.842311999097406
B003,I036_L2_v10_SOC064,hcs_i_nlc,HCS-i NLC,hcs_i_nlc,HCS-i,HCS-i NLC,proposed_full,Full,True,True,46.74679925941739,34.6332484188143,52.76081927492047,38.37401618288892,46.74679925941739,34.6332484188143,52.76081927492047,38.37401618288892
B003,I036_L2_v10_SOC064,oeac_i,OEAC-i,oeac_i,OEAC-i,OEAC-i,proposed_full,Full,True,True,47.617079246011215,36.73156585920886,52.86784885161956,34.23625402034122,47.617079246011215,36.73156585920886,52.86784885161956,34.23625402034122
B003,I036_L2_v10_SOC064,kinematic_only_optimization,KINO,kinematic_only_optimization,KINO,KINO,proposed_full,Full,True,True,50.74078931496105,39.535754787403185,39.5356215848111,-0.00022029928294685187,50.74078931496105,39.535754787403185,39.5356215848111,-0.00022029928294685187
B003,I037_L2_v11_SOC056,constant_rule_following,RF,constant_rule_following,RF,RF,proposed_full,Full,True,True,52.70046643653276,42.38266765961372,45.01205551200664,4.781753304066587,52.70046643653276,42.38266765961372,45.01205551200664,4.781753304066587
B003,I037_L2_v11_SOC056,hcs_i_nlc,HCS-i NLC,hcs_i_nlc,HCS-i,HCS-i NLC,proposed_full,Full,True,True,48.707571056217745,37.10573609536637,54.56671085346342,38.43211681588791,48.707571056217745,37.10573609536637,54.56671085346342,38.43211681588791
B003,I037_L2_v11_SOC056,oeac_i,OEAC-i,oeac_i,OEAC-i,OEAC-i,proposed_full,Full,True,True,48.63689956358175,38.0325771985344,53.837048969440204,34.23626830191874,48.63689956358175,38.0325771985344,53.837048969440204,34.23626830191874
B003,I037_L2_v11_SOC056,kinematic_only_optimization,KINO,kinematic_only_optimization,KINO,KINO,proposed_full,Full,True,True,51.91334786520411,41.03662758940594,41.0364928758657,-0.00022846934792103118,51.91334786520411,41.03662758940594,41.0364928758657,-0.00022846934792103118
B003,I038_L2_v11_SOC060,constant_rule_following,RF,constant_rule_following,RF,RF,proposed_full,Full,True,True,50.943488590318374,44.72646037012631,47.24888798320861,4.781752491358651,50.943488590318374,44.72646037012631,47.24888798320861,4.781752491358651
B003,I038_L2_v11_SOC060,hcs_i_nlc,HCS-i NLC,hcs_i_nlc,HCS-i,HCS-i NLC,proposed_full,Full,True,True,46.80227401535313,39.66418702124182,56.414873344037545,38.43211574218111,46.80227401535313,39.66418702124182,56.414873344037545,38.43211574218111
B003,I038_L2_v11_SOC060,oeac_i,OEAC-i,oeac_i,OEAC-i,OEAC-i,proposed_full,Full,True,True,46.72897737533056,40.55332552116236,55.71489308223859,34.23626726075578,46.72897737533056,40.55332552116236,55.71489308223859,34.23626726075578
B003,I038_L2_v11_SOC060,kinematic_only_optimization,KINO,kinematic_only_optimization,KINO,KINO,proposed_full,Full,True,True,50.127131889393524,43.43517533241418,43.43504566010391,-0.00022924496586452467,50.127131889393524,43.43517533241418,43.43504566010391,-0.00022924496586452467
B003,I039_L2_v11_SOC064,constant_rule_following,RF,constant_rule_following,RF,RF,proposed_full,Full,True,True,40.12760082855583,32.40743193948948,35.492042351387084,4.781751778129562,40.12760082855583,32.40743193948948,35.492042351387084,4.781751778129562
B003,I039_L2_v11_SOC064,hcs_i_nlc,HCS-i NLC,hcs_i_nlc,HCS-i,HCS-i NLC,proposed_full,Full,True,True,35.07333901983724,26.216910070134666,46.70088654174172,38.43211479990052,35.07333901983724,26.216910070134666,46.70088654174172,38.43211479990052
B003,I039_L2_v11_SOC064,oeac_i,OEAC-i,oeac_i,OEAC-i,OEAC-i,proposed_full,Full,True,True,34.98388207389365,27.304214320478298,45.84489895481428,34.23626634703551,34.98388207389365,27.304214320478298,45.84489895481428,34.23626634703551
B003,I039_L2_v11_SOC064,kinematic_only_optimization,KINO,kinematic_only_optimization,KINO,KINO,proposed_full,Full,True,True,39.13125533109738,30.828353190751212,30.82819414703049,-0.00022992564492926322,39.13125533109738,30.828353190751212,30.82819414703049,-0.00022992564492926322
B003,I040_L2_v12_SOC056,constant_rule_following,RF,constant_rule_following,RF,RF,proposed_full,Full,True,True,41.556396223517126,33.568825606287824,36.57753660164683,4.743920109916659,41.556396223517126,33.568825606287824,36.57753660164683,4.743920109916659
B003,I040_L2_v12_SOC056,hcs_i_nlc,HCS-i NLC,hcs_i_nlc,HCS-i,HCS-i NLC,proposed_full,Full,True,True,35.35105081691404,26.12682509736868,46.410866039195234,37.851033302128656,35.35105081691404,26.12682509736868,46.410866039195234,37.851033302128656
B003,I040_L2_v12_SOC056,oeac_i,OEAC-i,oeac_i,OEAC-i,OEAC-i,proposed_full,Full,True,True,36.989040200411914,29.157337328555446,47.22540044722538,34.23628653136794,36.989040200411914,29.157337328555446,47.22540044722538,34.23628653136794
B003,I040_L2_v12_SOC056,kinematic_only_optimization,KINO,kinematic_only_optimization,KINO,KINO,proposed_full,Full,True,True,41.00783387043401,32.59072790134887,32.59057404705178,-0.0002282385510862577,41.00783387043401,32.59072790134887,32.59057404705178,-0.0002282385510862577
B003,I041_L2_v12_SOC060,constant_rule_following,RF,constant_rule_following,RF,RF,proposed_full,Full,True,True,40.61396039577118,32.89845234774727,35.937523034347365,4.743916923832805,40.61396039577118,32.89845234774727,35.937523034347365,4.743916923832805
B003,I041_L2_v12_SOC060,hcs_i_nlc,HCS-i NLC,hcs_i_nlc,HCS-i,HCS-i NLC,proposed_full,Full,True,True,34.30855032072144,25.381352788167707,45.870083310853055,37.85102910899791,34.30855032072144,25.381352788167707,45.870083310853055,37.85102910899791
B003,I041_L2_v12_SOC060,oeac_i,OEAC-i,oeac_i,OEAC-i,OEAC-i,proposed_full,Full,True,True,35.97295319997805,28.442446660850493,46.692837410207666,34.23628244818998,35.97295319997805,28.442446660850493,46.692837410207666,34.23628244818998
B003,I041_L2_v12_SOC060,kinematic_only_optimization,KINO,kinematic_only_optimization,KINO,KINO,proposed_full,Full,True,True,40.05655216765826,31.910484419202984,31.91032694118368,-0.00023128032819260603,40.05655216765826,31.910484419202984,31.91032694118368,-0.00023128032819260603
B003,I042_L2_v12_SOC064,constant_rule_following,RF,constant_rule_following,RF,RF,proposed_full,Full,True,True,52.18975747253124,45.29988379752496,47.77728691753704,4.743918831065156,52.18975747253124,45.29988379752496,47.77728691753704,4.743918831065156
B003,I042_L2_v12_SOC064,hcs_i_nlc,HCS-i NLC,hcs_i_nlc,HCS-i,HCS-i NLC,proposed_full,Full,True,True,47.11342662217754,39.172063593652624,55.874152197540674,37.851031619061985,47.11342662217754,39.172063593652624,55.874152197540674,37.851031619061985
B003,I042_L2_v12_SOC064,oeac_i,OEAC-i,oeac_i,OEAC-i,OEAC-i,proposed_full,Full,True,True,48.45339651831808,41.66741871437482,56.544848263367996,34.236284892434846,48.45339651831808,41.66741871437482,56.544848263367996,34.236284892434846
B003,I042_L2_v12_SOC064,kinematic_only_optimization,KINO,kinematic_only_optimization,KINO,KINO,proposed_full,Full,True,True,51.74100179273697,44.49450802920798,44.494380666302604,-0.00022945947978854795,51.74100179273697,44.49450802920798,44.494380666302604,-0.00022945947978854795
B003,I043_L2_v13_SOC056,constant_rule_following,RF,constant_rule_following,RF,RF,proposed_full,Full,True,True,52.914313401406886,45.926400990290055,48.364259061286454,4.721260945766048,52.914313401406886,45.926400990290055,48.364259061286454,4.721260945766048
B003,I043_L2_v13_SOC056,hcs_i_nlc,HCS-i NLC,hcs_i_nlc,HCS-i,HCS-i NLC,proposed_full,Full,True,True,47.828501802370326,39.84032306242132,56.3274218855551,37.75160417580337,47.828501802370326,39.84032306242132,56.3274218855551,37.75160417580337
B003,I043_L2_v13_SOC056,oeac_i,OEAC-i,oeac_i,OEAC-i,OEAC-i,proposed_full,Full,True,True,49.38288689881114,42.57215965284032,57.21883910454857,34.23628331989819,49.38288689881114,42.57215965284032,57.21883910454857,34.23628331989819
B003,I043_L2_v13_SOC056,kinematic_only_optimization,KINO,kinematic_only_optimization,KINO,KINO,proposed_full,Full,True,True,52.610889137152995,45.35496011503265,45.35483124875755,-0.00023582372978735256,52.610889137152995,45.35496011503265,45.35483124875755,-0.00023582372978735256
B003,I044_L2_v13_SOC060,constant_rule_following,RF,constant_rule_following,RF,RF,proposed_full,Full,True,True,52.94121122616764,45.88672681927656,48.32637919895835,4.721272366562344,52.94121122616764,45.88672681927656,48.32637919895835,4.721272366562344
B003,I044_L2_v13_SOC060,hcs_i_nlc,HCS-i NLC,hcs_i_nlc,HCS-i,HCS-i NLC,proposed_full,Full,True,True,47.858304910647995,39.796183494228174,56.29538378139673,37.75161919885597,47.858304910647995,39.796183494228174,56.29538378139673,37.75161919885597
B003,I044_L2_v13_SOC060,oeac_i,OEAC-i,oeac_i,OEAC-i,OEAC-i,proposed_full,Full,True,True,49.41180206043335,42.530024451917974,57.187454942038336,34.23629795957339,49.41180206043335,42.530024451917974,57.187454942038336,34.23629795957339
B003,I044_L2_v13_SOC060,kinematic_only_optimization,KINO,kinematic_only_optimization,KINO,KINO,proposed_full,Full,True,True,52.63796029383855,45.31486667392388,45.31474367701823,-0.00022491785522130877,52.63796029383855,45.31486667392388,45.31474367701823,-0.00022491785522130877
B003,I045_L2_v13_SOC064,constant_rule_following,RF,constant_rule_following,RF,RF,proposed_full,Full,True,True,52.91344286404856,45.921166744223555,48.35926245945915,4.721264318352468,52.91344286404856,45.921166744223555,48.35926245945915,4.721264318352468
B003,I045_L2_v13_SOC064,hcs_i_nlc,HCS-i NLC,hcs_i_nlc,HCS-i,HCS-i NLC,proposed_full,Full,True,True,47.82753723667103,39.834499692826185,56.32319584987433,37.751608612144054,47.82753723667103,39.834499692826185,56.32319584987433,37.751608612144054
B003,I045_L2_v13_SOC064,oeac_i,OEAC-i,oeac_i,OEAC-i,OEAC-i,proposed_full,Full,True,True,49.38195107115079,42.56660072107048,57.21469932805232,34.23628764302668,49.38195107115079,42.56660072107048,57.21469932805232,34.23628764302668
B003,I045_L2_v13_SOC064,kinematic_only_optimization,KINO,kinematic_only_optimization,KINO,KINO,proposed_full,Full,True,True,52.61001298997614,45.34967055431708,45.3495434356058,-0.00023260320089422577,52.61001298997614,45.34967055431708,45.3495434356058,-0.00023260320089422577
B003,I046_L2_v14_SOC056,constant_rule_following,RF,constant_rule_following,RF,RF,proposed_full,Full,True,True,52.914313401406886,45.926400990290055,48.364259061286454,4.721260945766048,52.914313401406886,45.926400990290055,48.364259061286454,4.721260945766048
B003,I046_L2_v14_SOC056,hcs_i_nlc,HCS-i NLC,hcs_i_nlc,HCS-i,HCS-i NLC,proposed_full,Full,True,True,47.828501802370326,39.84032306242132,56.3274218855551,37.75160417580337,47.828501802370326,39.84032306242132,56.3274218855551,37.75160417580337
B003,I046_L2_v14_SOC056,oeac_i,OEAC-i,oeac_i,OEAC-i,OEAC-i,proposed_full,Full,True,True,49.38288689881114,42.57215965284032,57.21883910454857,34.23628331989819,49.38288689881114,42.57215965284032,57.21883910454857,34.23628331989819
B003,I046_L2_v14_SOC056,kinematic_only_optimization,KINO,kinematic_only_optimization,KINO,KINO,proposed_full,Full,True,True,52.610889137152995,45.35496011503265,45.35483124875755,-0.00023582372978735256,52.610889137152995,45.35496011503265,45.35483124875755,-0.00023582372978735256
B003,I047_L2_v14_SOC060,constant_rule_following,RF,constant_rule_following,RF,RF,proposed_full,Full,True,True,52.94121122616764,45.88672681927656,48.32637919895835,4.721272366562344,52.94121122616764,45.88672681927656,48.32637919895835,4.721272366562344
B003,I047_L2_v14_SOC060,hcs_i_nlc,HCS-i NLC,hcs_i_nlc,HCS-i,HCS-i NLC,proposed_full,Full,True,True,47.858304910647995,39.796183494228174,56.29538378139673,37.75161919885597,47.858304910647995,39.796183494228174,56.29538378139673,37.75161919885597
B003,I047_L2_v14_SOC060,oeac_i,OEAC-i,oeac_i,OEAC-i,OEAC-i,proposed_full,Full,True,True,49.41180206043335,42.530024451917974,57.187454942038336,34.23629795957339,49.41180206043335,42.530024451917974,57.187454942038336,34.23629795957339
B003,I047_L2_v14_SOC060,kinematic_only_optimization,KINO,kinematic_only_optimization,KINO,KINO,proposed_full,Full,True,True,52.63796029383855,45.31486667392388,45.31474367701823,-0.00022491785522130877,52.63796029383855,45.31486667392388,45.31474367701823,-0.00022491785522130877
B003,I048_L2_v14_SOC064,constant_rule_following,RF,constant_rule_following,RF,RF,proposed_full,Full,True,True,52.91344286404856,45.921166744223555,48.35926245945915,4.721264318352468,52.91344286404856,45.921166744223555,48.35926245945915,4.721264318352468
B003,I048_L2_v14_SOC064,hcs_i_nlc,HCS-i NLC,hcs_i_nlc,HCS-i,HCS-i NLC,proposed_full,Full,True,True,47.82753723667103,39.834499692826185,56.32319584987433,37.751608612144054,47.82753723667103,39.834499692826185,56.32319584987433,37.751608612144054
B003,I048_L2_v14_SOC064,oeac_i,OEAC-i,oeac_i,OEAC-i,OEAC-i,proposed_full,Full,True,True,49.38195107115079,42.56660072107048,57.21469932805232,34.23628764302668,49.38195107115079,42.56660072107048,57.21469932805232,34.23628764302668
B003,I048_L2_v14_SOC064,kinematic_only_optimization,KINO,kinematic_only_optimization,KINO,KINO,proposed_full,Full,True,True,52.61001298997614,45.34967055431708,45.3495434356058,-0.00023260320089422577,52.61001298997614,45.34967055431708,45.3495434356058,-0.00023260320089422577
B003,I049_L2_v15_SOC056,constant_rule_following,RF,constant_rule_following,RF,RF,proposed_full,Full,True,True,52.914313401406886,45.926400990290055,48.364259061286454,4.721260945766048,52.914313401406886,45.926400990290055,48.364259061286454,4.721260945766048
B003,I049_L2_v15_SOC056,hcs_i_nlc,HCS-i NLC,hcs_i_nlc,HCS-i,HCS-i NLC,proposed_full,Full,True,True,47.828501802370326,39.84032306242132,56.3274218855551,37.75160417580337,47.828501802370326,39.84032306242132,56.3274218855551,37.75160417580337
B003,I049_L2_v15_SOC056,oeac_i,OEAC-i,oeac_i,OEAC-i,OEAC-i,proposed_full,Full,True,True,49.38288689881114,42.57215965284032,57.21883910454857,34.23628331989819,49.38288689881114,42.57215965284032,57.21883910454857,34.23628331989819
B003,I049_L2_v15_SOC056,kinematic_only_optimization,KINO,kinematic_only_optimization,KINO,KINO,proposed_full,Full,True,True,52.610889137152995,45.35496011503265,45.35483124875755,-0.00023582372978735256,52.610889137152995,45.35496011503265,45.35483124875755,-0.00023582372978735256
B003,I050_L2_v15_SOC060,constant_rule_following,RF,constant_rule_following,RF,RF,proposed_full,Full,True,True,52.94121122616764,45.88672681927656,48.32637919895835,4.721272366562344,52.94121122616764,45.88672681927656,48.32637919895835,4.721272366562344
B003,I050_L2_v15_SOC060,hcs_i_nlc,HCS-i NLC,hcs_i_nlc,HCS-i,HCS-i NLC,proposed_full,Full,True,True,47.858304910647995,39.796183494228174,56.29538378139673,37.75161919885597,47.858304910647995,39.796183494228174,56.29538378139673,37.75161919885597
B003,I050_L2_v15_SOC060,oeac_i,OEAC-i,oeac_i,OEAC-i,OEAC-i,proposed_full,Full,True,True,49.41180206043335,42.530024451917974,57.187454942038336,34.23629795957339,49.41180206043335,42.530024451917974,57.187454942038336,34.23629795957339
B003,I050_L2_v15_SOC060,kinematic_only_optimization,KINO,kinematic_only_optimization,KINO,KINO,proposed_full,Full,True,True,52.63796029383855,45.31486667392388,45.31474367701823,-0.00022491785522130877,52.63796029383855,45.31486667392388,45.31474367701823,-0.00022491785522130877
B003,I051_L2_v15_SOC064,constant_rule_following,RF,constant_rule_following,RF,RF,proposed_full,Full,True,True,52.91344286404856,45.921166744223555,48.35926245945915,4.721264318352468,52.91344286404856,45.921166744223555,48.35926245945915,4.721264318352468
B003,I051_L2_v15_SOC064,hcs_i_nlc,HCS-i NLC,hcs_i_nlc,HCS-i,HCS-i NLC,proposed_full,Full,True,True,47.82753723667103,39.834499692826185,56.32319584987433,37.751608612144054,47.82753723667103,39.834499692826185,56.32319584987433,37.751608612144054
B003,I051_L2_v15_SOC064,oeac_i,OEAC-i,oeac_i,OEAC-i,OEAC-i,proposed_full,Full,True,True,49.38195107115079,42.56660072107048,57.21469932805232,34.23628764302668,49.38195107115079,42.56660072107048,57.21469932805232,34.23628764302668
B003,I051_L2_v15_SOC064,kinematic_only_optimization,KINO,kinematic_only_optimization,KINO,KINO,proposed_full,Full,True,True,52.61001298997614,45.34967055431708,45.3495434356058,-0.00023260320089422577,52.61001298997614,45.34967055431708,45.3495434356058,-0.00023260320089422577
B003,I052_L2_v16_SOC056,constant_rule_following,RF,constant_rule_following,RF,RF,proposed_full,Full,True,True,52.914313401406886,45.926400990290055,48.364259061286454,4.721260945766048,52.914313401406886,45.926400990290055,48.364259061286454,4.721260945766048
B003,I052_L2_v16_SOC056,hcs_i_nlc,HCS-i NLC,hcs_i_nlc,HCS-i,HCS-i NLC,proposed_full,Full,True,True,47.828501802370326,39.84032306242132,56.3274218855551,37.75160417580337,47.828501802370326,39.84032306242132,56.3274218855551,37.75160417580337
B003,I052_L2_v16_SOC056,oeac_i,OEAC-i,oeac_i,OEAC-i,OEAC-i,proposed_full,Full,True,True,49.38288689881114,42.57215965284032,57.21883910454857,34.23628331989819,49.38288689881114,42.57215965284032,57.21883910454857,34.23628331989819
B003,I052_L2_v16_SOC056,kinematic_only_optimization,KINO,kinematic_only_optimization,KINO,KINO,proposed_full,Full,True,True,52.610889137152995,45.35496011503265,45.35483124875755,-0.00023582372978735256,52.610889137152995,45.35496011503265,45.35483124875755,-0.00023582372978735256
B003,I053_L2_v16_SOC060,constant_rule_following,RF,constant_rule_following,RF,RF,proposed_full,Full,True,True,52.94121122616764,45.88672681927656,48.32637919895835,4.721272366562344,52.94121122616764,45.88672681927656,48.32637919895835,4.721272366562344
B003,I053_L2_v16_SOC060,hcs_i_nlc,HCS-i NLC,hcs_i_nlc,HCS-i,HCS-i NLC,proposed_full,Full,True,True,47.858304910647995,39.796183494228174,56.29538378139673,37.75161919885597,47.858304910647995,39.796183494228174,56.29538378139673,37.75161919885597
B003,I053_L2_v16_SOC060,oeac_i,OEAC-i,oeac_i,OEAC-i,OEAC-i,proposed_full,Full,True,True,49.41180206043335,42.530024451917974,57.187454942038336,34.23629795957339,49.41180206043335,42.530024451917974,57.187454942038336,34.23629795957339
B003,I053_L2_v16_SOC060,kinematic_only_optimization,KINO,kinematic_only_optimization,KINO,KINO,proposed_full,Full,True,True,52.63796029383855,45.31486667392388,45.31474367701823,-0.00022491785522130877,52.63796029383855,45.31486667392388,45.31474367701823,-0.00022491785522130877
B003,I054_L2_v16_SOC064,constant_rule_following,RF,constant_rule_following,RF,RF,proposed_full,Full,True,True,52.91344286404856,45.921166744223555,48.35926245945915,4.721264318352468,52.91344286404856,45.921166744223555,48.35926245945915,4.721264318352468
B003,I054_L2_v16_SOC064,hcs_i_nlc,HCS-i NLC,hcs_i_nlc,HCS-i,HCS-i NLC,proposed_full,Full,True,True,47.82753723667103,39.834499692826185,56.32319584987433,37.751608612144054,47.82753723667103,39.834499692826185,56.32319584987433,37.751608612144054
B003,I054_L2_v16_SOC064,oeac_i,OEAC-i,oeac_i,OEAC-i,OEAC-i,proposed_full,Full,True,True,49.38195107115079,42.56660072107048,57.21469932805232,34.23628764302668,49.38195107115079,42.56660072107048,57.21469932805232,34.23628764302668
B003,I054_L2_v16_SOC064,kinematic_only_optimization,KINO,kinematic_only_optimization,KINO,KINO,proposed_full,Full,True,True,52.61001298997614,45.34967055431708,45.3495434356058,-0.00023260320089422577,52.61001298997614,45.34967055431708,45.3495434356058,-0.00023260320089422577
B003,I055_L3_v8_SOC056,constant_rule_following,RF,constant_rule_following,RF,RF,proposed_full,Full,True,True,50.95675953274709,41.36874547416403,41.39784838733071,0.04966185091469924,50.95675953274709,41.36874547416403,41.39784838733071,0.04966185091469924
B003,I055_L3_v8_SOC056,hcs_i_nlc,HCS-i NLC,hcs_i_nlc,HCS-i,HCS-i NLC,proposed_full,Full,True,True,41.95844201343213,29.4147163010492,48.976270396349136,38.338150204332116,41.95844201343213,29.4147163010492,48.976270396349136,38.338150204332116
B003,I055_L3_v8_SOC056,oeac_i,OEAC-i,oeac_i,OEAC-i,OEAC-i,proposed_full,Full,True,True,45.48086420145208,34.80316691874955,51.43127079443781,34.23623419363418,45.48086420145208,34.80316691874955,51.43127079443781,34.23623419363418
B003,I055_L3_v8_SOC056,kinematic_only_optimization,KINO,kinematic_only_optimization,KINO,KINO,proposed_full,Full,True,True,48.48811728692096,37.3555607171811,37.35546795131783,-0.00014808293756198785,48.48811728692096,37.3555607171811,37.35546795131783,-0.00014808293756198785
B003,I056_L3_v8_SOC060,constant_rule_following,RF,constant_rule_following,RF,RF,proposed_full,Full,True,True,40.05431170353029,31.94749060814968,31.981270909591817,0.049663235249867696,40.05431170353029,31.94749060814968,31.981270909591817,0.049663235249867696
B003,I056_L3_v8_SOC060,hcs_i_nlc,HCS-i NLC,hcs_i_nlc,HCS-i,HCS-i NLC,proposed_full,Full,True,True,29.055643343398355,18.07260955447244,40.777443394370856,38.3381521184452,29.055643343398355,18.07260955447244,40.777443394370856,38.3381521184452
B003,I056_L3_v8_SOC060,oeac_i,OEAC-i,oeac_i,OEAC-i,OEAC-i,proposed_full,Full,True,True,33.36110971388837,24.326911790270387,43.62692933301234,34.23623605099119,33.36110971388837,24.326911790270387,43.62692933301234,34.23623605099119
B003,I056_L3_v8_SOC060,kinematic_only_optimization,KINO,kinematic_only_optimization,KINO,KINO,proposed_full,Full,True,True,37.036883467265966,27.289440979594218,27.28933431356275,-0.00014669929158769347,37.036883467265966,27.289440979594218,27.28933431356275,-0.00014669929158769347
B003,I057_L3_v8_SOC064,constant_rule_following,RF,constant_rule_following,RF,RF,proposed_full,Full,True,True,49.80953616900878,39.421122439753034,39.45123139769844,0.04972678824101783,49.80953616900878,39.421122439753034,39.45123139769844,0.04972678824101783
B003,I057_L3_v8_SOC064,hcs_i_nlc,HCS-i NLC,hcs_i_nlc,HCS-i,HCS-i NLC,proposed_full,Full,True,True,40.6007292938898,27.070002282318235,47.281389642185886,38.3382399928375,40.6007292938898,27.070002282318235,47.281389642185886,38.3382399928375
B003,I057_L3_v8_SOC064,oeac_i,OEAC-i,oeac_i,OEAC-i,OEAC-i,proposed_full,Full,True,True,44.205548260600274,32.63744737366053,49.81793901677051,34.23632131978716,44.205548260600274,32.63744737366053,49.81793901677051,34.23632131978716
B003,I057_L3_v8_SOC064,kinematic_only_optimization,KINO,kinematic_only_optimization,KINO,KINO,proposed_full,Full,True,True,47.28314724832714,35.274627025557365,35.274573188280414,-8.317794042740811e-05,47.28314724832714,35.274627025557365,35.274573188280414,-8.317794042740811e-05
B003,I058_L3_v9_SOC056,constant_rule_following,RF,constant_rule_following,RF,RF,proposed_full,Full,True,True,52.18807173089844,41.99299648313269,41.97230065785365,-0.035665424467412034,52.18807173089844,41.99299648313269,41.97230065785365,-0.035665424467412034
B003,I058_L3_v9_SOC056,hcs_i_nlc,HCS-i NLC,hcs_i_nlc,HCS-i,HCS-i NLC,proposed_full,Full,True,True,43.17490179527145,29.766693127632585,49.21818890084316,38.30406074968355,43.17490179527145,29.766693127632585,49.21818890084316,38.30406074968355
B003,I058_L3_v9_SOC056,oeac_i,OEAC-i,oeac_i,OEAC-i,OEAC-i,proposed_full,Full,True,True,46.36941167819522,34.776814577660424,51.41164357777422,34.23624552260944,46.36941167819522,34.776814577660424,51.41164357777422,34.23624552260944
B003,I058_L3_v9_SOC056,kinematic_only_optimization,KINO,kinematic_only_optimization,KINO,KINO,proposed_full,Full,True,True,49.56772534330336,37.66794015077386,37.667815519324286,-0.00019994718718169445,49.56772534330336,37.66794015077386,37.667815519324286,-0.00019994718718169445
B003,I059_L3_v9_SOC060,constant_rule_following,RF,constant_rule_following,RF,RF,proposed_full,Full,True,True,51.33816874063525,39.72976056207819,39.70826598186023,-0.0356509570806163,51.33816874063525,39.72976056207819,39.70826598186023,-0.0356509570806163
B003,I059_L3_v9_SOC060,hcs_i_nlc,HCS-i NLC,hcs_i_nlc,HCS-i,HCS-i NLC,proposed_full,Full,True,True,42.16478104434976,27.02642844697613,47.23686304195747,38.304080765805814,42.16478104434976,27.02642844697613,47.23686304195747,38.304080765805814
B003,I059_L3_v9_SOC060,oeac_i,OEAC-i,oeac_i,OEAC-i,OEAC-i,proposed_full,Full,True,True,45.41607641157028,32.232027790138915,49.515898527796885,34.23626495001516,45.41607641157028,32.232027790138915,49.515898527796885,34.23626495001516
B003,I059_L3_v9_SOC060,kinematic_only_optimization,KINO,kinematic_only_optimization,KINO,KINO,proposed_full,Full,True,True,48.67124317686036,35.23595524669125,35.23583512557172,-0.00018547466762756638,48.67124317686036,35.23595524669125,35.23583512557172,-0.00018547466762756638
B003,I060_L3_v9_SOC064,constant_rule_following,RF,constant_rule_following,RF,RF,proposed_full,Full,True,True,52.03761210249545,43.015112076130926,42.99478086264743,-0.03566552991317228,52.03761210249545,43.015112076130926,42.99478086264743,-0.03566552991317228
B003,I060_L3_v9_SOC064,hcs_i_nlc,HCS-i NLC,hcs_i_nlc,HCS-i,HCS-i NLC,proposed_full,Full,True,True,42.99607857124823,31.00424297075114,50.11299254119277,38.304060603795755,42.99607857124823,31.00424297075114,50.11299254119277,38.304060603795755
B003,I060_L3_v9_SOC064,oeac_i,OEAC-i,oeac_i,OEAC-i,OEAC-i,proposed_full,Full,True,True,46.200641275451446,35.92608330045876,52.2677973317299,34.23624538101251,46.200641275451446,35.92608330045876,52.2677973317299,34.23624538101251
B003,I060_L3_v9_SOC064,kinematic_only_optimization,KINO,kinematic_only_optimization,KINO,KINO,proposed_full,Full,True,True,49.40901973198275,38.766265636541576,38.766143136575764,-0.00020005267035213184,49.40901973198275,38.766265636541576,38.766143136575764,-0.00020005267035213184
B003,I061_L3_v10_SOC056,constant_rule_following,RF,constant_rule_following,RF,RF,proposed_full,Full,True,True,39.6348797770578,32.80107257044313,32.77771715405637,-0.0347435632917853,39.6348797770578,32.80107257044313,32.77771715405637,-0.0347435632917853
B003,I061_L3_v10_SOC056,hcs_i_nlc,HCS-i NLC,hcs_i_nlc,HCS-i,HCS-i NLC,proposed_full,Full,False,True,,,,,41.00743283830614,35.17522012651972,45.54561767622845,
B003,I061_L3_v10_SOC056,oeac_i,OEAC-i,oeac_i,OEAC-i,OEAC-i,proposed_full,Full,True,True,32.679271036794205,24.951313681774987,44.09208829517339,34.23625392136751,32.679271036794205,24.951313681774987,44.09208829517339,34.23625392136751
B003,I061_L3_v10_SOC056,kinematic_only_optimization,KINO,kinematic_only_optimization,KINO,KINO,proposed_full,Full,True,True,36.69375583230641,28.277627950605797,28.27746989350465,-0.0002203730137648558,36.69375583230641,28.277627950605797,28.27746989350465,-0.0002203730137648558
B003,I062_L3_v10_SOC060,constant_rule_following,RF,constant_rule_following,RF,RF,proposed_full,Full,True,True,40.873578847050375,33.253156902427655,33.2299586455071,-0.03474351138618412,40.873578847050375,33.253156902427655,33.2299586455071,-0.03474351138618412
B003,I062_L3_v10_SOC060,hcs_i_nlc,HCS-i NLC,hcs_i_nlc,HCS-i,HCS-i NLC,proposed_full,Full,False,True,,,,,42.21796696479816,35.61133225547993,45.911962436262385,
B003,I062_L3_v10_SOC060,oeac_i,OEAC-i,oeac_i,OEAC-i,OEAC-i,proposed_full,Full,True,True,34.060699982018974,25.456207681103436,44.46821175160569,34.23625399106786,34.060699982018974,25.456207681103436,44.46821175160569,34.23625399106786
B003,I062_L3_v10_SOC060,kinematic_only_optimization,KINO,kinematic_only_optimization,KINO,KINO,proposed_full,Full,True,True,37.99280709710356,28.760143995081147,28.759987038307898,-0.0002203210902379729,37.99280709710356,28.760143995081147,28.759987038307898,-0.0002203210902379729
B003,I063_L3_v10_SOC064,constant_rule_following,RF,constant_rule_following,RF,RF,proposed_full,Full,True,True,53.04827716778549,41.08795482546029,41.06749311917371,-0.034720576757338584,53.04827716778549,41.08795482546029,41.06749311917371,-0.034720576757338584
B003,I063_L3_v10_SOC064,hcs_i_nlc,HCS-i NLC,hcs_i_nlc,HCS-i,HCS-i NLC,proposed_full,Full,False,True,,,,,54.11584285250929,43.16932566610689,52.2608705755898,
B003,I063_L3_v10_SOC064,oeac_i,OEAC-i,oeac_i,OEAC-i,OEAC-i,proposed_full,Full,True,True,47.63823553288013,34.20621775096258,50.98658879544226,34.23628478835455,47.63823553288013,34.20621775096258,50.98658879544226,34.23628478835455
B003,I063_L3_v10_SOC064,kinematic_only_optimization,KINO,kinematic_only_optimization,KINO,KINO,proposed_full,Full,True,True,50.76068400539046,37.12233537315971,37.12221126589777,-0.00019737854087501132,50.76068400539046,37.12233537315971,37.12221126589777,-0.00019737854087501132
B003,I064_L3_v11_SOC056,constant_rule_following,RF,constant_rule_following,RF,RF,proposed_full,Full,True,True,42.57197856343881,35.9103013831482,35.89678505401522,-0.021085259365506297,42.57197856343881,35.9103013831482,35.89678505401522,-0.021085259365506297
B003,I064_L3_v11_SOC056,hcs_i_nlc,HCS-i NLC,hcs_i_nlc,HCS-i,HCS-i NLC,proposed_full,Full,False,True,,,,,44.366202041225264,38.79551159158764,48.586752197557644,
B003,I064_L3_v11_SOC056,oeac_i,OEAC-i,oeac_i,OEAC-i,OEAC-i,proposed_full,Full,True,True,36.23025928986595,28.833110381812617,46.9838576696428,34.23626557875188,36.23025928986595,28.833110381812617,46.9838576696428,34.23626557875188
B003,I064_L3_v11_SOC056,kinematic_only_optimization,KINO,kinematic_only_optimization,KINO,KINO,proposed_full,Full,True,True,40.298126238498824,32.28313158504347,32.28297549866956,-0.00023049798048601313,40.298126238498824,32.28313158504347,32.28297549866956,-0.00023049798048601313
B003,I065_L3_v11_SOC060,constant_rule_following,RF,constant_rule_following,RF,RF,proposed_full,Full,True,True,53.93148973943734,41.35719238374292,41.34484611912715,-0.02104889988159183,53.93148973943734,41.35719238374292,41.34484611912715,-0.02104889988159183
B003,I065_L3_v11_SOC060,hcs_i_nlc,HCS-i NLC,hcs_i_nlc,HCS-i,HCS-i NLC,proposed_full,Full,False,True,,,,,55.37080804831302,43.99719274007922,52.95630704468131,
B003,I065_L3_v11_SOC060,oeac_i,OEAC-i,oeac_i,OEAC-i,OEAC-i,proposed_full,Full,True,True,48.844189983743476,34.88148163284697,51.48964074301646,34.23631439665866,48.844189983743476,34.88148163284697,51.48964074301646,34.23631439665866
B003,I065_L3_v11_SOC060,kinematic_only_optimization,KINO,kinematic_only_optimization,KINO,KINO,proposed_full,Full,True,True,52.10741524510326,38.03829051257974,38.038170225514335,-0.00019413091228876982,52.10741524510326,38.03829051257974,38.038170225514335,-0.00019413091228876982
B003,I066_L3_v11_SOC064,constant_rule_following,RF,constant_rule_following,RF,RF,proposed_full,Full,True,True,53.03271001870267,44.723863512134976,44.71220600192711,-0.021085142605390142,53.03271001870267,44.723863512134976,44.71220600192711,-0.021085142605390142
B003,I066_L3_v11_SOC064,hcs_i_nlc,HCS-i NLC,hcs_i_nlc,HCS-i,HCS-i NLC,proposed_full,Full,False,True,,,,,54.50010889932645,47.21230200880073,55.65705938979035,
B003,I066_L3_v11_SOC064,oeac_i,OEAC-i,oeac_i,OEAC-i,OEAC-i,proposed_full,Full,True,True,47.846158912621,38.61992193988278,54.274593587807274,34.23626573551936,47.846158912621,38.61992193988278,54.274593587807274,34.23626573551936
B003,I066_L3_v11_SOC064,kinematic_only_optimization,KINO,kinematic_only_optimization,KINO,KINO,proposed_full,Full,True,True,51.17304850070874,41.59549909239686,41.595364539099144,-0.0002303811960146782,51.17304850070874,41.59549909239686,41.595364539099144,-0.0002303811960146782
B003,I067_L3_v12_SOC056,constant_rule_following,RF,constant_rule_following,RF,RF,proposed_full,Full,True,True,54.401580882412055,45.454539055171516,45.461179413654314,0.012175471364079307,54.401580882412055,45.454539055171516,45.461179413654314,0.012175471364079307
B003,I067_L3_v12_SOC056,hcs_i_nlc,HCS-i NLC,hcs_i_nlc,HCS-i,HCS-i NLC,proposed_full,Full,False,True,,,,,56.151976473056635,48.36004609277618,56.62119636360286,
B003,I067_L3_v12_SOC056,oeac_i,OEAC-i,oeac_i,OEAC-i,OEAC-i,proposed_full,Full,True,True,49.7401686944181,39.95530015503521,55.26939723074337,34.23628595998611,49.7401686944181,39.95530015503521,55.26939723074337,34.23628595998611
B003,I067_L3_v12_SOC056,kinematic_only_optimization,KINO,kinematic_only_optimization,KINO,KINO,proposed_full,Full,True,True,52.945704565474166,42.865367318236444,42.86523667148473,-0.0002286642039112666,52.945704565474166,42.865367318236444,42.86523667148473,-0.0002286642039112666
B003,I068_L3_v12_SOC060,constant_rule_following,RF,constant_rule_following,RF,RF,proposed_full,Full,True,True,41.40884797089735,34.33747857232891,34.34547367468371,0.012177534135551832,41.40884797089735,34.33747857232891,34.34547367468371,0.012177534135551832
B003,I068_L3_v12_SOC060,hcs_i_nlc,HCS-i NLC,hcs_i_nlc,HCS-i,HCS-i NLC,proposed_full,Full,False,True,,,,,43.65799818590928,37.83516499408155,47.78004411009229,
B003,I068_L3_v12_SOC060,oeac_i,OEAC-i,oeac_i,OEAC-i,OEAC-i,proposed_full,Full,True,True,35.419221236848564,27.717424660211083,46.15273110990831,34.23628872863683,35.419221236848564,27.717424660211083,46.15273110990831,34.23628872863683
B003,I068_L3_v12_SOC060,kinematic_only_optimization,KINO,kinematic_only_optimization,KINO,KINO,proposed_full,Full,True,True,39.53813683064258,31.220600619305802,31.220444763672457,-0.00022660168827656288,39.53813683064258,31.220600619305802,31.220444763672457,-0.00022660168827656288
B003,I069_L3_v12_SOC064,constant_rule_following,RF,constant_rule_following,RF,RF,proposed_full,Full,True,True,41.71112563647065,34.50033492560255,34.50830996992101,0.012177185097536387,41.71112563647065,34.50033492560255,34.50830996992101,0.012177185097536387
B003,I069_L3_v12_SOC064,hcs_i_nlc,HCS-i NLC,hcs_i_nlc,HCS-i,HCS-i NLC,proposed_full,Full,False,True,,,,,43.948672258568415,37.98934637656278,47.90955999620857,
B003,I069_L3_v12_SOC064,oeac_i,OEAC-i,oeac_i,OEAC-i,OEAC-i,proposed_full,Full,True,True,35.752399991137864,27.89670008809778,46.28628305621682,34.23628826015819,35.752399991137864,27.89670008809778,46.28628305621682,34.23628826015819
B003,I069_L3_v12_SOC064,kinematic_only_optimization,KINO,kinematic_only_optimization,KINO,KINO,proposed_full,Full,True,True,39.850065683756235,31.391187461235553,31.391031752713516,-0.00022695068300212942,39.850065683756235,31.391187461235553,31.391031752713516,-0.00022695068300212942
B003,I070_L3_v13_SOC056,constant_rule_following,RF,constant_rule_following,RF,RF,proposed_full,Full,True,True,54.60477340565397,47.43792030497086,47.46126239455751,0.04442834116409322,54.60477340565397,47.43792030497086,47.46126239455751,0.04442834116409322
B003,I070_L3_v13_SOC056,hcs_i_nlc,HCS-i NLC,hcs_i_nlc,HCS-i,HCS-i NLC,proposed_full,Full,False,True,,,,,56.665116791241374,50.6558668380322,58.549747823693714,
B003,I070_L3_v13_SOC056,oeac_i,OEAC-i,oeac_i,OEAC-i,OEAC-i,proposed_full,Full,True,True,50.10693111911031,42.37331579582598,57.07071980042309,34.23631595095312,50.10693111911031,42.37331579582598,57.07071980042309,34.23631595095312
B003,I070_L3_v13_SOC056,kinematic_only_optimization,KINO,kinematic_only_optimization,KINO,KINO,proposed_full,Full,True,True,53.49636692580599,45.405471734654725,45.405354282824504,-0.00021513433904427558,53.49636692580599,45.405471734654725,45.405354282824504,-0.00021513433904427558
B003,I071_L3_v13_SOC060,constant_rule_following,RF,constant_rule_following,RF,RF,proposed_full,Full,True,True,39.98344135741987,33.5542732840748,33.583781148718245,0.04442870303941858,39.98344135741987,33.5542732840748,33.583781148718245,0.04442870303941858
B003,I071_L3_v13_SOC060,hcs_i_nlc,HCS-i NLC,hcs_i_nlc,HCS-i,HCS-i NLC,proposed_full,Full,False,True,,,,,42.70739999584552,37.62220204874418,47.60115782269585,
B003,I071_L3_v13_SOC060,oeac_i,OEAC-i,oeac_i,OEAC-i,OEAC-i,proposed_full,Full,True,True,34.03689068222076,27.151913843744133,45.73146217796181,34.236316436505504,34.03689068222076,27.151913843744133,45.73146217796181,34.236316436505504
B003,I071_L3_v13_SOC060,kinematic_only_optimization,KINO,kinematic_only_optimization,KINO,KINO,proposed_full,Full,True,True,38.51802863700186,30.984977642597926,30.98482941690428,-0.0002147726252008963,38.51802863700186,30.984977642597926,30.98482941690428,-0.0002147726252008963
B003,I072_L3_v13_SOC064,constant_rule_following,RF,constant_rule_following,RF,RF,proposed_full,Full,True,True,54.63450444738679,47.5207070600281,47.544012115296034,0.044427826465039025,54.63450444738679,47.5207070600281,47.544012115296034,0.044427826465039025
B003,I072_L3_v13_SOC064,hcs_i_nlc,HCS-i NLC,hcs_i_nlc,HCS-i,HCS-i NLC,proposed_full,Full,False,True,,,,,56.693498436577784,50.733585236719875,58.61503292471555,
B003,I072_L3_v13_SOC064,oeac_i,OEAC-i,oeac_i,OEAC-i,OEAC-i,proposed_full,Full,True,True,50.13960796697212,42.46407944554556,57.13833440461665,34.2363152603469,50.13960796697212,42.46407944554556,57.13833440461665,34.2363152603469
B003,I072_L3_v13_SOC064,kinematic_only_optimization,KINO,kinematic_only_optimization,KINO,KINO,proposed_full,Full,True,True,53.52682390464236,45.49145965342035,45.49134210614912,-0.00021564880842096898,53.52682390464236,45.49145965342035,45.49134210614912,-0.00021564880842096898
B003,I073_L3_v14_SOC056,constant_rule_following,RF,constant_rule_following,RF,RF,proposed_full,Full,True,True,54.94711613187121,47.668895065099,47.68855002606455,0.03757296151288766,54.94711613187121,47.668895065099,47.68855002606455,0.03757296151288766
B003,I073_L3_v14_SOC056,hcs_i_nlc,HCS-i NLC,hcs_i_nlc,HCS-i,HCS-i NLC,proposed_full,Full,False,True,,,,,56.99150238647047,50.872140363525254,58.731427238646646,
B003,I073_L3_v14_SOC056,oeac_i,OEAC-i,oeac_i,OEAC-i,OEAC-i,proposed_full,Full,True,True,50.48289556973341,42.626146045356826,57.259072307524264,34.2363328364149,50.48289556973341,42.626146045356826,57.259072307524264,34.2363328364149
B003,I073_L3_v14_SOC056,kinematic_only_optimization,KINO,kinematic_only_optimization,KINO,KINO,proposed_full,Full,True,True,53.84661861306952,45.64475754927872,45.64464626505758,-0.00020473460936159618,53.84661861306952,45.64475754927872,45.64464626505758,-0.00020473460936159618
B003,I074_L3_v14_SOC060,constant_rule_following,RF,constant_rule_following,RF,RF,proposed_full,Full,True,True,54.94665383994596,47.77974482176722,47.79935797102941,0.037572620756855954,54.94665383994596,47.77974482176722,47.79935797102941,0.037572620756855954
B003,I074_L3_v14_SOC060,hcs_i_nlc,HCS-i NLC,hcs_i_nlc,HCS-i,HCS-i NLC,proposed_full,Full,False,True,,,,,56.99106107218696,50.976204882956054,58.81884377444515,
B003,I074_L3_v14_SOC060,oeac_i,OEAC-i,oeac_i,OEAC-i,OEAC-i,proposed_full,Full,True,True,50.48238747001649,42.74767754670581,57.34960763709082,34.2363323791683,50.48238747001649,42.74767754670581,57.34960763709082,34.2363323791683
B003,I074_L3_v14_SOC060,kinematic_only_optimization,KINO,kinematic_only_optimization,KINO,KINO,proposed_full,Full,True,True,53.84614502883459,45.75989491178615,45.759783678534134,-0.0002050752367118713,53.84614502883459,45.75989491178615,45.759783678534134,-0.0002050752367118713
B003,I075_L3_v14_SOC064,constant_rule_following,RF,constant_rule_following,RF,RF,proposed_full,Full,True,True,40.06800658503339,33.91320283510759,33.938024050797694,0.037572620760228284,40.06800658503339,33.91320283510759,33.938024050797694,0.037572620760228284
B003,I075_L3_v14_SOC064,hcs_i_nlc,HCS-i NLC,hcs_i_nlc,HCS-i,HCS-i NLC,proposed_full,Full,False,True,,,,,42.78756930840806,37.95844939678123,47.88361892899507,
B003,I075_L3_v14_SOC064,oeac_i,OEAC-i,oeac_i,OEAC-i,OEAC-i,proposed_full,Full,True,True,34.12943807705225,27.544922783774258,46.02424251910851,34.23633237917283,34.12943807705225,27.544922783774258,46.02424251910851,34.23633237917283
B003,I075_L3_v14_SOC064,kinematic_only_optimization,KINO,kinematic_only_optimization,KINO,KINO,proposed_full,Full,True,True,38.60406012062809,31.357002930514124,31.356862160439025,-0.00020507523334081733,38.60406012062809,31.357002930514124,31.356862160439025,-0.00020507523334081733
B003,I076_L3_v15_SOC056,constant_rule_following,RF,constant_rule_following,RF,RF,proposed_full,Full,True,True,54.94711613187121,47.668895065099,47.68855002606455,0.03757296151288766,54.94711613187121,47.668895065099,47.68855002606455,0.03757296151288766
B003,I076_L3_v15_SOC056,hcs_i_nlc,HCS-i NLC,hcs_i_nlc,HCS-i,HCS-i NLC,proposed_full,Full,False,True,,,,,56.99150238647047,50.872140363525254,58.731427238646646,
B003,I076_L3_v15_SOC056,oeac_i,OEAC-i,oeac_i,OEAC-i,OEAC-i,proposed_full,Full,True,True,50.48289556973341,42.626146045356826,57.259072307524264,34.2363328364149,50.48289556973341,42.626146045356826,57.259072307524264,34.2363328364149
B003,I076_L3_v15_SOC056,kinematic_only_optimization,KINO,kinematic_only_optimization,KINO,KINO,proposed_full,Full,True,True,53.84661861306952,45.64475754927872,45.64464626505758,-0.00020473460936159618,53.84661861306952,45.64475754927872,45.64464626505758,-0.00020473460936159618
B003,I077_L3_v15_SOC060,constant_rule_following,RF,constant_rule_following,RF,RF,proposed_full,Full,True,True,54.94665383994596,47.77974482176722,47.79935797102941,0.037572620756855954,54.94665383994596,47.77974482176722,47.79935797102941,0.037572620756855954
B003,I077_L3_v15_SOC060,hcs_i_nlc,HCS-i NLC,hcs_i_nlc,HCS-i,HCS-i NLC,proposed_full,Full,False,True,,,,,56.99106107218696,50.976204882956054,58.81884377444515,
B003,I077_L3_v15_SOC060,oeac_i,OEAC-i,oeac_i,OEAC-i,OEAC-i,proposed_full,Full,True,True,50.48238747001649,42.74767754670581,57.34960763709082,34.2363323791683,50.48238747001649,42.74767754670581,57.34960763709082,34.2363323791683
B003,I077_L3_v15_SOC060,kinematic_only_optimization,KINO,kinematic_only_optimization,KINO,KINO,proposed_full,Full,True,True,53.84614502883459,45.75989491178615,45.759783678534134,-0.0002050752367118713,53.84614502883459,45.75989491178615,45.759783678534134,-0.0002050752367118713
B003,I078_L3_v15_SOC064,constant_rule_following,RF,constant_rule_following,RF,RF,proposed_full,Full,True,True,40.06800658503339,33.91320283510759,33.938024050797694,0.037572620760228284,40.06800658503339,33.91320283510759,33.938024050797694,0.037572620760228284
B003,I078_L3_v15_SOC064,hcs_i_nlc,HCS-i NLC,hcs_i_nlc,HCS-i,HCS-i NLC,proposed_full,Full,False,True,,,,,42.78756930840806,37.95844939678123,47.88361892899507,
B003,I078_L3_v15_SOC064,oeac_i,OEAC-i,oeac_i,OEAC-i,OEAC-i,proposed_full,Full,True,True,34.12943807705225,27.544922783774258,46.02424251910851,34.23633237917283,34.12943807705225,27.544922783774258,46.02424251910851,34.23633237917283
B003,I078_L3_v15_SOC064,kinematic_only_optimization,KINO,kinematic_only_optimization,KINO,KINO,proposed_full,Full,True,True,38.60406012062809,31.357002930514124,31.356862160439025,-0.00020507523334081733,38.60406012062809,31.357002930514124,31.356862160439025,-0.00020507523334081733
B003,I079_L3_v16_SOC056,constant_rule_following,RF,constant_rule_following,RF,RF,proposed_full,Full,True,True,54.94711613187121,47.668895065099,47.68855002606455,0.03757296151288766,54.94711613187121,47.668895065099,47.68855002606455,0.03757296151288766
B003,I079_L3_v16_SOC056,hcs_i_nlc,HCS-i NLC,hcs_i_nlc,HCS-i,HCS-i NLC,proposed_full,Full,False,True,,,,,56.99150238647047,50.872140363525254,58.731427238646646,
B003,I079_L3_v16_SOC056,oeac_i,OEAC-i,oeac_i,OEAC-i,OEAC-i,proposed_full,Full,True,True,50.48289556973341,42.626146045356826,57.259072307524264,34.2363328364149,50.48289556973341,42.626146045356826,57.259072307524264,34.2363328364149
B003,I079_L3_v16_SOC056,kinematic_only_optimization,KINO,kinematic_only_optimization,KINO,KINO,proposed_full,Full,True,True,53.84661861306952,45.64475754927872,45.64464626505758,-0.00020473460936159618,53.84661861306952,45.64475754927872,45.64464626505758,-0.00020473460936159618
B003,I080_L3_v16_SOC060,constant_rule_following,RF,constant_rule_following,RF,RF,proposed_full,Full,True,True,54.94665383994596,47.77974482176722,47.79935797102941,0.037572620756855954,54.94665383994596,47.77974482176722,47.79935797102941,0.037572620756855954
B003,I080_L3_v16_SOC060,hcs_i_nlc,HCS-i NLC,hcs_i_nlc,HCS-i,HCS-i NLC,proposed_full,Full,False,True,,,,,56.99106107218696,50.976204882956054,58.81884377444515,
B003,I080_L3_v16_SOC060,oeac_i,OEAC-i,oeac_i,OEAC-i,OEAC-i,proposed_full,Full,True,True,50.48238747001649,42.74767754670581,57.34960763709082,34.2363323791683,50.48238747001649,42.74767754670581,57.34960763709082,34.2363323791683
B003,I080_L3_v16_SOC060,kinematic_only_optimization,KINO,kinematic_only_optimization,KINO,KINO,proposed_full,Full,True,True,53.84614502883459,45.75989491178615,45.759783678534134,-0.0002050752367118713,53.84614502883459,45.75989491178615,45.759783678534134,-0.0002050752367118713
B003,I081_L3_v16_SOC064,constant_rule_following,RF,constant_rule_following,RF,RF,proposed_full,Full,True,True,40.06800658503339,33.91320283510759,33.938024050797694,0.037572620760228284,40.06800658503339,33.91320283510759,33.938024050797694,0.037572620760228284
B003,I081_L3_v16_SOC064,hcs_i_nlc,HCS-i NLC,hcs_i_nlc,HCS-i,HCS-i NLC,proposed_full,Full,False,True,,,,,42.78756930840806,37.95844939678123,47.88361892899507,
B003,I081_L3_v16_SOC064,oeac_i,OEAC-i,oeac_i,OEAC-i,OEAC-i,proposed_full,Full,True,True,34.12943807705225,27.544922783774258,46.02424251910851,34.23633237917283,34.12943807705225,27.544922783774258,46.02424251910851,34.23633237917283
B003,I081_L3_v16_SOC064,kinematic_only_optimization,KINO,kinematic_only_optimization,KINO,KINO,proposed_full,Full,True,True,38.60406012062809,31.357002930514124,31.356862160439025,-0.00020507523334081733,38.60406012062809,31.357002930514124,31.356862160439025,-0.00020507523334081733
B004,I001_L1_v8_SOC056,constant_rule_following,RF,constant_rule_following,RF,RF,proposed_full,Full,True,True,48.45172801267403,42.846164126767874,49.73923656638219,13.714619454036713,48.45172801267403,42.846164126767874,49.73923656638219,13.714619454036713
B004,I001_L1_v8_SOC056,hcs_i_nlc,HCS-i NLC,hcs_i_nlc,HCS-i,HCS-i NLC,proposed_full,Full,True,True,40.03157747233968,29.296518004682707,48.83054030871738,38.17515842826567,40.03157747233968,29.296518004682707,48.83054030871738,38.17515842826567
B004,I001_L1_v8_SOC056,oeac_i,OEAC-i,oeac_i,OEAC-i,OEAC-i,proposed_full,Full,True,True,44.09869495379026,35.37879770673186,51.948264347786875,34.482555970466535,44.09869495379026,35.37879770673186,51.948264347786875,34.482555970466535
B004,I001_L1_v8_SOC056,kinematic_only_optimization,KINO,kinematic_only_optimization,KINO,KINO,proposed_full,Full,True,True,46.778025006701405,37.360702860188105,37.360631635726676,-0.00011370558691937933,46.778025006701405,37.360702860188105,37.360631635726676,-0.00011370558691937933
B004,I002_L1_v8_SOC060,constant_rule_following,RF,constant_rule_following,RF,RF,proposed_full,Full,True,True,48.247009453678125,42.95034493589605,49.83085167768585,13.714617393115057,48.247009453678125,42.95034493589605,49.83085167768585,13.714617393115057
B004,I002_L1_v8_SOC060,hcs_i_nlc,HCS-i NLC,hcs_i_nlc,HCS-i,HCS-i NLC,proposed_full,Full,True,True,39.79341916805862,29.425397297732946,48.92381178779383,38.17515592403026,39.79341916805862,29.425397297732946,48.92381178779383,38.17515592403026
B004,I002_L1_v8_SOC060,oeac_i,OEAC-i,oeac_i,OEAC-i,OEAC-i,proposed_full,Full,True,True,43.87668878027848,35.49659013551443,52.035852852404915,34.482553533154494,43.87668878027848,35.49659013551443,52.035852852404915,34.482553533154494
B004,I002_L1_v8_SOC060,kinematic_only_optimization,KINO,kinematic_only_optimization,KINO,KINO,proposed_full,Full,True,True,46.56665951165196,37.47488264461623,37.47481041680036,-0.00011551794783076377,46.56665951165196,37.47488264461623,37.47481041680036,-0.00011551794783076377
B004,I003_L1_v8_SOC064,constant_rule_following,RF,constant_rule_following,RF,RF,proposed_full,Full,True,True,48.32283387152977,43.12284961098636,49.98255182984181,13.714618537752854,48.32283387152977,43.12284961098636,49.98255182984181,13.714618537752854
B004,I003_L1_v8_SOC064,hcs_i_nlc,HCS-i NLC,hcs_i_nlc,HCS-i,HCS-i NLC,proposed_full,Full,True,True,39.881629122579675,29.63879821830122,49.0782546233301,38.17515731488493,39.881629122579675,29.63879821830122,49.0782546233301,38.17515731488493
B004,I003_L1_v8_SOC064,oeac_i,OEAC-i,oeac_i,OEAC-i,OEAC-i,proposed_full,Full,True,True,43.95891624880191,35.69163320366948,52.1808855799604,34.48255488683986,43.95891624880191,35.69163320366948,52.1808855799604,34.48255488683986
B004,I003_L1_v8_SOC064,kinematic_only_optimization,KINO,kinematic_only_optimization,KINO,KINO,proposed_full,Full,True,True,46.644945846289396,37.6639438237286,37.66387244178062,-0.00011451136090139903,46.644945846289396,37.6639438237286,37.66387244178062,-0.00011451136090139903
B004,I004_L1_v9_SOC056,constant_rule_following,RF,constant_rule_following,RF,RF,proposed_full,Full,True,True,48.21267153956033,40.8683011819876,48.00906703655338,13.734636882908537,48.21267153956033,40.8683011819876,48.00906703655338,13.734636882908537
B004,I004_L1_v9_SOC056,hcs_i_nlc,HCS-i NLC,hcs_i_nlc,HCS-i,HCS-i NLC,proposed_full,Full,True,True,40.277442096631816,27.572180525856655,47.56327649067453,38.12422788251179,40.277442096631816,27.572180525856655,47.56327649067453,38.12422788251179
B004,I004_L1_v9_SOC056,oeac_i,OEAC-i,oeac_i,OEAC-i,OEAC-i,proposed_full,Full,True,True,44.06575124332135,33.44913166046548,50.513436268465775,34.48270261918882,44.06575124332135,33.44913166046548,50.513436268465775,34.48270261918882
B004,I004_L1_v9_SOC056,kinematic_only_optimization,KINO,kinematic_only_optimization,KINO,KINO,proposed_full,Full,True,True,46.996229860760685,35.72031021669772,35.72025791196093,-8.137048327703634e-05,46.996229860760685,35.72031021669772,35.72025791196093,-8.137048327703634e-05
B004,I005_L1_v9_SOC060,constant_rule_following,RF,constant_rule_following,RF,RF,proposed_full,Full,True,True,38.159726234662266,33.35617083354291,41.40407766636346,13.734585125219041,38.159726234662266,33.35617083354291,41.40407766636346,13.734585125219041
B004,I005_L1_v9_SOC060,hcs_i_nlc,HCS-i NLC,hcs_i_nlc,HCS-i,HCS-i NLC,proposed_full,Full,True,True,28.684111721812346,18.370902165532463,40.90165336438465,38.12416502575069,28.684111721812346,18.370902165532463,40.90165336438465,38.12416502575069
B004,I005_L1_v9_SOC060,oeac_i,OEAC-i,oeac_i,OEAC-i,OEAC-i,proposed_full,Full,True,True,33.20780664301247,24.994465081252052,44.2266049157025,34.48264141959162,33.20780664301247,24.994465081252052,44.2266049157025,34.48264141959162
B004,I005_L1_v9_SOC060,kinematic_only_optimization,KINO,kinematic_only_optimization,KINO,KINO,proposed_full,Full,True,True,36.70714915310838,27.554175671909988,27.554083754083265,-0.00012687785798638784,36.70714915310838,27.554175671909988,27.554083754083265,-0.00012687785798638784
B004,I006_L1_v9_SOC064,constant_rule_following,RF,constant_rule_following,RF,RF,proposed_full,Full,True,True,49.33801587125713,42.787239917039685,49.69625070567308,13.734584172262826,49.33801587125713,42.787239917039685,49.69625070567308,13.734584172262826
B004,I006_L1_v9_SOC064,hcs_i_nlc,HCS-i NLC,hcs_i_nlc,HCS-i,HCS-i NLC,proposed_full,Full,True,True,41.575219835105614,29.922604259022883,49.26492673090546,38.12416386843974,41.575219835105614,29.922604259022883,49.26492673090546,38.12416386843974
B004,I006_L1_v9_SOC064,oeac_i,OEAC-i,oeac_i,OEAC-i,OEAC-i,proposed_full,Full,True,True,45.28120860822733,35.608836888977926,52.11934940388493,34.482640292792155,45.28120860822733,35.608836888977926,52.11934940388493,34.482640292792155
B004,I006_L1_v9_SOC064,kinematic_only_optimization,KINO,kinematic_only_optimization,KINO,KINO,proposed_full,Full,True,True,48.14800760365617,37.80631127988274,37.806231848655145,-0.00012771573417511678,48.14800760365617,37.80631127988274,37.806231848655145,-0.00012771573417511678
B004,I007_L1_v10_SOC056,constant_rule_following,RF,constant_rule_following,RF,RF,proposed_full,Full,True,True,50.82553121703265,42.70699372693995,49.617052175619484,13.715073744326908,50.82553121703265,42.70699372693995,49.617052175619484,13.715073744326908
B004,I007_L1_v10_SOC056,hcs_i_nlc,HCS-i NLC,hcs_i_nlc,HCS-i,HCS-i NLC,proposed_full,Full,True,True,46.83747162800982,34.195656132757264,52.372562157543776,38.164778220723846,46.83747162800982,34.195656132757264,52.372562157543776,38.164778220723846
B004,I007_L1_v10_SOC056,oeac_i,OEAC-i,oeac_i,OEAC-i,OEAC-i,proposed_full,Full,True,True,47.171094514001254,35.84521153638596,52.29513271184174,34.48268931572762,47.171094514001254,35.84521153638596,52.29513271184174,34.48268931572762
B004,I007_L1_v10_SOC056,kinematic_only_optimization,KINO,kinematic_only_optimization,KINO,KINO,proposed_full,Full,True,True,49.93861911637588,38.034242858346396,38.03414136364065,-0.00016379133280305087,49.93861911637588,38.034242858346396,38.03414136364065,-0.00016379133280305087
B004,I008_L1_v10_SOC060,constant_rule_following,RF,constant_rule_following,RF,RF,proposed_full,Full,True,True,51.046982145773065,41.95616050408342,48.956776556022916,13.715074361679136,51.046982145773065,41.95616050408342,48.956776556022916,13.715074361679136
B004,I008_L1_v10_SOC060,hcs_i_nlc,HCS-i NLC,hcs_i_nlc,HCS-i,HCS-i NLC,proposed_full,Full,True,True,47.07688227287364,33.33328058645898,51.74839788393199,38.16477897081203,47.07688227287364,33.33328058645898,51.74839788393199,38.16477897081203
B004,I008_L1_v10_SOC060,oeac_i,OEAC-i,oeac_i,OEAC-i,OEAC-i,proposed_full,Full,True,True,47.40900273088201,35.00445365480026,51.66995371445051,34.48269004582596,47.40900273088201,35.00445365480026,51.66995371445051,34.48269004582596
B004,I008_L1_v10_SOC060,kinematic_only_optimization,KINO,kinematic_only_optimization,KINO,KINO,proposed_full,Full,True,True,50.16406414028931,37.22217255224884,37.222070068257715,-0.00016324843976908796,50.16406414028931,37.22217255224884,37.222070068257715,-0.00016324843976908796
B004,I009_L1_v10_SOC064,constant_rule_following,RF,constant_rule_following,RF,RF,proposed_full,Full,True,True,50.86143521263813,42.52266770445602,49.4549575534619,13.71507375097809,50.86143521263813,42.52266770445602,49.4549575534619,13.71507375097809
B004,I009_L1_v10_SOC064,hcs_i_nlc,HCS-i NLC,hcs_i_nlc,HCS-i,HCS-i NLC,proposed_full,Full,True,True,46.876287445084905,33.983946994832046,52.21933270442967,38.16477822880509,46.876287445084905,33.983946994832046,52.21933270442967,38.16477822880509
B004,I009_L1_v10_SOC064,oeac_i,OEAC-i,oeac_i,OEAC-i,OEAC-i,proposed_full,Full,True,True,47.20966674136548,35.63880943340614,52.14165414871547,34.48268932359349,47.20966674136548,35.63880943340614,52.14165414871547,34.48268932359349
B004,I009_L1_v10_SOC064,kinematic_only_optimization,KINO,kinematic_only_optimization,KINO,KINO,proposed_full,Full,True,True,49.975170677454926,37.83488342013348,37.834781602529766,-0.00016378548382434387,49.975170677454926,37.83488342013348,37.834781602529766,-0.00016378548382434387
B004,I010_L1_v11_SOC056,constant_rule_following,RF,constant_rule_following,RF,RF,proposed_full,Full,True,True,52.09198667853334,43.8123416659533,50.598075591674764,13.735768407794911,52.09198667853334,43.8123416659533,50.598075591674764,13.735768407794911
B004,I010_L1_v11_SOC056,hcs_i_nlc,HCS-i NLC,hcs_i_nlc,HCS-i,HCS-i NLC,proposed_full,Full,True,True,49.29524794128777,36.95901385803926,54.388599108724165,38.21322062050211,49.29524794128777,36.95901385803926,54.388599108724165,38.21322062050211
B004,I010_L1_v11_SOC056,oeac_i,OEAC-i,oeac_i,OEAC-i,OEAC-i,proposed_full,Full,True,True,48.27168204576711,36.907993189454956,53.08541255683353,34.48270623071409,48.27168204576711,36.907993189454956,53.08541255683353,34.48270623071409
B004,I010_L1_v11_SOC056,kinematic_only_optimization,KINO,kinematic_only_optimization,KINO,KINO,proposed_full,Full,True,True,51.19667614348947,39.32305083836277,39.32293903721456,-0.00018425603751907115,51.19667614348947,39.32305083836277,39.32293903721456,-0.00018425603751907115
B004,I011_L1_v11_SOC060,constant_rule_following,RF,constant_rule_following,RF,RF,proposed_full,Full,True,True,51.691214867068126,44.33070647430296,51.05383710449112,13.735766467620396,51.691214867068126,44.33070647430296,51.05383710449112,13.735766467620396
B004,I011_L1_v11_SOC060,hcs_i_nlc,HCS-i NLC,hcs_i_nlc,HCS-i,HCS-i NLC,proposed_full,Full,True,True,48.8710801680155,37.54060472102509,54.80939083537962,38.2132182627762,48.8710801680155,37.54060472102509,54.80939083537962,38.2132182627762
B004,I011_L1_v11_SOC060,oeac_i,OEAC-i,oeac_i,OEAC-i,OEAC-i,proposed_full,Full,True,True,47.83895168912597,37.490054748673316,53.51822693810184,34.48270393662559,47.83895168912597,37.490054748673316,53.51822693810184,34.48270393662559
B004,I011_L1_v11_SOC060,kinematic_only_optimization,KINO,kinematic_only_optimization,KINO,KINO,proposed_full,Full,True,True,50.7884146617149,39.88283204398663,39.88272024875355,-0.00018596189572529822,50.7884146617149,39.88283204398663,39.88272024875355,-0.00018596189572529822
B004,I012_L1_v11_SOC064,constant_rule_following,RF,constant_rule_following,RF,RF,proposed_full,Full,True,True,52.05894281126781,43.84734809359132,50.6288545098225,13.735768836030719,52.05894281126781,43.84734809359132,50.6288545098225,13.735768836030719
B004,I012_L1_v11_SOC064,hcs_i_nlc,HCS-i NLC,hcs_i_nlc,HCS-i,HCS-i NLC,proposed_full,Full,True,True,49.26027506346215,36.99829009387183,54.41701641415205,38.21322114089997,49.26027506346215,36.99829009387183,54.41701641415205,38.21322114089997
B004,I012_L1_v11_SOC064,oeac_i,OEAC-i,oeac_i,OEAC-i,OEAC-i,proposed_full,Full,True,True,48.23600317799859,36.9473012125411,53.11464178755971,34.48270673706589,48.23600317799859,36.9473012125411,53.11464178755971,34.48270673706589
B004,I012_L1_v11_SOC064,kinematic_only_optimization,KINO,kinematic_only_optimization,KINO,KINO,proposed_full,Full,True,True,51.1630147485823,39.36085421535162,39.360742712176354,-0.00018387952006617244,51.1630147485823,39.36085421535162,39.360742712176354,-0.00018387952006617244
B004,I013_L1_v12_SOC056,constant_rule_following,RF,constant_rule_following,RF,RF,proposed_full,Full,True,True,42.38684747879255,36.88778140923616,44.47948057943168,13.673681819668035,42.38684747879255,36.88778140923616,44.47948057943168,13.673681819668035
B004,I013_L1_v12_SOC056,hcs_i_nlc,HCS-i NLC,hcs_i_nlc,HCS-i,HCS-i NLC,proposed_full,Full,True,True,36.06735001567897,25.78960753977204,46.00873803627655,37.448894063801774,36.06735001567897,25.78960753977204,46.00873803627655,37.448894063801774
B004,I013_L1_v12_SOC056,oeac_i,OEAC-i,oeac_i,OEAC-i,OEAC-i,proposed_full,Full,True,True,38.44823779917701,29.91047935430589,47.88213836935523,34.482725216957434,38.44823779917701,29.91047935430589,47.88213836935523,34.482725216957434
B004,I013_L1_v12_SOC056,kinematic_only_optimization,KINO,kinematic_only_optimization,KINO,KINO,proposed_full,Full,True,True,42.03147723287012,32.9415083464743,32.94137025615966,-0.00020592474849990986,42.03147723287012,32.9415083464743,32.94137025615966,-0.00020592474849990986
B004,I014_L1_v12_SOC060,constant_rule_following,RF,constant_rule_following,RF,RF,proposed_full,Full,True,True,52.54139008652538,44.83611558459762,51.47171829234278,13.673681561031097,52.54139008652538,44.83611558459762,51.47171829234278,13.673681561031097
B004,I014_L1_v12_SOC060,hcs_i_nlc,HCS-i NLC,hcs_i_nlc,HCS-i,HCS-i NLC,proposed_full,Full,True,True,47.33572867369606,35.135642455504474,52.80838151962898,37.448893751070095,47.33572867369606,35.135642455504474,52.80838151962898,37.448893751070095
B004,I014_L1_v12_SOC060,oeac_i,OEAC-i,oeac_i,OEAC-i,OEAC-i,proposed_full,Full,True,True,49.296975708792736,38.73753289040835,54.44584637160913,34.482724910974554,49.296975708792736,38.73753289040835,54.44584637160913,34.482724910974554
B004,I014_L1_v12_SOC060,kinematic_only_optimization,KINO,kinematic_only_optimization,KINO,KINO,proposed_full,Full,True,True,52.24865523106195,41.38683498621807,41.38671415359654,-0.00020615227381730477,52.24865523106195,41.38683498621807,41.38671415359654,-0.00020615227381730477
B004,I015_L1_v12_SOC064,constant_rule_following,RF,constant_rule_following,RF,RF,proposed_full,Full,True,True,38.866893410930366,34.34175551371523,42.239713231352894,13.673681623625127,38.866893410930366,34.34175551371523,42.239713231352894,13.673681623625127
B004,I015_L1_v12_SOC064,hcs_i_nlc,HCS-i NLC,hcs_i_nlc,HCS-i,HCS-i NLC,proposed_full,Full,True,True,32.161297638165294,22.795867418771717,43.83066285092235,37.448893826755864,32.161297638165294,22.795867418771717,43.83066285092235,37.448893826755864
B004,I015_L1_v12_SOC064,oeac_i,OEAC-i,oeac_i,OEAC-i,OEAC-i,proposed_full,Full,True,True,34.687649005444186,27.08298036039948,45.77963850173401,34.48272498502702,34.687649005444186,27.08298036039948,45.77963850173401,34.48272498502702
B004,I015_L1_v12_SOC064,kinematic_only_optimization,KINO,kinematic_only_optimization,KINO,KINO,proposed_full,Full,True,True,38.48981133553859,30.23628485605121,30.236141074684888,-0.0002060972092690119,38.48981133553859,30.23628485605121,30.236141074684888,-0.0002060972092690119
B004,I016_L1_v13_SOC056,constant_rule_following,RF,constant_rule_following,RF,RF,proposed_full,Full,True,True,52.696322951735254,44.72326821740952,51.417809248798825,13.779825339028752,52.696322951735254,44.72326821740952,51.417809248798825,13.779825339028752
B004,I016_L1_v13_SOC056,hcs_i_nlc,HCS-i NLC,hcs_i_nlc,HCS-i,HCS-i NLC,proposed_full,Full,True,True,47.60500314319893,35.18674683958974,52.86257661697013,37.49850651307327,47.60500314319893,35.18674683958974,52.86257661697013,37.49850651307327
B004,I016_L1_v13_SOC056,oeac_i,OEAC-i,oeac_i,OEAC-i,OEAC-i,proposed_full,Full,True,True,49.556296819178435,38.78590509309488,54.4818161245511,34.48272689087253,49.556296819178435,38.78590509309488,54.4818161245511,34.48272689087253
B004,I016_L1_v13_SOC056,kinematic_only_optimization,KINO,kinematic_only_optimization,KINO,KINO,proposed_full,Full,True,True,52.407877855072314,41.1279617126273,41.12784493033346,-0.0001983659230877411,52.407877855072314,41.1279617126273,41.12784493033346,-0.0001983659230877411
B004,I017_L1_v13_SOC060,constant_rule_following,RF,constant_rule_following,RF,RF,proposed_full,Full,True,True,40.297896080908565,35.13773240182758,42.99317342604511,13.779825147829754,40.297896080908565,35.13773240182758,42.99317342604511,13.779825147829754
B004,I017_L1_v13_SOC060,hcs_i_nlc,HCS-i NLC,hcs_i_nlc,HCS-i,HCS-i NLC,proposed_full,Full,True,True,33.872127023158015,23.947483238821604,44.68847784775883,37.4985062820167,33.872127023158015,23.947483238821604,44.68847784775883,37.4985062820167
B004,I017_L1_v13_SOC060,oeac_i,OEAC-i,oeac_i,OEAC-i,OEAC-i,proposed_full,Full,True,True,36.33486026271424,28.170771379032292,46.588509615842135,34.48272666488376,36.33486026271424,28.170771379032292,46.588509615842135,34.48272666488376
B004,I017_L1_v13_SOC060,kinematic_only_optimization,KINO,kinematic_only_optimization,KINO,KINO,proposed_full,Full,True,True,39.9338487127018,30.918963941929565,30.91882679233684,-0.00019853396572510728,39.9338487127018,30.918963941929565,30.91882679233684,-0.00019853396572510728
B004,I018_L1_v13_SOC064,constant_rule_following,RF,constant_rule_following,RF,RF,proposed_full,Full,True,True,52.633984458793,44.5765748189333,51.288881790819694,13.779825260963467,52.633984458793,44.5765748189333,51.288881790819694,13.779825260963467
B004,I018_L1_v13_SOC064,hcs_i_nlc,HCS-i NLC,hcs_i_nlc,HCS-i,HCS-i NLC,proposed_full,Full,True,True,47.53595512525236,35.01474541935753,52.73748328382707,37.4985064187344,47.53595512525236,35.01474541935753,52.73748328382707,37.4985064187344
B004,I018_L1_v13_SOC064,oeac_i,OEAC-i,oeac_i,OEAC-i,OEAC-i,proposed_full,Full,True,True,49.48982028646597,38.623455119535336,54.36101993055191,34.482726798602805,49.48982028646597,38.623455119535336,54.36101993055191,34.482726798602805
B004,I018_L1_v13_SOC064,kinematic_only_optimization,KINO,kinematic_only_optimization,KINO,KINO,proposed_full,Full,True,True,52.345159238770854,40.97172708924971,40.971609956539126,-0.00019843453378226,52.345159238770854,40.97172708924971,40.971609956539126,-0.00019843453378226
B004,I019_L1_v14_SOC056,constant_rule_following,RF,constant_rule_following,RF,RF,proposed_full,Full,True,True,52.696322951735254,44.72326821740952,51.417809248798825,13.779825339028752,52.696322951735254,44.72326821740952,51.417809248798825,13.779825339028752
B004,I019_L1_v14_SOC056,hcs_i_nlc,HCS-i NLC,hcs_i_nlc,HCS-i,HCS-i NLC,proposed_full,Full,True,True,47.60500314319893,35.18674683958974,52.86257661697013,37.49850651307327,47.60500314319893,35.18674683958974,52.86257661697013,37.49850651307327
B004,I019_L1_v14_SOC056,oeac_i,OEAC-i,oeac_i,OEAC-i,OEAC-i,proposed_full,Full,True,True,49.556296819178435,38.78590509309488,54.4818161245511,34.48272689087253,49.556296819178435,38.78590509309488,54.4818161245511,34.48272689087253
B004,I019_L1_v14_SOC056,kinematic_only_optimization,KINO,kinematic_only_optimization,KINO,KINO,proposed_full,Full,True,True,52.407877855072314,41.1279617126273,41.12784493033346,-0.0001983659230877411,52.407877855072314,41.1279617126273,41.12784493033346,-0.0001983659230877411
B004,I020_L1_v14_SOC060,constant_rule_following,RF,constant_rule_following,RF,RF,proposed_full,Full,True,True,40.297896080908565,35.13773240182758,42.99317342604511,13.779825147829754,40.297896080908565,35.13773240182758,42.99317342604511,13.779825147829754
B004,I020_L1_v14_SOC060,hcs_i_nlc,HCS-i NLC,hcs_i_nlc,HCS-i,HCS-i NLC,proposed_full,Full,True,True,33.872127023158015,23.947483238821604,44.68847784775883,37.4985062820167,33.872127023158015,23.947483238821604,44.68847784775883,37.4985062820167
B004,I020_L1_v14_SOC060,oeac_i,OEAC-i,oeac_i,OEAC-i,OEAC-i,proposed_full,Full,True,True,36.33486026271424,28.170771379032292,46.588509615842135,34.48272666488376,36.33486026271424,28.170771379032292,46.588509615842135,34.48272666488376
B004,I020_L1_v14_SOC060,kinematic_only_optimization,KINO,kinematic_only_optimization,KINO,KINO,proposed_full,Full,True,True,39.9338487127018,30.918963941929565,30.91882679233684,-0.00019853396572510728,39.9338487127018,30.918963941929565,30.91882679233684,-0.00019853396572510728
B004,I021_L1_v14_SOC064,constant_rule_following,RF,constant_rule_following,RF,RF,proposed_full,Full,True,True,52.633984458793,44.5765748189333,51.288881790819694,13.779825260963467,52.633984458793,44.5765748189333,51.288881790819694,13.779825260963467
B004,I021_L1_v14_SOC064,hcs_i_nlc,HCS-i NLC,hcs_i_nlc,HCS-i,HCS-i NLC,proposed_full,Full,True,True,47.53595512525236,35.01474541935753,52.73748328382707,37.4985064187344,47.53595512525236,35.01474541935753,52.73748328382707,37.4985064187344
B004,I021_L1_v14_SOC064,oeac_i,OEAC-i,oeac_i,OEAC-i,OEAC-i,proposed_full,Full,True,True,49.48982028646597,38.623455119535336,54.36101993055191,34.482726798602805,49.48982028646597,38.623455119535336,54.36101993055191,34.482726798602805
B004,I021_L1_v14_SOC064,kinematic_only_optimization,KINO,kinematic_only_optimization,KINO,KINO,proposed_full,Full,True,True,52.345159238770854,40.97172708924971,40.971609956539126,-0.00019843453378226,52.345159238770854,40.97172708924971,40.971609956539126,-0.00019843453378226
B004,I022_L1_v15_SOC056,constant_rule_following,RF,constant_rule_following,RF,RF,proposed_full,Full,True,True,52.696322951735254,44.72326821740952,51.417809248798825,13.779825339028752,52.696322951735254,44.72326821740952,51.417809248798825,13.779825339028752
B004,I022_L1_v15_SOC056,hcs_i_nlc,HCS-i NLC,hcs_i_nlc,HCS-i,HCS-i NLC,proposed_full,Full,True,True,47.60500314319893,35.18674683958974,52.86257661697013,37.49850651307327,47.60500314319893,35.18674683958974,52.86257661697013,37.49850651307327
B004,I022_L1_v15_SOC056,oeac_i,OEAC-i,oeac_i,OEAC-i,OEAC-i,proposed_full,Full,True,True,49.556296819178435,38.78590509309488,54.4818161245511,34.48272689087253,49.556296819178435,38.78590509309488,54.4818161245511,34.48272689087253
B004,I022_L1_v15_SOC056,kinematic_only_optimization,KINO,kinematic_only_optimization,KINO,KINO,proposed_full,Full,True,True,52.407877855072314,41.1279617126273,41.12784493033346,-0.0001983659230877411,52.407877855072314,41.1279617126273,41.12784493033346,-0.0001983659230877411
B004,I023_L1_v15_SOC060,constant_rule_following,RF,constant_rule_following,RF,RF,proposed_full,Full,True,True,40.297896080908565,35.13773240182758,42.99317342604511,13.779825147829754,40.297896080908565,35.13773240182758,42.99317342604511,13.779825147829754
B004,I023_L1_v15_SOC060,hcs_i_nlc,HCS-i NLC,hcs_i_nlc,HCS-i,HCS-i NLC,proposed_full,Full,True,True,33.872127023158015,23.947483238821604,44.68847784775883,37.4985062820167,33.872127023158015,23.947483238821604,44.68847784775883,37.4985062820167
B004,I023_L1_v15_SOC060,oeac_i,OEAC-i,oeac_i,OEAC-i,OEAC-i,proposed_full,Full,True,True,36.33486026271424,28.170771379032292,46.588509615842135,34.48272666488376,36.33486026271424,28.170771379032292,46.588509615842135,34.48272666488376
B004,I023_L1_v15_SOC060,kinematic_only_optimization,KINO,kinematic_only_optimization,KINO,KINO,proposed_full,Full,True,True,39.9338487127018,30.918963941929565,30.91882679233684,-0.00019853396572510728,39.9338487127018,30.918963941929565,30.91882679233684,-0.00019853396572510728
B004,I024_L1_v15_SOC064,constant_rule_following,RF,constant_rule_following,RF,RF,proposed_full,Full,True,True,52.633984458793,44.5765748189333,51.288881790819694,13.779825260963467,52.633984458793,44.5765748189333,51.288881790819694,13.779825260963467
B004,I024_L1_v15_SOC064,hcs_i_nlc,HCS-i NLC,hcs_i_nlc,HCS-i,HCS-i NLC,proposed_full,Full,True,True,47.53595512525236,35.01474541935753,52.73748328382707,37.4985064187344,47.53595512525236,35.01474541935753,52.73748328382707,37.4985064187344
B004,I024_L1_v15_SOC064,oeac_i,OEAC-i,oeac_i,OEAC-i,OEAC-i,proposed_full,Full,True,True,49.48982028646597,38.623455119535336,54.36101993055191,34.482726798602805,49.48982028646597,38.623455119535336,54.36101993055191,34.482726798602805
B004,I024_L1_v15_SOC064,kinematic_only_optimization,KINO,kinematic_only_optimization,KINO,KINO,proposed_full,Full,True,True,52.345159238770854,40.97172708924971,40.971609956539126,-0.00019843453378226,52.345159238770854,40.97172708924971,40.971609956539126,-0.00019843453378226
B004,I025_L1_v16_SOC056,constant_rule_following,RF,constant_rule_following,RF,RF,proposed_full,Full,True,True,52.696322951735254,44.72326821740952,51.417809248798825,13.779825339028752,52.696322951735254,44.72326821740952,51.417809248798825,13.779825339028752
B004,I025_L1_v16_SOC056,hcs_i_nlc,HCS-i NLC,hcs_i_nlc,HCS-i,HCS-i NLC,proposed_full,Full,True,True,47.60500314319893,35.18674683958974,52.86257661697013,37.49850651307327,47.60500314319893,35.18674683958974,52.86257661697013,37.49850651307327
B004,I025_L1_v16_SOC056,oeac_i,OEAC-i,oeac_i,OEAC-i,OEAC-i,proposed_full,Full,True,True,49.556296819178435,38.78590509309488,54.4818161245511,34.48272689087253,49.556296819178435,38.78590509309488,54.4818161245511,34.48272689087253
B004,I025_L1_v16_SOC056,kinematic_only_optimization,KINO,kinematic_only_optimization,KINO,KINO,proposed_full,Full,True,True,52.407877855072314,41.1279617126273,41.12784493033346,-0.0001983659230877411,52.407877855072314,41.1279617126273,41.12784493033346,-0.0001983659230877411
B004,I026_L1_v16_SOC060,constant_rule_following,RF,constant_rule_following,RF,RF,proposed_full,Full,True,True,40.297896080908565,35.13773240182758,42.99317342604511,13.779825147829754,40.297896080908565,35.13773240182758,42.99317342604511,13.779825147829754
B004,I026_L1_v16_SOC060,hcs_i_nlc,HCS-i NLC,hcs_i_nlc,HCS-i,HCS-i NLC,proposed_full,Full,True,True,33.872127023158015,23.947483238821604,44.68847784775883,37.4985062820167,33.872127023158015,23.947483238821604,44.68847784775883,37.4985062820167
B004,I026_L1_v16_SOC060,oeac_i,OEAC-i,oeac_i,OEAC-i,OEAC-i,proposed_full,Full,True,True,36.33486026271424,28.170771379032292,46.588509615842135,34.48272666488376,36.33486026271424,28.170771379032292,46.588509615842135,34.48272666488376
B004,I026_L1_v16_SOC060,kinematic_only_optimization,KINO,kinematic_only_optimization,KINO,KINO,proposed_full,Full,True,True,39.9338487127018,30.918963941929565,30.91882679233684,-0.00019853396572510728,39.9338487127018,30.918963941929565,30.91882679233684,-0.00019853396572510728
B004,I027_L1_v16_SOC064,constant_rule_following,RF,constant_rule_following,RF,RF,proposed_full,Full,True,True,52.633984458793,44.5765748189333,51.288881790819694,13.779825260963467,52.633984458793,44.5765748189333,51.288881790819694,13.779825260963467
B004,I027_L1_v16_SOC064,hcs_i_nlc,HCS-i NLC,hcs_i_nlc,HCS-i,HCS-i NLC,proposed_full,Full,True,True,47.53595512525236,35.01474541935753,52.73748328382707,37.4985064187344,47.53595512525236,35.01474541935753,52.73748328382707,37.4985064187344
B004,I027_L1_v16_SOC064,oeac_i,OEAC-i,oeac_i,OEAC-i,OEAC-i,proposed_full,Full,True,True,49.48982028646597,38.623455119535336,54.36101993055191,34.482726798602805,49.48982028646597,38.623455119535336,54.36101993055191,34.482726798602805
B004,I027_L1_v16_SOC064,kinematic_only_optimization,KINO,kinematic_only_optimization,KINO,KINO,proposed_full,Full,True,True,52.345159238770854,40.97172708924971,40.971609956539126,-0.00019843453378226,52.345159238770854,40.97172708924971,40.971609956539126,-0.00019843453378226
B004,I028_L2_v8_SOC056,constant_rule_following,RF,constant_rule_following,RF,RF,proposed_full,Full,True,True,47.29063086053923,39.0217415605901,44.202735944799315,9.285391446941944,47.29063086053923,39.0217415605901,44.202735944799315,9.285391446941944
B004,I028_L2_v8_SOC056,hcs_i_nlc,HCS-i NLC,hcs_i_nlc,HCS-i,HCS-i NLC,proposed_full,Full,False,True,,,,,49.89259180561424,43.41218784822003,52.9362421535041,
B004,I028_L2_v8_SOC056,oeac_i,OEAC-i,oeac_i,OEAC-i,OEAC-i,proposed_full,Full,True,True,43.564803915684,35.58112506580588,52.09871278883187,34.48255503074443,43.564803915684,35.58112506580588,52.09871278883187,34.48255503074443
B004,I028_L2_v8_SOC056,kinematic_only_optimization,KINO,kinematic_only_optimization,KINO,KINO,proposed_full,Full,True,True,46.22861878396352,37.50083592291742,37.50076380399005,-0.00011539169398212411,46.22861878396352,37.50083592291742,37.50076380399005,-0.00011539169398212411
B004,I029_L2_v8_SOC060,constant_rule_following,RF,constant_rule_following,RF,RF,proposed_full,Full,True,True,41.18503045957691,35.71911857915488,41.180722545997085,9.285397922667824,41.18503045957691,35.71911857915488,41.180722545997085,9.285397922667824
B004,I029_L2_v8_SOC060,hcs_i_nlc,HCS-i NLC,hcs_i_nlc,HCS-i,HCS-i NLC,proposed_full,Full,False,True,,,,,44.0883900753039,40.34735435404429,50.38724070659825,
B004,I029_L2_v8_SOC060,oeac_i,OEAC-i,oeac_i,OEAC-i,OEAC-i,proposed_full,Full,True,True,37.027621599403446,32.092156009609106,49.50435024752852,34.48256299953285,37.027621599403446,32.092156009609106,49.50435024752852,34.48256299953285
B004,I029_L2_v8_SOC060,kinematic_only_optimization,KINO,kinematic_only_optimization,KINO,KINO,proposed_full,Full,True,True,39.999999999999666,34.11583968189554,34.1157675609414,-0.00010946618250829434,39.999999999999666,34.11583968189554,34.1157675609414,-0.00010946618250829434
B004,I030_L2_v8_SOC064,constant_rule_following,RF,constant_rule_following,RF,RF,proposed_full,Full,True,True,38.32596944025083,32.987674691175854,38.68135055733385,9.285390200059222,38.32596944025083,32.987674691175854,38.68135055733385,9.285390200059222
B004,I030_L2_v8_SOC064,hcs_i_nlc,HCS-i NLC,hcs_i_nlc,HCS-i,HCS-i NLC,proposed_full,Full,False,True,,,,,41.37046459285343,37.812574949190235,48.27907572692489,
B004,I030_L2_v8_SOC064,oeac_i,OEAC-i,oeac_i,OEAC-i,OEAC-i,proposed_full,Full,True,True,33.96646431604115,29.20659406158584,47.35866913746437,34.48255349637673,33.96646431604115,29.20659406158584,47.35866913746437,34.48255349637673
B004,I030_L2_v8_SOC064,kinematic_only_optimization,KINO,kinematic_only_optimization,KINO,KINO,proposed_full,Full,True,True,37.083333333333016,31.31626875135196,31.316188712297215,-0.00011653263447398331,37.083333333333016,31.31626875135196,31.316188712297215,-0.00011653263447398331
B004,I031_L2_v9_SOC056,constant_rule_following,RF,constant_rule_following,RF,RF,proposed_full,Full,True,True,49.2322191364268,38.82168855370174,43.96332174788833,9.175478194931797,49.2322191364268,38.82168855370174,43.96332174788833,9.175478194931797
B004,I031_L2_v9_SOC056,hcs_i_nlc,HCS-i NLC,hcs_i_nlc,HCS-i,HCS-i NLC,proposed_full,Full,False,True,,,,,51.88283636790867,43.46387231129511,52.979259464148505,
B004,I031_L2_v9_SOC056,oeac_i,OEAC-i,oeac_i,OEAC-i,OEAC-i,proposed_full,Full,True,True,45.509628272421494,35.23819174191584,51.84374506039725,34.4826509854389,45.509628272421494,35.23819174191584,51.84374506039725,34.4826509854389
B004,I031_L2_v9_SOC056,kinematic_only_optimization,KINO,kinematic_only_optimization,KINO,KINO,proposed_full,Full,True,True,48.36439476856671,37.44822285188808,37.44814732095762,-0.0001207493099553693,48.36439476856671,37.44822285188808,37.44814732095762,-0.0001207493099553693
B004,I032_L2_v9_SOC060,constant_rule_following,RF,constant_rule_following,RF,RF,proposed_full,Full,True,True,36.61156902911014,28.768363787965765,34.7549107859388,9.175475227464085,36.61156902911014,28.768363787965765,34.7549107859388,9.175475227464085
B004,I032_L2_v9_SOC060,hcs_i_nlc,HCS-i NLC,hcs_i_nlc,HCS-i,HCS-i NLC,proposed_full,Full,False,True,,,,,39.9211182067579,34.17338947162761,45.25242204096481,
B004,I032_L2_v9_SOC060,oeac_i,OEAC-i,oeac_i,OEAC-i,OEAC-i,proposed_full,Full,True,True,31.963558223792923,24.59599722161846,43.93031050817048,34.4826473301041,31.963558223792923,24.59599722161846,43.93031050817048,34.4826473301041
B004,I032_L2_v9_SOC060,kinematic_only_optimization,KINO,kinematic_only_optimization,KINO,KINO,proposed_full,Full,True,True,35.528007287761184,27.169198873007716,27.169108950615943,-0.00012346737831511477,35.528007287761184,27.169198873007716,27.169108950615943,-0.00012346737831511477
B004,I033_L2_v9_SOC064,constant_rule_following,RF,constant_rule_following,RF,RF,proposed_full,Full,True,True,49.053419013591046,39.146845385852,44.261151263499144,9.17547813343698,49.053419013591046,39.146845385852,44.261151263499144,9.17547813343698
B004,I033_L2_v9_SOC064,hcs_i_nlc,HCS-i NLC,hcs_i_nlc,HCS-i,HCS-i NLC,proposed_full,Full,False,True,,,,,51.71337151004843,43.76435638394623,53.22917014433637,
B004,I033_L2_v9_SOC064,oeac_i,OEAC-i,oeac_i,OEAC-i,OEAC-i,proposed_full,Full,True,True,45.31771747796629,35.58239451442952,52.099690889622984,34.48265090968941,45.31771747796629,35.58239451442952,52.099690889622984,34.48265090968941
B004,I033_L2_v9_SOC064,kinematic_only_optimization,KINO,kinematic_only_optimization,KINO,KINO,proposed_full,Full,True,True,48.1825382367067,37.78067952194022,37.78060435740331,-0.00012080563647202646,48.1825382367067,37.78067952194022,37.78060435740331,-0.00012080563647202646
B004,I034_L2_v10_SOC056,constant_rule_following,RF,constant_rule_following,RF,RF,proposed_full,Full,True,True,50.50484446510661,38.99345045437566,44.079010377823955,9.09418799239485,50.50484446510661,38.99345045437566,44.079010377823955,9.09418799239485
B004,I034_L2_v10_SOC056,hcs_i_nlc,HCS-i NLC,hcs_i_nlc,HCS-i,HCS-i NLC,proposed_full,Full,False,True,,,,,53.34841215118962,43.99186904245392,53.41840285555629,
B004,I034_L2_v10_SOC056,oeac_i,OEAC-i,oeac_i,OEAC-i,OEAC-i,proposed_full,Full,True,True,47.16959699749173,35.84339834355113,52.293784903175414,34.482690622671626,47.16959699749173,35.84339834355113,52.293784903175414,34.482690622671626
B004,I034_L2_v10_SOC056,kinematic_only_optimization,KINO,kinematic_only_optimization,KINO,KINO,proposed_full,Full,True,True,49.93713694349765,38.03240035417881,38.03229885033849,-0.00016380120358915583,49.93713694349765,38.03240035417881,38.03229885033849,-0.00016380120358915583
B004,I035_L2_v10_SOC060,constant_rule_following,RF,constant_rule_following,RF,RF,proposed_full,Full,True,True,50.43254737237027,37.805145193123074,42.98976328710231,9.094187979062207,50.43254737237027,37.805145193123074,42.98976328710231,9.094187979062207
B004,I035_L2_v10_SOC060,hcs_i_nlc,HCS-i NLC,hcs_i_nlc,HCS-i,HCS-i NLC,proposed_full,Full,False,True,,,,,53.280268630140874,42.90092459164537,52.51107146686728,
B004,I035_L2_v10_SOC060,oeac_i,OEAC-i,oeac_i,OEAC-i,OEAC-i,proposed_full,Full,True,True,47.09242814118865,34.59373535063871,51.364547842911556,34.4826906062362,47.09242814118865,34.59373535063871,51.364547842911556,34.4826906062362
B004,I035_L2_v10_SOC060,kinematic_only_optimization,KINO,kinematic_only_optimization,KINO,KINO,proposed_full,Full,True,True,49.864010605901015,36.82537544890608,36.825271960220476,-0.00016381342479306852,49.864010605901015,36.82537544890608,36.825271960220476,-0.00016381342479306852
B004,I036_L2_v10_SOC064,constant_rule_following,RF,constant_rule_following,RF,RF,proposed_full,Full,True,True,50.41778185750405,39.14502885795879,44.2179530389525,9.094187928485546,50.41778185750405,39.14502885795879,44.2179530389525,9.094187928485546
B004,I036_L2_v10_SOC064,hcs_i_nlc,HCS-i NLC,hcs_i_nlc,HCS-i,HCS-i NLC,proposed_full,Full,False,True,,,,,53.266351415284795,44.131028249808715,53.53414063327795,
B004,I036_L2_v10_SOC064,oeac_i,OEAC-i,oeac_i,OEAC-i,OEAC-i,proposed_full,Full,True,True,47.07666764720714,36.00280344563989,52.41231693421972,34.482690543889284,47.07666764720714,36.00280344563989,52.41231693421972,34.482690543889284
B004,I036_L2_v10_SOC064,kinematic_only_optimization,KINO,kinematic_only_optimization,KINO,KINO,proposed_full,Full,True,True,49.84907573114979,38.1863666069525,38.18626531909959,-0.0001638597852618256,49.84907573114979,38.1863666069525,38.18626531909959,-0.0001638597852618256
B004,I037_L2_v11_SOC056,constant_rule_following,RF,constant_rule_following,RF,RF,proposed_full,Full,True,True,51.21238486064351,40.32754401187482,45.26725763029616,9.025152777938667,51.21238486064351,40.32754401187482,45.26725763029616,9.025152777938667
B004,I037_L2_v11_SOC056,hcs_i_nlc,HCS-i NLC,hcs_i_nlc,HCS-i,HCS-i NLC,proposed_full,Full,False,True,,,,,54.225106298595065,45.54816116812552,54.71276288968336,
B004,I037_L2_v11_SOC056,oeac_i,OEAC-i,oeac_i,OEAC-i,OEAC-i,proposed_full,Full,True,True,47.93383954616864,37.3563940109245,53.41883818618371,34.48270405847841,47.93383954616864,37.3563940109245,53.41883818618371,34.48270405847841
B004,I037_L2_v11_SOC056,kinematic_only_optimization,KINO,kinematic_only_optimization,KINO,KINO,proposed_full,Full,True,True,50.87793705487296,39.75428761816665,39.754175638477356,-0.0001858712873268181,50.87793705487296,39.75428761816665,39.754175638477356,-0.0001858712873268181
B004,I038_L2_v11_SOC060,constant_rule_following,RF,constant_rule_following,RF,RF,proposed_full,Full,True,True,51.16333855440156,40.427639657207216,45.35906726754468,9.025152689987546,51.16333855440156,40.427639657207216,45.35906726754468,9.025152689987546
B004,I038_L2_v11_SOC060,hcs_i_nlc,HCS-i NLC,hcs_i_nlc,HCS-i,HCS-i NLC,proposed_full,Full,False,True,,,,,54.17908868842374,45.63949965683289,54.788728475018026,
B004,I038_L2_v11_SOC060,oeac_i,OEAC-i,oeac_i,OEAC-i,OEAC-i,proposed_full,Full,True,True,47.88149731047693,37.46147351642823,53.496974222924834,34.482703949990565,47.88149731047693,37.46147351642823,53.496974222924834,34.482703949990565
B004,I038_L2_v11_SOC060,kinematic_only_optimization,KINO,kinematic_only_optimization,KINO,KINO,proposed_full,Full,True,True,50.82855452745159,39.85534485403054,39.855233013658896,-0.00018595195766151534,50.82855452745159,39.85534485403054,39.855233013658896,-0.00018595195766151534
B004,I039_L2_v11_SOC064,constant_rule_following,RF,constant_rule_following,RF,RF,proposed_full,Full,True,True,37.44809028528867,28.626980245344523,34.53527245062672,9.025153584922803,37.44809028528867,28.626980245344523,34.53527245062672,9.025153584922803
B004,I039_L2_v11_SOC064,hcs_i_nlc,HCS-i NLC,hcs_i_nlc,HCS-i,HCS-i NLC,proposed_full,Full,False,True,,,,,41.31078123347358,34.87125501591412,45.83285049258189,
B004,I039_L2_v11_SOC064,oeac_i,OEAC-i,oeac_i,OEAC-i,OEAC-i,proposed_full,Full,True,True,33.244579416375835,25.073247720005334,44.28521329194904,34.48270505389467,33.244579416375835,25.073247720005334,44.28521329194904,34.48270505389467
B004,I039_L2_v11_SOC064,kinematic_only_optimization,KINO,kinematic_only_optimization,KINO,KINO,proposed_full,Full,True,True,37.019285784575004,27.94131984750942,27.94118644423013,-0.00018513110708727302,37.019285784575004,27.94131984750942,27.94118644423013,-0.00018513110708727302
B004,I040_L2_v12_SOC056,constant_rule_following,RF,constant_rule_following,RF,RF,proposed_full,Full,True,True,52.64400998693293,40.15931177466235,45.09252605057793,8.984595212775222,52.64400998693293,40.15931177466235,45.09252605057793,8.984595212775222
B004,I040_L2_v12_SOC056,hcs_i_nlc,HCS-i NLC,hcs_i_nlc,HCS-i,HCS-i NLC,proposed_full,Full,False,True,,,,,55.88632281647486,45.85844685479052,54.970827371748584,
B004,I040_L2_v12_SOC056,oeac_i,OEAC-i,oeac_i,OEAC-i,OEAC-i,proposed_full,Full,True,True,49.824114379609355,37.71443428301429,53.68508064013109,34.482725173338174,49.824114379609355,37.71443428301429,53.68508064013109,34.482725173338174
B004,I040_L2_v12_SOC056,kinematic_only_optimization,KINO,kinematic_only_optimization,KINO,KINO,proposed_full,Full,True,True,52.66062568084942,40.09758882958647,40.09746991544205,-0.00019851272436043256,52.66062568084942,40.09758882958647,40.09746991544205,-0.00019851272436043256
B004,I041_L2_v12_SOC060,constant_rule_following,RF,constant_rule_following,RF,RF,proposed_full,Full,True,True,52.1943166129907,40.61154041711188,45.507473317963246,8.984595134336615,52.1943166129907,40.61154041711188,45.507473317963246,8.984595134336615
B004,I041_L2_v12_SOC060,hcs_i_nlc,HCS-i NLC,hcs_i_nlc,HCS-i,HCS-i NLC,proposed_full,Full,False,True,,,,,55.467418506287615,46.26760593709867,55.31112224949011,
B004,I041_L2_v12_SOC060,oeac_i,OEAC-i,oeac_i,OEAC-i,OEAC-i,proposed_full,Full,True,True,49.34764322381794,38.18513937788764,54.03509217490414,34.482725076548,49.34764322381794,38.18513937788764,54.03509217490414,34.482725076548
B004,I041_L2_v12_SOC060,kinematic_only_optimization,KINO,kinematic_only_optimization,KINO,KINO,proposed_full,Full,True,True,52.21109008984987,40.55028392528859,40.55016586701597,-0.00019858469641469693,52.21109008984987,40.55028392528859,40.55016586701597,-0.00019858469641469693
B004,I042_L2_v12_SOC064,constant_rule_following,RF,constant_rule_following,RF,RF,proposed_full,Full,True,True,52.0527401716927,41.356931050840906,46.19141436547031,8.984594665738722,52.0527401716927,41.356931050840906,46.19141436547031,8.984594665738722
B004,I042_L2_v12_SOC064,hcs_i_nlc,HCS-i NLC,hcs_i_nlc,HCS-i,HCS-i NLC,proposed_full,Full,False,True,,,,,55.335535350080995,46.94200671367419,55.87201673762685,
B004,I042_L2_v12_SOC064,oeac_i,OEAC-i,oeac_i,OEAC-i,OEAC-i,proposed_full,Full,True,True,49.19763636464024,38.96098401936515,54.61200224167162,34.48272449831654,49.19763636464024,38.96098401936515,54.61200224167162,34.48272449831654
B004,I042_L2_v12_SOC064,kinematic_only_optimization,KINO,kinematic_only_optimization,KINO,KINO,proposed_full,Full,True,True,52.069563323171984,41.296443395515155,41.29632656659751,-0.0001990146626515215,52.069563323171984,41.296443395515155,41.29632656659751,-0.0001990146626515215
B004,I043_L2_v13_SOC056,constant_rule_following,RF,constant_rule_following,RF,RF,proposed_full,Full,True,True,51.157998518698655,44.749865135006,49.291429674786116,8.956207029015598,51.157998518698655,44.749865135006,49.291429674786116,8.956207029015598
B004,I043_L2_v13_SOC056,hcs_i_nlc,HCS-i NLC,hcs_i_nlc,HCS-i,HCS-i NLC,proposed_full,Full,False,True,,,,,54.67572573551524,50.27137993726446,58.64103561559448,
B004,I043_L2_v13_SOC056,oeac_i,OEAC-i,oeac_i,OEAC-i,OEAC-i,proposed_full,Full,True,True,48.44768477216588,42.79185134785937,57.46060115466019,34.48273883731144,48.44768477216588,42.79185134785937,57.46060115466019,34.48273883731144
B004,I043_L2_v13_SOC056,kinematic_only_optimization,KINO,kinematic_only_optimization,KINO,KINO,proposed_full,Full,True,True,51.36150685820408,44.9800740302768,44.979964234231645,-0.00019955647727052522,51.36150685820408,44.9800740302768,44.979964234231645,-0.00019955647727052522
B004,I044_L2_v13_SOC060,constant_rule_following,RF,constant_rule_following,RF,RF,proposed_full,Full,True,True,39.02478550320747,30.653422765807175,36.353715387484435,8.956206409189736,39.02478550320747,30.653422765807175,36.353715387484435,8.956206409189736
B004,I044_L2_v13_SOC060,hcs_i_nlc,HCS-i NLC,hcs_i_nlc,HCS-i,HCS-i NLC,proposed_full,Full,False,True,,,,,43.41637808912378,37.58368915556682,48.0887668177881,
B004,I044_L2_v13_SOC060,oeac_i,OEAC-i,oeac_i,OEAC-i,OEAC-i,proposed_full,Full,True,True,35.641182107844756,28.195844071243524,46.60715794604894,34.482738072271225,35.641182107844756,28.195844071243524,46.60715794604894,34.482738072271225
B004,I044_L2_v13_SOC060,kinematic_only_optimization,KINO,kinematic_only_optimization,KINO,KINO,proposed_full,Full,True,True,39.27884889694409,30.942366837616312,30.9422286355081,-0.0002001253522718863,39.27884889694409,30.942366837616312,30.9422286355081,-0.0002001253522718863
B004,I045_L2_v13_SOC064,constant_rule_following,RF,constant_rule_following,RF,RF,proposed_full,Full,True,True,38.26615994663608,30.051508890899612,35.80127887120743,8.956206415347271,38.26615994663608,30.051508890899612,35.80127887120743,8.956206415347271
B004,I045_L2_v13_SOC064,hcs_i_nlc,HCS-i NLC,hcs_i_nlc,HCS-i,HCS-i NLC,proposed_full,Full,False,True,,,,,42.71239070639434,37.0419285522867,47.63818810782229,
B004,I045_L2_v13_SOC064,oeac_i,OEAC-i,oeac_i,OEAC-i,OEAC-i,proposed_full,Full,True,True,34.84045931504046,27.57259892413864,46.14371917915174,34.48273807987136,34.84045931504046,27.57259892413864,46.14371917915174,34.48273807987136
B004,I045_L2_v13_SOC064,kinematic_only_optimization,KINO,kinematic_only_optimization,KINO,KINO,proposed_full,Full,True,True,38.523384280191756,30.34296093718753,30.34282153945034,-0.0002001197008987563,38.523384280191756,30.34296093718753,30.34282153945034,-0.0002001197008987563
B004,I046_L2_v14_SOC056,constant_rule_following,RF,constant_rule_following,RF,RF,proposed_full,Full,True,True,51.157998518698655,44.749865135006,49.291429674786116,8.956207029015598,51.157998518698655,44.749865135006,49.291429674786116,8.956207029015598
B004,I046_L2_v14_SOC056,hcs_i_nlc,HCS-i NLC,hcs_i_nlc,HCS-i,HCS-i NLC,proposed_full,Full,False,True,,,,,54.67572573551524,50.27137993726446,58.64103561559448,
B004,I046_L2_v14_SOC056,oeac_i,OEAC-i,oeac_i,OEAC-i,OEAC-i,proposed_full,Full,True,True,48.44768477216588,42.79185134785937,57.46060115466019,34.48273883731144,48.44768477216588,42.79185134785937,57.46060115466019,34.48273883731144
B004,I046_L2_v14_SOC056,kinematic_only_optimization,KINO,kinematic_only_optimization,KINO,KINO,proposed_full,Full,True,True,51.36150685820408,44.9800740302768,44.979964234231645,-0.00019955647727052522,51.36150685820408,44.9800740302768,44.979964234231645,-0.00019955647727052522
B004,I047_L2_v14_SOC060,constant_rule_following,RF,constant_rule_following,RF,RF,proposed_full,Full,True,True,39.02478550320747,30.653422765807175,36.353715387484435,8.956206409189736,39.02478550320747,30.653422765807175,36.353715387484435,8.956206409189736
B004,I047_L2_v14_SOC060,hcs_i_nlc,HCS-i NLC,hcs_i_nlc,HCS-i,HCS-i NLC,proposed_full,Full,False,True,,,,,43.41637808912378,37.58368915556682,48.0887668177881,
B004,I047_L2_v14_SOC060,oeac_i,OEAC-i,oeac_i,OEAC-i,OEAC-i,proposed_full,Full,True,True,35.641182107844756,28.195844071243524,46.60715794604894,34.482738072271225,35.641182107844756,28.195844071243524,46.60715794604894,34.482738072271225
B004,I047_L2_v14_SOC060,kinematic_only_optimization,KINO,kinematic_only_optimization,KINO,KINO,proposed_full,Full,True,True,39.27884889694409,30.942366837616312,30.9422286355081,-0.0002001253522718863,39.27884889694409,30.942366837616312,30.9422286355081,-0.0002001253522718863
B004,I048_L2_v14_SOC064,constant_rule_following,RF,constant_rule_following,RF,RF,proposed_full,Full,True,True,38.26615994663608,30.051508890899612,35.80127887120743,8.956206415347271,38.26615994663608,30.051508890899612,35.80127887120743,8.956206415347271
B004,I048_L2_v14_SOC064,hcs_i_nlc,HCS-i NLC,hcs_i_nlc,HCS-i,HCS-i NLC,proposed_full,Full,False,True,,,,,42.71239070639434,37.0419285522867,47.63818810782229,
B004,I048_L2_v14_SOC064,oeac_i,OEAC-i,oeac_i,OEAC-i,OEAC-i,proposed_full,Full,True,True,34.84045931504046,27.57259892413864,46.14371917915174,34.48273807987136,34.84045931504046,27.57259892413864,46.14371917915174,34.48273807987136
B004,I048_L2_v14_SOC064,kinematic_only_optimization,KINO,kinematic_only_optimization,KINO,KINO,proposed_full,Full,True,True,38.523384280191756,30.34296093718753,30.34282153945034,-0.0002001197008987563,38.523384280191756,30.34296093718753,30.34282153945034,-0.0002001197008987563
B004,I049_L2_v15_SOC056,constant_rule_following,RF,constant_rule_following,RF,RF,proposed_full,Full,True,True,51.157998518698655,44.749865135006,49.291429674786116,8.956207029015598,51.157998518698655,44.749865135006,49.291429674786116,8.956207029015598
B004,I049_L2_v15_SOC056,hcs_i_nlc,HCS-i NLC,hcs_i_nlc,HCS-i,HCS-i NLC,proposed_full,Full,False,True,,,,,54.67572573551524,50.27137993726446,58.64103561559448,
B004,I049_L2_v15_SOC056,oeac_i,OEAC-i,oeac_i,OEAC-i,OEAC-i,proposed_full,Full,True,True,48.44768477216588,42.79185134785937,57.46060115466019,34.48273883731144,48.44768477216588,42.79185134785937,57.46060115466019,34.48273883731144
B004,I049_L2_v15_SOC056,kinematic_only_optimization,KINO,kinematic_only_optimization,KINO,KINO,proposed_full,Full,True,True,51.36150685820408,44.9800740302768,44.979964234231645,-0.00019955647727052522,51.36150685820408,44.9800740302768,44.979964234231645,-0.00019955647727052522
B004,I050_L2_v15_SOC060,constant_rule_following,RF,constant_rule_following,RF,RF,proposed_full,Full,True,True,39.02478550320747,30.653422765807175,36.353715387484435,8.956206409189736,39.02478550320747,30.653422765807175,36.353715387484435,8.956206409189736
B004,I050_L2_v15_SOC060,hcs_i_nlc,HCS-i NLC,hcs_i_nlc,HCS-i,HCS-i NLC,proposed_full,Full,False,True,,,,,43.41637808912378,37.58368915556682,48.0887668177881,
B004,I050_L2_v15_SOC060,oeac_i,OEAC-i,oeac_i,OEAC-i,OEAC-i,proposed_full,Full,True,True,35.641182107844756,28.195844071243524,46.60715794604894,34.482738072271225,35.641182107844756,28.195844071243524,46.60715794604894,34.482738072271225
B004,I050_L2_v15_SOC060,kinematic_only_optimization,KINO,kinematic_only_optimization,KINO,KINO,proposed_full,Full,True,True,39.27884889694409,30.942366837616312,30.9422286355081,-0.0002001253522718863,39.27884889694409,30.942366837616312,30.9422286355081,-0.0002001253522718863
B004,I051_L2_v15_SOC064,constant_rule_following,RF,constant_rule_following,RF,RF,proposed_full,Full,True,True,38.26615994663608,30.051508890899612,35.80127887120743,8.956206415347271,38.26615994663608,30.051508890899612,35.80127887120743,8.956206415347271
B004,I051_L2_v15_SOC064,hcs_i_nlc,HCS-i NLC,hcs_i_nlc,HCS-i,HCS-i NLC,proposed_full,Full,False,True,,,,,42.71239070639434,37.0419285522867,47.63818810782229,
B004,I051_L2_v15_SOC064,oeac_i,OEAC-i,oeac_i,OEAC-i,OEAC-i,proposed_full,Full,True,True,34.84045931504046,27.57259892413864,46.14371917915174,34.48273807987136,34.84045931504046,27.57259892413864,46.14371917915174,34.48273807987136
B004,I051_L2_v15_SOC064,kinematic_only_optimization,KINO,kinematic_only_optimization,KINO,KINO,proposed_full,Full,True,True,38.523384280191756,30.34296093718753,30.34282153945034,-0.0002001197008987563,38.523384280191756,30.34296093718753,30.34282153945034,-0.0002001197008987563
B004,I052_L2_v16_SOC056,constant_rule_following,RF,constant_rule_following,RF,RF,proposed_full,Full,True,True,51.157998518698655,44.749865135006,49.291429674786116,8.956207029015598,51.157998518698655,44.749865135006,49.291429674786116,8.956207029015598
B004,I052_L2_v16_SOC056,hcs_i_nlc,HCS-i NLC,hcs_i_nlc,HCS-i,HCS-i NLC,proposed_full,Full,False,True,,,,,54.67572573551524,50.27137993726446,58.64103561559448,
B004,I052_L2_v16_SOC056,oeac_i,OEAC-i,oeac_i,OEAC-i,OEAC-i,proposed_full,Full,True,True,48.44768477216588,42.79185134785937,57.46060115466019,34.48273883731144,48.44768477216588,42.79185134785937,57.46060115466019,34.48273883731144
B004,I052_L2_v16_SOC056,kinematic_only_optimization,KINO,kinematic_only_optimization,KINO,KINO,proposed_full,Full,True,True,51.36150685820408,44.9800740302768,44.979964234231645,-0.00019955647727052522,51.36150685820408,44.9800740302768,44.979964234231645,-0.00019955647727052522
B004,I053_L2_v16_SOC060,constant_rule_following,RF,constant_rule_following,RF,RF,proposed_full,Full,True,True,39.02478550320747,30.653422765807175,36.353715387484435,8.956206409189736,39.02478550320747,30.653422765807175,36.353715387484435,8.956206409189736
B004,I053_L2_v16_SOC060,hcs_i_nlc,HCS-i NLC,hcs_i_nlc,HCS-i,HCS-i NLC,proposed_full,Full,False,True,,,,,43.41637808912378,37.58368915556682,48.0887668177881,
B004,I053_L2_v16_SOC060,oeac_i,OEAC-i,oeac_i,OEAC-i,OEAC-i,proposed_full,Full,True,True,35.641182107844756,28.195844071243524,46.60715794604894,34.482738072271225,35.641182107844756,28.195844071243524,46.60715794604894,34.482738072271225
B004,I053_L2_v16_SOC060,kinematic_only_optimization,KINO,kinematic_only_optimization,KINO,KINO,proposed_full,Full,True,True,39.27884889694409,30.942366837616312,30.9422286355081,-0.0002001253522718863,39.27884889694409,30.942366837616312,30.9422286355081,-0.0002001253522718863
B004,I054_L2_v16_SOC064,constant_rule_following,RF,constant_rule_following,RF,RF,proposed_full,Full,True,True,38.26615994663608,30.051508890899612,35.80127887120743,8.956206415347271,38.26615994663608,30.051508890899612,35.80127887120743,8.956206415347271
B004,I054_L2_v16_SOC064,hcs_i_nlc,HCS-i NLC,hcs_i_nlc,HCS-i,HCS-i NLC,proposed_full,Full,False,True,,,,,42.71239070639434,37.0419285522867,47.63818810782229,
B004,I054_L2_v16_SOC064,oeac_i,OEAC-i,oeac_i,OEAC-i,OEAC-i,proposed_full,Full,True,True,34.84045931504046,27.57259892413864,46.14371917915174,34.48273807987136,34.84045931504046,27.57259892413864,46.14371917915174,34.48273807987136
B004,I054_L2_v16_SOC064,kinematic_only_optimization,KINO,kinematic_only_optimization,KINO,KINO,proposed_full,Full,True,True,38.523384280191756,30.34296093718753,30.34282153945034,-0.0002001197008987563,38.523384280191756,30.34296093718753,30.34282153945034,-0.0002001197008987563
B004,I055_L3_v8_SOC056,constant_rule_following,RF,constant_rule_following,RF,RF,proposed_full,Full,True,True,48.37458922068068,39.78874933647237,39.80854690954492,0.03289100371575835,48.37458922068068,39.78874933647237,39.80854690954492,0.03289100371575835
B004,I055_L3_v8_SOC056,hcs_i_nlc,HCS-i NLC,hcs_i_nlc,HCS-i,HCS-i NLC,proposed_full,Full,True,True,39.95021450277605,28.956834431042086,48.584692702912506,38.17512585980843,39.95021450277605,28.956834431042086,48.584692702912506,38.17512585980843
B004,I055_L3_v8_SOC056,oeac_i,OEAC-i,oeac_i,OEAC-i,OEAC-i,proposed_full,Full,True,True,44.0656406500805,35.12650359598265,51.760660124960886,34.48255422248303,44.0656406500805,35.12650359598265,51.760660124960886,34.48255422248303
B004,I055_L3_v8_SOC056,kinematic_only_optimization,KINO,kinematic_only_optimization,KINO,KINO,proposed_full,Full,True,True,46.70581537121368,37.069108385105245,37.069028350605336,-0.00012717823644331334,46.70581537121368,37.069108385105245,37.069028350605336,-0.00012717823644331334
B004,I056_L3_v8_SOC060,constant_rule_following,RF,constant_rule_following,RF,RF,proposed_full,Full,True,True,41.475129860619404,36.801723429104854,36.82250472102914,0.032893503980361616,41.475129860619404,36.801723429104854,36.82250472102914,0.032893503980361616
B004,I056_L3_v8_SOC060,hcs_i_nlc,HCS-i NLC,hcs_i_nlc,HCS-i,HCS-i NLC,proposed_full,Full,True,True,31.924882629107692,25.432446982561135,46.03402697145249,38.17512931341627,31.924882629107692,25.432446982561135,46.03402697145249,38.17512931341627
B004,I056_L3_v8_SOC060,oeac_i,OEAC-i,oeac_i,OEAC-i,OEAC-i,proposed_full,Full,True,True,36.59031341606598,31.908187877161463,49.36755119309061,34.48255758379716,36.59031341606598,31.908187877161463,49.36755119309061,34.48255758379716
B004,I056_L3_v8_SOC060,kinematic_only_optimization,KINO,kinematic_only_optimization,KINO,KINO,proposed_full,Full,True,True,39.583333333333,33.94716353998193,33.947081185997305,-0.00012467879711051803,39.583333333333,33.94716353998193,33.947081185997305,-0.00012467879711051803
B004,I057_L3_v8_SOC064,constant_rule_following,RF,constant_rule_following,RF,RF,proposed_full,Full,True,True,48.23521532295587,39.88764302130121,39.907408518157624,0.03289173651695934,48.23521532295587,39.88764302130121,39.907408518157624,0.03289173651695934
B004,I057_L3_v8_SOC064,hcs_i_nlc,HCS-i NLC,hcs_i_nlc,HCS-i,HCS-i NLC,proposed_full,Full,True,True,39.78809719395572,29.073518943447933,48.66913990805088,38.175126872024485,39.78809719395572,29.073518943447933,48.66913990805088,38.175126872024485
B004,I057_L3_v8_SOC064,oeac_i,OEAC-i,oeac_i,OEAC-i,OEAC-i,proposed_full,Full,True,True,43.91463381910994,35.23305476435109,51.839890954150114,34.48255520764877,43.91463381910994,35.23305476435109,51.839890954150114,34.48255520764877
B004,I057_L3_v8_SOC064,kinematic_only_optimization,KINO,kinematic_only_optimization,KINO,KINO,proposed_full,Full,True,True,46.561936259635644,37.17246893139483,37.172389488597304,-0.0001264456771203944,46.561936259635644,37.17246893139483,37.172389488597304,-0.0001264456771203944
B004,I058_L3_v9_SOC056,constant_rule_following,RF,constant_rule_following,RF,RF,proposed_full,Full,True,True,50.14020888634155,40.54785818287683,40.55019618673896,0.0039327360431082835,50.14020888634155,40.54785818287683,40.55019618673896,0.0039327360431082835
B004,I058_L3_v9_SOC056,hcs_i_nlc,HCS-i NLC,hcs_i_nlc,HCS-i,HCS-i NLC,proposed_full,Full,True,True,41.7170957155225,29.54321766818336,48.99026918162652,38.12419944478206,41.7170957155225,29.54321766818336,48.99026918162652,38.12419944478206
B004,I058_L3_v9_SOC056,oeac_i,OEAC-i,oeac_i,OEAC-i,OEAC-i,proposed_full,Full,True,True,45.41415402780946,35.26033005213718,51.86020673962758,34.48265055420384,45.41415402780946,35.26033005213718,51.86020673962758,34.48265055420384
B004,I058_L3_v9_SOC056,kinematic_only_optimization,KINO,kinematic_only_optimization,KINO,KINO,proposed_full,Full,True,True,48.27392244752616,37.469605680512664,37.46952997489026,-0.00012106997179276433,48.27392244752616,37.469605680512664,37.46952997489026,-0.00012106997179276433
B004,I059_L3_v9_SOC060,constant_rule_following,RF,constant_rule_following,RF,RF,proposed_full,Full,True,True,49.84491819119485,40.00708054154162,40.00943923132056,0.003931768179392494,49.84491819119485,40.00708054154162,40.00943923132056,0.003931768179392494
B004,I059_L3_v9_SOC060,hcs_i_nlc,HCS-i NLC,hcs_i_nlc,HCS-i,HCS-i NLC,proposed_full,Full,True,True,41.37191979446621,28.902341639146925,48.526283348793505,38.124198107980625,41.37191979446621,28.902341639146925,48.526283348793505,38.124198107980625
B004,I059_L3_v9_SOC060,oeac_i,OEAC-i,oeac_i,OEAC-i,OEAC-i,proposed_full,Full,True,True,45.090873644112015,34.671456969601024,51.422325933162355,34.482649252646254,45.090873644112015,34.671456969601024,51.422325933162355,34.482649252646254
B004,I059_L3_v9_SOC060,kinematic_only_optimization,KINO,kinematic_only_optimization,KINO,KINO,proposed_full,Full,True,True,47.9675788175887,36.90082820474283,36.90075119981014,-0.0001220377962747789,47.9675788175887,36.90082820474283,36.90075119981014,-0.0001220377962747789
B004,I060_L3_v9_SOC064,constant_rule_following,RF,constant_rule_following,RF,RF,proposed_full,Full,True,True,50.0272566464019,40.724244996509185,40.72657585549523,0.003932384571463672,50.0272566464019,40.724244996509185,40.72657585549523,0.003932384571463672
B004,I060_L3_v9_SOC064,hcs_i_nlc,HCS-i NLC,hcs_i_nlc,HCS-i,HCS-i NLC,proposed_full,Full,True,True,41.58506177711083,29.752253826586625,49.1416082752483,38.12419895933376,41.58506177711083,29.752253826586625,49.1416082752483,38.12419895933376
B004,I060_L3_v9_SOC064,oeac_i,OEAC-i,oeac_i,OEAC-i,OEAC-i,proposed_full,Full,True,True,45.290495395596096,35.452404277702335,52.00303110984637,34.48265008155405,45.290495395596096,35.452404277702335,52.00303110984637,34.48265008155405
B004,I060_L3_v9_SOC064,kinematic_only_optimization,KINO,kinematic_only_optimization,KINO,KINO,proposed_full,Full,True,True,48.156742327185796,37.655125271095564,37.65504957096573,-0.00012142142918995667,48.156742327185796,37.655125271095564,37.65504957096573,-0.00012142142918995667
B004,I061_L3_v10_SOC056,constant_rule_following,RF,constant_rule_following,RF,RF,proposed_full,Full,True,True,51.56582790239384,40.53068328206804,40.5436347860441,0.021783208457921074,51.56582790239384,40.53068328206804,40.5436347860441,0.021783208457921074
B004,I061_L3_v10_SOC056,hcs_i_nlc,HCS-i NLC,hcs_i_nlc,HCS-i,HCS-i NLC,proposed_full,Full,False,True,,,,,53.43341288554437,43.83085513541625,53.284488865696794,
B004,I061_L3_v10_SOC056,oeac_i,OEAC-i,oeac_i,OEAC-i,OEAC-i,proposed_full,Full,True,True,47.265855737194734,35.65895896094087,52.15663783230748,34.48269127395712,47.265855737194734,35.65895896094087,52.15663783230748,34.48269127395712
B004,I061_L3_v10_SOC056,kinematic_only_optimization,KINO,kinematic_only_optimization,KINO,KINO,proposed_full,Full,True,True,50.02835313398392,37.85425398224786,37.85415248756695,-0.0001633169149237145,50.02835313398392,37.85425398224786,37.85415248756695,-0.0001633169149237145
B004,I062_L3_v10_SOC060,constant_rule_following,RF,constant_rule_following,RF,RF,proposed_full,Full,True,True,50.39798843762391,39.797770750623094,39.81087096134037,0.021765077725005803,50.39798843762391,39.797770750623094,39.81087096134037,0.021765077725005803
B004,I062_L3_v10_SOC060,hcs_i_nlc,HCS-i NLC,hcs_i_nlc,HCS-i,HCS-i NLC,proposed_full,Full,False,True,,,,,52.310604425799966,43.138614625119835,52.70874837956754,
B004,I062_L3_v10_SOC060,oeac_i,OEAC-i,oeac_i,OEAC-i,OEAC-i,proposed_full,Full,True,True,45.99433581347504,34.866006260855094,51.56699726274815,34.482666896569725,45.99433581347504,34.866006260855094,51.56699726274815,34.482666896569725
B004,I062_L3_v10_SOC060,kinematic_only_optimization,KINO,kinematic_only_optimization,KINO,KINO,proposed_full,Full,True,True,48.8234422456121,37.088356565796275,37.088242416394685,-0.0001814436696396671,48.8234422456121,37.088356565796275,37.088242416394685,-0.0001814436696396671
B004,I063_L3_v10_SOC064,constant_rule_following,RF,constant_rule_following,RF,RF,proposed_full,Full,True,True,51.42229698307349,40.70723219072207,40.72014519292113,0.021783120490237666,51.42229698307349,40.70723219072207,40.72014519292113,0.021783120490237666
B004,I063_L3_v10_SOC064,hcs_i_nlc,HCS-i NLC,hcs_i_nlc,HCS-i,HCS-i NLC,proposed_full,Full,False,True,,,,,53.29541640973633,43.997606693583755,53.423175007174024,
B004,I063_L3_v10_SOC064,oeac_i,OEAC-i,oeac_i,OEAC-i,OEAC-i,proposed_full,Full,True,True,47.10958218325931,35.849970749944404,52.29867226869113,34.48269115568158,47.10958218325931,35.849970749944404,52.29867226869113,34.48269115568158
B004,I063_L3_v10_SOC064,kinematic_only_optimization,KINO,kinematic_only_optimization,KINO,KINO,proposed_full,Full,True,True,49.88026602721605,38.03874851224162,38.03864726437788,-0.0001634048633054796,49.88026602721605,38.03874851224162,38.03864726437788,-0.0001634048633054796
B004,I064_L3_v11_SOC056,constant_rule_following,RF,constant_rule_following,RF,RF,proposed_full,Full,True,True,52.004718483958946,40.72425918569028,40.75308953186036,0.04866134949871862,52.004718483958946,40.72425918569028,40.75308953186036,0.04866134949871862
B004,I064_L3_v11_SOC056,hcs_i_nlc,HCS-i NLC,hcs_i_nlc,HCS-i,HCS-i NLC,proposed_full,Full,False,True,,,,,54.0647879495783,44.34726876650983,53.713988520639255,
B004,I064_L3_v11_SOC056,oeac_i,OEAC-i,oeac_i,OEAC-i,OEAC-i,proposed_full,Full,True,True,47.75148716457602,35.974838639133246,52.391527326247484,34.482703949805746,47.75148716457602,35.974838639133246,52.391527326247484,34.482703949805746
B004,I064_L3_v11_SOC056,kinematic_only_optimization,KINO,kinematic_only_optimization,KINO,KINO,proposed_full,Full,True,True,50.705895846366154,38.42561590052914,38.42550140145895,-0.00018595209509402065,50.705895846366154,38.42561590052914,38.42550140145895,-0.00018595209509402065
B004,I065_L3_v11_SOC060,constant_rule_following,RF,constant_rule_following,RF,RF,proposed_full,Full,True,True,52.041229651709976,41.48029137489357,41.50875407290202,0.0486614664422302,52.041229651709976,41.48029137489357,41.50875407290202,0.0486614664422302
B004,I065_L3_v11_SOC060,hcs_i_nlc,HCS-i NLC,hcs_i_nlc,HCS-i,HCS-i NLC,proposed_full,Full,False,True,,,,,54.09973197282134,45.0570912951123,54.304343314582624,
B004,I065_L3_v11_SOC060,oeac_i,OEAC-i,oeac_i,OEAC-i,OEAC-i,proposed_full,Full,True,True,47.79123386793142,36.7914472929059,52.99874944750985,34.48270410699805,47.79123386793142,36.7914472929059,52.99874944750985,34.48270410699805
B004,I065_L3_v11_SOC060,kinematic_only_optimization,KINO,kinematic_only_optimization,KINO,KINO,proposed_full,Full,True,True,50.74339505981048,39.21096612593415,39.21085315829627,-0.000185835208678413,50.74339505981048,39.21096612593415,39.21085315829627,-0.000185835208678413
B004,I066_L3_v11_SOC064,constant_rule_following,RF,constant_rule_following,RF,RF,proposed_full,Full,True,True,52.04187722139324,41.48219434491852,41.51065607827151,0.04866139957234974,52.04187722139324,41.48219434491852,41.51065607827151,0.04866139957234974
B004,I066_L3_v11_SOC064,hcs_i_nlc,HCS-i NLC,hcs_i_nlc,HCS-i,HCS-i NLC,proposed_full,Full,False,True,,,,,54.10035174730288,45.058877953159744,54.30582923581751,
B004,I066_L3_v11_SOC064,oeac_i,OEAC-i,oeac_i,OEAC-i,OEAC-i,proposed_full,Full,True,True,47.791938823748715,36.79350273685714,53.0002778237567,34.48270401711336,47.791938823748715,36.79350273685714,53.0002778237567,34.48270401711336
B004,I066_L3_v11_SOC064,kinematic_only_optimization,KINO,kinematic_only_optimization,KINO,KINO,proposed_full,Full,True,True,50.744060153678156,39.21294289089122,39.21282988629832,-0.00018590204591062802,50.744060153678156,39.21294289089122,39.21282988629832,-0.00018590204591062802
B004,I067_L3_v12_SOC056,constant_rule_following,RF,constant_rule_following,RF,RF,proposed_full,Full,True,True,53.40965120487037,42.532672994352595,42.54707533228331,0.025068067490061668,53.40965120487037,42.532672994352595,42.54707533228331,0.025068067490061668
B004,I067_L3_v12_SOC056,hcs_i_nlc,HCS-i NLC,hcs_i_nlc,HCS-i,HCS-i NLC,proposed_full,Full,False,True,,,,,55.499992313119684,46.09859324306481,55.17055551193089,
B004,I067_L3_v12_SOC056,oeac_i,OEAC-i,oeac_i,OEAC-i,OEAC-i,proposed_full,Full,True,True,49.38469340213399,37.99070366908895,53.890511745490485,34.48272509258769,49.38469340213399,37.99070366908895,53.890511745490485,34.48272509258769
B004,I067_L3_v12_SOC056,kinematic_only_optimization,KINO,kinematic_only_optimization,KINO,KINO,proposed_full,Full,True,True,52.24604577101441,40.363287666354495,40.363169243848006,-0.00019857276953241725,52.24604577101441,40.363287666354495,40.363169243848006,-0.00019857276953241725
B004,I068_L3_v12_SOC060,constant_rule_following,RF,constant_rule_following,RF,RF,proposed_full,Full,True,True,53.39869372005205,42.31072197691497,42.3251798902974,0.025067981755182493,53.39869372005205,42.31072197691497,42.3251798902974,0.025067981755182493
B004,I068_L3_v12_SOC060,hcs_i_nlc,HCS-i NLC,hcs_i_nlc,HCS-i,HCS-i NLC,proposed_full,Full,False,True,,,,,55.489526451170725,45.89041456668675,54.99741464127558,
B004,I068_L3_v12_SOC060,oeac_i,OEAC-i,oeac_i,OEAC-i,OEAC-i,proposed_full,Full,True,True,49.3727892960699,37.75121060183903,53.71242707294939,34.482724977317986,49.3727892960699,37.75121060183903,53.71242707294939,34.482724977317986
B004,I068_L3_v12_SOC060,kinematic_only_optimization,KINO,kinematic_only_optimization,KINO,KINO,proposed_full,Full,True,True,52.23481462031452,40.13295802221102,40.13283909101749,-0.00019865848275469635,52.23481462031452,40.13295802221102,40.13283909101749,-0.00019865848275469635
B004,I069_L3_v12_SOC064,constant_rule_following,RF,constant_rule_following,RF,RF,proposed_full,Full,True,True,37.95587598014782,31.220997411583532,31.23823460197057,0.02506798696522534,37.95587598014782,31.220997411583532,31.23823460197057,0.02506798696522534
B004,I069_L3_v12_SOC064,hcs_i_nlc,HCS-i NLC,hcs_i_nlc,HCS-i,HCS-i NLC,proposed_full,Full,False,True,,,,,40.73957231035373,35.488821422123685,46.3464782229841,
B004,I069_L3_v12_SOC064,oeac_i,OEAC-i,oeac_i,OEAC-i,OEAC-i,proposed_full,Full,True,True,32.59586070776263,25.785002103360533,44.814474940710056,34.48272498432284,32.59586070776263,25.785002103360533,44.814474940710056,34.48272498432284
B004,I069_L3_v12_SOC064,kinematic_only_optimization,KINO,kinematic_only_optimization,KINO,KINO,proposed_full,Full,True,True,36.406308704620585,28.624597563805843,28.624455773950384,-0.00019865327402792063,36.406308704620585,28.624597563805843,28.624455773950384,-0.00019865327402792063
B004,I070_L3_v13_SOC056,constant_rule_following,RF,constant_rule_following,RF,RF,proposed_full,Full,True,True,54.974761756728206,44.27575696583654,44.311460870361245,0.06411355923985376,54.974761756728206,44.27575696583654,44.311460870361245,0.06411355923985376
B004,I070_L3_v13_SOC056,hcs_i_nlc,HCS-i NLC,hcs_i_nlc,HCS-i,HCS-i NLC,proposed_full,Full,False,True,,,,,57.03806126603576,47.82870245927792,56.60947809263721,
B004,I070_L3_v13_SOC056,oeac_i,OEAC-i,oeac_i,OEAC-i,OEAC-i,proposed_full,Full,True,True,51.13488075235773,39.982136993895466,55.371329051615454,34.482747818142315,51.13488075235773,39.982136993895466,55.371329051615454,34.482747818142315
B004,I070_L3_v13_SOC056,kinematic_only_optimization,KINO,kinematic_only_optimization,KINO,KINO,proposed_full,Full,True,True,53.89658198879203,42.27748679103346,42.27737273616994,-0.000197591254832452,53.89658198879203,42.27748679103346,42.27737273616994,-0.000197591254832452
B004,I071_L3_v13_SOC060,constant_rule_following,RF,constant_rule_following,RF,RF,proposed_full,Full,True,True,54.92199902738004,44.43014716295423,44.46575217190282,0.06411360618189216,54.92199902738004,44.43014716295423,44.46575217190282,0.06411360618189216
B004,I071_L3_v13_SOC060,hcs_i_nlc,HCS-i NLC,hcs_i_nlc,HCS-i,HCS-i NLC,proposed_full,Full,False,True,,,,,56.98771640981435,47.97324882675858,56.72969636742568,
B004,I071_L3_v13_SOC060,oeac_i,OEAC-i,oeac_i,OEAC-i,OEAC-i,proposed_full,Full,True,True,51.07761826664918,40.14842314145989,55.49497775625587,34.48274788123081,51.07761826664918,40.14842314145989,55.49497775625587,34.48274788123081
B004,I071_L3_v13_SOC060,kinematic_only_optimization,KINO,kinematic_only_optimization,KINO,KINO,proposed_full,Full,True,True,53.842555796783735,42.43741341734935,42.43729970549126,-0.00019754434296367514,53.842555796783735,42.43741341734935,42.43729970549126,-0.00019754434296367514
B004,I072_L3_v13_SOC064,constant_rule_following,RF,constant_rule_following,RF,RF,proposed_full,Full,True,True,41.384987083004255,34.15435694362233,34.19654577767886,0.06411340339973194,41.384987083004255,34.15435694362233,34.19654577767886,0.06411340339973194
B004,I072_L3_v13_SOC064,hcs_i_nlc,HCS-i NLC,hcs_i_nlc,HCS-i,HCS-i NLC,proposed_full,Full,False,True,,,,,44.07104343958035,38.35263704617086,48.72829730068928,
B004,I072_L3_v13_SOC064,oeac_i,OEAC-i,oeac_i,OEAC-i,OEAC-i,proposed_full,Full,True,True,36.3861312534177,29.080870922128266,47.26525867524394,34.48274760869852,36.3861312534177,29.080870922128266,47.26525867524394,34.48274760869852
B004,I072_L3_v13_SOC064,kinematic_only_optimization,KINO,kinematic_only_optimization,KINO,KINO,proposed_full,Full,True,True,39.98138493695972,31.793133578423433,31.792998701128116,-0.00019774699479590844,39.98138493695972,31.793133578423433,31.792998701128116,-0.00019774699479590844
B004,I073_L3_v14_SOC056,constant_rule_following,RF,constant_rule_following,RF,RF,proposed_full,Full,True,True,54.85108717506225,44.18066606963107,44.2107095379718,0.05385167671412489,54.85108717506225,44.18066606963107,44.2107095379718,0.05385167671412489
B004,I073_L3_v14_SOC056,hcs_i_nlc,HCS-i NLC,hcs_i_nlc,HCS-i,HCS-i NLC,proposed_full,Full,False,True,,,,,57.430499252218866,48.50106350970201,57.16867804709663,
B004,I073_L3_v14_SOC056,oeac_i,OEAC-i,oeac_i,OEAC-i,OEAC-i,proposed_full,Full,True,True,51.36681765610494,40.498342624128206,55.75517856474022,34.482760797071386,51.36681765610494,40.498342624128206,55.75517856474022,34.482760797071386
B004,I073_L3_v14_SOC056,kinematic_only_optimization,KINO,kinematic_only_optimization,KINO,KINO,proposed_full,Full,True,True,54.317715975144765,43.02138950083296,43.02127874190162,-0.00019438648130380286,54.317715975144765,43.02138950083296,43.02127874190162,-0.00019438648130380286
B004,I074_L3_v14_SOC060,constant_rule_following,RF,constant_rule_following,RF,RF,proposed_full,Full,True,True,43.36898272939639,35.56748724719134,35.60216704352343,0.05385242754289913,43.36898272939639,35.56748724719134,35.60216704352343,0.05385242754289913
B004,I074_L3_v14_SOC060,hcs_i_nlc,HCS-i NLC,hcs_i_nlc,HCS-i,HCS-i NLC,proposed_full,Full,False,True,,,,,46.604381341448395,40.554541795384736,50.55960931595859,
B004,I074_L3_v14_SOC060,oeac_i,OEAC-i,oeac_i,OEAC-i,OEAC-i,proposed_full,Full,True,True,38.99860667917793,31.316964432671586,48.92800040329803,34.48276180626318,38.99860667917793,31.316964432671586,48.92800040329803,34.48276180626318
B004,I074_L3_v14_SOC060,kinematic_only_optimization,KINO,kinematic_only_optimization,KINO,KINO,proposed_full,Full,True,True,42.69996653954286,34.229328995494996,34.229201639513676,-0.00019363605810455395,42.69996653954286,34.229328995494996,34.229201639513676,-0.00019363605810455395
B004,I075_L3_v14_SOC064,constant_rule_following,RF,constant_rule_following,RF,RF,proposed_full,Full,True,True,55.50163437104524,44.23348749921436,44.259009197510224,0.045786230076691706,55.50163437104524,44.23348749921436,44.259009197510224,0.045786230076691706
B004,I075_L3_v14_SOC064,hcs_i_nlc,HCS-i NLC,hcs_i_nlc,HCS-i,HCS-i NLC,proposed_full,Full,False,True,,,,,58.04387989890786,48.54979657862093,57.205759326510176,
B004,I075_L3_v14_SOC064,oeac_i,OEAC-i,oeac_i,OEAC-i,OEAC-i,proposed_full,Full,True,True,52.0675694223374,40.55464860959714,55.793483583390994,34.47191999971389,52.0675694223374,40.55464860959714,55.793483583390994,34.47191999971389
B004,I075_L3_v14_SOC064,kinematic_only_optimization,KINO,kinematic_only_optimization,KINO,KINO,proposed_full,Full,True,True,54.97594847553077,43.075307945398954,43.07060815288551,-0.008255476408511838,54.97594847553077,43.075307945398954,43.07060815288551,-0.008255476408511838
B004,I076_L3_v15_SOC056,constant_rule_following,RF,constant_rule_following,RF,RF,proposed_full,Full,True,True,54.85108717506225,44.18066606963107,44.2107095379718,0.05385167671412489,54.85108717506225,44.18066606963107,44.2107095379718,0.05385167671412489
B004,I076_L3_v15_SOC056,hcs_i_nlc,HCS-i NLC,hcs_i_nlc,HCS-i,HCS-i NLC,proposed_full,Full,False,True,,,,,57.430499252218866,48.50106350970201,57.16867804709663,
B004,I076_L3_v15_SOC056,oeac_i,OEAC-i,oeac_i,OEAC-i,OEAC-i,proposed_full,Full,True,True,51.36681765610494,40.498342624128206,55.75517856474022,34.482760797071386,51.36681765610494,40.498342624128206,55.75517856474022,34.482760797071386
B004,I076_L3_v15_SOC056,kinematic_only_optimization,KINO,kinematic_only_optimization,KINO,KINO,proposed_full,Full,True,True,54.317715975144765,43.02138950083296,43.02127874190162,-0.00019438648130380286,54.317715975144765,43.02138950083296,43.02127874190162,-0.00019438648130380286
B004,I077_L3_v15_SOC060,constant_rule_following,RF,constant_rule_following,RF,RF,proposed_full,Full,True,True,43.36898272939639,35.56748724719134,35.60216704352343,0.05385242754289913,43.36898272939639,35.56748724719134,35.60216704352343,0.05385242754289913
B004,I077_L3_v15_SOC060,hcs_i_nlc,HCS-i NLC,hcs_i_nlc,HCS-i,HCS-i NLC,proposed_full,Full,False,True,,,,,46.604381341448395,40.554541795384736,50.55960931595859,
B004,I077_L3_v15_SOC060,oeac_i,OEAC-i,oeac_i,OEAC-i,OEAC-i,proposed_full,Full,True,True,38.99860667917793,31.316964432671586,48.92800040329803,34.48276180626318,38.99860667917793,31.316964432671586,48.92800040329803,34.48276180626318
B004,I077_L3_v15_SOC060,kinematic_only_optimization,KINO,kinematic_only_optimization,KINO,KINO,proposed_full,Full,True,True,42.69996653954286,34.229328995494996,34.229201639513676,-0.00019363605810455395,42.69996653954286,34.229328995494996,34.229201639513676,-0.00019363605810455395
B004,I078_L3_v15_SOC064,constant_rule_following,RF,constant_rule_following,RF,RF,proposed_full,Full,True,True,55.50163437104524,44.23348749921436,44.259009197510224,0.045786230076691706,55.50163437104524,44.23348749921436,44.259009197510224,0.045786230076691706
B004,I078_L3_v15_SOC064,hcs_i_nlc,HCS-i NLC,hcs_i_nlc,HCS-i,HCS-i NLC,proposed_full,Full,False,True,,,,,58.04387989890786,48.54979657862093,57.205759326510176,
B004,I078_L3_v15_SOC064,oeac_i,OEAC-i,oeac_i,OEAC-i,OEAC-i,proposed_full,Full,True,True,52.0675694223374,40.55464860959714,55.793483583390994,34.47191999971389,52.0675694223374,40.55464860959714,55.793483583390994,34.47191999971389
B004,I078_L3_v15_SOC064,kinematic_only_optimization,KINO,kinematic_only_optimization,KINO,KINO,proposed_full,Full,True,True,54.97594847553077,43.075307945398954,43.07060815288551,-0.008255476408511838,54.97594847553077,43.075307945398954,43.07060815288551,-0.008255476408511838
B004,I079_L3_v16_SOC056,constant_rule_following,RF,constant_rule_following,RF,RF,proposed_full,Full,True,True,54.85108717506225,44.18066606963107,44.2107095379718,0.05385167671412489,54.85108717506225,44.18066606963107,44.2107095379718,0.05385167671412489
B004,I079_L3_v16_SOC056,hcs_i_nlc,HCS-i NLC,hcs_i_nlc,HCS-i,HCS-i NLC,proposed_full,Full,False,True,,,,,57.430499252218866,48.50106350970201,57.16867804709663,
B004,I079_L3_v16_SOC056,oeac_i,OEAC-i,oeac_i,OEAC-i,OEAC-i,proposed_full,Full,True,True,51.36681765610494,40.498342624128206,55.75517856474022,34.482760797071386,51.36681765610494,40.498342624128206,55.75517856474022,34.482760797071386
B004,I079_L3_v16_SOC056,kinematic_only_optimization,KINO,kinematic_only_optimization,KINO,KINO,proposed_full,Full,True,True,54.317715975144765,43.02138950083296,43.02127874190162,-0.00019438648130380286,54.317715975144765,43.02138950083296,43.02127874190162,-0.00019438648130380286
B004,I080_L3_v16_SOC060,constant_rule_following,RF,constant_rule_following,RF,RF,proposed_full,Full,True,True,43.36898272939639,35.56748724719134,35.60216704352343,0.05385242754289913,43.36898272939639,35.56748724719134,35.60216704352343,0.05385242754289913
B004,I080_L3_v16_SOC060,hcs_i_nlc,HCS-i NLC,hcs_i_nlc,HCS-i,HCS-i NLC,proposed_full,Full,False,True,,,,,46.604381341448395,40.554541795384736,50.55960931595859,
B004,I080_L3_v16_SOC060,oeac_i,OEAC-i,oeac_i,OEAC-i,OEAC-i,proposed_full,Full,True,True,38.99860667917793,31.316964432671586,48.92800040329803,34.48276180626318,38.99860667917793,31.316964432671586,48.92800040329803,34.48276180626318
B004,I080_L3_v16_SOC060,kinematic_only_optimization,KINO,kinematic_only_optimization,KINO,KINO,proposed_full,Full,True,True,42.69996653954286,34.229328995494996,34.229201639513676,-0.00019363605810455395,42.69996653954286,34.229328995494996,34.229201639513676,-0.00019363605810455395
B004,I081_L3_v16_SOC064,constant_rule_following,RF,constant_rule_following,RF,RF,proposed_full,Full,True,True,55.50163437104524,44.23348749921436,44.259009197510224,0.045786230076691706,55.50163437104524,44.23348749921436,44.259009197510224,0.045786230076691706
B004,I081_L3_v16_SOC064,hcs_i_nlc,HCS-i NLC,hcs_i_nlc,HCS-i,HCS-i NLC,proposed_full,Full,False,True,,,,,58.04387989890786,48.54979657862093,57.205759326510176,
B004,I081_L3_v16_SOC064,oeac_i,OEAC-i,oeac_i,OEAC-i,OEAC-i,proposed_full,Full,True,True,52.0675694223374,40.55464860959714,55.793483583390994,34.47191999971389,52.0675694223374,40.55464860959714,55.793483583390994,34.47191999971389
B004,I081_L3_v16_SOC064,kinematic_only_optimization,KINO,kinematic_only_optimization,KINO,KINO,proposed_full,Full,True,True,54.97594847553077,43.075307945398954,43.07060815288551,-0.008255476408511838,54.97594847553077,43.075307945398954,43.07060815288551,-0.008255476408511838
B005,I001_L1_v8_SOC056,constant_rule_following,RF,constant_rule_following,RF,RF,proposed_full,Full,True,True,25.854739602127186,22.466857344089913,33.96213512748453,17.407100919428537,25.854739602127186,22.466857344089913,33.96213512748453,17.407100919428537
B005,I001_L1_v8_SOC056,hcs_i_nlc,HCS-i NLC,hcs_i_nlc,HCS-i,HCS-i NLC,proposed_full,Full,False,True,,,,,29.289054006729394,23.802273164144662,38.86234986114789,
B005,I001_L1_v8_SOC056,oeac_i,OEAC-i,oeac_i,OEAC-i,OEAC-i,proposed_full,Full,True,True,19.580355862012595,12.863150719217007,37.53051871676226,39.48707031150612,19.580355862012595,12.863150719217007,37.53051871676226,39.48707031150612
B005,I001_L1_v8_SOC056,kinematic_only_optimization,KINO,kinematic_only_optimization,KINO,KINO,proposed_full,Full,True,True,25.68196297146366,18.16213257027165,18.164800294102456,0.0032598733068309174,25.68196297146366,18.16213257027165,18.164800294102456,0.0032598733068309174
B005,I002_L1_v8_SOC060,constant_rule_following,RF,constant_rule_following,RF,RF,proposed_full,Full,True,True,22.44143397646792,19.96261287845098,31.82917647744968,17.407100260529106,22.44143397646792,19.96261287845098,31.82917647744968,17.407100260529106
B005,I002_L1_v8_SOC060,hcs_i_nlc,HCS-i NLC,hcs_i_nlc,HCS-i,HCS-i NLC,proposed_full,Full,False,True,,,,,26.033848367699182,21.341161319758292,36.88766336941756,
B005,I002_L1_v8_SOC060,oeac_i,OEAC-i,oeac_i,OEAC-i,OEAC-i,proposed_full,Full,True,True,15.878206563773924,10.048715948617895,35.512815377571954,39.487069528691876,15.878206563773924,10.048715948617895,35.512815377571954,39.487069528691876
B005,I002_L1_v8_SOC060,kinematic_only_optimization,KINO,kinematic_only_optimization,KINO,KINO,proposed_full,Full,True,True,22.26070350705244,15.518849716381448,15.521603130975047,0.003259312079353048,22.26070350705244,15.518849716381448,15.521603130975047,0.003259312079353048
B005,I003_L1_v8_SOC064,constant_rule_following,RF,constant_rule_following,RF,RF,proposed_full,Full,True,True,25.239107372031906,21.774734133462726,33.37260402743054,17.407058650082405,25.239107372031906,21.774734133462726,33.37260402743054,17.407058650082405
B005,I003_L1_v8_SOC064,hcs_i_nlc,HCS-i NLC,hcs_i_nlc,HCS-i,HCS-i NLC,proposed_full,Full,False,True,,,,,28.701937080571387,23.122070949535917,38.31656380021674,
B005,I003_L1_v8_SOC064,oeac_i,OEAC-i,oeac_i,OEAC-i,OEAC-i,proposed_full,Full,True,True,18.912627073975887,12.085297096595204,36.97284317574039,39.48702009284635,18.912627073975887,12.085297096595204,36.97284317574039,39.48702009284635
B005,I003_L1_v8_SOC064,kinematic_only_optimization,KINO,kinematic_only_optimization,KINO,KINO,proposed_full,Full,True,True,25.06489616737305,17.43158192294756,17.434243735393437,0.0032238697570206023,25.06489616737305,17.43158192294756,17.434243735393437,0.0032238697570206023
B005,I004_L1_v9_SOC056,constant_rule_following,RF,constant_rule_following,RF,RF,proposed_full,Full,True,True,41.52634610691508,36.57889958934302,46.01927285803974,17.488414418483313,41.52634610691508,36.57889958934302,46.01927285803974,17.488414418483313
B005,I004_L1_v9_SOC056,hcs_i_nlc,HCS-i NLC,hcs_i_nlc,HCS-i,HCS-i NLC,proposed_full,Full,False,True,,,,,44.07661747209363,37.54004522604949,49.93435933966089,
B005,I004_L1_v9_SOC056,oeac_i,OEAC-i,oeac_i,OEAC-i,OEAC-i,proposed_full,Full,True,True,36.07216826767319,28.15878290433546,48.546945526954275,39.62478580022763,36.07216826767319,28.15878290433546,48.546945526954275,39.62478580022763
B005,I004_L1_v9_SOC056,kinematic_only_optimization,KINO,kinematic_only_optimization,KINO,KINO,proposed_full,Full,True,True,41.00852057759153,32.58448407363483,32.586640038341834,0.0031981267633327884,41.00852057759153,32.58448407363483,32.586640038341834,0.0031981267633327884
B005,I005_L1_v9_SOC060,constant_rule_following,RF,constant_rule_following,RF,RF,proposed_full,Full,True,True,25.594779754919134,22.46122949102158,34.00307187842307,17.48845395673502,25.594779754919134,22.46122949102158,34.00307187842307,17.48845395673502
B005,I005_L1_v9_SOC060,hcs_i_nlc,HCS-i NLC,hcs_i_nlc,HCS-i,HCS-i NLC,proposed_full,Full,False,True,,,,,28.839890843030457,23.63632816429793,38.78966321939933,
B005,I005_L1_v9_SOC060,oeac_i,OEAC-i,oeac_i,OEAC-i,OEAC-i,proposed_full,Full,True,True,18.654572048271543,12.166777154651937,37.09340875007214,39.62483278800896,18.654572048271543,12.166777154651937,37.09340875007214,39.62483278800896
B005,I005_L1_v9_SOC060,kinematic_only_optimization,KINO,kinematic_only_optimization,KINO,KINO,proposed_full,Full,True,True,24.935868946501184,17.57764869559982,17.580312319187087,0.0032317807337175776,24.935868946501184,17.57764869559982,17.580312319187087,0.0032317807337175776
B005,I006_L1_v9_SOC064,constant_rule_following,RF,constant_rule_following,RF,RF,proposed_full,Full,True,True,27.23733679706622,23.460219750284125,34.85333905529027,17.488416351339225,27.23733679706622,23.460219750284125,34.85333905529027,17.488416351339225
B005,I006_L1_v9_SOC064,hcs_i_nlc,HCS-i NLC,hcs_i_nlc,HCS-i,HCS-i NLC,proposed_full,Full,False,True,,,,,30.410809362332373,24.62017874413856,39.578262654719346,
B005,I006_L1_v9_SOC064,oeac_i,OEAC-i,oeac_i,OEAC-i,OEAC-i,proposed_full,Full,True,True,20.45033994047684,13.298398580761331,37.903861770701866,39.62478809725916,20.45033994047684,13.298398580761331,37.903861770701866,39.62478809725916
B005,I006_L1_v9_SOC064,kinematic_only_optimization,KINO,kinematic_only_optimization,KINO,KINO,proposed_full,Full,True,True,26.592971992073142,18.639557796790395,18.642161062109547,0.003199771961915174,26.592971992073142,18.639557796790395,18.642161062109547,0.003199771961915174
B005,I007_L1_v10_SOC056,constant_rule_following,RF,constant_rule_following,RF,RF,proposed_full,Full,True,True,28.08905523103176,23.839709086800138,35.243901997671124,17.61099458225671,28.08905523103176,23.839709086800138,35.243901997671124,17.61099458225671
B005,I007_L1_v10_SOC056,hcs_i_nlc,HCS-i NLC,hcs_i_nlc,HCS-i,HCS-i NLC,proposed_full,Full,False,True,,,,,31.94198696934296,25.839763957409037,40.60127486760649,
B005,I007_L1_v10_SOC056,oeac_i,OEAC-i,oeac_i,OEAC-i,OEAC-i,proposed_full,Full,True,True,22.200766384204417,14.701270002499601,38.95529503433262,39.731578759327135,22.200766384204417,14.701270002499601,38.95529503433262,39.731578759327135
B005,I007_L1_v10_SOC056,kinematic_only_optimization,KINO,kinematic_only_optimization,KINO,KINO,proposed_full,Full,True,True,27.849790374794303,19.482184927598627,19.484771223363985,0.0032121820985437735,27.849790374794303,19.482184927598627,19.484771223363985,0.0032121820985437735
B005,I008_L1_v10_SOC060,constant_rule_following,RF,constant_rule_following,RF,RF,proposed_full,Full,True,True,26.047929046880117,22.899633484805634,34.444590040298266,17.610989791063123,26.047929046880117,22.899633484805634,34.444590040298266,17.610989791063123
B005,I008_L1_v10_SOC060,hcs_i_nlc,HCS-i NLC,hcs_i_nlc,HCS-i,HCS-i NLC,proposed_full,Full,False,True,,,,,30.010222717259957,24.92437579770191,39.86809123369886,
B005,I008_L1_v10_SOC060,oeac_i,OEAC-i,oeac_i,OEAC-i,OEAC-i,proposed_full,Full,True,True,19.992506524035573,13.648395151441626,38.201794373875885,39.7315730669933,19.992506524035573,13.648395151441626,38.201794373875885,39.7315730669933
B005,I008_L1_v10_SOC060,kinematic_only_optimization,KINO,kinematic_only_optimization,KINO,KINO,proposed_full,Full,True,True,25.80187287723992,18.488322738157446,18.490937637074374,0.003208108204341912,25.80187287723992,18.488322738157446,18.490937637074374,0.003208108204341912
B005,I009_L1_v10_SOC064,constant_rule_following,RF,constant_rule_following,RF,RF,proposed_full,Full,True,True,26.13975318899604,22.932346141528914,34.472427650439826,17.611031654506863,26.13975318899604,22.932346141528914,34.472427650439826,17.611031654506863
B005,I009_L1_v10_SOC064,hcs_i_nlc,HCS-i NLC,hcs_i_nlc,HCS-i,HCS-i NLC,proposed_full,Full,False,True,,,,,30.097126994219913,24.956229383278984,39.89362579498577,
B005,I009_L1_v10_SOC064,oeac_i,OEAC-i,oeac_i,OEAC-i,OEAC-i,proposed_full,Full,True,True,20.09184950870916,13.685032985145806,38.228036515550016,39.731622804223285,20.09184950870916,13.685032985145806,38.228036515550016,39.731622804223285
B005,I009_L1_v10_SOC064,kinematic_only_optimization,KINO,kinematic_only_optimization,KINO,KINO,proposed_full,Full,True,True,25.894002540166795,18.52290705516818,18.525549845318643,0.003243704186350033,25.894002540166795,18.52290705516818,18.525549845318643,0.003243704186350033
B005,I010_L1_v11_SOC056,constant_rule_following,RF,constant_rule_following,RF,RF,proposed_full,Full,True,True,25.082852230369085,21.530102076046735,33.36312432987164,17.757468571008264,25.082852230369085,21.530102076046735,33.36312432987164,17.757468571008264
B005,I010_L1_v11_SOC056,hcs_i_nlc,HCS-i NLC,hcs_i_nlc,HCS-i,HCS-i NLC,proposed_full,Full,False,True,,,,,29.953504008650654,24.59164943018963,39.63833339592814,
B005,I010_L1_v11_SOC056,oeac_i,OEAC-i,oeac_i,OEAC-i,OEAC-i,proposed_full,Full,True,True,19.570814592030267,12.888522880962034,37.69589837956239,39.81660091935711,19.570814592030267,12.888522880962034,37.69589837956239,39.81660091935711
B005,I010_L1_v11_SOC056,kinematic_only_optimization,KINO,kinematic_only_optimization,KINO,KINO,proposed_full,Full,True,True,25.30085383598924,17.53183915793478,17.534484696827175,0.003208054764066877,25.30085383598924,17.53183915793478,17.534484696827175,0.003208054764066877
B005,I011_L1_v11_SOC060,constant_rule_following,RF,constant_rule_following,RF,RF,proposed_full,Full,True,True,42.046941039248836,36.00001049815347,45.65101518924412,17.757470033148945,42.046941039248836,36.00001049815347,45.65101518924412,17.757470033148945
B005,I011_L1_v11_SOC060,hcs_i_nlc,HCS-i NLC,hcs_i_nlc,HCS-i,HCS-i NLC,proposed_full,Full,False,True,,,,,45.814692189519704,38.49700620871805,50.76907090217587,
B005,I011_L1_v11_SOC060,oeac_i,OEAC-i,oeac_i,OEAC-i,OEAC-i,proposed_full,Full,True,True,37.783038157750994,28.951945031051952,49.18482238904116,39.81660265539596,37.783038157750994,28.951945031051952,49.18482238904116,39.81660265539596
B005,I011_L1_v11_SOC060,kinematic_only_optimization,KINO,kinematic_only_optimization,KINO,KINO,proposed_full,Full,True,True,42.21557879816209,32.73903028083785,32.741188815483035,0.003209296458207361,42.21557879816209,32.73903028083785,32.741188815483035,0.003209296458207361
B005,I012_L1_v11_SOC064,constant_rule_following,RF,constant_rule_following,RF,RF,proposed_full,Full,True,True,25.340093583452582,21.915697399382488,33.69054964550637,17.757427008028177,25.340093583452582,21.915697399382488,33.69054964550637,17.757427008028177
B005,I012_L1_v11_SOC064,hcs_i_nlc,HCS-i NLC,hcs_i_nlc,HCS-i,HCS-i NLC,proposed_full,Full,False,True,,,,,30.194021112464856,24.962200534364143,39.93492499842034,
B005,I012_L1_v11_SOC064,oeac_i,OEAC-i,oeac_i,OEAC-i,OEAC-i,proposed_full,Full,True,True,19.84698250682289,13.316582290680179,38.00203428304315,39.816551570516054,19.84698250682289,13.316582290680179,38.00203428304315,39.816551570516054
B005,I012_L1_v11_SOC064,kinematic_only_optimization,KINO,kinematic_only_optimization,KINO,KINO,proposed_full,Full,True,True,25.55734664178185,17.937081652013443,17.93968522739807,0.003172758222834663,25.55734664178185,17.937081652013443,17.93968522739807,0.003172758222834663
B005,I013_L1_v12_SOC056,constant_rule_following,RF,constant_rule_following,RF,RF,proposed_full,Full,True,True,26.39408995927673,22.58958290536092,34.26146935580324,17.75501572071216,26.39408995927673,22.58958290536092,34.26146935580324,17.75501572071216
B005,I013_L1_v12_SOC056,hcs_i_nlc,HCS-i NLC,hcs_i_nlc,HCS-i,HCS-i NLC,proposed_full,Full,False,True,,,,,31.146258523911037,25.654377929412504,40.516742134566925,
B005,I013_L1_v12_SOC056,oeac_i,OEAC-i,oeac_i,OEAC-i,OEAC-i,proposed_full,Full,True,True,20.94061372325004,14.116487723473325,38.602773822468784,39.881746494854525,20.94061372325004,14.116487723473325,38.602773822468784,39.881746494854525
B005,I013_L1_v12_SOC056,kinematic_only_optimization,KINO,kinematic_only_optimization,KINO,KINO,proposed_full,Full,True,True,26.090460754416014,18.02823057193782,18.030926758738474,0.0032892732515219995,26.090460754416014,18.02823057193782,18.030926758738474,0.0032892732515219995
B005,I014_L1_v12_SOC060,constant_rule_following,RF,constant_rule_following,RF,RF,proposed_full,Full,True,True,26.94057840015752,22.858843703123494,34.49015364213571,17.755056049854254,26.94057840015752,22.858843703123494,34.49015364213571,17.755056049854254
B005,I014_L1_v12_SOC060,hcs_i_nlc,HCS-i NLC,hcs_i_nlc,HCS-i,HCS-i NLC,proposed_full,Full,False,True,,,,,31.657464401363796,25.91297828657642,40.723666235857095,
B005,I014_L1_v12_SOC060,oeac_i,OEAC-i,oeac_i,OEAC-i,OEAC-i,proposed_full,Full,True,True,21.52759159934001,14.415220941794027,38.81635603542081,39.88179440203535,21.52759159934001,14.415220941794027,38.81635603542081,39.88179440203535
B005,I014_L1_v12_SOC060,kinematic_only_optimization,KINO,kinematic_only_optimization,KINO,KINO,proposed_full,Full,True,True,26.639203495945736,18.313357365702874,18.316072149604707,0.00332352272139395,26.639203495945736,18.313357365702874,18.316072149604707,0.00332352272139395
B005,I015_L1_v12_SOC064,constant_rule_following,RF,constant_rule_following,RF,RF,proposed_full,Full,True,True,29.66318367263211,25.12803469784188,36.417168970225084,17.755004125400877,29.66318367263211,25.12803469784188,36.417168970225084,17.755004125400877
B005,I015_L1_v12_SOC064,hcs_i_nlc,HCS-i NLC,hcs_i_nlc,HCS-i,HCS-i NLC,proposed_full,Full,False,True,,,,,34.20429195187825,28.09232859149807,42.4673186805973,
B005,I015_L1_v12_SOC064,oeac_i,OEAC-i,oeac_i,OEAC-i,OEAC-i,proposed_full,Full,True,True,24.451915227654595,16.932790281517644,40.61611326739535,39.88173272072878,24.451915227654595,16.932790281517644,40.61611326739535,39.88173272072878
B005,I015_L1_v12_SOC064,kinematic_only_optimization,KINO,kinematic_only_optimization,KINO,KINO,proposed_full,Full,True,True,29.373039693675832,20.716258783736603,20.718858750055382,0.003279425948955634,29.373039693675832,20.716258783736603,20.718858750055382,0.003279425948955634
B005,I016_L1_v13_SOC056,constant_rule_following,RF,constant_rule_following,RF,RF,proposed_full,Full,True,True,26.99569360277705,22.85929379627924,34.48421519584852,17.74369556026846,26.99569360277705,22.85929379627924,34.48421519584852,17.74369556026846
B005,I016_L1_v13_SOC056,hcs_i_nlc,HCS-i NLC,hcs_i_nlc,HCS-i,HCS-i NLC,proposed_full,Full,False,True,,,,,31.70981194086507,25.93157542064302,40.74120801579839,
B005,I016_L1_v13_SOC056,oeac_i,OEAC-i,oeac_i,OEAC-i,OEAC-i,proposed_full,Full,True,True,21.587756083322592,14.436775643099141,38.83450907372384,39.88806933640359,21.587756083322592,14.436775643099141,38.83450907372384,39.88806933640359
B005,I016_L1_v13_SOC056,kinematic_only_optimization,KINO,kinematic_only_optimization,KINO,KINO,proposed_full,Full,True,True,26.589522600364866,18.202551341166284,18.205260461770585,0.0033120963763478557,26.589522600364866,18.202551341166284,18.205260461770585,0.0033120963763478557
B005,I017_L1_v13_SOC060,constant_rule_following,RF,constant_rule_following,RF,RF,proposed_full,Full,True,True,43.44689192183277,37.91813730909384,47.2737102634115,17.743658810541195,43.44689192183277,37.91813730909384,47.2737102634115,17.743658810541195
B005,I017_L1_v13_SOC060,hcs_i_nlc,HCS-i NLC,hcs_i_nlc,HCS-i,HCS-i NLC,proposed_full,Full,False,True,,,,,47.09870449322518,40.39067062305961,52.30926035703605,
B005,I017_L1_v13_SOC060,oeac_i,OEAC-i,oeac_i,OEAC-i,OEAC-i,proposed_full,Full,True,True,39.2576092601552,31.139801444284615,50.77477273453719,39.8880256750562,39.2576092601552,31.139801444284615,50.77477273453719,39.8880256750562
B005,I017_L1_v13_SOC060,kinematic_only_optimization,KINO,kinematic_only_optimization,KINO,KINO,proposed_full,Full,True,True,43.13224976260656,34.170449999597935,34.1726097197237,0.003280883712031045,43.13224976260656,34.170449999597935,34.1726097197237,0.003280883712031045
B005,I018_L1_v13_SOC064,constant_rule_following,RF,constant_rule_following,RF,RF,proposed_full,Full,True,True,43.19042607409757,37.85469987986113,47.219852059371014,17.743702026080882,43.19042607409757,37.85469987986113,47.219852059371014,17.743702026080882
B005,I018_L1_v13_SOC064,hcs_i_nlc,HCS-i NLC,hcs_i_nlc,HCS-i,HCS-i NLC,proposed_full,Full,False,True,,,,,46.8587994542363,40.329759715267016,52.26054580497171,
B005,I018_L1_v13_SOC064,oeac_i,OEAC-i,oeac_i,OEAC-i,OEAC-i,proposed_full,Full,True,True,38.982145200549056,31.069437673233203,50.724490752868306,39.88807701825876,38.982145200549056,31.069437673233203,50.724490752868306,39.88807701825876
B005,I018_L1_v13_SOC064,kinematic_only_optimization,KINO,kinematic_only_optimization,KINO,KINO,proposed_full,Full,True,True,42.87435702657395,34.10318305175581,34.105369164113206,0.0033175879880604094,42.87435702657395,34.10318305175581,34.105369164113206,0.0033175879880604094
B005,I019_L1_v14_SOC056,constant_rule_following,RF,constant_rule_following,RF,RF,proposed_full,Full,True,True,26.99569360277705,22.85929379627924,34.48421519584852,17.74369556026846,26.99569360277705,22.85929379627924,34.48421519584852,17.74369556026846
B005,I019_L1_v14_SOC056,hcs_i_nlc,HCS-i NLC,hcs_i_nlc,HCS-i,HCS-i NLC,proposed_full,Full,False,True,,,,,31.70981194086507,25.93157542064302,40.74120801579839,
B005,I019_L1_v14_SOC056,oeac_i,OEAC-i,oeac_i,OEAC-i,OEAC-i,proposed_full,Full,True,True,21.587756083322592,14.436775643099141,38.83450907372384,39.88806933640359,21.587756083322592,14.436775643099141,38.83450907372384,39.88806933640359
B005,I019_L1_v14_SOC056,kinematic_only_optimization,KINO,kinematic_only_optimization,KINO,KINO,proposed_full,Full,True,True,26.589522600364866,18.202551341166284,18.205260461770585,0.0033120963763478557,26.589522600364866,18.202551341166284,18.205260461770585,0.0033120963763478557
B005,I020_L1_v14_SOC060,constant_rule_following,RF,constant_rule_following,RF,RF,proposed_full,Full,True,True,43.44689192183277,37.91813730909384,47.2737102634115,17.743658810541195,43.44689192183277,37.91813730909384,47.2737102634115,17.743658810541195
B005,I020_L1_v14_SOC060,hcs_i_nlc,HCS-i NLC,hcs_i_nlc,HCS-i,HCS-i NLC,proposed_full,Full,False,True,,,,,47.09870449322518,40.39067062305961,52.30926035703605,
B005,I020_L1_v14_SOC060,oeac_i,OEAC-i,oeac_i,OEAC-i,OEAC-i,proposed_full,Full,True,True,39.2576092601552,31.139801444284615,50.77477273453719,39.8880256750562,39.2576092601552,31.139801444284615,50.77477273453719,39.8880256750562
B005,I020_L1_v14_SOC060,kinematic_only_optimization,KINO,kinematic_only_optimization,KINO,KINO,proposed_full,Full,True,True,43.13224976260656,34.170449999597935,34.1726097197237,0.003280883712031045,43.13224976260656,34.170449999597935,34.1726097197237,0.003280883712031045
B005,I021_L1_v14_SOC064,constant_rule_following,RF,constant_rule_following,RF,RF,proposed_full,Full,True,True,43.19042607409757,37.85469987986113,47.219852059371014,17.743702026080882,43.19042607409757,37.85469987986113,47.219852059371014,17.743702026080882
B005,I021_L1_v14_SOC064,hcs_i_nlc,HCS-i NLC,hcs_i_nlc,HCS-i,HCS-i NLC,proposed_full,Full,False,True,,,,,46.8587994542363,40.329759715267016,52.26054580497171,
B005,I021_L1_v14_SOC064,oeac_i,OEAC-i,oeac_i,OEAC-i,OEAC-i,proposed_full,Full,True,True,38.982145200549056,31.069437673233203,50.724490752868306,39.88807701825876,38.982145200549056,31.069437673233203,50.724490752868306,39.88807701825876
B005,I021_L1_v14_SOC064,kinematic_only_optimization,KINO,kinematic_only_optimization,KINO,KINO,proposed_full,Full,True,True,42.87435702657395,34.10318305175581,34.105369164113206,0.0033175879880604094,42.87435702657395,34.10318305175581,34.105369164113206,0.0033175879880604094
B005,I022_L1_v15_SOC056,constant_rule_following,RF,constant_rule_following,RF,RF,proposed_full,Full,True,True,26.99569360277705,22.85929379627924,34.48421519584852,17.74369556026846,26.99569360277705,22.85929379627924,34.48421519584852,17.74369556026846
B005,I022_L1_v15_SOC056,hcs_i_nlc,HCS-i NLC,hcs_i_nlc,HCS-i,HCS-i NLC,proposed_full,Full,False,True,,,,,31.70981194086507,25.93157542064302,40.74120801579839,
B005,I022_L1_v15_SOC056,oeac_i,OEAC-i,oeac_i,OEAC-i,OEAC-i,proposed_full,Full,True,True,21.587756083322592,14.436775643099141,38.83450907372384,39.88806933640359,21.587756083322592,14.436775643099141,38.83450907372384,39.88806933640359
B005,I022_L1_v15_SOC056,kinematic_only_optimization,KINO,kinematic_only_optimization,KINO,KINO,proposed_full,Full,True,True,26.589522600364866,18.202551341166284,18.205260461770585,0.0033120963763478557,26.589522600364866,18.202551341166284,18.205260461770585,0.0033120963763478557
B005,I023_L1_v15_SOC060,constant_rule_following,RF,constant_rule_following,RF,RF,proposed_full,Full,True,True,43.44689192183277,37.91813730909384,47.2737102634115,17.743658810541195,43.44689192183277,37.91813730909384,47.2737102634115,17.743658810541195
B005,I023_L1_v15_SOC060,hcs_i_nlc,HCS-i NLC,hcs_i_nlc,HCS-i,HCS-i NLC,proposed_full,Full,False,True,,,,,47.09870449322518,40.39067062305961,52.30926035703605,
B005,I023_L1_v15_SOC060,oeac_i,OEAC-i,oeac_i,OEAC-i,OEAC-i,proposed_full,Full,True,True,39.2576092601552,31.139801444284615,50.77477273453719,39.8880256750562,39.2576092601552,31.139801444284615,50.77477273453719,39.8880256750562
B005,I023_L1_v15_SOC060,kinematic_only_optimization,KINO,kinematic_only_optimization,KINO,KINO,proposed_full,Full,True,True,43.13224976260656,34.170449999597935,34.1726097197237,0.003280883712031045,43.13224976260656,34.170449999597935,34.1726097197237,0.003280883712031045
B005,I024_L1_v15_SOC064,constant_rule_following,RF,constant_rule_following,RF,RF,proposed_full,Full,True,True,43.19042607409757,37.85469987986113,47.219852059371014,17.743702026080882,43.19042607409757,37.85469987986113,47.219852059371014,17.743702026080882
B005,I024_L1_v15_SOC064,hcs_i_nlc,HCS-i NLC,hcs_i_nlc,HCS-i,HCS-i NLC,proposed_full,Full,False,True,,,,,46.8587994542363,40.329759715267016,52.26054580497171,
B005,I024_L1_v15_SOC064,oeac_i,OEAC-i,oeac_i,OEAC-i,OEAC-i,proposed_full,Full,True,True,38.982145200549056,31.069437673233203,50.724490752868306,39.88807701825876,38.982145200549056,31.069437673233203,50.724490752868306,39.88807701825876
B005,I024_L1_v15_SOC064,kinematic_only_optimization,KINO,kinematic_only_optimization,KINO,KINO,proposed_full,Full,True,True,42.87435702657395,34.10318305175581,34.105369164113206,0.0033175879880604094,42.87435702657395,34.10318305175581,34.105369164113206,0.0033175879880604094
B005,I025_L1_v16_SOC056,constant_rule_following,RF,constant_rule_following,RF,RF,proposed_full,Full,True,True,26.99569360277705,22.85929379627924,34.48421519584852,17.74369556026846,26.99569360277705,22.85929379627924,34.48421519584852,17.74369556026846
B005,I025_L1_v16_SOC056,hcs_i_nlc,HCS-i NLC,hcs_i_nlc,HCS-i,HCS-i NLC,proposed_full,Full,False,True,,,,,31.70981194086507,25.93157542064302,40.74120801579839,
B005,I025_L1_v16_SOC056,oeac_i,OEAC-i,oeac_i,OEAC-i,OEAC-i,proposed_full,Full,True,True,21.587756083322592,14.436775643099141,38.83450907372384,39.88806933640359,21.587756083322592,14.436775643099141,38.83450907372384,39.88806933640359
B005,I025_L1_v16_SOC056,kinematic_only_optimization,KINO,kinematic_only_optimization,KINO,KINO,proposed_full,Full,True,True,26.589522600364866,18.202551341166284,18.205260461770585,0.0033120963763478557,26.589522600364866,18.202551341166284,18.205260461770585,0.0033120963763478557
B005,I026_L1_v16_SOC060,constant_rule_following,RF,constant_rule_following,RF,RF,proposed_full,Full,True,True,43.44689192183277,37.91813730909384,47.2737102634115,17.743658810541195,43.44689192183277,37.91813730909384,47.2737102634115,17.743658810541195
B005,I026_L1_v16_SOC060,hcs_i_nlc,HCS-i NLC,hcs_i_nlc,HCS-i,HCS-i NLC,proposed_full,Full,False,True,,,,,47.09870449322518,40.39067062305961,52.30926035703605,
B005,I026_L1_v16_SOC060,oeac_i,OEAC-i,oeac_i,OEAC-i,OEAC-i,proposed_full,Full,True,True,39.2576092601552,31.139801444284615,50.77477273453719,39.8880256750562,39.2576092601552,31.139801444284615,50.77477273453719,39.8880256750562
B005,I026_L1_v16_SOC060,kinematic_only_optimization,KINO,kinematic_only_optimization,KINO,KINO,proposed_full,Full,True,True,43.13224976260656,34.170449999597935,34.1726097197237,0.003280883712031045,43.13224976260656,34.170449999597935,34.1726097197237,0.003280883712031045
B005,I027_L1_v16_SOC064,constant_rule_following,RF,constant_rule_following,RF,RF,proposed_full,Full,True,True,43.19042607409757,37.85469987986113,47.219852059371014,17.743702026080882,43.19042607409757,37.85469987986113,47.219852059371014,17.743702026080882
B005,I027_L1_v16_SOC064,hcs_i_nlc,HCS-i NLC,hcs_i_nlc,HCS-i,HCS-i NLC,proposed_full,Full,False,True,,,,,46.8587994542363,40.329759715267016,52.26054580497171,
B005,I027_L1_v16_SOC064,oeac_i,OEAC-i,oeac_i,OEAC-i,OEAC-i,proposed_full,Full,True,True,38.982145200549056,31.069437673233203,50.724490752868306,39.88807701825876,38.982145200549056,31.069437673233203,50.724490752868306,39.88807701825876
B005,I027_L1_v16_SOC064,kinematic_only_optimization,KINO,kinematic_only_optimization,KINO,KINO,proposed_full,Full,True,True,42.87435702657395,34.10318305175581,34.105369164113206,0.0033175879880604094,42.87435702657395,34.10318305175581,34.105369164113206,0.0033175879880604094
B005,I028_L2_v8_SOC056,constant_rule_following,RF,constant_rule_following,RF,RF,proposed_full,Full,True,True,23.832887383641165,16.89190783917053,20.849528987266364,5.0001233062266195,23.832887383641165,16.89190783917053,20.849528987266364,5.0001233062266195
B005,I028_L2_v8_SOC056,hcs_i_nlc,HCS-i NLC,hcs_i_nlc,HCS-i,HCS-i NLC,proposed_full,Full,False,True,,,,,27.259889541401705,22.515784839654806,37.83010515236485,
B005,I028_L2_v8_SOC056,oeac_i,OEAC-i,oeac_i,OEAC-i,OEAC-i,proposed_full,Full,True,True,17.27258466892699,11.39197114618269,36.47578744448418,39.48701650788658,17.27258466892699,11.39197114618269,36.47578744448418,39.48701650788658
B005,I028_L2_v8_SOC056,kinematic_only_optimization,KINO,kinematic_only_optimization,KINO,KINO,proposed_full,Full,True,True,23.549287220165336,16.780418635730072,16.783099301395602,0.003221299571393258,23.549287220165336,16.780418635730072,16.783099301395602,0.003221299571393258
B005,I029_L2_v8_SOC060,constant_rule_following,RF,constant_rule_following,RF,RF,proposed_full,Full,True,True,24.607758541016242,17.294304795360773,21.232794435989124,5.000164233867223,24.607758541016242,17.294304795360773,21.232794435989124,5.000164233867223
B005,I029_L2_v8_SOC060,hcs_i_nlc,HCS-i NLC,hcs_i_nlc,HCS-i,HCS-i NLC,proposed_full,Full,False,True,,,,,27.999896765550297,22.890951824272562,38.13114660342573,
B005,I029_L2_v8_SOC060,oeac_i,OEAC-i,oeac_i,OEAC-i,OEAC-i,proposed_full,Full,True,True,18.11419577721612,11.820997973507682,36.783386824732126,39.487070878055874,18.11419577721612,11.820997973507682,36.783386824732126,39.487070878055874
B005,I029_L2_v8_SOC060,kinematic_only_optimization,KINO,kinematic_only_optimization,KINO,KINO,proposed_full,Full,True,True,24.327043528091036,17.183355405973874,17.186055372022604,0.0032602794865750026,24.327043528091036,17.183355405973874,17.186055372022604,0.0032602794865750026
B005,I030_L2_v8_SOC064,constant_rule_following,RF,constant_rule_following,RF,RF,proposed_full,Full,True,True,25.622395369891983,17.71284964327555,21.631407953372303,5.0001642338620655,25.622395369891983,17.71284964327555,21.631407953372303,5.0001642338620655
B005,I030_L2_v8_SOC064,hcs_i_nlc,HCS-i NLC,hcs_i_nlc,HCS-i,HCS-i NLC,proposed_full,Full,False,True,,,,,28.968881836305517,23.281173982029756,38.44424341944558,
B005,I030_L2_v8_SOC064,oeac_i,OEAC-i,oeac_i,OEAC-i,OEAC-i,proposed_full,Full,True,True,19.2162236665414,12.267241329556335,37.10330418569991,39.487070878049025,19.2162236665414,12.267241329556335,37.10330418569991,39.487070878049025
B005,I030_L2_v8_SOC064,kinematic_only_optimization,KINO,kinematic_only_optimization,KINO,KINO,proposed_full,Full,True,True,25.345458249559176,17.60246173028024,17.60514803273287,0.0032602794816626304,25.345458249559176,17.60246173028024,17.60514803273287,0.0032602794816626304
B005,I031_L2_v9_SOC056,constant_rule_following,RF,constant_rule_following,RF,RF,proposed_full,Full,True,True,27.74035635751137,20.033833502134993,23.84443766510399,5.003710886161882,27.74035635751137,20.033833502134993,23.84443766510399,5.003710886161882
B005,I031_L2_v9_SOC056,hcs_i_nlc,HCS-i NLC,hcs_i_nlc,HCS-i,HCS-i NLC,proposed_full,Full,False,True,,,,,31.199702628555798,25.758678207476937,40.490865254241676,
B005,I031_L2_v9_SOC056,oeac_i,OEAC-i,oeac_i,OEAC-i,OEAC-i,proposed_full,Full,True,True,21.35214941083087,14.607896600812754,38.84175431828816,39.62484117611314,21.35214941083087,14.607896600812754,38.84175431828816,39.62484117611314
B005,I031_L2_v9_SOC056,kinematic_only_optimization,KINO,kinematic_only_optimization,KINO,KINO,proposed_full,Full,True,True,27.425145919636858,19.868385595027235,19.870980003245755,0.003237788529823109,27.425145919636858,19.868385595027235,19.870980003245755,0.003237788529823109
B005,I032_L2_v9_SOC060,constant_rule_following,RF,constant_rule_following,RF,RF,proposed_full,Full,True,True,28.094095776799396,19.879517430048914,23.697472826403683,5.003707659208352,28.094095776799396,19.879517430048914,23.697472826403683,5.003707659208352
B005,I032_L2_v9_SOC060,hcs_i_nlc,HCS-i NLC,hcs_i_nlc,HCS-i,HCS-i NLC,proposed_full,Full,False,True,,,,,31.536507185182586,25.615409751988242,40.37602465532855,
B005,I032_L2_v9_SOC060,oeac_i,OEAC-i,oeac_i,OEAC-i,OEAC-i,proposed_full,Full,True,True,21.737161619489278,14.44310973455623,38.72373126867452,39.6248368851898,21.737161619489278,14.44310973455623,38.72373126867452,39.6248368851898
B005,I032_L2_v9_SOC060,kinematic_only_optimization,KINO,kinematic_only_optimization,KINO,KINO,proposed_full,Full,True,True,27.780428418182222,19.71375024702388,19.71634719458431,0.003234715249855827,27.780428418182222,19.71375024702388,19.71634719458431,0.003234715249855827
B005,I033_L2_v9_SOC064,constant_rule_following,RF,constant_rule_following,RF,RF,proposed_full,Full,True,True,22.215256565295455,14.878493075209297,18.934763358569036,5.003711148468606,22.215256565295455,14.878493075209297,18.934763358569036,5.003711148468606
B005,I033_L2_v9_SOC064,hcs_i_nlc,HCS-i NLC,hcs_i_nlc,HCS-i,HCS-i NLC,proposed_full,Full,False,True,,,,,25.939110553232524,20.97241291119551,36.65436978486875,
B005,I033_L2_v9_SOC064,oeac_i,OEAC-i,oeac_i,OEAC-i,OEAC-i,proposed_full,Full,True,True,15.338596049035171,9.102751336586513,34.898942286570495,39.624841524905904,15.338596049035171,9.102751336586513,34.898942286570495,39.624841524905904
B005,I033_L2_v9_SOC064,kinematic_only_optimization,KINO,kinematic_only_optimization,KINO,KINO,proposed_full,Full,True,True,21.875944581426317,14.702378903587219,14.705140783834956,0.003238038345010922,21.875944581426317,14.702378903587219,14.705140783834956,0.003238038345010922
B005,I034_L2_v10_SOC056,constant_rule_following,RF,constant_rule_following,RF,RF,proposed_full,Full,True,True,25.84584283993584,18.43414314801666,22.32672305113374,5.011478923027334,25.84584283993584,18.43414314801666,22.32672305113374,5.011478923027334
B005,I034_L2_v10_SOC056,hcs_i_nlc,HCS-i NLC,hcs_i_nlc,HCS-i,HCS-i NLC,proposed_full,Full,False,True,,,,,29.78246803227571,24.76442543869412,39.74000545361219,
B005,I034_L2_v10_SOC056,oeac_i,OEAC-i,oeac_i,OEAC-i,OEAC-i,proposed_full,Full,True,True,19.732153052708103,13.464421054080699,38.07015924806703,39.73163485523468,19.732153052708103,13.464421054080699,38.07015924806703,39.73163485523468
B005,I034_L2_v10_SOC056,kinematic_only_optimization,KINO,kinematic_only_optimization,KINO,KINO,proposed_full,Full,True,True,25.560423743875795,18.31466021879926,18.317316808281742,0.0032523288641819444,25.560423743875795,18.31466021879926,18.317316808281742,0.0032523288641819444
B005,I035_L2_v10_SOC060,constant_rule_following,RF,constant_rule_following,RF,RF,proposed_full,Full,True,True,25.661608290383295,18.206272420196786,22.109693319967622,5.011433471183785,25.661608290383295,18.206272420196786,22.109693319967622,5.011433471183785
B005,I035_L2_v10_SOC060,hcs_i_nlc,HCS-i NLC,hcs_i_nlc,HCS-i,HCS-i NLC,proposed_full,Full,False,True,,,,,29.608013950829655,24.55423963552966,39.57163080881532,
B005,I035_L2_v10_SOC060,oeac_i,OEAC-i,oeac_i,OEAC-i,OEAC-i,proposed_full,Full,True,True,19.53272916074792,13.222666401855266,37.89711882518902,39.73157437555692,19.53272916074792,13.222666401855266,37.89711882518902,39.73157437555692
B005,I035_L2_v10_SOC060,kinematic_only_optimization,KINO,kinematic_only_optimization,KINO,KINO,proposed_full,Full,True,True,25.375480076175187,18.086455691236537,18.089084249152094,0.0032090447182400172,25.375480076175187,18.086455691236537,18.089084249152094,0.0032090447182400172
B005,I036_L2_v10_SOC064,constant_rule_following,RF,constant_rule_following,RF,RF,proposed_full,Full,True,True,41.62430902010636,32.88651847282278,36.089376758658155,5.01146464139557,41.62430902010636,32.88651847282278,36.089376758658155,5.01146464139557
B005,I036_L2_v10_SOC064,hcs_i_nlc,HCS-i NLC,hcs_i_nlc,HCS-i,HCS-i NLC,proposed_full,Full,False,True,,,,,44.72330204399926,38.095159685875494,50.417261131973916,
B005,I036_L2_v10_SOC064,oeac_i,OEAC-i,oeac_i,OEAC-i,OEAC-i,proposed_full,Full,True,True,36.81148557993459,28.7973644466248,49.04328907999216,39.73161585163835,36.81148557993459,28.7973644466248,49.04328907999216,39.73161585163835
B005,I036_L2_v10_SOC064,kinematic_only_optimization,KINO,kinematic_only_optimization,KINO,KINO,proposed_full,Full,True,True,41.39962118614719,32.78820631535477,32.79038305227587,0.00323872835460295,41.39962118614719,32.78820631535477,32.79038305227587,0.00323872835460295
B005,I037_L2_v11_SOC056,constant_rule_following,RF,constant_rule_following,RF,RF,proposed_full,Full,True,True,28.00609096189875,19.75483028519713,23.584447851081094,5.0115682713654985,28.00609096189875,19.75483028519713,23.584447851081094,5.0115682713654985
B005,I037_L2_v11_SOC056,hcs_i_nlc,HCS-i NLC,hcs_i_nlc,HCS-i,HCS-i NLC,proposed_full,Full,False,True,,,,,32.14022104187042,26.431932540720084,41.11140354032422,
B005,I037_L2_v11_SOC056,oeac_i,OEAC-i,oeac_i,OEAC-i,OEAC-i,proposed_full,Full,True,True,22.081659241865694,15.014411842385694,39.216371837866376,39.81657681065801,22.081659241865694,15.014411842385694,39.216371837866376,39.81657681065801
B005,I037_L2_v11_SOC056,kinematic_only_optimization,KINO,kinematic_only_optimization,KINO,KINO,proposed_full,Full,True,True,27.632817669040765,19.54441153761656,19.546978641571016,0.0031908111232123245,27.632817669040765,19.54441153761656,19.546978641571016,0.0031908111232123245
B005,I038_L2_v11_SOC060,constant_rule_following,RF,constant_rule_following,RF,RF,proposed_full,Full,True,True,25.961890823459427,17.7987595848583,21.72173846924229,5.011581514035706,25.961890823459427,17.7987595848583,21.72173846924229,5.011581514035706
B005,I038_L2_v11_SOC060,hcs_i_nlc,HCS-i NLC,hcs_i_nlc,HCS-i,HCS-i NLC,proposed_full,Full,False,True,,,,,30.21340568493159,24.638624086777067,39.675932120907014,
B005,I038_L2_v11_SOC060,oeac_i,OEAC-i,oeac_i,OEAC-i,OEAC-i,proposed_full,Full,True,True,19.86924037070196,12.942787848854456,37.73470702938393,39.8165944424756,19.86924037070196,12.942787848854456,37.73470702938393,39.8165944424756
B005,I038_L2_v11_SOC060,kinematic_only_optimization,KINO,kinematic_only_optimization,KINO,KINO,proposed_full,Full,True,True,25.57801878235828,17.583211632013324,17.5858517051383,0.0032034222030902365,25.57801878235828,17.583211632013324,17.5858517051383,0.0032034222030902365
B005,I039_L2_v11_SOC064,constant_rule_following,RF,constant_rule_following,RF,RF,proposed_full,Full,True,True,22.269006750821102,15.022348172859079,19.077820320734055,5.011570577990851,22.269006750821102,15.022348172859079,19.077820320734055,5.011570577990851
B005,I039_L2_v11_SOC064,hcs_i_nlc,HCS-i NLC,hcs_i_nlc,HCS-i,HCS-i NLC,proposed_full,Full,False,True,,,,,26.732579317320273,22.09323446670883,37.6384328875508,
B005,I039_L2_v11_SOC064,oeac_i,OEAC-i,oeac_i,OEAC-i,OEAC-i,proposed_full,Full,True,True,15.87246615192968,10.002362180183466,35.631641185969556,39.81657988179071,15.87246615192968,10.002362180183466,35.631641185969556,39.81657988179071
B005,I039_L2_v11_SOC064,kinematic_only_optimization,KINO,kinematic_only_optimization,KINO,KINO,proposed_full,Full,True,True,21.86598788165695,14.799519918730452,14.802240289790046,0.0031930077373475457,21.86598788165695,14.799519918730452,14.802240289790046,0.0031930077373475457
B005,I040_L2_v12_SOC056,constant_rule_following,RF,constant_rule_following,RF,RF,proposed_full,Full,True,True,43.51170271090126,33.8298569341196,37.000482400719896,5.032777372626302,43.51170271090126,33.8298569341196,37.000482400719896,5.032777372626302
B005,I040_L2_v12_SOC056,hcs_i_nlc,HCS-i NLC,hcs_i_nlc,HCS-i,HCS-i NLC,proposed_full,Full,False,True,,,,,47.13326770208959,39.84645733910041,51.87557591288182,
B005,I040_L2_v12_SOC056,oeac_i,OEAC-i,oeac_i,OEAC-i,OEAC-i,proposed_full,Full,True,True,39.29725066020563,30.511072801450336,50.32709612132282,39.8930237061876,39.29725066020563,30.511072801450336,50.32709612132282,39.8930237061876
B005,I040_L2_v12_SOC056,kinematic_only_optimization,KINO,kinematic_only_optimization,KINO,KINO,proposed_full,Full,True,True,43.28220404600971,33.718130954210814,33.72030483261833,0.0032798557718516502,43.28220404600971,33.718130954210814,33.72030483261833,0.0032798557718516502
B005,I041_L2_v12_SOC060,constant_rule_following,RF,constant_rule_following,RF,RF,proposed_full,Full,True,True,43.095783085036956,33.976863263970465,37.140467476932514,5.032815367822055,43.095783085036956,33.976863263970465,37.140467476932514,5.032815367822055
B005,I041_L2_v12_SOC060,hcs_i_nlc,HCS-i NLC,hcs_i_nlc,HCS-i,HCS-i NLC,proposed_full,Full,False,True,,,,,46.74401342158823,39.98009694035232,51.982508496340216,
B005,I041_L2_v12_SOC060,oeac_i,OEAC-i,oeac_i,OEAC-i,OEAC-i,proposed_full,Full,True,True,38.850300300467765,30.665452279556686,50.437469430518405,39.8930743119409,38.850300300467765,30.665452279556686,50.437469430518405,39.8930743119409
B005,I041_L2_v12_SOC060,kinematic_only_optimization,KINO,kinematic_only_optimization,KINO,KINO,proposed_full,Full,True,True,42.864594636536786,33.86538549912506,33.8675784710987,0.0033160315665813718,42.864594636536786,33.86538549912506,33.8675784710987,0.0033160315665813718
B005,I042_L2_v12_SOC064,constant_rule_following,RF,constant_rule_following,RF,RF,proposed_full,Full,True,True,26.836502391403833,18.859057026665024,22.747051233704575,5.0328100986817494,26.836502391403833,18.859057026665024,22.747051233704575,5.0328100986817494
B005,I042_L2_v12_SOC064,hcs_i_nlc,HCS-i NLC,hcs_i_nlc,HCS-i,HCS-i NLC,proposed_full,Full,False,True,,,,,31.527144069203487,26.236895546189405,40.987585142205965,
B005,I042_L2_v12_SOC064,oeac_i,OEAC-i,oeac_i,OEAC-i,OEAC-i,proposed_full,Full,True,True,21.377954916436522,14.789407762319087,39.08876695182162,39.89306729397957,21.377954916436522,14.789407762319087,39.08876695182162,39.89306729397957
B005,I042_L2_v12_SOC064,kinematic_only_optimization,KINO,kinematic_only_optimization,KINO,KINO,proposed_full,Full,True,True,26.53925630990071,18.72205337298707,18.724744408679022,0.0033110147392081605,26.53925630990071,18.72205337298707,18.724744408679022,0.0033110147392081605
B005,I043_L2_v13_SOC056,constant_rule_following,RF,constant_rule_following,RF,RF,proposed_full,Full,True,True,26.32493982977172,18.26854025284407,22.192017407982238,5.042512380395093,26.32493982977172,18.26854025284407,22.192017407982238,5.042512380395093
B005,I043_L2_v13_SOC056,hcs_i_nlc,HCS-i NLC,hcs_i_nlc,HCS-i,HCS-i NLC,proposed_full,Full,False,True,,,,,31.34514624306175,26.128713601402033,40.921957001327335,
B005,I043_L2_v13_SOC056,oeac_i,OEAC-i,oeac_i,OEAC-i,OEAC-i,proposed_full,Full,True,True,21.16925834918264,14.664776313152274,39.021249594691376,39.942558874441424,21.16925834918264,14.664776313152274,39.021249594691376,39.942558874441424
B005,I043_L2_v13_SOC056,kinematic_only_optimization,KINO,kinematic_only_optimization,KINO,KINO,proposed_full,Full,True,True,25.95141625348924,18.04921875196254,18.05193300608313,0.003312163691155883,25.95141625348924,18.04921875196254,18.05193300608313,0.003312163691155883
B005,I044_L2_v13_SOC060,constant_rule_following,RF,constant_rule_following,RF,RF,proposed_full,Full,True,True,28.55656104556125,20.473953153057302,24.291532946873765,5.042474035483476,28.55656104556125,20.473953153057302,24.291532946873765,5.042474035483476
B005,I044_L2_v13_SOC060,hcs_i_nlc,HCS-i NLC,hcs_i_nlc,HCS-i,HCS-i NLC,proposed_full,Full,False,True,,,,,33.424705158343414,28.122030354618143,42.51607710508826,
B005,I044_L2_v13_SOC060,oeac_i,OEAC-i,oeac_i,OEAC-i,OEAC-i,proposed_full,Full,True,True,23.557045411967778,16.96743190921979,40.666657042015004,39.94250778955274,23.557045411967778,16.96743190921979,40.666657042015004,39.94250778955274
B005,I044_L2_v13_SOC060,kinematic_only_optimization,KINO,kinematic_only_optimization,KINO,KINO,proposed_full,Full,True,True,28.194351516875116,20.260549746246703,20.263161652608954,0.0032756582984400555,28.194351516875116,20.260549746246703,20.263161652608954,0.0032756582984400555
B005,I045_L2_v13_SOC064,constant_rule_following,RF,constant_rule_following,RF,RF,proposed_full,Full,True,True,26.169168622796853,17.907962647005057,21.848749146723367,5.042512380405583,26.169168622796853,17.907962647005057,21.848749146723367,5.042512380405583
B005,I045_L2_v13_SOC064,hcs_i_nlc,HCS-i NLC,hcs_i_nlc,HCS-i,HCS-i NLC,proposed_full,Full,False,True,,,,,31.19998926036379,25.80281300361194,40.66132028484715,
B005,I045_L2_v13_SOC064,oeac_i,OEAC-i,oeac_i,OEAC-i,OEAC-i,proposed_full,Full,True,True,21.00258648294596,14.288299852974884,38.7522274593261,39.9425588744554,21.00258648294596,14.288299852974884,38.7522274593261,39.9425588744554
B005,I045_L2_v13_SOC064,kinematic_only_optimization,KINO,kinematic_only_optimization,KINO,KINO,proposed_full,Full,True,True,25.794855305478855,17.68767355760937,17.690399786310213,0.0033121637011427085,25.794855305478855,17.68767355760937,17.690399786310213,0.0033121637011427085
B005,I046_L2_v14_SOC056,constant_rule_following,RF,constant_rule_following,RF,RF,proposed_full,Full,True,True,26.32493982977172,18.26854025284407,22.192017407982238,5.042512380395093,26.32493982977172,18.26854025284407,22.192017407982238,5.042512380395093
B005,I046_L2_v14_SOC056,hcs_i_nlc,HCS-i NLC,hcs_i_nlc,HCS-i,HCS-i NLC,proposed_full,Full,False,True,,,,,31.34514624306175,26.128713601402033,40.921957001327335,
B005,I046_L2_v14_SOC056,oeac_i,OEAC-i,oeac_i,OEAC-i,OEAC-i,proposed_full,Full,True,True,21.16925834918264,14.664776313152274,39.021249594691376,39.942558874441424,21.16925834918264,14.664776313152274,39.021249594691376,39.942558874441424
B005,I046_L2_v14_SOC056,kinematic_only_optimization,KINO,kinematic_only_optimization,KINO,KINO,proposed_full,Full,True,True,25.95141625348924,18.04921875196254,18.05193300608313,0.003312163691155883,25.95141625348924,18.04921875196254,18.05193300608313,0.003312163691155883
B005,I047_L2_v14_SOC060,constant_rule_following,RF,constant_rule_following,RF,RF,proposed_full,Full,True,True,28.55656104556125,20.473953153057302,24.291532946873765,5.042474035483476,28.55656104556125,20.473953153057302,24.291532946873765,5.042474035483476
B005,I047_L2_v14_SOC060,hcs_i_nlc,HCS-i NLC,hcs_i_nlc,HCS-i,HCS-i NLC,proposed_full,Full,False,True,,,,,33.424705158343414,28.122030354618143,42.51607710508826,
B005,I047_L2_v14_SOC060,oeac_i,OEAC-i,oeac_i,OEAC-i,OEAC-i,proposed_full,Full,True,True,23.557045411967778,16.96743190921979,40.666657042015004,39.94250778955274,23.557045411967778,16.96743190921979,40.666657042015004,39.94250778955274
B005,I047_L2_v14_SOC060,kinematic_only_optimization,KINO,kinematic_only_optimization,KINO,KINO,proposed_full,Full,True,True,28.194351516875116,20.260549746246703,20.263161652608954,0.0032756582984400555,28.194351516875116,20.260549746246703,20.263161652608954,0.0032756582984400555
B005,I048_L2_v14_SOC064,constant_rule_following,RF,constant_rule_following,RF,RF,proposed_full,Full,True,True,26.169168622796853,17.907962647005057,21.848749146723367,5.042512380405583,26.169168622796853,17.907962647005057,21.848749146723367,5.042512380405583
B005,I048_L2_v14_SOC064,hcs_i_nlc,HCS-i NLC,hcs_i_nlc,HCS-i,HCS-i NLC,proposed_full,Full,False,True,,,,,31.19998926036379,25.80281300361194,40.66132028484715,
B005,I048_L2_v14_SOC064,oeac_i,OEAC-i,oeac_i,OEAC-i,OEAC-i,proposed_full,Full,True,True,21.00258648294596,14.288299852974884,38.7522274593261,39.9425588744554,21.00258648294596,14.288299852974884,38.7522274593261,39.9425588744554
B005,I048_L2_v14_SOC064,kinematic_only_optimization,KINO,kinematic_only_optimization,KINO,KINO,proposed_full,Full,True,True,25.794855305478855,17.68767355760937,17.690399786310213,0.0033121637011427085,25.794855305478855,17.68767355760937,17.690399786310213,0.0033121637011427085
B005,I049_L2_v15_SOC056,constant_rule_following,RF,constant_rule_following,RF,RF,proposed_full,Full,True,True,26.32493982977172,18.26854025284407,22.192017407982238,5.042512380395093,26.32493982977172,18.26854025284407,22.192017407982238,5.042512380395093
B005,I049_L2_v15_SOC056,hcs_i_nlc,HCS-i NLC,hcs_i_nlc,HCS-i,HCS-i NLC,proposed_full,Full,False,True,,,,,31.34514624306175,26.128713601402033,40.921957001327335,
B005,I049_L2_v15_SOC056,oeac_i,OEAC-i,oeac_i,OEAC-i,OEAC-i,proposed_full,Full,True,True,21.16925834918264,14.664776313152274,39.021249594691376,39.942558874441424,21.16925834918264,14.664776313152274,39.021249594691376,39.942558874441424
B005,I049_L2_v15_SOC056,kinematic_only_optimization,KINO,kinematic_only_optimization,KINO,KINO,proposed_full,Full,True,True,25.95141625348924,18.04921875196254,18.05193300608313,0.003312163691155883,25.95141625348924,18.04921875196254,18.05193300608313,0.003312163691155883
B005,I050_L2_v15_SOC060,constant_rule_following,RF,constant_rule_following,RF,RF,proposed_full,Full,True,True,28.55656104556125,20.473953153057302,24.291532946873765,5.042474035483476,28.55656104556125,20.473953153057302,24.291532946873765,5.042474035483476
B005,I050_L2_v15_SOC060,hcs_i_nlc,HCS-i NLC,hcs_i_nlc,HCS-i,HCS-i NLC,proposed_full,Full,False,True,,,,,33.424705158343414,28.122030354618143,42.51607710508826,
B005,I050_L2_v15_SOC060,oeac_i,OEAC-i,oeac_i,OEAC-i,OEAC-i,proposed_full,Full,True,True,23.557045411967778,16.96743190921979,40.666657042015004,39.94250778955274,23.557045411967778,16.96743190921979,40.666657042015004,39.94250778955274
B005,I050_L2_v15_SOC060,kinematic_only_optimization,KINO,kinematic_only_optimization,KINO,KINO,proposed_full,Full,True,True,28.194351516875116,20.260549746246703,20.263161652608954,0.0032756582984400555,28.194351516875116,20.260549746246703,20.263161652608954,0.0032756582984400555
B005,I051_L2_v15_SOC064,constant_rule_following,RF,constant_rule_following,RF,RF,proposed_full,Full,True,True,26.169168622796853,17.907962647005057,21.848749146723367,5.042512380405583,26.169168622796853,17.907962647005057,21.848749146723367,5.042512380405583
B005,I051_L2_v15_SOC064,hcs_i_nlc,HCS-i NLC,hcs_i_nlc,HCS-i,HCS-i NLC,proposed_full,Full,False,True,,,,,31.19998926036379,25.80281300361194,40.66132028484715,
B005,I051_L2_v15_SOC064,oeac_i,OEAC-i,oeac_i,OEAC-i,OEAC-i,proposed_full,Full,True,True,21.00258648294596,14.288299852974884,38.7522274593261,39.9425588744554,21.00258648294596,14.288299852974884,38.7522274593261,39.9425588744554
B005,I051_L2_v15_SOC064,kinematic_only_optimization,KINO,kinematic_only_optimization,KINO,KINO,proposed_full,Full,True,True,25.794855305478855,17.68767355760937,17.690399786310213,0.0033121637011427085,25.794855305478855,17.68767355760937,17.690399786310213,0.0033121637011427085
B005,I052_L2_v16_SOC056,constant_rule_following,RF,constant_rule_following,RF,RF,proposed_full,Full,True,True,26.32493982977172,18.26854025284407,22.192017407982238,5.042512380395093,26.32493982977172,18.26854025284407,22.192017407982238,5.042512380395093
B005,I052_L2_v16_SOC056,hcs_i_nlc,HCS-i NLC,hcs_i_nlc,HCS-i,HCS-i NLC,proposed_full,Full,False,True,,,,,31.34514624306175,26.128713601402033,40.921957001327335,
B005,I052_L2_v16_SOC056,oeac_i,OEAC-i,oeac_i,OEAC-i,OEAC-i,proposed_full,Full,True,True,21.16925834918264,14.664776313152274,39.021249594691376,39.942558874441424,21.16925834918264,14.664776313152274,39.021249594691376,39.942558874441424
B005,I052_L2_v16_SOC056,kinematic_only_optimization,KINO,kinematic_only_optimization,KINO,KINO,proposed_full,Full,True,True,25.95141625348924,18.04921875196254,18.05193300608313,0.003312163691155883,25.95141625348924,18.04921875196254,18.05193300608313,0.003312163691155883
B005,I053_L2_v16_SOC060,constant_rule_following,RF,constant_rule_following,RF,RF,proposed_full,Full,True,True,28.55656104556125,20.473953153057302,24.291532946873765,5.042474035483476,28.55656104556125,20.473953153057302,24.291532946873765,5.042474035483476
B005,I053_L2_v16_SOC060,hcs_i_nlc,HCS-i NLC,hcs_i_nlc,HCS-i,HCS-i NLC,proposed_full,Full,False,True,,,,,33.424705158343414,28.122030354618143,42.51607710508826,
B005,I053_L2_v16_SOC060,oeac_i,OEAC-i,oeac_i,OEAC-i,OEAC-i,proposed_full,Full,True,True,23.557045411967778,16.96743190921979,40.666657042015004,39.94250778955274,23.557045411967778,16.96743190921979,40.666657042015004,39.94250778955274
B005,I053_L2_v16_SOC060,kinematic_only_optimization,KINO,kinematic_only_optimization,KINO,KINO,proposed_full,Full,True,True,28.194351516875116,20.260549746246703,20.263161652608954,0.0032756582984400555,28.194351516875116,20.260549746246703,20.263161652608954,0.0032756582984400555
B005,I054_L2_v16_SOC064,constant_rule_following,RF,constant_rule_following,RF,RF,proposed_full,Full,True,True,26.169168622796853,17.907962647005057,21.848749146723367,5.042512380405583,26.169168622796853,17.907962647005057,21.848749146723367,5.042512380405583
B005,I054_L2_v16_SOC064,hcs_i_nlc,HCS-i NLC,hcs_i_nlc,HCS-i,HCS-i NLC,proposed_full,Full,False,True,,,,,31.19998926036379,25.80281300361194,40.66132028484715,
B005,I054_L2_v16_SOC064,oeac_i,OEAC-i,oeac_i,OEAC-i,OEAC-i,proposed_full,Full,True,True,21.00258648294596,14.288299852974884,38.7522274593261,39.9425588744554,21.00258648294596,14.288299852974884,38.7522274593261,39.9425588744554
B005,I054_L2_v16_SOC064,kinematic_only_optimization,KINO,kinematic_only_optimization,KINO,KINO,proposed_full,Full,True,True,25.794855305478855,17.68767355760937,17.690399786310213,0.0033121637011427085,25.794855305478855,17.68767355760937,17.690399786310213,0.0033121637011427085
B005,I055_L3_v8_SOC056,constant_rule_following,RF,constant_rule_following,RF,RF,proposed_full,Full,True,True,22.05805278953355,15.469456083192677,17.123853649537452,1.9962288779074635,22.05805278953355,15.469456083192677,17.123853649537452,1.9962288779074635
B005,I055_L3_v8_SOC056,hcs_i_nlc,HCS-i NLC,hcs_i_nlc,HCS-i,HCS-i NLC,proposed_full,Full,False,True,,,,,25.564910435768635,21.18958957936526,36.76604959576001,
B005,I055_L3_v8_SOC056,oeac_i,OEAC-i,oeac_i,OEAC-i,OEAC-i,proposed_full,Full,True,True,15.31075961412246,9.740040861198196,35.30781602409631,39.52220127924811,15.31075961412246,9.740040861198196,35.30781602409631,39.52220127924811
B005,I055_L3_v8_SOC056,kinematic_only_optimization,KINO,kinematic_only_optimization,KINO,KINO,proposed_full,Full,True,True,21.767844217733693,15.356058665893821,15.358818211508073,0.0032602871982054774,21.767844217733693,15.356058665893821,15.358818211508073,0.0032602871982054774
B005,I056_L3_v8_SOC060,constant_rule_following,RF,constant_rule_following,RF,RF,proposed_full,Full,True,True,27.741085735350126,19.178976015971454,20.76077241667976,1.9962289499163,27.741085735350126,19.178976015971454,20.76077241667976,1.9962289499163
B005,I056_L3_v8_SOC060,hcs_i_nlc,HCS-i NLC,hcs_i_nlc,HCS-i,HCS-i NLC,proposed_full,Full,False,True,,,,,30.99224554167845,24.648088422736514,39.540994511432274,
B005,I056_L3_v8_SOC060,oeac_i,OEAC-i,oeac_i,OEAC-i,OEAC-i,proposed_full,Full,True,True,21.48576242704283,13.70098920061389,38.14675374441991,39.52220137775009,21.48576242704283,13.70098920061389,38.14675374441991,39.52220137775009
B005,I056_L3_v8_SOC060,kinematic_only_optimization,KINO,kinematic_only_optimization,KINO,KINO,proposed_full,Full,True,True,27.472037333827295,19.07055490617406,19.073193409625038,0.003260357800015854,27.472037333827295,19.07055490617406,19.073193409625038,0.003260357800015854
B005,I057_L3_v8_SOC064,constant_rule_following,RF,constant_rule_following,RF,RF,proposed_full,Full,True,True,24.61146076409538,17.033035824693776,18.656801654058015,1.9961912764464613,24.61146076409538,17.033035824693776,18.656801654058015,1.9961912764464613
B005,I057_L3_v8_SOC064,hcs_i_nlc,HCS-i NLC,hcs_i_nlc,HCS-i,HCS-i NLC,proposed_full,Full,False,True,,,,,28.00343241376471,22.647362775221755,37.9356787636055,
B005,I057_L3_v8_SOC064,oeac_i,OEAC-i,oeac_i,OEAC-i,OEAC-i,proposed_full,Full,True,True,18.08521149145309,11.409598834432613,36.50441792586157,39.52214984363457,18.08521149145309,11.409598834432613,36.50441792586157,39.52214984363457
B005,I057_L3_v8_SOC064,kinematic_only_optimization,KINO,kinematic_only_optimization,KINO,KINO,proposed_full,Full,True,True,24.33075953600505,16.921735943932738,16.9244138193715,0.0032234204558449463,24.33075953600505,16.921735943932738,16.9244138193715,0.0032234204558449463
B005,I058_L3_v9_SOC056,constant_rule_following,RF,constant_rule_following,RF,RF,proposed_full,Full,True,True,28.01276848976409,20.446034134254273,22.00779342002207,2.0024555712066867,28.01276848976409,20.446034134254273,22.00779342002207,2.0024555712066867
B005,I058_L3_v9_SOC056,hcs_i_nlc,HCS-i NLC,hcs_i_nlc,HCS-i,HCS-i NLC,proposed_full,Full,False,True,,,,,31.459073347283724,26.141369051773765,40.797616419909446,
B005,I058_L3_v9_SOC056,oeac_i,OEAC-i,oeac_i,OEAC-i,OEAC-i,proposed_full,Full,True,True,21.55584037414262,14.842354847014777,39.025032544466896,39.6600091916206,21.55584037414262,14.842354847014777,39.025032544466896,39.6600091916206
B005,I058_L3_v9_SOC056,kinematic_only_optimization,KINO,kinematic_only_optimization,KINO,KINO,proposed_full,Full,True,True,27.698746365907766,20.281439059473982,20.284020293494173,0.0032380383828796468,27.698746365907766,20.281439059473982,20.284020293494173,0.0032380383828796468
B005,I059_L3_v9_SOC060,constant_rule_following,RF,constant_rule_following,RF,RF,proposed_full,Full,True,True,26.148528788300286,18.299030121424696,19.902935536168417,2.0024521815877265,26.148528788300286,18.299030121424696,19.902935536168417,2.0024521815877265
B005,I059_L3_v9_SOC060,hcs_i_nlc,HCS-i NLC,hcs_i_nlc,HCS-i,HCS-i NLC,proposed_full,Full,False,True,,,,,29.684081950053184,24.148070850958117,39.19985929409077,
B005,I059_L3_v9_SOC060,oeac_i,OEAC-i,oeac_i,OEAC-i,OEAC-i,proposed_full,Full,True,True,19.52438682808295,12.544118626143973,37.37943682927338,39.66000455061258,19.52438682808295,12.544118626143973,37.37943682927338,39.66000455061258
B005,I059_L3_v9_SOC060,kinematic_only_optimization,KINO,kinematic_only_optimization,KINO,KINO,proposed_full,Full,True,True,25.826374492972032,18.129992951493023,18.132641127393853,0.003234715199434017,25.826374492972032,18.129992951493023,18.132641127393853,0.003234715199434017
B005,I060_L3_v9_SOC064,constant_rule_following,RF,constant_rule_following,RF,RF,proposed_full,Full,True,True,41.28074608454436,32.75119199831179,34.071359135761355,2.0024182512241966,41.28074608454436,32.75119199831179,34.071359135761355,2.0024182512241966
B005,I060_L3_v9_SOC064,hcs_i_nlc,HCS-i NLC,hcs_i_nlc,HCS-i,HCS-i NLC,proposed_full,Full,False,True,,,,,44.09186196931053,37.565590378147846,49.95483707264801,
B005,I060_L3_v9_SOC064,oeac_i,OEAC-i,oeac_i,OEAC-i,OEAC-i,proposed_full,Full,True,True,36.01389537253844,28.01427224340532,48.45643036189605,39.65995809374195,36.01389537253844,28.01427224340532,48.45643036189605,39.65995809374195
B005,I060_L3_v9_SOC064,kinematic_only_optimization,KINO,kinematic_only_optimization,KINO,KINO,proposed_full,Full,True,True,41.02460142612438,32.612055973332176,32.614213295506865,0.003201449860851873,41.02460142612438,32.612055973332176,32.614213295506865,0.003201449860851873
B005,I061_L3_v10_SOC056,constant_rule_following,RF,constant_rule_following,RF,RF,proposed_full,Full,True,True,25.76170489475583,18.185714621544626,19.79932739513301,2.0119691284115913,25.76170489475583,18.185714621544626,19.79932739513301,2.0119691284115913
B005,I061_L3_v10_SOC056,hcs_i_nlc,HCS-i NLC,hcs_i_nlc,HCS-i,HCS-i NLC,proposed_full,Full,False,True,,,,,29.7027967221073,24.535277316576554,39.556442176735914,
B005,I061_L3_v10_SOC056,oeac_i,OEAC-i,oeac_i,OEAC-i,OEAC-i,proposed_full,Full,True,True,19.546042696346134,12.990858074085091,37.74690343758386,39.76676941471959,19.546042696346134,12.990858074085091,37.74690343758386,39.76676941471959
B005,I061_L3_v10_SOC056,kinematic_only_optimization,KINO,kinematic_only_optimization,KINO,KINO,proposed_full,Full,True,True,25.47596195203394,18.065867778194654,18.068495992687794,0.0032078191716193396,25.47596195203394,18.065867778194654,18.068495992687794,0.0032078191716193396
B005,I062_L3_v10_SOC060,constant_rule_following,RF,constant_rule_following,RF,RF,proposed_full,Full,True,True,26.97474303372206,19.09216709867587,20.687897543000112,2.0119633635855085,26.97474303372206,19.09216709867587,20.687897543000112,2.0119633635855085
B005,I062_L3_v10_SOC060,hcs_i_nlc,HCS-i NLC,hcs_i_nlc,HCS-i,HCS-i NLC,proposed_full,Full,False,True,,,,,30.851438248934635,25.371380504375406,40.22611662419649,
B005,I062_L3_v10_SOC060,oeac_i,OEAC-i,oeac_i,OEAC-i,OEAC-i,proposed_full,Full,True,True,20.86064344925592,13.954866399366855,38.436626371581966,39.766761516321736,20.86064344925592,13.954866399366855,38.436626371581966,39.766761516321736
B005,I062_L3_v10_SOC060,kinematic_only_optimization,KINO,kinematic_only_optimization,KINO,KINO,proposed_full,Full,True,True,26.69366907062815,18.97364808539284,18.97624260211378,0.00320216786319206,26.69366907062815,18.97364808539284,18.97624260211378,0.00320216786319206
B005,I063_L3_v10_SOC064,constant_rule_following,RF,constant_rule_following,RF,RF,proposed_full,Full,True,True,26.66712362411227,19.11776278791981,20.712988489149854,2.0119634613946213,26.66712362411227,19.11776278791981,20.712988489149854,2.0119634613946213
B005,I063_L3_v10_SOC064,hcs_i_nlc,HCS-i NLC,hcs_i_nlc,HCS-i,HCS-i NLC,proposed_full,Full,False,True,,,,,30.56014944523961,25.394989725940437,40.24502651616105,
B005,I063_L3_v10_SOC064,oeac_i,OEAC-i,oeac_i,OEAC-i,OEAC-i,proposed_full,Full,True,True,20.527268352057966,13.982087305200302,38.456102381480264,39.76676165033017,20.527268352057966,13.982087305200302,38.456102381480264,39.76676165033017
B005,I063_L3_v10_SOC064,kinematic_only_optimization,KINO,kinematic_only_optimization,KINO,KINO,proposed_full,Full,True,True,26.384865634967984,18.99928126885365,19.001875042444336,0.0032022637463038467,26.384865634967984,18.99928126885365,19.001875042444336,0.0032022637463038467
B005,I064_L3_v11_SOC056,constant_rule_following,RF,constant_rule_following,RF,RF,proposed_full,Full,True,True,26.625407441518625,18.103075975237925,19.719841472402692,2.0139042159576364,26.625407441518625,18.103075975237925,19.719841472402692,2.0139042159576364
B005,I064_L3_v11_SOC056,hcs_i_nlc,HCS-i NLC,hcs_i_nlc,HCS-i,HCS-i NLC,proposed_full,Full,False,True,,,,,30.8388209685039,24.91761868316189,39.89927011019191,
B005,I064_L3_v11_SOC056,oeac_i,OEAC-i,oeac_i,OEAC-i,OEAC-i,proposed_full,Full,True,True,20.49318793799521,13.054537728517323,37.83030861763412,39.85184796356302,20.49318793799521,13.054537728517323,37.83030861763412,39.85184796356302
B005,I064_L3_v11_SOC056,kinematic_only_optimization,KINO,kinematic_only_optimization,KINO,KINO,proposed_full,Full,True,True,26.244975594681108,17.888326000314358,17.89097386973922,0.003224821374281072,26.244975594681108,17.888326000314358,17.89097386973922,0.003224821374281072
B005,I065_L3_v11_SOC060,constant_rule_following,RF,constant_rule_following,RF,RF,proposed_full,Full,True,True,42.7979781781844,33.1684333177299,34.487765768067575,2.013871860432739,42.7979781781844,33.1684333177299,34.487765768067575,2.013871860432739
B005,I065_L3_v11_SOC060,hcs_i_nlc,HCS-i NLC,hcs_i_nlc,HCS-i,HCS-i NLC,proposed_full,Full,False,True,,,,,46.082708820100386,38.729406099272914,50.95509069407602,
B005,I065_L3_v11_SOC060,oeac_i,OEAC-i,oeac_i,OEAC-i,OEAC-i,proposed_full,Full,True,True,38.01736759316298,29.04859945948043,49.26672469675801,39.851803607060994,38.01736759316298,29.04859945948043,49.26672469675801,39.851803607060994
B005,I065_L3_v11_SOC060,kinematic_only_optimization,KINO,kinematic_only_optimization,KINO,KINO,proposed_full,Full,True,True,42.50139771285277,32.9931876972133,32.99532722581314,0.003193103572130381,42.50139771285277,32.9931876972133,32.99532722581314,0.003193103572130381
B005,I066_L3_v11_SOC064,constant_rule_following,RF,constant_rule_following,RF,RF,proposed_full,Full,True,True,25.76547428432652,18.123759288004504,19.740120258077575,2.0139090355860287,25.76547428432652,18.123759288004504,19.740120258077575,2.0139090355860287
B005,I066_L3_v11_SOC064,hcs_i_nlc,HCS-i NLC,hcs_i_nlc,HCS-i,HCS-i NLC,proposed_full,Full,False,True,,,,,30.02826803777,24.936580962814368,39.91445156776116,
B005,I066_L3_v11_SOC064,oeac_i,OEAC-i,oeac_i,OEAC-i,OEAC-i,proposed_full,Full,True,True,19.56138659463148,13.076496064696737,37.84601269533077,39.8518545708382,19.56138659463148,13.076496064696737,37.84601269533077,39.8518545708382
B005,I066_L3_v11_SOC064,kinematic_only_optimization,KINO,kinematic_only_optimization,KINO,KINO,proposed_full,Full,True,True,25.380583864735954,17.909063548828502,17.911714627772184,0.0032295460084900336,25.380583864735954,17.909063548828502,17.911714627772184,0.0032295460084900336
B005,I067_L3_v12_SOC056,constant_rule_following,RF,constant_rule_following,RF,RF,proposed_full,Full,True,True,27.574457431679058,18.51535833108996,20.140872589556178,2.0354771097256474,27.574457431679058,18.51535833108996,20.140872589556178,2.0354771097256474
B005,I067_L3_v12_SOC056,hcs_i_nlc,HCS-i NLC,hcs_i_nlc,HCS-i,HCS-i NLC,proposed_full,Full,False,True,,,,,32.217787502169074,25.92444807080484,40.737600120900645,
B005,I067_L3_v12_SOC056,oeac_i,OEAC-i,oeac_i,OEAC-i,OEAC-i,proposed_full,Full,True,True,22.07908184046329,14.221279172017098,38.698077078911616,39.92827099143784,22.07908184046329,14.221279172017098,38.698077078911616,39.92827099143784
B005,I067_L3_v12_SOC056,kinematic_only_optimization,KINO,kinematic_only_optimization,KINO,KINO,proposed_full,Full,True,True,27.280209487925184,18.37777435414569,18.380450813008476,0.003279188490316665,27.280209487925184,18.37777435414569,18.380450813008476,0.003279188490316665
B005,I068_L3_v12_SOC060,constant_rule_following,RF,constant_rule_following,RF,RF,proposed_full,Full,True,True,43.25773038617015,34.51018783872969,35.81662601420034,2.035477561151108,43.25773038617015,34.51018783872969,35.81662601420034,2.035477561151108
B005,I068_L3_v12_SOC060,hcs_i_nlc,HCS-i NLC,hcs_i_nlc,HCS-i,HCS-i NLC,proposed_full,Full,False,True,,,,,46.895577993831594,40.46492833217725,52.37036894747228,
B005,I068_L3_v12_SOC060,oeac_i,OEAC-i,oeac_i,OEAC-i,OEAC-i,proposed_full,Full,True,True,38.95234208850049,31.05900450192422,50.73118912668804,39.92827161050863,38.95234208850049,31.05900450192422,50.73118912668804,39.92827161050863
B005,I068_L3_v12_SOC060,kinematic_only_optimization,KINO,kinematic_only_optimization,KINO,KINO,proposed_full,Full,True,True,43.02719989146178,34.39961057383735,34.40176195393852,0.003279630924924997,43.02719989146178,34.39961057383735,34.40176195393852,0.003279630924924997
B005,I069_L3_v12_SOC064,constant_rule_following,RF,constant_rule_following,RF,RF,proposed_full,Full,True,True,26.74598174954763,18.9345608770643,20.55174230630398,2.035515285274796,26.74598174954763,18.9345608770643,20.55174230630398,2.035515285274796
B005,I069_L3_v12_SOC064,hcs_i_nlc,HCS-i NLC,hcs_i_nlc,HCS-i,HCS-i NLC,proposed_full,Full,False,True,,,,,31.442426866347194,26.305534117539228,41.04250109141809,
B005,I069_L3_v12_SOC064,oeac_i,OEAC-i,oeac_i,OEAC-i,OEAC-i,proposed_full,Full,True,True,21.187744564479022,14.662572861539852,39.01347125517442,39.928323344195306,21.187744564479022,14.662572861539852,39.01347125517442,39.928323344195306
B005,I069_L3_v12_SOC064,kinematic_only_optimization,KINO,kinematic_only_optimization,KINO,KINO,proposed_full,Full,True,True,26.448367903968617,18.797684709005715,18.80037777869126,0.0033166037130193966,26.448367903968617,18.797684709005715,18.80037777869126,0.0033166037130193966
B005,I070_L3_v13_SOC056,constant_rule_following,RF,constant_rule_following,RF,RF,proposed_full,Full,True,True,44.32257185714052,34.25176288185252,35.57168799226092,2.048672500142247,44.32257185714052,34.25176288185252,35.57168799226092,2.048672500142247
B005,I070_L3_v13_SOC056,hcs_i_nlc,HCS-i NLC,hcs_i_nlc,HCS-i,HCS-i NLC,proposed_full,Full,False,True,,,,,48.332604173598085,40.82242312290585,52.67835134816361,
B005,I070_L3_v13_SOC056,oeac_i,OEAC-i,oeac_i,OEAC-i,OEAC-i,proposed_full,Full,True,True,40.60480617689204,31.473636851876645,51.05022748247982,39.9932208542875,40.60480617689204,31.473636851876645,51.05022748247982,39.9932208542875
B005,I070_L3_v13_SOC056,kinematic_only_optimization,KINO,kinematic_only_optimization,KINO,KINO,proposed_full,Full,True,True,44.20616026073815,34.243258650519365,34.24541025111493,0.003272167925893605,44.20616026073815,34.243258650519365,34.24541025111493,0.003272167925893605
B005,I071_L3_v13_SOC060,constant_rule_following,RF,constant_rule_following,RF,RF,proposed_full,Full,True,True,28.07241950137062,20.00271289031599,21.608730917802127,2.04872053519396,28.07241950137062,20.00271289031599,21.608730917802127,2.04872053519396
B005,I071_L3_v13_SOC060,hcs_i_nlc,HCS-i NLC,hcs_i_nlc,HCS-i,HCS-i NLC,proposed_full,Full,False,True,,,,,33.252829801645916,27.997375817310974,42.42276450710461,
B005,I071_L3_v13_SOC060,oeac_i,OEAC-i,oeac_i,OEAC-i,OEAC-i,proposed_full,Full,True,True,23.269577503083944,16.622507497926467,40.441792290439444,39.99328675011386,23.269577503083944,16.622507497926467,40.441792290439444,39.99328675011386
B005,I071_L3_v13_SOC060,kinematic_only_optimization,KINO,kinematic_only_optimization,KINO,KINO,proposed_full,Full,True,True,27.922031727536655,19.99236561006293,19.995021167476587,0.0033192401928068462,27.922031727536655,19.99236561006293,19.995021167476587,0.0033192401928068462
B005,I072_L3_v13_SOC064,constant_rule_following,RF,constant_rule_following,RF,RF,proposed_full,Full,True,True,25.971364062505664,18.00332649057251,19.64949390184832,2.0487330960491326,25.971364062505664,18.00332649057251,19.64949390184832,2.0487330960491326
B005,I072_L3_v13_SOC064,hcs_i_nlc,HCS-i NLC,hcs_i_nlc,HCS-i,HCS-i NLC,proposed_full,Full,False,True,,,,,31.30309780729962,26.197801447503597,40.98373370208365,
B005,I072_L3_v13_SOC064,oeac_i,OEAC-i,oeac_i,OEAC-i,OEAC-i,proposed_full,Full,True,True,21.02822765653067,14.538639024676963,38.95325094502403,39.99330398144602,21.02822765653067,14.538639024676963,38.95325094502403,39.99330398144602
B005,I072_L3_v13_SOC064,kinematic_only_optimization,KINO,kinematic_only_optimization,KINO,KINO,proposed_full,Full,True,True,25.816583355558112,17.992720598906995,17.99545262081968,0.0033315492859848942,25.816583355558112,17.992720598906995,17.99545262081968,0.0033315492859848942
B005,I073_L3_v14_SOC056,constant_rule_following,RF,constant_rule_following,RF,RF,proposed_full,Full,True,True,29.010513818777994,21.02349237846512,22.60879420510107,2.048426317115798,29.010513818777994,21.02349237846512,22.60879420510107,2.048426317115798
B005,I073_L3_v14_SOC056,hcs_i_nlc,HCS-i NLC,hcs_i_nlc,HCS-i,HCS-i NLC,proposed_full,Full,False,True,,,,,34.123360141079374,28.91614199694186,43.164126921746345,
B005,I073_L3_v14_SOC056,oeac_i,OEAC-i,oeac_i,OEAC-i,OEAC-i,proposed_full,Full,True,True,23.93113660462764,17.32633858525979,40.95147046563838,40.00968706025205,23.93113660462764,17.32633858525979,40.95147046563838,40.00968706025205
B005,I073_L3_v14_SOC056,kinematic_only_optimization,KINO,kinematic_only_optimization,KINO,KINO,proposed_full,Full,True,True,28.754013223312047,20.819043521823108,20.82163406580539,0.0032717825781422424,28.754013223312047,20.819043521823108,20.82163406580539,0.0032717825781422424
B005,I074_L3_v14_SOC060,constant_rule_following,RF,constant_rule_following,RF,RF,proposed_full,Full,True,True,28.94347208833833,20.908276726448513,22.495927512119128,2.048474015244655,28.94347208833833,20.908276726448513,22.495927512119128,2.048474015244655
B005,I074_L3_v14_SOC060,hcs_i_nlc,HCS-i NLC,hcs_i_nlc,HCS-i,HCS-i NLC,proposed_full,Full,False,True,,,,,34.061146929387455,28.812440614159453,43.08123795560096,
B005,I074_L3_v14_SOC060,oeac_i,OEAC-i,oeac_i,OEAC-i,OEAC-i,proposed_full,Full,True,True,23.85929796331693,17.20572930420439,40.86535457965965,40.009752501732486,23.85929796331693,17.20572930420439,40.86535457965965,40.009752501732486
B005,I074_L3_v14_SOC060,kinematic_only_optimization,KINO,kinematic_only_optimization,KINO,KINO,proposed_full,Full,True,True,28.686729256384922,20.703529607588642,20.70616099329131,0.0033185247878529407,28.686729256384922,20.703529607588642,20.70616099329131,0.0033185247878529407
B005,I075_L3_v14_SOC064,constant_rule_following,RF,constant_rule_following,RF,RF,proposed_full,Full,True,True,27.092960211857875,19.46659696620911,21.083160932039505,2.048439832262254,27.092960211857875,19.46659696620911,21.083160932039505,2.048439832262254
B005,I075_L3_v14_SOC064,hcs_i_nlc,HCS-i NLC,hcs_i_nlc,HCS-i,HCS-i NLC,proposed_full,Full,False,True,,,,,32.343913702338064,27.514837536370322,42.04370634965335,
B005,I075_L3_v14_SOC064,oeac_i,OEAC-i,oeac_i,OEAC-i,OEAC-i,proposed_full,Full,True,True,21.876379890291897,15.696559704838409,39.78743121262911,40.009705602933145,21.876379890291897,15.696559704838409,39.78743121262911,40.009705602933145
B005,I075_L3_v14_SOC064,kinematic_only_optimization,KINO,kinematic_only_optimization,KINO,KINO,proposed_full,Full,True,True,26.82953107431518,19.258117727665784,19.26077003306262,0.0032850268672800177,26.82953107431518,19.258117727665784,19.26077003306262,0.0032850268672800177
B005,I076_L3_v15_SOC056,constant_rule_following,RF,constant_rule_following,RF,RF,proposed_full,Full,True,True,29.010513818777994,21.02349237846512,22.60879420510107,2.048426317115798,29.010513818777994,21.02349237846512,22.60879420510107,2.048426317115798
B005,I076_L3_v15_SOC056,hcs_i_nlc,HCS-i NLC,hcs_i_nlc,HCS-i,HCS-i NLC,proposed_full,Full,False,True,,,,,34.123360141079374,28.91614199694186,43.164126921746345,
B005,I076_L3_v15_SOC056,oeac_i,OEAC-i,oeac_i,OEAC-i,OEAC-i,proposed_full,Full,True,True,23.93113660462764,17.32633858525979,40.95147046563838,40.00968706025205,23.93113660462764,17.32633858525979,40.95147046563838,40.00968706025205
B005,I076_L3_v15_SOC056,kinematic_only_optimization,KINO,kinematic_only_optimization,KINO,KINO,proposed_full,Full,True,True,28.754013223312047,20.819043521823108,20.82163406580539,0.0032717825781422424,28.754013223312047,20.819043521823108,20.82163406580539,0.0032717825781422424
B005,I077_L3_v15_SOC060,constant_rule_following,RF,constant_rule_following,RF,RF,proposed_full,Full,True,True,28.94347208833833,20.908276726448513,22.495927512119128,2.048474015244655,28.94347208833833,20.908276726448513,22.495927512119128,2.048474015244655
B005,I077_L3_v15_SOC060,hcs_i_nlc,HCS-i NLC,hcs_i_nlc,HCS-i,HCS-i NLC,proposed_full,Full,False,True,,,,,34.061146929387455,28.812440614159453,43.08123795560096,
B005,I077_L3_v15_SOC060,oeac_i,OEAC-i,oeac_i,OEAC-i,OEAC-i,proposed_full,Full,True,True,23.85929796331693,17.20572930420439,40.86535457965965,40.009752501732486,23.85929796331693,17.20572930420439,40.86535457965965,40.009752501732486
B005,I077_L3_v15_SOC060,kinematic_only_optimization,KINO,kinematic_only_optimization,KINO,KINO,proposed_full,Full,True,True,28.686729256384922,20.703529607588642,20.70616099329131,0.0033185247878529407,28.686729256384922,20.703529607588642,20.70616099329131,0.0033185247878529407
B005,I078_L3_v15_SOC064,constant_rule_following,RF,constant_rule_following,RF,RF,proposed_full,Full,True,True,27.092960211857875,19.46659696620911,21.083160932039505,2.048439832262254,27.092960211857875,19.46659696620911,21.083160932039505,2.048439832262254
B005,I078_L3_v15_SOC064,hcs_i_nlc,HCS-i NLC,hcs_i_nlc,HCS-i,HCS-i NLC,proposed_full,Full,False,True,,,,,32.343913702338064,27.514837536370322,42.04370634965335,
B005,I078_L3_v15_SOC064,oeac_i,OEAC-i,oeac_i,OEAC-i,OEAC-i,proposed_full,Full,True,True,21.876379890291897,15.696559704838409,39.78743121262911,40.009705602933145,21.876379890291897,15.696559704838409,39.78743121262911,40.009705602933145
B005,I078_L3_v15_SOC064,kinematic_only_optimization,KINO,kinematic_only_optimization,KINO,KINO,proposed_full,Full,True,True,26.82953107431518,19.258117727665784,19.26077003306262,0.0032850268672800177,26.82953107431518,19.258117727665784,19.26077003306262,0.0032850268672800177
B005,I079_L3_v16_SOC056,constant_rule_following,RF,constant_rule_following,RF,RF,proposed_full,Full,True,True,29.010513818777994,21.02349237846512,22.60879420510107,2.048426317115798,29.010513818777994,21.02349237846512,22.60879420510107,2.048426317115798
B005,I079_L3_v16_SOC056,hcs_i_nlc,HCS-i NLC,hcs_i_nlc,HCS-i,HCS-i NLC,proposed_full,Full,False,True,,,,,34.123360141079374,28.91614199694186,43.164126921746345,
B005,I079_L3_v16_SOC056,oeac_i,OEAC-i,oeac_i,OEAC-i,OEAC-i,proposed_full,Full,True,True,23.93113660462764,17.32633858525979,40.95147046563838,40.00968706025205,23.93113660462764,17.32633858525979,40.95147046563838,40.00968706025205
B005,I079_L3_v16_SOC056,kinematic_only_optimization,KINO,kinematic_only_optimization,KINO,KINO,proposed_full,Full,True,True,28.754013223312047,20.819043521823108,20.82163406580539,0.0032717825781422424,28.754013223312047,20.819043521823108,20.82163406580539,0.0032717825781422424
B005,I080_L3_v16_SOC060,constant_rule_following,RF,constant_rule_following,RF,RF,proposed_full,Full,True,True,28.94347208833833,20.908276726448513,22.495927512119128,2.048474015244655,28.94347208833833,20.908276726448513,22.495927512119128,2.048474015244655
B005,I080_L3_v16_SOC060,hcs_i_nlc,HCS-i NLC,hcs_i_nlc,HCS-i,HCS-i NLC,proposed_full,Full,False,True,,,,,34.061146929387455,28.812440614159453,43.08123795560096,
B005,I080_L3_v16_SOC060,oeac_i,OEAC-i,oeac_i,OEAC-i,OEAC-i,proposed_full,Full,True,True,23.85929796331693,17.20572930420439,40.86535457965965,40.009752501732486,23.85929796331693,17.20572930420439,40.86535457965965,40.009752501732486
B005,I080_L3_v16_SOC060,kinematic_only_optimization,KINO,kinematic_only_optimization,KINO,KINO,proposed_full,Full,True,True,28.686729256384922,20.703529607588642,20.70616099329131,0.0033185247878529407,28.686729256384922,20.703529607588642,20.70616099329131,0.0033185247878529407
B005,I081_L3_v16_SOC064,constant_rule_following,RF,constant_rule_following,RF,RF,proposed_full,Full,True,True,27.092960211857875,19.46659696620911,21.083160932039505,2.048439832262254,27.092960211857875,19.46659696620911,21.083160932039505,2.048439832262254
B005,I081_L3_v16_SOC064,hcs_i_nlc,HCS-i NLC,hcs_i_nlc,HCS-i,HCS-i NLC,proposed_full,Full,False,True,,,,,32.343913702338064,27.514837536370322,42.04370634965335,
B005,I081_L3_v16_SOC064,oeac_i,OEAC-i,oeac_i,OEAC-i,OEAC-i,proposed_full,Full,True,True,21.876379890291897,15.696559704838409,39.78743121262911,40.009705602933145,21.876379890291897,15.696559704838409,39.78743121262911,40.009705602933145
B005,I081_L3_v16_SOC064,kinematic_only_optimization,KINO,kinematic_only_optimization,KINO,KINO,proposed_full,Full,True,True,26.82953107431518,19.258117727665784,19.26077003306262,0.0032850268672800177,26.82953107431518,19.258117727665784,19.26077003306262,0.0032850268672800177
B006,I001_L1_v8_SOC056,constant_rule_following,RF,constant_rule_following,RF,RF,proposed_full,Full,True,True,51.058762414821004,43.91136420441781,50.67021616817724,13.701361406330106,51.058762414821004,43.91136420441781,50.67021616817724,13.701361406330106
B006,I001_L1_v8_SOC056,hcs_i_nlc,HCS-i NLC,hcs_i_nlc,HCS-i,HCS-i NLC,proposed_full,Full,True,True,42.74422096280439,30.72743759120875,50.26892021436622,39.29430590968703,42.74422096280439,30.72743759120875,50.26892021436622,39.29430590968703
B006,I001_L1_v8_SOC056,oeac_i,OEAC-i,oeac_i,OEAC-i,OEAC-i,proposed_full,Full,True,True,45.483900157216404,35.23747002943161,52.147748196742036,35.338521239995465,45.483900157216404,35.23747002943161,52.147748196742036,35.338521239995465
B006,I001_L1_v8_SOC056,kinematic_only_optimization,KINO,kinematic_only_optimization,KINO,KINO,proposed_full,Full,True,True,48.70836461251221,37.943329508791116,37.94320797691449,-0.0001958397665354705,48.70836461251221,37.943329508791116,37.94320797691449,-0.0001958397665354705
B006,I002_L1_v8_SOC060,constant_rule_following,RF,constant_rule_following,RF,RF,proposed_full,Full,True,True,39.26260467093274,33.86138742894265,41.831292700602084,13.701362195721202,39.26260467093274,33.86138742894265,41.831292700602084,13.701362195721202
B006,I002_L1_v8_SOC060,hcs_i_nlc,HCS-i NLC,hcs_i_nlc,HCS-i,HCS-i NLC,proposed_full,Full,True,True,28.944034563829817,18.3151613161484,41.35809243365489,39.29430687676152,28.944034563829817,18.3151613161484,41.35809243365489,39.29430687676152
B006,I002_L1_v8_SOC060,oeac_i,OEAC-i,oeac_i,OEAC-i,OEAC-i,proposed_full,Full,True,True,32.344050307530885,23.63330257388278,43.57356930145001,35.33852217960624,32.344050307530885,23.63330257388278,43.57356930145001,35.33852217960624
B006,I002_L1_v8_SOC060,kinematic_only_optimization,KINO,kinematic_only_optimization,KINO,KINO,proposed_full,Full,True,True,36.34569763009748,26.82399867904954,26.82385587909661,-0.00019514550083884387,36.34569763009748,26.82399867904954,26.82385587909661,-0.00019514550083884387
B006,I003_L1_v8_SOC064,constant_rule_following,RF,constant_rule_following,RF,RF,proposed_full,Full,True,True,51.10660630453905,42.9396415106392,49.81558937224015,13.70136218715991,51.10660630453905,42.9396415106392,49.81558937224015,13.70136218715991
B006,I003_L1_v8_SOC064,hcs_i_nlc,HCS-i NLC,hcs_i_nlc,HCS-i,HCS-i NLC,proposed_full,Full,True,True,42.80019296746015,29.52730640609407,49.407341061281215,39.294306866273175,42.80019296746015,29.52730640609407,49.407341061281215,39.294306866273175
B006,I003_L1_v8_SOC064,oeac_i,OEAC-i,oeac_i,OEAC-i,OEAC-i,proposed_full,Full,True,True,45.537193911061436,34.11547411731361,51.31871929249188,35.33852216941575,45.537193911061436,34.11547411731361,51.31871929249188,35.33852216941575
B006,I003_L1_v8_SOC064,kinematic_only_optimization,KINO,kinematic_only_optimization,KINO,KINO,proposed_full,Full,True,True,48.75850620001633,36.868211988792545,36.86808878495463,-0.00019515303045460658,48.75850620001633,36.868211988792545,36.86808878495463,-0.00019515303045460658
B006,I004_L1_v9_SOC056,constant_rule_following,RF,constant_rule_following,RF,RF,proposed_full,Full,True,True,51.080487642628846,44.50498826281893,51.161128352271284,13.628775327699255,51.080487642628846,44.50498826281893,51.161128352271284,13.628775327699255
B006,I004_L1_v9_SOC056,hcs_i_nlc,HCS-i NLC,hcs_i_nlc,HCS-i,HCS-i NLC,proposed_full,Full,True,True,44.415654870364214,33.40210686859374,52.171026593798665,39.24173652192881,44.415654870364214,33.40210686859374,52.171026593798665,39.24173652192881
B006,I004_L1_v9_SOC056,oeac_i,OEAC-i,oeac_i,OEAC-i,OEAC-i,proposed_full,Full,True,True,46.09843830637163,36.56833695420961,53.13112660562896,35.33857003997996,46.09843830637163,36.56833695420961,53.13112660562896,35.33857003997996
B006,I004_L1_v9_SOC056,kinematic_only_optimization,KINO,kinematic_only_optimization,KINO,KINO,proposed_full,Full,True,True,50.42241721873093,41.059755376425734,41.0595693129821,-0.00031568049550239285,50.42241721873093,41.059755376425734,41.0595693129821,-0.00031568049550239285
B006,I005_L1_v9_SOC060,constant_rule_following,RF,constant_rule_following,RF,RF,proposed_full,Full,True,True,51.56815202887855,43.62459028764639,50.386328009608036,13.628779025408765,51.56815202887855,43.62459028764639,50.386328009608036,13.628779025408765
B006,I005_L1_v9_SOC060,hcs_i_nlc,HCS-i NLC,hcs_i_nlc,HCS-i,HCS-i NLC,proposed_full,Full,True,True,44.96975903548171,32.345567759433344,51.41224770038663,39.241741053135726,44.96975903548171,32.345567759433344,51.41224770038663,39.241741053135726
B006,I005_L1_v9_SOC060,oeac_i,OEAC-i,oeac_i,OEAC-i,OEAC-i,proposed_full,Full,True,True,46.63576729299762,35.56202835170282,52.38757914146702,35.33857444416998,46.63576729299762,35.56202835170282,52.38757914146702,35.33857444416998
B006,I005_L1_v9_SOC060,kinematic_only_optimization,KINO,kinematic_only_optimization,KINO,KINO,proposed_full,Full,True,True,50.916641717580184,40.124700667931954,40.124513601162754,-0.00031242630410162917,50.916641717580184,40.124700667931954,40.124513601162754,-0.00031242630410162917
B006,I006_L1_v9_SOC064,constant_rule_following,RF,constant_rule_following,RF,RF,proposed_full,Full,True,True,39.01787800052093,34.084160908677056,41.9901879665118,13.628775513478157,39.01787800052093,34.084160908677056,41.9901879665118,13.628775513478157
B006,I006_L1_v9_SOC064,hcs_i_nlc,HCS-i NLC,hcs_i_nlc,HCS-i,HCS-i NLC,proposed_full,Full,True,True,30.709625819770675,20.896385638031337,43.18972442563633,39.24173674958397,30.709625819770675,20.896385638031337,43.18972442563633,39.24173674958397
B006,I006_L1_v9_SOC064,oeac_i,OEAC-i,oeac_i,OEAC-i,OEAC-i,proposed_full,Full,True,True,32.80735124359828,24.657168928572226,44.33011156687395,35.338570261253594,32.80735124359828,24.657168928572226,44.33011156687395,35.338570261253594
B006,I006_L1_v9_SOC064,kinematic_only_optimization,KINO,kinematic_only_optimization,KINO,KINO,proposed_full,Full,True,True,38.19754008338826,29.991983801892587,29.99176291400342,-0.0003155169996659359,38.19754008338826,29.991983801892587,29.99176291400342,-0.0003155169996659359
B006,I007_L1_v10_SOC056,constant_rule_following,RF,constant_rule_following,RF,RF,proposed_full,Full,True,True,52.91341257006253,45.152814571605205,51.70200982590266,13.559974712591313,52.91341257006253,45.152814571605205,51.70200982590266,13.559974712591313
B006,I007_L1_v10_SOC056,hcs_i_nlc,HCS-i NLC,hcs_i_nlc,HCS-i,HCS-i NLC,proposed_full,Full,True,True,46.60735168607878,34.45410692695265,52.93321840240991,39.26147241901798,46.60735168607878,34.45410692695265,52.93321840240991,39.26147241901798
B006,I007_L1_v10_SOC056,oeac_i,OEAC-i,oeac_i,OEAC-i,OEAC-i,proposed_full,Full,True,True,47.7490379480378,36.99795007266197,53.4485679145924,35.3385859574601,47.7490379480378,36.99795007266197,53.4485679145924,35.3385859574601
B006,I007_L1_v10_SOC056,kinematic_only_optimization,KINO,kinematic_only_optimization,KINO,KINO,proposed_full,Full,True,True,51.05673904557218,39.91626468303987,39.916102558039654,-0.0002698310314758684,51.05673904557218,39.91626468303987,39.916102558039654,-0.0002698310314758684
B006,I008_L1_v10_SOC060,constant_rule_following,RF,constant_rule_following,RF,RF,proposed_full,Full,True,True,38.71650855325677,34.09618594679644,41.96563170801953,13.559974878386912,38.71650855325677,34.09618594679644,41.96563170801953,13.559974878386912
B006,I008_L1_v10_SOC060,hcs_i_nlc,HCS-i NLC,hcs_i_nlc,HCS-i,HCS-i NLC,proposed_full,Full,True,True,30.509130415665258,21.24072884876016,43.44503927168224,39.261472622337315,30.509130415665258,21.24072884876016,43.44503927168224,39.261472622337315
B006,I008_L1_v10_SOC060,oeac_i,OEAC-i,oeac_i,OEAC-i,OEAC-i,proposed_full,Full,True,True,31.995042308807573,24.29738461597754,44.06427794561636,35.338586155052084,31.995042308807573,24.29738461597754,44.06427794561636,35.338586155052084
B006,I008_L1_v10_SOC060,kinematic_only_optimization,KINO,kinematic_only_optimization,KINO,KINO,proposed_full,Full,True,True,36.30003621435977,27.804001444696745,27.803806742368696,-0.0002696850335992393,36.30003621435977,27.804001444696745,27.803806742368696,-0.0002696850335992393
B006,I009_L1_v10_SOC064,constant_rule_following,RF,constant_rule_following,RF,RF,proposed_full,Full,True,True,40.88214904273582,35.395205333954905,43.1095379132207,13.559975251209137,40.88214904273582,35.395205333954905,43.1095379132207,13.559975251209137
B006,I009_L1_v10_SOC064,hcs_i_nlc,HCS-i NLC,hcs_i_nlc,HCS-i,HCS-i NLC,proposed_full,Full,True,True,32.96480383224474,22.793140065223856,44.55978510964066,39.26147307953865,32.96480383224474,22.793140065223856,44.55978510964066,39.26147307953865
B006,I009_L1_v10_SOC064,oeac_i,OEAC-i,oeac_i,OEAC-i,OEAC-i,proposed_full,Full,True,True,34.39820646255591,25.789546586498055,45.16681806853968,35.33858659937442,34.39820646255591,25.789546586498055,45.16681806853968,35.33858659937442
B006,I009_L1_v10_SOC064,kinematic_only_optimization,KINO,kinematic_only_optimization,KINO,KINO,proposed_full,Full,True,True,38.55107017955763,29.227045059788466,29.22685442755767,-0.0002693567302338557,38.55107017955763,29.227045059788466,29.22685442755767,-0.0002693567302338557
B006,I010_L1_v11_SOC056,constant_rule_following,RF,constant_rule_following,RF,RF,proposed_full,Full,True,True,53.45836752855617,45.56783818240545,52.09269011376941,13.619741844948196,53.45836752855617,45.56783818240545,52.09269011376941,13.619741844948196
B006,I010_L1_v11_SOC056,hcs_i_nlc,HCS-i NLC,hcs_i_nlc,HCS-i,HCS-i NLC,proposed_full,Full,True,True,48.01234056005246,35.991429257576996,54.05243688082106,39.30786835505807,48.01234056005246,35.991429257576996,54.05243688082106,39.30786835505807
B006,I010_L1_v11_SOC056,oeac_i,OEAC-i,oeac_i,OEAC-i,OEAC-i,proposed_full,Full,True,True,48.4327805271634,37.644843378986,53.926560425968106,35.338618513211415,48.4327805271634,37.644843378986,53.926560425968106,35.338618513211415
B006,I010_L1_v11_SOC056,kinematic_only_optimization,KINO,kinematic_only_optimization,KINO,KINO,proposed_full,Full,True,True,51.911415018048494,40.79207206325868,40.791911657930605,-0.0002709179312612195,51.911415018048494,40.79207206325868,40.791911657930605,-0.0002709179312612195
B006,I011_L1_v11_SOC060,constant_rule_following,RF,constant_rule_following,RF,RF,proposed_full,Full,True,True,53.43229815308302,46.516411834538886,52.92755615768646,13.619739702965193,53.43229815308302,46.516411834538886,52.92755615768646,13.619739702965193
B006,I011_L1_v11_SOC060,hcs_i_nlc,HCS-i NLC,hcs_i_nlc,HCS-i,HCS-i NLC,proposed_full,Full,True,True,47.98322070022069,37.106888237884384,54.853151016931704,39.30786572879716,47.98322070022069,37.106888237884384,54.853151016931704,39.30786572879716
B006,I011_L1_v11_SOC060,oeac_i,OEAC-i,oeac_i,OEAC-i,OEAC-i,proposed_full,Full,True,True,48.40389616846867,38.73148878622809,54.729468172576496,35.33861596177964,48.40389616846867,38.73148878622809,54.729468172576496,35.33861596177964
B006,I011_L1_v11_SOC060,kinematic_only_optimization,KINO,kinematic_only_optimization,KINO,KINO,proposed_full,Full,True,True,51.884479147704106,41.82387162004302,41.82371291330108,-0.00027280314695154215,51.884479147704106,41.82387162004302,41.82371291330108,-0.00027280314695154215
B006,I012_L1_v11_SOC064,constant_rule_following,RF,constant_rule_following,RF,RF,proposed_full,Full,True,True,53.69122931304731,46.02093619823917,52.491474605320064,13.619741621796317,53.69122931304731,46.02093619823917,52.491474605320064,13.619741621796317
B006,I012_L1_v11_SOC064,hcs_i_nlc,HCS-i NLC,hcs_i_nlc,HCS-i,HCS-i NLC,proposed_full,Full,True,True,48.27245045534099,36.52424212833769,54.434908274852305,39.307868081454096,48.27245045534099,36.52424212833769,54.434908274852305,39.307868081454096
B006,I012_L1_v11_SOC064,oeac_i,OEAC-i,oeac_i,OEAC-i,OEAC-i,proposed_full,Full,True,True,48.69078683485059,38.163893087808134,54.31007962623531,35.33861824740315,48.69078683485059,38.163893087808134,54.31007962623531,35.33861824740315
B006,I012_L1_v11_SOC064,kinematic_only_optimization,KINO,kinematic_only_optimization,KINO,KINO,proposed_full,Full,True,True,52.15201667119038,41.28492396871232,41.28476478329394,-0.00027111433311269024,52.15201667119038,41.28492396871232,41.28476478329394,-0.00027111433311269024
B006,I013_L1_v12_SOC056,constant_rule_following,RF,constant_rule_following,RF,RF,proposed_full,Full,True,True,52.293002947595554,48.83444078488299,54.98477735089286,13.662792726699672,52.293002947595554,48.83444078488299,54.98477735089286,13.662792726699672
B006,I013_L1_v12_SOC056,hcs_i_nlc,HCS-i NLC,hcs_i_nlc,HCS-i,HCS-i NLC,proposed_full,Full,True,True,46.88747755240196,40.00518411603102,56.77766486276213,38.805124002383906,46.88747755240196,40.00518411603102,56.77766486276213,38.805124002383906
B006,I013_L1_v12_SOC056,oeac_i,OEAC-i,oeac_i,OEAC-i,OEAC-i,proposed_full,Full,True,True,48.26700443961283,42.60895576012816,57.59448727580121,35.33864007997601,48.26700443961283,42.60895576012816,57.59448727580121,35.33864007997601
B006,I013_L1_v12_SOC056,kinematic_only_optimization,KINO,kinematic_only_optimization,KINO,KINO,proposed_full,Full,True,True,51.75612544343174,45.50470890539479,45.50455924282231,-0.0002746331994133713,51.75612544343174,45.50470890539479,45.50455924282231,-0.0002746331994133713
B006,I014_L1_v12_SOC060,constant_rule_following,RF,constant_rule_following,RF,RF,proposed_full,Full,True,True,54.47488477781179,44.75348838433282,51.39437428201306,13.662792731465107,54.47488477781179,44.75348838433282,51.39437428201306,13.662792731465107
B006,I014_L1_v12_SOC060,hcs_i_nlc,HCS-i NLC,hcs_i_nlc,HCS-i,HCS-i NLC,proposed_full,Full,True,True,49.31658134944184,35.22001237828302,53.33026206014668,38.80512400820346,49.31658134944184,35.22001237828302,53.33026206014668,38.80512400820346
B006,I014_L1_v12_SOC060,oeac_i,OEAC-i,oeac_i,OEAC-i,OEAC-i,proposed_full,Full,True,True,50.633015507378765,38.03146020738555,54.2122340276235,35.33864008565023,50.633015507378765,38.03146020738555,54.2122340276235,35.33864008565023
B006,I014_L1_v12_SOC060,kinematic_only_optimization,KINO,kinematic_only_optimization,KINO,KINO,proposed_full,Full,True,True,53.962561392409626,41.1581779102737,41.1580163131183,-0.0002746290068161022,53.962561392409626,41.1581779102737,41.1580163131183,-0.0002746290068161022
B006,I015_L1_v12_SOC064,constant_rule_following,RF,constant_rule_following,RF,RF,proposed_full,Full,True,True,40.55203505354982,36.04354467226749,43.73140615969931,13.662792976933481,40.55203505354982,36.04354467226749,43.73140615969931,13.662792976933481
B006,I015_L1_v12_SOC064,hcs_i_nlc,HCS-i NLC,hcs_i_nlc,HCS-i,HCS-i NLC,proposed_full,Full,True,True,33.816178595059554,25.007059028782574,45.972498245216734,38.8051243079697,33.816178595059554,25.007059028782574,45.972498245216734,38.8051243079697
B006,I015_L1_v12_SOC064,oeac_i,OEAC-i,oeac_i,OEAC-i,OEAC-i,proposed_full,Full,True,True,35.53521502788118,28.26174846038199,46.993518377833176,35.33864037793018,35.53521502788118,28.26174846038199,46.993518377833176,35.33864037793018
B006,I015_L1_v12_SOC064,kinematic_only_optimization,KINO,kinematic_only_optimization,KINO,KINO,proposed_full,Full,True,True,39.88302889051237,31.881411951144116,31.88122502433917,-0.0002744130454681034,39.88302889051237,31.881411951144116,31.88122502433917,-0.0002744130454681034
B006,I016_L1_v13_SOC056,constant_rule_following,RF,constant_rule_following,RF,RF,proposed_full,Full,True,True,54.55647251105949,45.829855762678505,52.34679265899259,13.675757120981885,54.55647251105949,45.829855762678505,52.34679265899259,13.675757120981885
B006,I016_L1_v13_SOC056,hcs_i_nlc,HCS-i NLC,hcs_i_nlc,HCS-i,HCS-i NLC,proposed_full,Full,True,True,48.92074229632855,35.888216496202716,53.80318552238288,38.77966311911001,48.92074229632855,35.888216496202716,53.80318552238288,38.77966311911001
B006,I016_L1_v13_SOC056,oeac_i,OEAC-i,oeac_i,OEAC-i,OEAC-i,proposed_full,Full,True,True,50.70402864575245,39.23350035060127,55.100407927978495,35.338645286411065,50.70402864575245,39.23350035060127,55.100407927978495,35.338645286411065
B006,I016_L1_v13_SOC056,kinematic_only_optimization,KINO,kinematic_only_optimization,KINO,KINO,proposed_full,Full,True,True,54.02866806669566,42.29939484658238,42.29923673603448,-0.0002740181220630535,54.02866806669566,42.29939484658238,42.29923673603448,-0.0002740181220630535
B006,I017_L1_v13_SOC060,constant_rule_following,RF,constant_rule_following,RF,RF,proposed_full,Full,True,True,54.115771183643545,45.833893305700116,52.350340779989,13.675748328441832,54.115771183643545,45.833893305700116,52.350340779989,13.675748328441832
B006,I017_L1_v13_SOC060,hcs_i_nlc,HCS-i NLC,hcs_i_nlc,HCS-i,HCS-i NLC,proposed_full,Full,True,True,48.42538689772074,35.892995034043686,53.80662520454829,38.77965238484461,48.42538689772074,35.892995034043686,53.80662520454829,38.77965238484461
B006,I017_L1_v13_SOC060,oeac_i,OEAC-i,oeac_i,OEAC-i,OEAC-i,proposed_full,Full,True,True,50.22596716565801,39.23802954948123,55.10375102268817,35.33863481829992,50.22596716565801,39.23802954948123,55.10375102268817,35.33863481829992
B006,I017_L1_v13_SOC060,kinematic_only_optimization,KINO,kinematic_only_optimization,KINO,KINO,proposed_full,Full,True,True,53.58284820794863,42.30369553063925,42.3035329691963,-0.0002817528547656934,53.58284820794863,42.30369553063925,42.3035329691963,-0.0002817528547656934
B006,I018_L1_v13_SOC064,constant_rule_following,RF,constant_rule_following,RF,RF,proposed_full,Full,True,True,54.95261848906455,45.025866162471374,51.639523325474784,13.675748499160841,54.95261848906455,45.025866162471374,51.639523325474784,13.675748499160841
B006,I018_L1_v13_SOC064,hcs_i_nlc,HCS-i NLC,hcs_i_nlc,HCS-i,HCS-i NLC,proposed_full,Full,True,True,49.36601676371487,34.936673761482226,53.117531984890284,38.779652593264835,49.36601676371487,34.936673761482226,53.117531984890284,38.779652593264835
B006,I018_L1_v13_SOC064,oeac_i,OEAC-i,oeac_i,OEAC-i,OEAC-i,proposed_full,Full,True,True,51.13375762725791,38.33160809155414,54.43400777713969,35.338635021552406,51.13375762725791,38.33160809155414,54.43400777713969,35.338635021552406
B006,I018_L1_v13_SOC064,kinematic_only_optimization,KINO,kinematic_only_optimization,KINO,KINO,proposed_full,Full,True,True,54.42941508734334,41.443006385333945,41.442841486809456,-0.0002816026745111875,54.42941508734334,41.443006385333945,41.442841486809456,-0.0002816026745111875
B006,I019_L1_v14_SOC056,constant_rule_following,RF,constant_rule_following,RF,RF,proposed_full,Full,True,True,54.55647251105949,45.829855762678505,52.34679265899259,13.675757120981885,54.55647251105949,45.829855762678505,52.34679265899259,13.675757120981885
B006,I019_L1_v14_SOC056,hcs_i_nlc,HCS-i NLC,hcs_i_nlc,HCS-i,HCS-i NLC,proposed_full,Full,True,True,48.92074229632855,35.888216496202716,53.80318552238288,38.77966311911001,48.92074229632855,35.888216496202716,53.80318552238288,38.77966311911001
B006,I019_L1_v14_SOC056,oeac_i,OEAC-i,oeac_i,OEAC-i,OEAC-i,proposed_full,Full,True,True,50.70402864575245,39.23350035060127,55.100407927978495,35.338645286411065,50.70402864575245,39.23350035060127,55.100407927978495,35.338645286411065
B006,I019_L1_v14_SOC056,kinematic_only_optimization,KINO,kinematic_only_optimization,KINO,KINO,proposed_full,Full,True,True,54.02866806669566,42.29939484658238,42.29923673603448,-0.0002740181220630535,54.02866806669566,42.29939484658238,42.29923673603448,-0.0002740181220630535
B006,I020_L1_v14_SOC060,constant_rule_following,RF,constant_rule_following,RF,RF,proposed_full,Full,True,True,54.115771183643545,45.833893305700116,52.350340779989,13.675748328441832,54.115771183643545,45.833893305700116,52.350340779989,13.675748328441832
B006,I020_L1_v14_SOC060,hcs_i_nlc,HCS-i NLC,hcs_i_nlc,HCS-i,HCS-i NLC,proposed_full,Full,True,True,48.42538689772074,35.892995034043686,53.80662520454829,38.77965238484461,48.42538689772074,35.892995034043686,53.80662520454829,38.77965238484461
B006,I020_L1_v14_SOC060,oeac_i,OEAC-i,oeac_i,OEAC-i,OEAC-i,proposed_full,Full,True,True,50.22596716565801,39.23802954948123,55.10375102268817,35.33863481829992,50.22596716565801,39.23802954948123,55.10375102268817,35.33863481829992
B006,I020_L1_v14_SOC060,kinematic_only_optimization,KINO,kinematic_only_optimization,KINO,KINO,proposed_full,Full,True,True,53.58284820794863,42.30369553063925,42.3035329691963,-0.0002817528547656934,53.58284820794863,42.30369553063925,42.3035329691963,-0.0002817528547656934
B006,I021_L1_v14_SOC064,constant_rule_following,RF,constant_rule_following,RF,RF,proposed_full,Full,True,True,54.95261848906455,45.025866162471374,51.639523325474784,13.675748499160841,54.95261848906455,45.025866162471374,51.639523325474784,13.675748499160841
B006,I021_L1_v14_SOC064,hcs_i_nlc,HCS-i NLC,hcs_i_nlc,HCS-i,HCS-i NLC,proposed_full,Full,True,True,49.36601676371487,34.936673761482226,53.117531984890284,38.779652593264835,49.36601676371487,34.936673761482226,53.117531984890284,38.779652593264835
B006,I021_L1_v14_SOC064,oeac_i,OEAC-i,oeac_i,OEAC-i,OEAC-i,proposed_full,Full,True,True,51.13375762725791,38.33160809155414,54.43400777713969,35.338635021552406,51.13375762725791,38.33160809155414,54.43400777713969,35.338635021552406
B006,I021_L1_v14_SOC064,kinematic_only_optimization,KINO,kinematic_only_optimization,KINO,KINO,proposed_full,Full,True,True,54.42941508734334,41.443006385333945,41.442841486809456,-0.0002816026745111875,54.42941508734334,41.443006385333945,41.442841486809456,-0.0002816026745111875
B006,I022_L1_v15_SOC056,constant_rule_following,RF,constant_rule_following,RF,RF,proposed_full,Full,True,True,54.55647251105949,45.829855762678505,52.34679265899259,13.675757120981885,54.55647251105949,45.829855762678505,52.34679265899259,13.675757120981885
B006,I022_L1_v15_SOC056,hcs_i_nlc,HCS-i NLC,hcs_i_nlc,HCS-i,HCS-i NLC,proposed_full,Full,True,True,48.92074229632855,35.888216496202716,53.80318552238288,38.77966311911001,48.92074229632855,35.888216496202716,53.80318552238288,38.77966311911001
B006,I022_L1_v15_SOC056,oeac_i,OEAC-i,oeac_i,OEAC-i,OEAC-i,proposed_full,Full,True,True,50.70402864575245,39.23350035060127,55.100407927978495,35.338645286411065,50.70402864575245,39.23350035060127,55.100407927978495,35.338645286411065
B006,I022_L1_v15_SOC056,kinematic_only_optimization,KINO,kinematic_only_optimization,KINO,KINO,proposed_full,Full,True,True,54.02866806669566,42.29939484658238,42.29923673603448,-0.0002740181220630535,54.02866806669566,42.29939484658238,42.29923673603448,-0.0002740181220630535
B006,I023_L1_v15_SOC060,constant_rule_following,RF,constant_rule_following,RF,RF,proposed_full,Full,True,True,54.115771183643545,45.833893305700116,52.350340779989,13.675748328441832,54.115771183643545,45.833893305700116,52.350340779989,13.675748328441832
B006,I023_L1_v15_SOC060,hcs_i_nlc,HCS-i NLC,hcs_i_nlc,HCS-i,HCS-i NLC,proposed_full,Full,True,True,48.42538689772074,35.892995034043686,53.80662520454829,38.77965238484461,48.42538689772074,35.892995034043686,53.80662520454829,38.77965238484461
B006,I023_L1_v15_SOC060,oeac_i,OEAC-i,oeac_i,OEAC-i,OEAC-i,proposed_full,Full,True,True,50.22596716565801,39.23802954948123,55.10375102268817,35.33863481829992,50.22596716565801,39.23802954948123,55.10375102268817,35.33863481829992
B006,I023_L1_v15_SOC060,kinematic_only_optimization,KINO,kinematic_only_optimization,KINO,KINO,proposed_full,Full,True,True,53.58284820794863,42.30369553063925,42.3035329691963,-0.0002817528547656934,53.58284820794863,42.30369553063925,42.3035329691963,-0.0002817528547656934
B006,I024_L1_v15_SOC064,constant_rule_following,RF,constant_rule_following,RF,RF,proposed_full,Full,True,True,54.95261848906455,45.025866162471374,51.639523325474784,13.675748499160841,54.95261848906455,45.025866162471374,51.639523325474784,13.675748499160841
B006,I024_L1_v15_SOC064,hcs_i_nlc,HCS-i NLC,hcs_i_nlc,HCS-i,HCS-i NLC,proposed_full,Full,True,True,49.36601676371487,34.936673761482226,53.117531984890284,38.779652593264835,49.36601676371487,34.936673761482226,53.117531984890284,38.779652593264835
B006,I024_L1_v15_SOC064,oeac_i,OEAC-i,oeac_i,OEAC-i,OEAC-i,proposed_full,Full,True,True,51.13375762725791,38.33160809155414,54.43400777713969,35.338635021552406,51.13375762725791,38.33160809155414,54.43400777713969,35.338635021552406
B006,I024_L1_v15_SOC064,kinematic_only_optimization,KINO,kinematic_only_optimization,KINO,KINO,proposed_full,Full,True,True,54.42941508734334,41.443006385333945,41.442841486809456,-0.0002816026745111875,54.42941508734334,41.443006385333945,41.442841486809456,-0.0002816026745111875
B006,I025_L1_v16_SOC056,constant_rule_following,RF,constant_rule_following,RF,RF,proposed_full,Full,True,True,54.55647251105949,45.829855762678505,52.34679265899259,13.675757120981885,54.55647251105949,45.829855762678505,52.34679265899259,13.675757120981885
B006,I025_L1_v16_SOC056,hcs_i_nlc,HCS-i NLC,hcs_i_nlc,HCS-i,HCS-i NLC,proposed_full,Full,True,True,48.92074229632855,35.888216496202716,53.80318552238288,38.77966311911001,48.92074229632855,35.888216496202716,53.80318552238288,38.77966311911001
B006,I025_L1_v16_SOC056,oeac_i,OEAC-i,oeac_i,OEAC-i,OEAC-i,proposed_full,Full,True,True,50.70402864575245,39.23350035060127,55.100407927978495,35.338645286411065,50.70402864575245,39.23350035060127,55.100407927978495,35.338645286411065
B006,I025_L1_v16_SOC056,kinematic_only_optimization,KINO,kinematic_only_optimization,KINO,KINO,proposed_full,Full,True,True,54.02866806669566,42.29939484658238,42.29923673603448,-0.0002740181220630535,54.02866806669566,42.29939484658238,42.29923673603448,-0.0002740181220630535
B006,I026_L1_v16_SOC060,constant_rule_following,RF,constant_rule_following,RF,RF,proposed_full,Full,True,True,54.115771183643545,45.833893305700116,52.350340779989,13.675748328441832,54.115771183643545,45.833893305700116,52.350340779989,13.675748328441832
B006,I026_L1_v16_SOC060,hcs_i_nlc,HCS-i NLC,hcs_i_nlc,HCS-i,HCS-i NLC,proposed_full,Full,True,True,48.42538689772074,35.892995034043686,53.80662520454829,38.77965238484461,48.42538689772074,35.892995034043686,53.80662520454829,38.77965238484461
B006,I026_L1_v16_SOC060,oeac_i,OEAC-i,oeac_i,OEAC-i,OEAC-i,proposed_full,Full,True,True,50.22596716565801,39.23802954948123,55.10375102268817,35.33863481829992,50.22596716565801,39.23802954948123,55.10375102268817,35.33863481829992
B006,I026_L1_v16_SOC060,kinematic_only_optimization,KINO,kinematic_only_optimization,KINO,KINO,proposed_full,Full,True,True,53.58284820794863,42.30369553063925,42.3035329691963,-0.0002817528547656934,53.58284820794863,42.30369553063925,42.3035329691963,-0.0002817528547656934
B006,I027_L1_v16_SOC064,constant_rule_following,RF,constant_rule_following,RF,RF,proposed_full,Full,True,True,54.95261848906455,45.025866162471374,51.639523325474784,13.675748499160841,54.95261848906455,45.025866162471374,51.639523325474784,13.675748499160841
B006,I027_L1_v16_SOC064,hcs_i_nlc,HCS-i NLC,hcs_i_nlc,HCS-i,HCS-i NLC,proposed_full,Full,True,True,49.36601676371487,34.936673761482226,53.117531984890284,38.779652593264835,49.36601676371487,34.936673761482226,53.117531984890284,38.779652593264835
B006,I027_L1_v16_SOC064,oeac_i,OEAC-i,oeac_i,OEAC-i,OEAC-i,proposed_full,Full,True,True,51.13375762725791,38.33160809155414,54.43400777713969,35.338635021552406,51.13375762725791,38.33160809155414,54.43400777713969,35.338635021552406
B006,I027_L1_v16_SOC064,kinematic_only_optimization,KINO,kinematic_only_optimization,KINO,KINO,proposed_full,Full,True,True,54.42941508734334,41.443006385333945,41.442841486809456,-0.0002816026745111875,54.42941508734334,41.443006385333945,41.442841486809456,-0.0002816026745111875
B006,I028_L2_v8_SOC056,constant_rule_following,RF,constant_rule_following,RF,RF,proposed_full,Full,True,True,50.139018470970385,39.362850049926834,44.2843208881749,8.833188281471623,50.139018470970385,39.362850049926834,44.2843208881749,8.833188281471623
B006,I028_L2_v8_SOC056,hcs_i_nlc,HCS-i NLC,hcs_i_nlc,HCS-i,HCS-i NLC,proposed_full,Full,True,True,42.769058671943384,29.707201693106725,49.57456332328094,39.39948355340032,42.769058671943384,29.707201693106725,49.57456332328094,39.39948355340032
B006,I028_L2_v8_SOC056,oeac_i,OEAC-i,oeac_i,OEAC-i,OEAC-i,proposed_full,Full,True,True,45.5212672813079,34.32063261243038,51.47030865418993,35.33852280154714,45.5212672813079,34.32063261243038,51.47030865418993,35.33852280154714
B006,I028_L2_v8_SOC056,kinematic_only_optimization,KINO,kinematic_only_optimization,KINO,KINO,proposed_full,Full,True,True,48.73061506028256,37.02936818340805,37.02924510202641,-0.0001954580055969983,48.73061506028256,37.02936818340805,37.02924510202641,-0.0001954580055969983
B006,I029_L2_v8_SOC060,constant_rule_following,RF,constant_rule_following,RF,RF,proposed_full,Full,True,True,50.21987176190007,40.18922221988236,45.043622724339336,8.833188694566491,50.21987176190007,40.18922221988236,45.043622724339336,8.833188694566491
B006,I029_L2_v8_SOC060,hcs_i_nlc,HCS-i NLC,hcs_i_nlc,HCS-i,HCS-i NLC,proposed_full,Full,True,True,42.86186290097132,30.665162486398327,50.26176892264516,39.39948408251475,42.86186290097132,30.665162486398327,50.26176892264516,39.39948408251475
B006,I029_L2_v8_SOC060,oeac_i,OEAC-i,oeac_i,OEAC-i,OEAC-i,proposed_full,Full,True,True,45.6096085993267,35.215720877529606,52.13167874488574,35.33852331524752,45.6096085993267,35.215720877529606,52.13167874488574,35.33852331524752
B006,I029_L2_v8_SOC060,kinematic_only_optimization,KINO,kinematic_only_optimization,KINO,KINO,proposed_full,Full,True,True,48.81375218212008,37.8875413940651,37.887420225813855,-0.00019507843933900675,48.81375218212008,37.8875413940651,37.887420225813855,-0.00019507843933900675
B006,I030_L2_v8_SOC064,constant_rule_following,RF,constant_rule_following,RF,RF,proposed_full,Full,True,True,50.320570491247025,39.905280337471694,44.78272612527678,8.83318832231924,50.320570491247025,39.905280337471694,44.78272612527678,8.83318832231924
B006,I030_L2_v8_SOC064,hcs_i_nlc,HCS-i NLC,hcs_i_nlc,HCS-i,HCS-i NLC,proposed_full,Full,True,True,42.97744592590054,30.33600668854822,50.02564463689796,39.39948360572017,42.97744592590054,30.33600668854822,50.02564463689796,39.39948360572017
B006,I030_L2_v8_SOC064,oeac_i,OEAC-i,oeac_i,OEAC-i,OEAC-i,proposed_full,Full,True,True,45.719633291841234,34.90816811116569,51.904431556526696,35.33852285234283,45.719633291841234,34.90816811116569,51.904431556526696,35.33852285234283
B006,I030_L2_v8_SOC064,kinematic_only_optimization,KINO,kinematic_only_optimization,KINO,KINO,proposed_full,Full,True,True,48.917295308619174,37.592672658491054,37.59255070155824,-0.00019542047335504437,48.917295308619174,37.592672658491054,37.59255070155824,-0.00019542047335504437
B006,I031_L2_v9_SOC056,constant_rule_following,RF,constant_rule_following,RF,RF,proposed_full,Full,True,True,50.827832593060805,41.390765514481295,46.091446591744166,8.719731434201274,50.827832593060805,41.390765514481295,46.091446591744166,8.719731434201274
B006,I031_L2_v9_SOC056,hcs_i_nlc,HCS-i NLC,hcs_i_nlc,HCS-i,HCS-i NLC,proposed_full,Full,True,True,44.50437916195784,33.2739348925338,52.08000902712312,39.24473638827209,44.50437916195784,33.2739348925338,52.08000902712312,39.24473638827209
B006,I031_L2_v9_SOC056,oeac_i,OEAC-i,oeac_i,OEAC-i,OEAC-i,proposed_full,Full,True,True,46.184540224871604,36.44634693802529,53.040990324121424,35.33857187499485,46.184540224871604,36.44634693802529,53.040990324121424,35.33857187499485
B006,I031_L2_v9_SOC056,kinematic_only_optimization,KINO,kinematic_only_optimization,KINO,KINO,proposed_full,Full,True,True,50.50155345575834,40.94632104288077,40.94613496744415,-0.0003150944252796151,50.50155345575834,40.94632104288077,40.94613496744415,-0.0003150944252796151
B006,I032_L2_v9_SOC060,constant_rule_following,RF,constant_rule_following,RF,RF,proposed_full,Full,True,True,50.828918430806716,41.308597684212714,46.015869170516254,8.719731917463095,50.828918430806716,41.308597684212714,46.015869170516254,8.719731917463095
B006,I032_L2_v9_SOC060,hcs_i_nlc,HCS-i NLC,hcs_i_nlc,HCS-i,HCS-i NLC,proposed_full,Full,True,True,44.50560463651015,33.180387586544065,52.01282730708015,39.24473700721829,44.50560463651015,33.180387586544065,52.01282730708015,39.24473700721829
B006,I032_L2_v9_SOC060,oeac_i,OEAC-i,oeac_i,OEAC-i,OEAC-i,proposed_full,Full,True,True,46.185728597494155,36.35724722833646,52.97515585759731,35.33857247657806,46.185728597494155,36.35724722833646,52.97515585759731,35.33857247657806
B006,I032_L2_v9_SOC060,kinematic_only_optimization,KINO,kinematic_only_optimization,KINO,KINO,proposed_full,Full,True,True,50.50264649851924,40.86353011902929,40.863344045586125,-0.00031464992427363,50.50264649851924,40.86353011902929,40.863344045586125,-0.00031464992427363
B006,I033_L2_v9_SOC064,constant_rule_following,RF,constant_rule_following,RF,RF,proposed_full,Full,True,True,50.82976929425154,41.29629662424773,46.00455478159991,8.719732077971146,50.82976929425154,41.29629662424773,46.00455478159991,8.719732077971146
B006,I033_L2_v9_SOC064,hcs_i_nlc,HCS-i NLC,hcs_i_nlc,HCS-i,HCS-i NLC,proposed_full,Full,True,True,44.5065649194834,33.166382944863976,52.00276980450484,39.24473721279185,44.5065649194834,33.166382944863976,52.00276980450484,39.24473721279185
B006,I033_L2_v9_SOC064,oeac_i,OEAC-i,oeac_i,OEAC-i,OEAC-i,proposed_full,Full,True,True,46.186659807361515,36.34390842082308,52.96530004687696,35.33857267638475,46.186659807361515,36.34390842082308,52.96530004687696,35.33857267638475
B006,I033_L2_v9_SOC064,kinematic_only_optimization,KINO,kinematic_only_optimization,KINO,KINO,proposed_full,Full,True,True,50.503503007820356,40.85113577789208,40.85094975277453,-0.00031450229003660685,50.503503007820356,40.85113577789208,40.85094975277453,-0.00031450229003660685
B006,I034_L2_v10_SOC056,constant_rule_following,RF,constant_rule_following,RF,RF,proposed_full,Full,True,True,37.330210193085094,29.34608720115486,34.96399487923581,8.638150002677994,37.330210193085094,29.34608720115486,34.96399487923581,8.638150002677994
B006,I034_L2_v10_SOC056,hcs_i_nlc,HCS-i NLC,hcs_i_nlc,HCS-i,HCS-i NLC,proposed_full,Full,True,True,29.65631311827882,20.07820302053384,42.62794945150726,39.304410798274766,29.65631311827882,20.07820302053384,42.62794945150726,39.304410798274766
B006,I034_L2_v10_SOC056,oeac_i,OEAC-i,oeac_i,OEAC-i,OEAC-i,proposed_full,Full,True,True,31.78662272217725,23.878796508917585,43.754990098003184,35.338590256661945,31.78662272217725,23.878796508917585,43.754990098003184,35.338590256661945
B006,I034_L2_v10_SOC056,kinematic_only_optimization,KINO,kinematic_only_optimization,KINO,KINO,proposed_full,Full,True,True,36.10448441576987,27.404367743651516,27.40417175604424,-0.0002699708950478562,36.10448441576987,27.404367743651516,27.40417175604424,-0.0002699708950478562
B006,I035_L2_v10_SOC060,constant_rule_following,RF,constant_rule_following,RF,RF,proposed_full,Full,True,True,39.89131964264734,32.08751154657003,37.48744048095385,8.638150438774767,39.89131964264734,32.08751154657003,37.48744048095385,8.638150438774767
B006,I035_L2_v10_SOC060,hcs_i_nlc,HCS-i NLC,hcs_i_nlc,HCS-i,HCS-i NLC,proposed_full,Full,True,True,32.53102965626129,23.17922816251887,44.854027888356335,39.30441135747247,32.53102965626129,23.17922816251887,44.854027888356335,39.30441135747247
B006,I035_L2_v10_SOC060,oeac_i,OEAC-i,oeac_i,OEAC-i,OEAC-i,proposed_full,Full,True,True,34.57428047036887,26.832355797939243,45.93733851550256,35.33859079994,34.57428047036887,26.832355797939243,45.93733851550256,35.33859079994
B006,I035_L2_v10_SOC060,kinematic_only_optimization,KINO,kinematic_only_optimization,KINO,KINO,proposed_full,Full,True,True,38.71568527110394,30.221132247621252,30.22094414458691,-0.00026956947473991084,38.71568527110394,30.221132247621252,30.22094414458691,-0.00026956947473991084
B006,I036_L2_v10_SOC064,constant_rule_following,RF,constant_rule_following,RF,RF,proposed_full,Full,True,True,51.55162396946776,42.35699639594008,46.94036679978749,8.638149431890637,51.55162396946776,42.35699639594008,46.94036679978749,8.638149431890637
B006,I036_L2_v10_SOC064,hcs_i_nlc,HCS-i NLC,hcs_i_nlc,HCS-i,HCS-i NLC,proposed_full,Full,True,True,45.61913477099923,34.79579192667706,53.1930051300896,39.30441006636616,45.61913477099923,34.79579192667706,53.1930051300896,39.30441006636616
B006,I036_L2_v10_SOC064,oeac_i,OEAC-i,oeac_i,OEAC-i,OEAC-i,proposed_full,Full,True,True,47.266021429931946,37.8965066000766,54.112501387489814,35.338589545589855,47.266021429931946,37.8965066000766,54.112501387489814,35.338589545589855
B006,I036_L2_v10_SOC064,kinematic_only_optimization,KINO,kinematic_only_optimization,KINO,KINO,proposed_full,Full,True,True,50.60404741699092,40.772844333398275,40.77268412570265,-0.00027049629594563866,50.60404741699092,40.772844333398275,40.77268412570265,-0.00027049629594563866
B006,I037_L2_v11_SOC056,constant_rule_following,RF,constant_rule_following,RF,RF,proposed_full,Full,True,True,40.10633726800527,32.29632973233646,37.63810822658893,8.565773651738418,40.10633726800527,32.29632973233646,37.63810822658893,8.565773651738418
B006,I037_L2_v11_SOC056,hcs_i_nlc,HCS-i NLC,hcs_i_nlc,HCS-i,HCS-i NLC,proposed_full,Full,True,True,34.28584005454516,25.24998354765281,46.37886066888196,39.40400630198355,34.28584005454516,25.24998354765281,46.37886066888196,39.40400630198355
B006,I037_L2_v11_SOC056,oeac_i,OEAC-i,oeac_i,OEAC-i,OEAC-i,proposed_full,Full,True,True,34.81729039379548,27.18086141829324,46.19485525502566,35.33861664503452,34.81729039379548,27.18086141829324,46.19485525502566,35.33861664503452
B006,I037_L2_v11_SOC056,kinematic_only_optimization,KINO,kinematic_only_optimization,KINO,KINO,proposed_full,Full,True,True,39.21440205045423,30.856234781578806,30.856046503768972,-0.0002722982998913452,39.21440205045423,30.856234781578806,30.856046503768972,-0.0002722982998913452
B006,I038_L2_v11_SOC060,constant_rule_following,RF,constant_rule_following,RF,RF,proposed_full,Full,True,True,52.20865023865369,40.15717455786315,44.878762427489505,8.565823405933562,52.20865023865369,40.15717455786315,44.878762427489505,8.565823405933562
B006,I038_L2_v11_SOC060,hcs_i_nlc,HCS-i NLC,hcs_i_nlc,HCS-i,HCS-i NLC,proposed_full,Full,True,True,47.564262077620114,33.92895586502385,52.60465204104928,39.40407018891495,47.564262077620114,33.92895586502385,52.60465204104928,39.40407018891495
B006,I038_L2_v11_SOC060,oeac_i,OEAC-i,oeac_i,OEAC-i,OEAC-i,proposed_full,Full,True,True,47.98832579129797,35.63564601795059,52.44201094977748,35.33867866885397,47.98832579129797,35.63564601795059,52.44201094977748,35.33867866885397
B006,I038_L2_v11_SOC060,kinematic_only_optimization,KINO,kinematic_only_optimization,KINO,KINO,proposed_full,Full,True,True,51.49694242179858,38.88428417514703,38.884145766190926,-0.00022646980533670843,51.49694242179858,38.88428417514703,38.884145766190926,-0.00022646980533670843
B006,I039_L2_v11_SOC064,constant_rule_following,RF,constant_rule_following,RF,RF,proposed_full,Full,True,True,52.46671526836854,43.48498487400391,47.94398440162592,8.565771844745798,52.46671526836854,43.48498487400391,47.94398440162592,8.565771844745798
B006,I039_L2_v11_SOC064,hcs_i_nlc,HCS-i NLC,hcs_i_nlc,HCS-i,HCS-i NLC,proposed_full,Full,True,True,47.847406000791,37.60311230142345,55.24024711172433,39.404003981712606,47.847406000791,37.60311230142345,55.24024711172433,39.404003981712606
B006,I039_L2_v11_SOC064,oeac_i,OEAC-i,oeac_i,OEAC-i,OEAC-i,proposed_full,Full,True,True,48.26917984369897,39.214894818298525,55.08665028485621,35.33861439242881,48.26917984369897,39.214894818298525,55.08665028485621,35.33861439242881
B006,I039_L2_v11_SOC064,kinematic_only_optimization,KINO,kinematic_only_optimization,KINO,KINO,proposed_full,Full,True,True,51.75885055073164,42.28287887881665,42.28272075499006,-0.00027396271735739694,51.75885055073164,42.28287887881665,42.28272075499006,-0.00027396271735739694
B006,I040_L2_v12_SOC056,constant_rule_following,RF,constant_rule_following,RF,RF,proposed_full,Full,True,True,40.23895002518284,32.35749446110552,37.67108976668917,8.525089377776217,40.23895002518284,32.35749446110552,37.67108976668917,8.525089377776217
B006,I040_L2_v12_SOC056,hcs_i_nlc,HCS-i NLC,hcs_i_nlc,HCS-i,HCS-i NLC,proposed_full,Full,True,True,33.699874184668886,24.582188590249196,45.666565505256216,38.80552943334867,33.699874184668886,24.582188590249196,45.666565505256216,38.80552943334867
B006,I040_L2_v12_SOC056,oeac_i,OEAC-i,oeac_i,OEAC-i,OEAC-i,proposed_full,Full,True,True,35.42193146933188,27.85531737504886,46.693212381494774,35.338642315610905,35.42193146933188,27.85531737504886,46.693212381494774,35.338642315610905
B006,I040_L2_v12_SOC056,kinematic_only_optimization,KINO,kinematic_only_optimization,KINO,KINO,proposed_full,Full,True,True,39.777385717740856,31.495487969476297,31.495300964443416,-0.00027298132174372454,39.777385717740856,31.495487969476297,31.495300964443416,-0.00027298132174372454
B006,I041_L2_v12_SOC060,constant_rule_following,RF,constant_rule_following,RF,RF,proposed_full,Full,True,True,54.38236109461882,42.1691130001341,46.71196170043227,8.52508151033781,54.38236109461882,42.1691130001341,46.71196170043227,8.52508151033781
B006,I041_L2_v12_SOC060,hcs_i_nlc,HCS-i NLC,hcs_i_nlc,HCS-i,HCS-i NLC,proposed_full,Full,True,True,49.39086244134604,35.521623649694,53.54768553685387,38.8055193707543,49.39086244134604,35.521623649694,53.54768553685387,38.8055193707543
B006,I041_L2_v12_SOC060,oeac_i,OEAC-i,oeac_i,OEAC-i,OEAC-i,proposed_full,Full,True,True,50.70536724705545,38.31998156653547,54.42541623768512,35.3386325043457,50.70536724705545,38.31998156653547,54.42541623768512,35.3386325043457
B006,I041_L2_v12_SOC060,kinematic_only_optimization,KINO,kinematic_only_optimization,KINO,KINO,proposed_full,Full,True,True,54.030033384222605,41.43214148180534,41.43197735621325,-0.0002802307209160363,54.030033384222605,41.43214148180534,41.43197735621325,-0.0002802307209160363
B006,I042_L2_v12_SOC064,constant_rule_following,RF,constant_rule_following,RF,RF,proposed_full,Full,True,True,40.99986050176183,33.23476335714102,38.479444725050406,8.525087825475076,40.99986050176183,33.23476335714102,38.479444725050406,8.525087825475076
B006,I042_L2_v12_SOC064,hcs_i_nlc,HCS-i NLC,hcs_i_nlc,HCS-i,HCS-i NLC,proposed_full,Full,True,True,34.54404376255698,25.560296950218248,46.37122568645009,38.80552744792775,34.54404376255698,25.560296950218248,46.37122568645009,38.80552744792775
B006,I042_L2_v12_SOC064,oeac_i,OEAC-i,oeac_i,OEAC-i,OEAC-i,proposed_full,Full,True,True,36.244174869053396,28.790975887059925,47.38455779286856,35.338640379779015,36.244174869053396,28.790975887059925,47.38455779286856,35.338640379779015
B006,I042_L2_v12_SOC064,kinematic_only_optimization,KINO,kinematic_only_optimization,KINO,KINO,proposed_full,Full,True,True,40.54417308432254,32.383936396448185,32.38375084956336,-0.0002744116793804348,40.54417308432254,32.383936396448185,32.38375084956336,-0.0002744116793804348
B006,I043_L2_v13_SOC056,constant_rule_following,RF,constant_rule_following,RF,RF,proposed_full,Full,True,True,53.49840933487061,46.394535598669606,50.59107438099964,8.493483170814478,53.49840933487061,46.394535598669606,50.59107438099964,8.493483170814478
B006,I043_L2_v13_SOC056,hcs_i_nlc,HCS-i NLC,hcs_i_nlc,HCS-i,HCS-i NLC,proposed_full,Full,True,True,48.63967854921253,40.58645134294577,57.18974849871537,38.783460908355956,48.63967854921253,40.58645134294577,57.18974849871537,38.783460908355956
B006,I043_L2_v13_SOC056,oeac_i,OEAC-i,oeac_i,OEAC-i,OEAC-i,proposed_full,Full,True,True,49.974262832300425,43.16575436549778,58.00590026751628,35.3386451824307,49.974262832300425,43.16575436549778,58.00590026751628,35.3386451824307
B006,I043_L2_v13_SOC056,kinematic_only_optimization,KINO,kinematic_only_optimization,KINO,KINO,proposed_full,Full,True,True,53.34770801553468,46.03269330317569,46.032539865953886,-0.00028431432835734514,53.34770801553468,46.03269330317569,46.032539865953886,-0.00028431432835734514
B006,I044_L2_v13_SOC060,constant_rule_following,RF,constant_rule_following,RF,RF,proposed_full,Full,True,True,41.179374493111595,32.63742433890875,37.910947278259805,8.493482680409057,41.179374493111595,32.63742433890875,37.910947278259805,8.493482680409057
B006,I044_L2_v13_SOC060,hcs_i_nlc,HCS-i NLC,hcs_i_nlc,HCS-i,HCS-i NLC,proposed_full,Full,True,True,35.03348615049423,25.338774481255815,46.203081139816206,38.78346028103568,35.03348615049423,25.338774481255815,46.203081139816206,38.78346028103568
B006,I044_L2_v13_SOC060,oeac_i,OEAC-i,oeac_i,OEAC-i,OEAC-i,proposed_full,Full,True,True,36.72162372170549,28.58002044283784,47.228687132400964,35.33864457068147,36.72162372170549,28.58002044283784,47.228687132400964,35.33864457068147
B006,I044_L2_v13_SOC060,kinematic_only_optimization,KINO,kinematic_only_optimization,KINO,KINO,proposed_full,Full,True,True,40.9887499200322,32.18272015380731,32.182527032471135,-0.0002847663407839908,40.9887499200322,32.18272015380731,32.182527032471135,-0.0002847663407839908
B006,I045_L2_v13_SOC064,constant_rule_following,RF,constant_rule_following,RF,RF,proposed_full,Full,True,True,53.505131255181155,46.40886576619929,50.60428456012944,8.493487252021387,53.505131255181155,46.40886576619929,50.60428456012944,8.493487252021387
B006,I045_L2_v13_SOC064,hcs_i_nlc,HCS-i NLC,hcs_i_nlc,HCS-i,HCS-i NLC,proposed_full,Full,True,True,48.64710281111364,40.602334165999295,57.201194428450506,38.78346612898306,48.64710281111364,40.602334165999295,57.201194428450506,38.78346612898306
B006,I045_L2_v13_SOC064,oeac_i,OEAC-i,oeac_i,OEAC-i,OEAC-i,proposed_full,Full,True,True,49.98149417673204,43.18094767219628,58.017127987465884,35.33865027347394,49.98149417673204,43.18094767219628,58.017127987465884,35.33865027347394
B006,I045_L2_v13_SOC064,kinematic_only_optimization,KINO,kinematic_only_optimization,KINO,KINO,proposed_full,Full,True,True,53.35445172009485,46.04712020078265,46.046968834133615,-0.0002805526320911313,53.35445172009485,46.04712020078265,46.046968834133615,-0.0002805526320911313
B006,I046_L2_v14_SOC056,constant_rule_following,RF,constant_rule_following,RF,RF,proposed_full,Full,True,True,53.49840933487061,46.394535598669606,50.59107438099964,8.493483170814478,53.49840933487061,46.394535598669606,50.59107438099964,8.493483170814478
B006,I046_L2_v14_SOC056,hcs_i_nlc,HCS-i NLC,hcs_i_nlc,HCS-i,HCS-i NLC,proposed_full,Full,True,True,48.63967854921253,40.58645134294577,57.18974849871537,38.783460908355956,48.63967854921253,40.58645134294577,57.18974849871537,38.783460908355956
B006,I046_L2_v14_SOC056,oeac_i,OEAC-i,oeac_i,OEAC-i,OEAC-i,proposed_full,Full,True,True,49.974262832300425,43.16575436549778,58.00590026751628,35.3386451824307,49.974262832300425,43.16575436549778,58.00590026751628,35.3386451824307
B006,I046_L2_v14_SOC056,kinematic_only_optimization,KINO,kinematic_only_optimization,KINO,KINO,proposed_full,Full,True,True,53.34770801553468,46.03269330317569,46.032539865953886,-0.00028431432835734514,53.34770801553468,46.03269330317569,46.032539865953886,-0.00028431432835734514
B006,I047_L2_v14_SOC060,constant_rule_following,RF,constant_rule_following,RF,RF,proposed_full,Full,True,True,41.179374493111595,32.63742433890875,37.910947278259805,8.493482680409057,41.179374493111595,32.63742433890875,37.910947278259805,8.493482680409057
B006,I047_L2_v14_SOC060,hcs_i_nlc,HCS-i NLC,hcs_i_nlc,HCS-i,HCS-i NLC,proposed_full,Full,True,True,35.03348615049423,25.338774481255815,46.203081139816206,38.78346028103568,35.03348615049423,25.338774481255815,46.203081139816206,38.78346028103568
B006,I047_L2_v14_SOC060,oeac_i,OEAC-i,oeac_i,OEAC-i,OEAC-i,proposed_full,Full,True,True,36.72162372170549,28.58002044283784,47.228687132400964,35.33864457068147,36.72162372170549,28.58002044283784,47.228687132400964,35.33864457068147
B006,I047_L2_v14_SOC060,kinematic_only_optimization,KINO,kinematic_only_optimization,KINO,KINO,proposed_full,Full,True,True,40.9887499200322,32.18272015380731,32.182527032471135,-0.0002847663407839908,40.9887499200322,32.18272015380731,32.182527032471135,-0.0002847663407839908
B006,I048_L2_v14_SOC064,constant_rule_following,RF,constant_rule_following,RF,RF,proposed_full,Full,True,True,53.505131255181155,46.40886576619929,50.60428456012944,8.493487252021387,53.505131255181155,46.40886576619929,50.60428456012944,8.493487252021387
B006,I048_L2_v14_SOC064,hcs_i_nlc,HCS-i NLC,hcs_i_nlc,HCS-i,HCS-i NLC,proposed_full,Full,True,True,48.64710281111364,40.602334165999295,57.201194428450506,38.78346612898306,48.64710281111364,40.602334165999295,57.201194428450506,38.78346612898306
B006,I048_L2_v14_SOC064,oeac_i,OEAC-i,oeac_i,OEAC-i,OEAC-i,proposed_full,Full,True,True,49.98149417673204,43.18094767219628,58.017127987465884,35.33865027347394,49.98149417673204,43.18094767219628,58.017127987465884,35.33865027347394
B006,I048_L2_v14_SOC064,kinematic_only_optimization,KINO,kinematic_only_optimization,KINO,KINO,proposed_full,Full,True,True,53.35445172009485,46.04712020078265,46.046968834133615,-0.0002805526320911313,53.35445172009485,46.04712020078265,46.046968834133615,-0.0002805526320911313
B006,I049_L2_v15_SOC056,constant_rule_following,RF,constant_rule_following,RF,RF,proposed_full,Full,True,True,53.49840933487061,46.394535598669606,50.59107438099964,8.493483170814478,53.49840933487061,46.394535598669606,50.59107438099964,8.493483170814478
B006,I049_L2_v15_SOC056,hcs_i_nlc,HCS-i NLC,hcs_i_nlc,HCS-i,HCS-i NLC,proposed_full,Full,True,True,48.63967854921253,40.58645134294577,57.18974849871537,38.783460908355956,48.63967854921253,40.58645134294577,57.18974849871537,38.783460908355956
B006,I049_L2_v15_SOC056,oeac_i,OEAC-i,oeac_i,OEAC-i,OEAC-i,proposed_full,Full,True,True,49.974262832300425,43.16575436549778,58.00590026751628,35.3386451824307,49.974262832300425,43.16575436549778,58.00590026751628,35.3386451824307
B006,I049_L2_v15_SOC056,kinematic_only_optimization,KINO,kinematic_only_optimization,KINO,KINO,proposed_full,Full,True,True,53.34770801553468,46.03269330317569,46.032539865953886,-0.00028431432835734514,53.34770801553468,46.03269330317569,46.032539865953886,-0.00028431432835734514
B006,I050_L2_v15_SOC060,constant_rule_following,RF,constant_rule_following,RF,RF,proposed_full,Full,True,True,41.179374493111595,32.63742433890875,37.910947278259805,8.493482680409057,41.179374493111595,32.63742433890875,37.910947278259805,8.493482680409057
B006,I050_L2_v15_SOC060,hcs_i_nlc,HCS-i NLC,hcs_i_nlc,HCS-i,HCS-i NLC,proposed_full,Full,True,True,35.03348615049423,25.338774481255815,46.203081139816206,38.78346028103568,35.03348615049423,25.338774481255815,46.203081139816206,38.78346028103568
B006,I050_L2_v15_SOC060,oeac_i,OEAC-i,oeac_i,OEAC-i,OEAC-i,proposed_full,Full,True,True,36.72162372170549,28.58002044283784,47.228687132400964,35.33864457068147,36.72162372170549,28.58002044283784,47.228687132400964,35.33864457068147
B006,I050_L2_v15_SOC060,kinematic_only_optimization,KINO,kinematic_only_optimization,KINO,KINO,proposed_full,Full,True,True,40.9887499200322,32.18272015380731,32.182527032471135,-0.0002847663407839908,40.9887499200322,32.18272015380731,32.182527032471135,-0.0002847663407839908
B006,I051_L2_v15_SOC064,constant_rule_following,RF,constant_rule_following,RF,RF,proposed_full,Full,True,True,53.505131255181155,46.40886576619929,50.60428456012944,8.493487252021387,53.505131255181155,46.40886576619929,50.60428456012944,8.493487252021387
B006,I051_L2_v15_SOC064,hcs_i_nlc,HCS-i NLC,hcs_i_nlc,HCS-i,HCS-i NLC,proposed_full,Full,True,True,48.64710281111364,40.602334165999295,57.201194428450506,38.78346612898306,48.64710281111364,40.602334165999295,57.201194428450506,38.78346612898306
B006,I051_L2_v15_SOC064,oeac_i,OEAC-i,oeac_i,OEAC-i,OEAC-i,proposed_full,Full,True,True,49.98149417673204,43.18094767219628,58.017127987465884,35.33865027347394,49.98149417673204,43.18094767219628,58.017127987465884,35.33865027347394
B006,I051_L2_v15_SOC064,kinematic_only_optimization,KINO,kinematic_only_optimization,KINO,KINO,proposed_full,Full,True,True,53.35445172009485,46.04712020078265,46.046968834133615,-0.0002805526320911313,53.35445172009485,46.04712020078265,46.046968834133615,-0.0002805526320911313
B006,I052_L2_v16_SOC056,constant_rule_following,RF,constant_rule_following,RF,RF,proposed_full,Full,True,True,53.49840933487061,46.394535598669606,50.59107438099964,8.493483170814478,53.49840933487061,46.394535598669606,50.59107438099964,8.493483170814478
B006,I052_L2_v16_SOC056,hcs_i_nlc,HCS-i NLC,hcs_i_nlc,HCS-i,HCS-i NLC,proposed_full,Full,True,True,48.63967854921253,40.58645134294577,57.18974849871537,38.783460908355956,48.63967854921253,40.58645134294577,57.18974849871537,38.783460908355956
B006,I052_L2_v16_SOC056,oeac_i,OEAC-i,oeac_i,OEAC-i,OEAC-i,proposed_full,Full,True,True,49.974262832300425,43.16575436549778,58.00590026751628,35.3386451824307,49.974262832300425,43.16575436549778,58.00590026751628,35.3386451824307
B006,I052_L2_v16_SOC056,kinematic_only_optimization,KINO,kinematic_only_optimization,KINO,KINO,proposed_full,Full,True,True,53.34770801553468,46.03269330317569,46.032539865953886,-0.00028431432835734514,53.34770801553468,46.03269330317569,46.032539865953886,-0.00028431432835734514
B006,I053_L2_v16_SOC060,constant_rule_following,RF,constant_rule_following,RF,RF,proposed_full,Full,True,True,41.179374493111595,32.63742433890875,37.910947278259805,8.493482680409057,41.179374493111595,32.63742433890875,37.910947278259805,8.493482680409057
B006,I053_L2_v16_SOC060,hcs_i_nlc,HCS-i NLC,hcs_i_nlc,HCS-i,HCS-i NLC,proposed_full,Full,True,True,35.03348615049423,25.338774481255815,46.203081139816206,38.78346028103568,35.03348615049423,25.338774481255815,46.203081139816206,38.78346028103568
B006,I053_L2_v16_SOC060,oeac_i,OEAC-i,oeac_i,OEAC-i,OEAC-i,proposed_full,Full,True,True,36.72162372170549,28.58002044283784,47.228687132400964,35.33864457068147,36.72162372170549,28.58002044283784,47.228687132400964,35.33864457068147
B006,I053_L2_v16_SOC060,kinematic_only_optimization,KINO,kinematic_only_optimization,KINO,KINO,proposed_full,Full,True,True,40.9887499200322,32.18272015380731,32.182527032471135,-0.0002847663407839908,40.9887499200322,32.18272015380731,32.182527032471135,-0.0002847663407839908
B006,I054_L2_v16_SOC064,constant_rule_following,RF,constant_rule_following,RF,RF,proposed_full,Full,True,True,53.505131255181155,46.40886576619929,50.60428456012944,8.493487252021387,53.505131255181155,46.40886576619929,50.60428456012944,8.493487252021387
B006,I054_L2_v16_SOC064,hcs_i_nlc,HCS-i NLC,hcs_i_nlc,HCS-i,HCS-i NLC,proposed_full,Full,True,True,48.64710281111364,40.602334165999295,57.201194428450506,38.78346612898306,48.64710281111364,40.602334165999295,57.201194428450506,38.78346612898306
B006,I054_L2_v16_SOC064,oeac_i,OEAC-i,oeac_i,OEAC-i,OEAC-i,proposed_full,Full,True,True,49.98149417673204,43.18094767219628,58.017127987465884,35.33865027347394,49.98149417673204,43.18094767219628,58.017127987465884,35.33865027347394
B006,I054_L2_v16_SOC064,kinematic_only_optimization,KINO,kinematic_only_optimization,KINO,KINO,proposed_full,Full,True,True,53.35445172009485,46.04712020078265,46.046968834133615,-0.0002805526320911313,53.35445172009485,46.04712020078265,46.046968834133615,-0.0002805526320911313
B006,I055_L3_v8_SOC056,constant_rule_following,RF,constant_rule_following,RF,RF,proposed_full,Full,True,True,51.65289937966796,41.88883094654763,41.885769384265885,-0.005268180012562229,51.65289937966796,41.88883094654763,41.885769384265885,-0.005268180012562229
B006,I055_L3_v8_SOC056,hcs_i_nlc,HCS-i NLC,hcs_i_nlc,HCS-i,HCS-i NLC,proposed_full,Full,True,True,43.03210540127243,30.142175804324964,49.8487509839736,39.29428591768706,43.03210540127243,30.142175804324964,49.8487509839736,39.29428591768706
B006,I055_L3_v8_SOC056,oeac_i,OEAC-i,oeac_i,OEAC-i,OEAC-i,proposed_full,Full,True,True,45.771664219172315,34.72705866378852,51.77061242527191,35.3385241209534,45.771664219172315,34.72705866378852,51.77061242527191,35.3385241209534
B006,I055_L3_v8_SOC056,kinematic_only_optimization,KINO,kinematic_only_optimization,KINO,KINO,proposed_full,Full,True,True,48.96626108863984,37.419032491374395,37.418910781723234,-0.00019448311412134577,48.96626108863984,37.419032491374395,37.418910781723234,-0.00019448311412134577
B006,I056_L3_v8_SOC060,constant_rule_following,RF,constant_rule_following,RF,RF,proposed_full,Full,True,True,51.56957453005752,42.16993236625558,42.16688537206041,-0.005268597783079536,51.56957453005752,42.16993236625558,42.16688537206041,-0.005268597783079536
B006,I056_L3_v8_SOC060,hcs_i_nlc,HCS-i NLC,hcs_i_nlc,HCS-i,HCS-i NLC,proposed_full,Full,True,True,42.933922859007104,30.480099371841735,50.09134763813033,39.29428533572595,42.933922859007104,30.480099371841735,50.09134763813033,39.29428533572595
B006,I056_L3_v8_SOC060,oeac_i,OEAC-i,oeac_i,OEAC-i,OEAC-i,proposed_full,Full,True,True,45.67820322842862,35.04280375680575,52.00391245841602,35.33852355551916,45.67820322842862,35.04280375680575,52.00391245841602,35.33852355551916
B006,I056_L3_v8_SOC060,kinematic_only_optimization,KINO,kinematic_only_optimization,KINO,KINO,proposed_full,Full,True,True,48.878305894527145,37.72175568727483,37.721634306175964,-0.0001949009058361787,48.878305894527145,37.72175568727483,37.721634306175964,-0.0001949009058361787
B006,I057_L3_v8_SOC064,constant_rule_following,RF,constant_rule_following,RF,RF,proposed_full,Full,True,True,39.818732661249875,31.303142915284948,31.299522414881178,-0.0052699785082251024,39.818732661249875,31.303142915284948,31.299522414881178,-0.0052699785082251024
B006,I057_L3_v8_SOC064,hcs_i_nlc,HCS-i NLC,hcs_i_nlc,HCS-i,HCS-i NLC,proposed_full,Full,True,True,29.087782915983734,17.41668523988628,40.713062491127495,39.29428341235339,29.087782915983734,17.41668523988628,40.713062491127495,39.29428341235339
B006,I057_L3_v8_SOC064,oeac_i,OEAC-i,oeac_i,OEAC-i,OEAC-i,proposed_full,Full,True,True,32.497917536154276,22.83676278568494,42.985015461522174,35.33852168676768,32.497917536154276,22.83676278568494,42.985015461522174,35.33852168676768
B006,I057_L3_v8_SOC064,kinematic_only_optimization,KINO,kinematic_only_optimization,KINO,KINO,proposed_full,Full,True,True,36.474472195568694,26.01911386073139,26.01896864950462,-0.00019628170103924532,36.474472195568694,26.01911386073139,26.01896864950462,-0.00019628170103924532
B006,I058_L3_v9_SOC056,constant_rule_following,RF,constant_rule_following,RF,RF,proposed_full,Full,True,True,52.26568558979095,43.932173300612426,43.974620680250986,0.0757645555531257,52.26568558979095,43.932173300612426,43.974620680250986,0.0757645555531257
B006,I058_L3_v9_SOC056,hcs_i_nlc,HCS-i NLC,hcs_i_nlc,HCS-i,HCS-i NLC,proposed_full,Full,True,True,44.458601599621105,33.37982876532956,52.15504692564227,39.24179449216599,44.458601599621105,33.37982876532956,52.15504692564227,39.24179449216599
B006,I058_L3_v9_SOC056,oeac_i,OEAC-i,oeac_i,OEAC-i,OEAC-i,proposed_full,Full,True,True,46.14014860392325,36.547206211567236,53.11551403843335,35.338571996817734,46.14014860392325,36.547206211567236,53.11551403843335,35.338571996817734
B006,I058_L3_v9_SOC056,kinematic_only_optimization,KINO,kinematic_only_optimization,KINO,KINO,proposed_full,Full,True,True,50.460722878714016,41.04003888399032,41.03985315692638,-0.00031500441211956994,50.460722878714016,41.04003888399032,41.03985315692638,-0.00031500441211956994
B006,I059_L3_v9_SOC060,constant_rule_following,RF,constant_rule_following,RF,RF,proposed_full,Full,True,True,52.38911832169345,43.53151410080859,43.574264723630485,0.07576440539498695,52.38911832169345,43.53151410080859,43.574264723630485,0.07576440539498695
B006,I059_L3_v9_SOC060,hcs_i_nlc,HCS-i NLC,hcs_i_nlc,HCS-i,HCS-i NLC,proposed_full,Full,True,True,44.60222210874437,32.90376279186516,51.8131480899695,39.2417942832414,44.60222210874437,32.90376279186516,51.8131480899695,39.2417942832414
B006,I059_L3_v9_SOC060,oeac_i,OEAC-i,oeac_i,OEAC-i,OEAC-i,proposed_full,Full,True,True,46.27942092153842,36.09377423317259,52.78047867667924,35.33857179374971,46.27942092153842,36.09377423317259,52.78047867667924,35.33857179374971
B006,I059_L3_v9_SOC060,kinematic_only_optimization,KINO,kinematic_only_optimization,KINO,KINO,proposed_full,Full,True,True,50.58882293392813,40.61871256849282,40.6185254251296,-0.0003151544561051417,50.58882293392813,40.61871256849282,40.6185254251296,-0.0003151544561051417
B006,I060_L3_v9_SOC064,constant_rule_following,RF,constant_rule_following,RF,RF,proposed_full,Full,True,True,38.4232463811506,32.05685737112703,32.10829507522995,0.07576434287504658,38.4232463811506,32.05685737112703,32.10829507522995,0.07576434287504658
B006,I060_L3_v9_SOC064,hcs_i_nlc,HCS-i NLC,hcs_i_nlc,HCS-i,HCS-i NLC,proposed_full,Full,True,True,28.352191768045355,19.269497988110974,42.02135754003287,39.241794196253416,28.352191768045355,19.269497988110974,42.02135754003287,39.241794196253416
B006,I060_L3_v9_SOC064,oeac_i,OEAC-i,oeac_i,OEAC-i,OEAC-i,proposed_full,Full,True,True,30.521369368306065,23.107734464495604,43.18525416337215,35.338571709200174,30.521369368306065,23.107734464495604,43.18525416337215,35.338571709200174
B006,I060_L3_v9_SOC064,kinematic_only_optimization,KINO,kinematic_only_optimization,KINO,KINO,proposed_full,Full,True,True,36.09486384283505,28.552161135548232,28.551935919155152,-0.00031521692851663467,36.09486384283505,28.552161135548232,28.551935919155152,-0.00031521692851663467
B006,I061_L3_v10_SOC056,constant_rule_following,RF,constant_rule_following,RF,RF,proposed_full,Full,True,True,53.110416489930124,44.58040511360598,44.58889640583713,0.01532417093394088,53.110416489930124,44.58040511360598,44.58889640583713,0.01532417093394088
B006,I061_L3_v10_SOC056,hcs_i_nlc,HCS-i NLC,hcs_i_nlc,HCS-i,HCS-i NLC,proposed_full,Full,False,True,,,,,54.05333778092807,46.25766684355383,54.77637090955289,
B006,I061_L3_v10_SOC056,oeac_i,OEAC-i,oeac_i,OEAC-i,OEAC-i,proposed_full,Full,True,True,47.361634682760865,37.65160695893813,53.93154810681799,35.33858959625523,47.361634682760865,37.65160695893813,53.93154810681799,35.33858959625523
B006,I061_L3_v10_SOC056,kinematic_only_optimization,KINO,kinematic_only_optimization,KINO,KINO,proposed_full,Full,True,True,50.6936084141148,40.539287276068215,40.539126458867486,-0.0002704588600131209,50.6936084141148,40.539287276068215,40.539126458867486,-0.0002704588600131209
B006,I062_L3_v10_SOC060,constant_rule_following,RF,constant_rule_following,RF,RF,proposed_full,Full,True,True,39.40925592391396,32.92285799759928,32.93313542592348,0.015324152082347848,39.40925592391396,32.92285799759928,32.93313542592348,0.015324152082347848
B006,I062_L3_v10_SOC060,hcs_i_nlc,HCS-i NLC,hcs_i_nlc,HCS-i,HCS-i NLC,proposed_full,Full,False,True,,,,,40.62769930408345,34.952932801746314,45.26355168864046,
B006,I062_L3_v10_SOC060,oeac_i,OEAC-i,oeac_i,OEAC-i,OEAC-i,proposed_full,Full,True,True,31.980677097816105,24.53658273378043,44.241019870557686,35.33858957074567,31.980677097816105,24.53658273378043,44.241019870557686,35.33858957074567
B006,I062_L3_v10_SOC060,kinematic_only_optimization,KINO,kinematic_only_optimization,KINO,KINO,proposed_full,Full,True,True,36.286255277698025,28.031688446601635,28.031493787835068,-0.00027047770866676685,36.286255277698025,28.031688446601635,28.031493787835068,-0.00027047770866676685
B006,I063_L3_v10_SOC064,constant_rule_following,RF,constant_rule_following,RF,RF,proposed_full,Full,True,True,38.47951110894159,31.74598385831173,31.756441758413168,0.01532437693887051,38.47951110894159,31.74598385831173,31.756441758413168,0.01532437693887051
B006,I063_L3_v10_SOC064,hcs_i_nlc,HCS-i NLC,hcs_i_nlc,HCS-i,HCS-i NLC,proposed_full,Full,False,True,,,,,39.7166510975176,33.81167649688788,44.303196190899214,
B006,I063_L3_v10_SOC064,oeac_i,OEAC-i,oeac_i,OEAC-i,OEAC-i,proposed_full,Full,True,True,30.93694321155085,23.21257068449394,43.26272396777727,35.33858987501669,30.93694321155085,23.21257068449394,43.26272396777727,35.33858987501669
B006,I063_L3_v10_SOC064,kinematic_only_optimization,KINO,kinematic_only_optimization,KINO,KINO,proposed_full,Full,True,True,35.30858905653978,26.768998323156115,26.768800413724897,-0.0002702528872042742,35.30858905653978,26.768998323156115,26.768800413724897,-0.0002702528872042742
B006,I064_L3_v11_SOC056,constant_rule_following,RF,constant_rule_following,RF,RF,proposed_full,Full,True,True,44.54387384253939,37.718059668213854,37.69408071063563,-0.03848584187780792,44.54387384253939,37.718059668213854,37.69408071063563,-0.03848584187780792
B006,I064_L3_v11_SOC056,hcs_i_nlc,HCS-i NLC,hcs_i_nlc,HCS-i,HCS-i NLC,proposed_full,Full,False,True,,,,,46.10352978293558,40.171678040289976,49.65507933681457,
B006,I064_L3_v11_SOC056,oeac_i,OEAC-i,oeac_i,OEAC-i,OEAC-i,proposed_full,Full,True,True,37.978638910809615,30.287135606681563,48.49004114007882,35.338614000642444,37.978638910809615,30.287135606681563,48.49004114007882,35.338614000642444
B006,I064_L3_v11_SOC056,kinematic_only_optimization,KINO,kinematic_only_optimization,KINO,KINO,proposed_full,Full,True,True,42.16249152225677,33.80572714538878,33.805545605639615,-0.0002742522025866853,42.16249152225677,33.80572714538878,33.805545605639615,-0.0002742522025866853
B006,I065_L3_v11_SOC060,constant_rule_following,RF,constant_rule_following,RF,RF,proposed_full,Full,True,True,44.94303390400311,37.96086347212036,37.93697849175918,-0.03848504275290698,44.94303390400311,37.96086347212036,37.93697849175918,-0.03848504275290698
B006,I065_L3_v11_SOC060,hcs_i_nlc,HCS-i NLC,hcs_i_nlc,HCS-i,HCS-i NLC,proposed_full,Full,False,True,,,,,46.49146381034018,40.404916505176836,49.851347519025886,
B006,I065_L3_v11_SOC060,oeac_i,OEAC-i,oeac_i,OEAC-i,OEAC-i,proposed_full,Full,True,True,38.42505397835566,30.558908588797177,48.690851189196835,35.3386150825834,38.42505397835566,30.558908588797177,48.690851189196835,35.3386150825834
B006,I065_L3_v11_SOC060,kinematic_only_optimization,KINO,kinematic_only_optimization,KINO,KINO,proposed_full,Full,True,True,42.57879220963861,34.063783030614985,34.063602725708755,-0.000273452772209849,42.57879220963861,34.063783030614985,34.063602725708755,-0.000273452772209849
B006,I066_L3_v11_SOC064,constant_rule_following,RF,constant_rule_following,RF,RF,proposed_full,Full,True,True,42.138031333615345,35.08322523425358,35.05823242174329,-0.03848495882128392,42.138031333615345,35.08322523425358,35.05823242174329,-0.03848495882128392
B006,I066_L3_v11_SOC064,hcs_i_nlc,HCS-i NLC,hcs_i_nlc,HCS-i,HCS-i NLC,proposed_full,Full,False,True,,,,,43.76534952921571,37.64064381133463,47.525240398588195,
B006,I066_L3_v11_SOC064,oeac_i,OEAC-i,oeac_i,OEAC-i,OEAC-i,proposed_full,Full,True,True,35.28797807117525,27.33793629440878,46.310915328752984,35.33861519621903,35.28797807117525,27.33793629440878,46.310915328752984,35.33861519621903
B006,I066_L3_v11_SOC064,kinematic_only_optimization,KINO,kinematic_only_optimization,KINO,KINO,proposed_full,Full,True,True,39.65333795983669,31.00538167575223,31.005193065470603,-0.00027336880850283805,39.65333795983669,31.00538167575223,31.005193065470603,-0.00027336880850283805
B006,I067_L3_v12_SOC056,constant_rule_following,RF,constant_rule_following,RF,RF,proposed_full,Full,True,True,56.12415226205142,44.95820520615263,44.999611264866374,0.07528321102083345,56.12415226205142,44.95820520615263,44.999611264866374,0.07528321102083345
B006,I067_L3_v12_SOC056,hcs_i_nlc,HCS-i NLC,hcs_i_nlc,HCS-i,HCS-i NLC,proposed_full,Full,False,True,,,,,57.207154760135204,46.98693536494786,55.39005393278313,
B006,I067_L3_v12_SOC056,oeac_i,OEAC-i,oeac_i,OEAC-i,OEAC-i,proposed_full,Full,True,True,50.756845826697145,38.22942345491063,54.35850743962306,35.338642712825475,50.756845826697145,38.22942345491063,54.35850743962306,35.338642712825475
B006,I067_L3_v12_SOC056,kinematic_only_optimization,KINO,kinematic_only_optimization,KINO,KINO,proposed_full,Full,True,True,54.0780400018886,41.34615261857179,41.34599267623449,-0.00027268782578317326,54.0780400018886,41.34615261857179,41.34599267623449,-0.00027268782578317326
B006,I068_L3_v12_SOC060,constant_rule_following,RF,constant_rule_following,RF,RF,proposed_full,Full,True,True,55.94504618258354,45.47023339452809,45.51125384717693,0.0752824308597511,55.94504618258354,45.47023339452809,45.51125384717693,0.0752824308597511
B006,I068_L3_v12_SOC060,hcs_i_nlc,HCS-i NLC,hcs_i_nlc,HCS-i,HCS-i NLC,proposed_full,Full,False,True,,,,,57.03246961704773,47.48009122127454,55.80503914520556,
B006,I068_L3_v12_SOC060,oeac_i,OEAC-i,oeac_i,OEAC-i,OEAC-i,proposed_full,Full,True,True,50.55582980673808,38.80404636685873,54.783088640795235,35.33864165776034,50.55582980673808,38.80404636685873,54.783088640795235,35.33864165776034
B006,I068_L3_v12_SOC060,kinematic_only_optimization,KINO,kinematic_only_optimization,KINO,KINO,proposed_full,Full,True,True,53.890581465113065,41.89178205032354,41.89162314285741,-0.00027346739785122836,53.890581465113065,41.89178205032354,41.89162314285741,-0.00027346739785122836
B006,I069_L3_v12_SOC064,constant_rule_following,RF,constant_rule_following,RF,RF,proposed_full,Full,True,True,54.28676726388238,48.44157282621417,48.48035797002674,0.0752822463130035,54.28676726388238,48.44157282621417,48.48035797002674,0.0752822463130035
B006,I069_L3_v12_SOC064,hcs_i_nlc,HCS-i NLC,hcs_i_nlc,HCS-i,HCS-i NLC,proposed_full,Full,False,True,,,,,55.41512256186746,50.34191304112299,58.213232575003495,
B006,I069_L3_v12_SOC064,oeac_i,OEAC-i,oeac_i,OEAC-i,OEAC-i,proposed_full,Full,True,True,48.69469461127354,42.138627851598464,57.24696838511183,35.33864140818517,48.69469461127354,42.138627851598464,57.24696838511183,35.33864140818517
B006,I069_L3_v12_SOC064,kinematic_only_optimization,KINO,kinematic_only_optimization,KINO,KINO,proposed_full,Full,True,True,52.15497014142707,45.05811211272943,45.05796176284994,-0.0002736518052677749,52.15497014142707,45.05811211272943,45.05796176284994,-0.0002736518052677749
B006,I070_L3_v13_SOC056,constant_rule_following,RF,constant_rule_following,RF,RF,proposed_full,Full,True,True,55.34622104134942,48.752283957020644,48.74456476042055,-0.01506024983303087,55.34622104134942,48.752283957020644,48.74456476042055,-0.01506024983303087
B006,I070_L3_v13_SOC056,hcs_i_nlc,HCS-i NLC,hcs_i_nlc,HCS-i,HCS-i NLC,proposed_full,Full,False,True,,,,,56.98485347582173,51.30892221901251,59.02696547167711,
B006,I070_L3_v13_SOC056,oeac_i,OEAC-i,oeac_i,OEAC-i,OEAC-i,proposed_full,Full,True,True,50.27970209340826,43.016433257228854,57.89557687973099,35.33867114151084,50.27970209340826,43.016433257228854,57.89557687973099,35.33867114151084
B006,I070_L3_v13_SOC056,kinematic_only_optimization,KINO,kinematic_only_optimization,KINO,KINO,proposed_full,Full,True,True,53.839483518239284,46.12801458161763,46.12786965929271,-0.0002690116837636789,53.839483518239284,46.12801458161763,46.12786965929271,-0.0002690116837636789
B006,I071_L3_v13_SOC060,constant_rule_following,RF,constant_rule_following,RF,RF,proposed_full,Full,True,True,55.232407669917315,48.91982875723166,48.91213604683883,-0.015057803943182011,55.232407669917315,48.91982875723166,48.91213604683883,-0.015057803943182011
B006,I071_L3_v13_SOC060,hcs_i_nlc,HCS-i NLC,hcs_i_nlc,HCS-i,HCS-i NLC,proposed_full,Full,False,True,,,,,56.87521664411939,51.46810856971803,59.16092012589629,
B006,I071_L3_v13_SOC060,oeac_i,OEAC-i,oeac_i,OEAC-i,OEAC-i,proposed_full,Full,True,True,50.15297519894769,43.202730346004905,58.03323042443672,35.33867445224426,50.15297519894769,43.202730346004905,58.03323042443672,35.33867445224426
B006,I071_L3_v13_SOC060,kinematic_only_optimization,KINO,kinematic_only_optimization,KINO,KINO,proposed_full,Full,True,True,53.72182978029469,46.30413893858066,46.30399580359506,-0.0002665654320829357,53.72182978029469,46.30413893858066,46.30399580359506,-0.0002665654320829357
B006,I072_L3_v13_SOC064,constant_rule_following,RF,constant_rule_following,RF,RF,proposed_full,Full,True,True,40.9434080873965,35.021207332348816,35.01141933596109,-0.015061101947010725,40.9434080873965,35.021207332348816,35.01141933596109,-0.015061101947010725
B006,I072_L3_v13_SOC064,hcs_i_nlc,HCS-i NLC,hcs_i_nlc,HCS-i,HCS-i NLC,proposed_full,Full,False,True,,,,,43.110571745975044,38.26285945617867,48.048839170949705,
B006,I072_L3_v13_SOC064,oeac_i,OEAC-i,oeac_i,OEAC-i,OEAC-i,proposed_full,Full,True,True,34.24271334433557,27.74851925622466,46.61431152668367,35.338669988097394,34.24271334433557,27.74851925622466,46.61431152668367,35.338669988097394
B006,I072_L3_v13_SOC064,kinematic_only_optimization,KINO,kinematic_only_optimization,KINO,KINO,proposed_full,Full,True,True,38.950681265684025,31.693803326570894,31.693618992290897,-0.0002698639238007276,38.950681265684025,31.693803326570894,31.693618992290897,-0.0002698639238007276
B006,I073_L3_v14_SOC056,constant_rule_following,RF,constant_rule_following,RF,RF,proposed_full,Full,True,True,55.99070781239545,49.17880196802496,49.16453690620739,-0.028061241010531954,55.99070781239545,49.17880196802496,49.16453690620739,-0.028061241010531954
B006,I073_L3_v14_SOC056,hcs_i_nlc,HCS-i NLC,hcs_i_nlc,HCS-i,HCS-i NLC,proposed_full,Full,False,True,,,,,57.605408246664744,51.71378778933275,59.36766224465953,
B006,I073_L3_v14_SOC056,oeac_i,OEAC-i,oeac_i,OEAC-i,OEAC-i,proposed_full,Full,True,True,50.99742731708211,43.490845242972306,58.24612298123363,35.338700958547044,50.99742731708211,43.490845242972306,58.24612298123363,35.338700958547044
B006,I073_L3_v14_SOC056,kinematic_only_optimization,KINO,kinematic_only_optimization,KINO,KINO,proposed_full,Full,True,True,54.50541473182315,46.575959320052114,46.57582375584377,-0.00025375067592602323,54.50541473182315,46.575959320052114,46.57582375584377,-0.00025375067592602323
B006,I074_L3_v14_SOC060,constant_rule_following,RF,constant_rule_following,RF,RF,proposed_full,Full,True,True,56.05055868523645,49.197902429378,49.18364272888769,-0.02806124101778642,56.05055868523645,49.197902429378,49.18364272888769,-0.02806124101778642
B006,I074_L3_v14_SOC060,hcs_i_nlc,HCS-i NLC,hcs_i_nlc,HCS-i,HCS-i NLC,proposed_full,Full,False,True,,,,,57.66306319165589,51.73193551047923,59.382933360392414,
B006,I074_L3_v14_SOC060,oeac_i,OEAC-i,oeac_i,OEAC-i,OEAC-i,proposed_full,Full,True,True,51.06406885119325,43.51208344609082,58.261815612361325,35.338700958537224,51.06406885119325,43.51208344609082,58.261815612361325,35.338700958537224
B006,I074_L3_v14_SOC060,kinematic_only_optimization,KINO,kinematic_only_optimization,KINO,KINO,proposed_full,Full,True,True,54.56728554370154,46.59603802468415,46.59590251142191,-0.00025375068318250445,54.56728554370154,46.59603802468415,46.59590251142191,-0.00025375068318250445
B006,I075_L3_v14_SOC064,constant_rule_following,RF,constant_rule_following,RF,RF,proposed_full,Full,True,True,56.039315826266325,49.1786607773744,49.164396446679284,-0.028059725267446583,56.039315826266325,49.1786607773744,49.164396446679284,-0.028059725267446583
B006,I075_L3_v14_SOC064,hcs_i_nlc,HCS-i NLC,hcs_i_nlc,HCS-i,HCS-i NLC,proposed_full,Full,False,True,,,,,57.65223283305463,51.713653641339796,59.36754997659628,
B006,I075_L3_v14_SOC064,oeac_i,OEAC-i,oeac_i,OEAC-i,OEAC-i,proposed_full,Full,True,True,51.05155038096886,43.490688250130106,58.24600761433216,35.338703010509846,51.05155038096886,43.490688250130106,58.24600761433216,35.338703010509846
B006,I075_L3_v14_SOC064,kinematic_only_optimization,KINO,kinematic_only_optimization,KINO,KINO,proposed_full,Full,True,True,54.55566324348607,46.575810898225164,46.575676143642994,-0.0002522345112322288,54.55566324348607,46.575810898225164,46.575676143642994,-0.0002522345112322288
B006,I076_L3_v15_SOC056,constant_rule_following,RF,constant_rule_following,RF,RF,proposed_full,Full,True,True,55.99070781239545,49.17880196802496,49.16453690620739,-0.028061241010531954,55.99070781239545,49.17880196802496,49.16453690620739,-0.028061241010531954
B006,I076_L3_v15_SOC056,hcs_i_nlc,HCS-i NLC,hcs_i_nlc,HCS-i,HCS-i NLC,proposed_full,Full,False,True,,,,,57.605408246664744,51.71378778933275,59.36766224465953,
B006,I076_L3_v15_SOC056,oeac_i,OEAC-i,oeac_i,OEAC-i,OEAC-i,proposed_full,Full,True,True,50.99742731708211,43.490845242972306,58.24612298123363,35.338700958547044,50.99742731708211,43.490845242972306,58.24612298123363,35.338700958547044
B006,I076_L3_v15_SOC056,kinematic_only_optimization,KINO,kinematic_only_optimization,KINO,KINO,proposed_full,Full,True,True,54.50541473182315,46.575959320052114,46.57582375584377,-0.00025375067592602323,54.50541473182315,46.575959320052114,46.57582375584377,-0.00025375067592602323
B006,I077_L3_v15_SOC060,constant_rule_following,RF,constant_rule_following,RF,RF,proposed_full,Full,True,True,56.05055868523645,49.197902429378,49.18364272888769,-0.02806124101778642,56.05055868523645,49.197902429378,49.18364272888769,-0.02806124101778642
B006,I077_L3_v15_SOC060,hcs_i_nlc,HCS-i NLC,hcs_i_nlc,HCS-i,HCS-i NLC,proposed_full,Full,False,True,,,,,57.66306319165589,51.73193551047923,59.382933360392414,
B006,I077_L3_v15_SOC060,oeac_i,OEAC-i,oeac_i,OEAC-i,OEAC-i,proposed_full,Full,True,True,51.06406885119325,43.51208344609082,58.261815612361325,35.338700958537224,51.06406885119325,43.51208344609082,58.261815612361325,35.338700958537224
B006,I077_L3_v15_SOC060,kinematic_only_optimization,KINO,kinematic_only_optimization,KINO,KINO,proposed_full,Full,True,True,54.56728554370154,46.59603802468415,46.59590251142191,-0.00025375068318250445,54.56728554370154,46.59603802468415,46.59590251142191,-0.00025375068318250445
B006,I078_L3_v15_SOC064,constant_rule_following,RF,constant_rule_following,RF,RF,proposed_full,Full,True,True,56.039315826266325,49.1786607773744,49.164396446679284,-0.028059725267446583,56.039315826266325,49.1786607773744,49.164396446679284,-0.028059725267446583
B006,I078_L3_v15_SOC064,hcs_i_nlc,HCS-i NLC,hcs_i_nlc,HCS-i,HCS-i NLC,proposed_full,Full,False,True,,,,,57.65223283305463,51.713653641339796,59.36754997659628,
B006,I078_L3_v15_SOC064,oeac_i,OEAC-i,oeac_i,OEAC-i,OEAC-i,proposed_full,Full,True,True,51.05155038096886,43.490688250130106,58.24600761433216,35.338703010509846,51.05155038096886,43.490688250130106,58.24600761433216,35.338703010509846
B006,I078_L3_v15_SOC064,kinematic_only_optimization,KINO,kinematic_only_optimization,KINO,KINO,proposed_full,Full,True,True,54.55566324348607,46.575810898225164,46.575676143642994,-0.0002522345112322288,54.55566324348607,46.575810898225164,46.575676143642994,-0.0002522345112322288
B006,I079_L3_v16_SOC056,constant_rule_following,RF,constant_rule_following,RF,RF,proposed_full,Full,True,True,55.99070781239545,49.17880196802496,49.16453690620739,-0.028061241010531954,55.99070781239545,49.17880196802496,49.16453690620739,-0.028061241010531954
B006,I079_L3_v16_SOC056,hcs_i_nlc,HCS-i NLC,hcs_i_nlc,HCS-i,HCS-i NLC,proposed_full,Full,False,True,,,,,57.605408246664744,51.71378778933275,59.36766224465953,
B006,I079_L3_v16_SOC056,oeac_i,OEAC-i,oeac_i,OEAC-i,OEAC-i,proposed_full,Full,True,True,50.99742731708211,43.490845242972306,58.24612298123363,35.338700958547044,50.99742731708211,43.490845242972306,58.24612298123363,35.338700958547044
B006,I079_L3_v16_SOC056,kinematic_only_optimization,KINO,kinematic_only_optimization,KINO,KINO,proposed_full,Full,True,True,54.50541473182315,46.575959320052114,46.57582375584377,-0.00025375067592602323,54.50541473182315,46.575959320052114,46.57582375584377,-0.00025375067592602323
B006,I080_L3_v16_SOC060,constant_rule_following,RF,constant_rule_following,RF,RF,proposed_full,Full,True,True,56.05055868523645,49.197902429378,49.18364272888769,-0.02806124101778642,56.05055868523645,49.197902429378,49.18364272888769,-0.02806124101778642
B006,I080_L3_v16_SOC060,hcs_i_nlc,HCS-i NLC,hcs_i_nlc,HCS-i,HCS-i NLC,proposed_full,Full,False,True,,,,,57.66306319165589,51.73193551047923,59.382933360392414,
B006,I080_L3_v16_SOC060,oeac_i,OEAC-i,oeac_i,OEAC-i,OEAC-i,proposed_full,Full,True,True,51.06406885119325,43.51208344609082,58.261815612361325,35.338700958537224,51.06406885119325,43.51208344609082,58.261815612361325,35.338700958537224
B006,I080_L3_v16_SOC060,kinematic_only_optimization,KINO,kinematic_only_optimization,KINO,KINO,proposed_full,Full,True,True,54.56728554370154,46.59603802468415,46.59590251142191,-0.00025375068318250445,54.56728554370154,46.59603802468415,46.59590251142191,-0.00025375068318250445
B006,I081_L3_v16_SOC064,constant_rule_following,RF,constant_rule_following,RF,RF,proposed_full,Full,True,True,56.039315826266325,49.1786607773744,49.164396446679284,-0.028059725267446583,56.039315826266325,49.1786607773744,49.164396446679284,-0.028059725267446583
B006,I081_L3_v16_SOC064,hcs_i_nlc,HCS-i NLC,hcs_i_nlc,HCS-i,HCS-i NLC,proposed_full,Full,False,True,,,,,57.65223283305463,51.713653641339796,59.36754997659628,
B006,I081_L3_v16_SOC064,oeac_i,OEAC-i,oeac_i,OEAC-i,OEAC-i,proposed_full,Full,True,True,51.05155038096886,43.490688250130106,58.24600761433216,35.338703010509846,51.05155038096886,43.490688250130106,58.24600761433216,35.338703010509846
B006,I081_L3_v16_SOC064,kinematic_only_optimization,KINO,kinematic_only_optimization,KINO,KINO,proposed_full,Full,True,True,54.55566324348607,46.575810898225164,46.575676143642994,-0.0002522345112322288,54.55566324348607,46.575810898225164,46.575676143642994,-0.0002522345112322288
B007,I001_L1_v8_SOC056,constant_rule_following,RF,constant_rule_following,RF,RF,proposed_full,Full,True,True,45.92881278416165,40.69382097587848,47.452977924831686,12.86306375132784,45.92881278416165,40.69382097587848,47.452977924831686,12.86306375132784
B007,I001_L1_v8_SOC056,hcs_i_nlc,HCS-i NLC,hcs_i_nlc,HCS-i,HCS-i NLC,proposed_full,Full,True,True,36.82269448989946,27.87324273827168,47.993830887746185,38.68884882877029,36.82269448989946,27.87324273827168,47.993830887746185,38.68884882877029
B007,I001_L1_v8_SOC056,oeac_i,OEAC-i,oeac_i,OEAC-i,OEAC-i,proposed_full,Full,False,True,,,,,47.26012879990091,41.59919491869001,52.46742541082827,
B007,I001_L1_v8_SOC056,kinematic_only_optimization,KINO,kinematic_only_optimization,KINO,KINO,proposed_full,Full,True,True,41.4213434016612,33.8079282264689,33.807752134419914,-0.00026603122669155725,41.4213434016612,33.8079282264689,33.807752134419914,-0.00026603122669155725
B007,I002_L1_v8_SOC060,constant_rule_following,RF,constant_rule_following,RF,RF,proposed_full,Full,True,True,29.81747687838823,24.680537640171103,33.264736900728316,12.863063486822313,29.81747687838823,24.680537640171103,33.264736900728316,12.863063486822313
B007,I002_L1_v8_SOC060,hcs_i_nlc,HCS-i NLC,hcs_i_nlc,HCS-i,HCS-i NLC,proposed_full,Full,True,True,17.998051586613098,8.398270330285674,33.9516257738311,38.688848503739536,17.998051586613098,8.398270330285674,33.9516257738311,38.688848503739536
B007,I002_L1_v8_SOC060,oeac_i,OEAC-i,oeac_i,OEAC-i,OEAC-i,proposed_full,Full,False,True,,,,,31.545478830404253,25.830371936179738,39.63313722219203,
B007,I002_L1_v8_SOC060,kinematic_only_optimization,KINO,kinematic_only_optimization,KINO,KINO,proposed_full,Full,True,True,23.966938163665265,15.935382442396053,15.9351586066537,-0.000266265585757434,23.966938163665265,15.935382442396053,15.9351586066537,-0.000266265585757434
B007,I003_L1_v8_SOC064,constant_rule_following,RF,constant_rule_following,RF,RF,proposed_full,Full,True,True,29.692381332284704,25.248876026208585,33.76830059248598,12.863062011830033,29.692381332284704,25.248876026208585,33.76830059248598,12.863062011830033
B007,I003_L1_v8_SOC064,hcs_i_nlc,HCS-i NLC,hcs_i_nlc,HCS-i,HCS-i NLC,proposed_full,Full,True,True,17.85188872352322,9.089469889703846,34.450006414219764,38.68884669123353,17.85188872352322,9.089469889703846,34.450006414219764,38.68884669123353
B007,I003_L1_v8_SOC064,oeac_i,OEAC-i,oeac_i,OEAC-i,OEAC-i,proposed_full,Full,False,True,,,,,31.423463329563283,26.390034012701335,40.08864693127945,
B007,I003_L1_v8_SOC064,kinematic_only_optimization,KINO,kinematic_only_optimization,KINO,KINO,proposed_full,Full,True,True,23.831414432552627,16.56970918303711,16.569485945950838,-0.00026757246890081113,23.831414432552627,16.56970918303711,16.569485945950838,-0.00026757246890081113
B007,I004_L1_v9_SOC056,constant_rule_following,RF,constant_rule_following,RF,RF,proposed_full,Full,True,True,46.88486706010981,39.77152982399661,46.61050615113753,12.809591989204865,46.88486706010981,39.77152982399661,46.61050615113753,12.809591989204865
B007,I004_L1_v9_SOC056,hcs_i_nlc,HCS-i NLC,hcs_i_nlc,HCS-i,HCS-i NLC,proposed_full,Full,True,True,38.13647831404158,26.80724898420514,47.20122042681469,38.625838717239866,38.13647831404158,26.80724898420514,47.20122042681469,38.625838717239866
B007,I004_L1_v9_SOC056,oeac_i,OEAC-i,oeac_i,OEAC-i,OEAC-i,proposed_full,Full,False,True,,,,,48.356864235364384,40.73726433886538,51.766266544122885,
B007,I004_L1_v9_SOC056,kinematic_only_optimization,KINO,kinematic_only_optimization,KINO,KINO,proposed_full,Full,True,True,42.50900242454548,32.595082369758174,32.59510621372381,3.537423513720665e-05,42.50900242454548,32.595082369758174,32.59510621372381,3.537423513720665e-05
B007,I005_L1_v9_SOC060,constant_rule_following,RF,constant_rule_following,RF,RF,proposed_full,Full,True,True,47.42894175396728,38.84218220510032,45.78668188617871,12.809582447062839,47.42894175396728,38.84218220510032,45.78668188617871,12.809582447062839
B007,I005_L1_v9_SOC060,hcs_i_nlc,HCS-i NLC,hcs_i_nlc,HCS-i,HCS-i NLC,proposed_full,Full,True,True,38.770165452890005,25.67785770665449,46.38651115281905,38.62582699139795,38.770165452890005,25.67785770665449,46.38651115281905,38.62582699139795
B007,I005_L1_v9_SOC060,oeac_i,OEAC-i,oeac_i,OEAC-i,OEAC-i,proposed_full,Full,False,True,,,,,48.88586080801312,39.822818361489404,51.02199801588034,
B007,I005_L1_v9_SOC060,kinematic_only_optimization,KINO,kinematic_only_optimization,KINO,KINO,proposed_full,Full,True,True,43.097900449912835,31.55499950664531,31.55501792902679,2.6915605658950946e-05,43.097900449912835,31.55499950664531,31.55501792902679,2.6915605658950946e-05
B007,I006_L1_v9_SOC064,constant_rule_following,RF,constant_rule_following,RF,RF,proposed_full,Full,True,True,47.30760255402034,38.760842256815415,45.71458528610932,12.809597321754561,47.30760255402034,38.760842256815415,45.71458528610932,12.809597321754561
B007,I006_L1_v9_SOC064,hcs_i_nlc,HCS-i NLC,hcs_i_nlc,HCS-i,HCS-i NLC,proposed_full,Full,True,True,38.6288409411775,25.579009195891107,46.315212246974085,38.62584527013276,38.6288409411775,25.579009195891107,46.315212246974085,38.62584527013276
B007,I006_L1_v9_SOC064,oeac_i,OEAC-i,oeac_i,OEAC-i,OEAC-i,proposed_full,Full,False,True,,,,,48.767884321283354,39.742782660104126,50.95686369936731,
B007,I006_L1_v9_SOC064,kinematic_only_optimization,KINO,kinematic_only_optimization,KINO,KINO,proposed_full,Full,True,True,42.96656477844135,31.463967599340176,31.463995083150287,4.010127251621523e-05,42.96656477844135,31.463967599340176,31.463995083150287,4.010127251621523e-05
B007,I007_L1_v10_SOC056,constant_rule_following,RF,constant_rule_following,RF,RF,proposed_full,Full,True,True,34.965364917944214,28.54509370018672,36.62147287023514,12.74308434702559,34.965364917944214,28.54509370018672,36.62147287023514,12.74308434702559
B007,I007_L1_v10_SOC056,hcs_i_nlc,HCS-i NLC,hcs_i_nlc,HCS-i,HCS-i NLC,proposed_full,Full,True,True,26.570666493977377,15.70048087799073,39.175036379046816,38.593620289432444,26.570666493977377,15.70048087799073,39.175036379046816,38.593620289432444
B007,I007_L1_v10_SOC056,oeac_i,OEAC-i,oeac_i,OEAC-i,OEAC-i,proposed_full,Full,True,True,28.476004354576403,19.52881582944171,40.44182912984858,35.113592299537494,28.476004354576403,19.52881582944171,40.44182912984858,35.113592299537494
B007,I007_L1_v10_SOC056,kinematic_only_optimization,KINO,kinematic_only_optimization,KINO,KINO,proposed_full,Full,True,True,31.016961704485645,21.360157762151932,21.35995456482526,-0.00025838912673442816,31.016961704485645,21.360157762151932,21.35995456482526,-0.00025838912673442816
B007,I008_L1_v10_SOC060,constant_rule_following,RF,constant_rule_following,RF,RF,proposed_full,Full,True,True,34.112912957568554,27.99970585874094,36.13772925155923,12.743084919223607,34.112912957568554,27.99970585874094,36.13772925155923,12.743084919223607
B007,I008_L1_v10_SOC060,hcs_i_nlc,HCS-i NLC,hcs_i_nlc,HCS-i,HCS-i NLC,proposed_full,Full,True,True,25.60817967111277,15.0570550427379,38.71078311630395,38.593620992828086,25.60817967111277,15.0570550427379,38.71078311630395,38.593620992828086
B007,I008_L1_v10_SOC060,oeac_i,OEAC-i,oeac_i,OEAC-i,OEAC-i,proposed_full,Full,True,True,27.538492054785483,18.914610203739542,39.98724480289734,35.11359298527116,27.538492054785483,18.914610203739542,39.98724480289734,35.11359298527116
B007,I008_L1_v10_SOC060,kinematic_only_optimization,KINO,kinematic_only_optimization,KINO,KINO,proposed_full,Full,True,True,30.112755412661524,20.75993006568305,20.759725719592538,-0.0002578816042181696,30.112755412661524,20.75993006568305,20.759725719592538,-0.0002578816042181696
B007,I009_L1_v10_SOC064,constant_rule_following,RF,constant_rule_following,RF,RF,proposed_full,Full,True,True,49.16236612946135,39.391704096378206,46.242713505320225,12.744336360095216,49.16236612946135,39.391704096378206,46.242713505320225,12.744336360095216
B007,I009_L1_v10_SOC064,hcs_i_nlc,HCS-i NLC,hcs_i_nlc,HCS-i,HCS-i NLC,proposed_full,Full,True,True,42.600222674781364,28.496859571235454,48.408630754304085,38.59515937296003,42.600222674781364,28.496859571235454,48.408630754304085,38.59515937296003
B007,I009_L1_v10_SOC064,oeac_i,OEAC-i,oeac_i,OEAC-i,OEAC-i,proposed_full,Full,True,True,44.089627027317434,31.744066370194265,49.48311676586449,35.11509273731975,44.089627027317434,31.744066370194265,49.48311676586449,35.11509273731975
B007,I009_L1_v10_SOC064,kinematic_only_optimization,KINO,kinematic_only_optimization,KINO,KINO,proposed_full,Full,True,True,46.07589571741395,33.29741686081974,33.29798523468769,0.0008521089954437966,46.07589571741395,33.29741686081974,33.29798523468769,0.0008521089954437966
B007,I010_L1_v11_SOC056,constant_rule_following,RF,constant_rule_following,RF,RF,proposed_full,Full,True,True,49.5686858704604,38.77579481778381,45.745678321905146,12.846688132008161,49.5686858704604,38.77579481778381,45.745678321905146,12.846688132008161
B007,I010_L1_v11_SOC056,hcs_i_nlc,HCS-i NLC,hcs_i_nlc,HCS-i,HCS-i NLC,proposed_full,Full,True,True,44.34148029971582,29.50651616400342,49.14205071524135,38.60858494568205,44.34148029971582,29.50651616400342,49.14205071524135,38.60858494568205
B007,I010_L1_v11_SOC056,oeac_i,OEAC-i,oeac_i,OEAC-i,OEAC-i,proposed_full,Full,True,True,45.04335693132188,31.786486952387428,49.514388284945014,35.11475988964011,45.04335693132188,31.786486952387428,49.514388284945014,35.11475988964011
B007,I010_L1_v11_SOC056,kinematic_only_optimization,KINO,kinematic_only_optimization,KINO,KINO,proposed_full,Full,True,True,46.9691357362099,33.09220211021407,33.09230693394129,0.00015666916974091735,46.9691357362099,33.09220211021407,33.09230693394129,0.00015666916974091735
B007,I011_L1_v11_SOC060,constant_rule_following,RF,constant_rule_following,RF,RF,proposed_full,Full,True,True,27.6048223142583,25.818834738206366,34.26344710948488,12.84614419217129,27.6048223142583,25.818834738206366,34.26344710948488,12.84614419217129
B007,I011_L1_v11_SOC060,hcs_i_nlc,HCS-i NLC,hcs_i_nlc,HCS-i,HCS-i NLC,proposed_full,Full,True,True,20.101062346355842,14.587886298332975,38.37861815143664,38.607916829210644,20.101062346355842,14.587886298332975,38.37861815143664,38.607916829210644
B007,I011_L1_v11_SOC060,oeac_i,OEAC-i,oeac_i,OEAC-i,OEAC-i,proposed_full,Full,True,True,21.108620533875442,17.350370341070757,38.829756191447046,35.11410861398754,21.108620533875442,17.350370341070757,38.829756191447046,35.11410861398754
B007,I011_L1_v11_SOC060,kinematic_only_optimization,KINO,kinematic_only_optimization,KINO,KINO,proposed_full,Full,True,True,23.873115196957034,18.932415736667036,18.932151983846055,-0.00032534824526884456,23.873115196957034,18.932415736667036,18.932151983846055,-0.00032534824526884456
B007,I012_L1_v11_SOC064,constant_rule_following,RF,constant_rule_following,RF,RF,proposed_full,Full,True,True,27.573871238955014,25.499198402201117,33.98018551866427,12.846123823720838,27.573871238955014,25.499198402201117,33.98018551866427,12.846123823720838
B007,I012_L1_v11_SOC064,hcs_i_nlc,HCS-i NLC,hcs_i_nlc,HCS-i,HCS-i NLC,proposed_full,Full,True,True,20.06690319218255,14.219857365682525,38.113089006942865,38.60789181082383,20.06690319218255,14.219857365682525,38.113089006942865,38.60789181082383
B007,I012_L1_v11_SOC064,oeac_i,OEAC-i,oeac_i,OEAC-i,OEAC-i,proposed_full,Full,True,True,21.07489214056677,16.99424456840138,38.56617101987661,35.114084226224485,21.07489214056677,16.99424456840138,38.56617101987661,35.114084226224485
B007,I012_L1_v11_SOC064,kinematic_only_optimization,KINO,kinematic_only_optimization,KINO,KINO,proposed_full,Full,True,True,23.840568706714667,18.58310677783252,18.582827192938556,-0.0003433979396803612,23.840568706714667,18.58310677783252,18.582827192938556,-0.0003433979396803612
B007,I013_L1_v12_SOC056,constant_rule_following,RF,constant_rule_following,RF,RF,proposed_full,Full,True,True,34.87958889663296,29.765981302181213,37.75725108777773,12.838876696892356,34.87958889663296,29.765981302181213,37.75725108777773,12.838876696892356
B007,I013_L1_v12_SOC056,hcs_i_nlc,HCS-i NLC,hcs_i_nlc,HCS-i,HCS-i NLC,proposed_full,Full,True,True,28.965223658653084,20.07397794564202,42.09032948258494,38.01843688667163,28.965223658653084,20.07397794564202,42.09032948258494,38.01843688667163
B007,I013_L1_v12_SOC056,oeac_i,OEAC-i,oeac_i,OEAC-i,OEAC-i,proposed_full,Full,True,True,29.231130962311855,21.97152512585895,42.250085094074606,35.11444129614637,29.231130962311855,21.97152512585895,42.250085094074606,35.11444129614637
B007,I013_L1_v12_SOC056,kinematic_only_optimization,KINO,kinematic_only_optimization,KINO,KINO,proposed_full,Full,True,True,33.99685364949845,25.78943346534536,25.789081250474975,-0.0004746132729777312,33.99685364949845,25.78943346534536,25.789081250474975,-0.0004746132729777312
B007,I014_L1_v12_SOC060,constant_rule_following,RF,constant_rule_following,RF,RF,proposed_full,Full,True,True,35.90008188407666,29.92976995632141,37.902411126819615,12.838890068309153,35.90008188407666,29.92976995632141,37.902411126819615,12.838890068309153
B007,I014_L1_v12_SOC060,hcs_i_nlc,HCS-i NLC,hcs_i_nlc,HCS-i,HCS-i NLC,proposed_full,Full,True,True,30.07839984861771,20.26036875490764,42.22538409023194,38.01845324186852,30.07839984861771,20.26036875490764,42.22538409023194,38.01845324186852
B007,I014_L1_v12_SOC060,oeac_i,OEAC-i,oeac_i,OEAC-i,OEAC-i,proposed_full,Full,True,True,30.34014015556844,22.15349077614068,42.38476712610104,35.114457307219524,30.34014015556844,22.15349077614068,42.38476712610104,35.114457307219524
B007,I014_L1_v12_SOC060,kinematic_only_optimization,KINO,kinematic_only_optimization,KINO,KINO,proposed_full,Full,True,True,35.03117985934058,25.962495594510845,25.962152974511568,-0.00046276332043850525,35.03117985934058,25.962495594510845,25.962152974511568,-0.00046276332043850525
B007,I015_L1_v12_SOC064,constant_rule_following,RF,constant_rule_following,RF,RF,proposed_full,Full,True,True,36.78799014024117,30.73774079772078,38.618443563028436,12.838877380699529,36.78799014024117,30.73774079772078,38.618443563028436,12.838877380699529
B007,I015_L1_v12_SOC064,hcs_i_nlc,HCS-i NLC,hcs_i_nlc,HCS-i,HCS-i NLC,proposed_full,Full,True,True,31.04694969834401,21.179836222187422,42.89156935976608,38.018437723067734,31.04694969834401,21.179836222187422,42.89156935976608,38.018437723067734
B007,I015_L1_v12_SOC064,oeac_i,OEAC-i,oeac_i,OEAC-i,OEAC-i,proposed_full,Full,True,True,31.305064394118578,23.051128896044066,43.04911458799185,35.11444211494417,31.305064394118578,23.051128896044066,43.04911458799185,35.11444211494417
B007,I015_L1_v12_SOC064,kinematic_only_optimization,KINO,kinematic_only_optimization,KINO,KINO,proposed_full,Full,True,True,35.93112409471127,26.816212568071847,26.815865669952675,-0.0004740072726812765,35.93112409471127,26.816212568071847,26.815865669952675,-0.0004740072726812765
B007,I016_L1_v13_SOC056,constant_rule_following,RF,constant_rule_following,RF,RF,proposed_full,Full,True,True,34.960363139327484,29.711913942036645,37.69603625740785,12.814790321138288,34.960363139327484,29.711913942036645,37.69603625740785,12.814790321138288
B007,I016_L1_v13_SOC056,hcs_i_nlc,HCS-i NLC,hcs_i_nlc,HCS-i,HCS-i NLC,proposed_full,Full,True,True,25.80947614552579,16.126349763889444,39.21003145113207,37.972846899379604,25.80947614552579,16.126349763889444,39.21003145113207,37.972846899379604
B007,I016_L1_v13_SOC056,oeac_i,OEAC-i,oeac_i,OEAC-i,OEAC-i,proposed_full,Full,True,True,28.738913552177532,21.055267758880632,41.57195754978303,35.11445691233527,28.738913552177532,21.055267758880632,41.57195754978303,35.11445691233527
B007,I016_L1_v13_SOC056,kinematic_only_optimization,KINO,kinematic_only_optimization,KINO,KINO,proposed_full,Full,True,True,33.53765571370012,24.8945873045572,24.894224271647335,-0.00048336217334193324,33.53765571370012,24.8945873045572,24.894224271647335,-0.00048336217334193324
B007,I017_L1_v13_SOC060,constant_rule_following,RF,constant_rule_following,RF,RF,proposed_full,Full,True,True,51.74028664767585,41.721881607790586,48.34157679167641,12.814357800257467,51.74028664767585,41.721881607790586,48.34157679167641,12.814357800257467
B007,I017_L1_v13_SOC060,hcs_i_nlc,HCS-i NLC,hcs_i_nlc,HCS-i,HCS-i NLC,proposed_full,Full,True,True,44.95028589495925,30.457652319400104,49.59688383403249,37.97231792496853,44.95028589495925,30.457652319400104,49.59688383403249,37.97231792496853
B007,I017_L1_v13_SOC060,oeac_i,OEAC-i,oeac_i,OEAC-i,OEAC-i,proposed_full,Full,True,True,47.12394208912649,34.54437714813861,51.55524042423263,35.113938896712064,47.12394208912649,34.54437714813861,51.55524042423263,35.113938896712064
B007,I017_L1_v13_SOC060,kinematic_only_optimization,KINO,kinematic_only_optimization,KINO,KINO,proposed_full,Full,True,True,50.68463111423427,37.72768077151438,37.72714102116837,-0.0008667505472830902,50.68463111423427,37.72768077151438,37.72714102116837,-0.0008667505472830902
B007,I018_L1_v13_SOC064,constant_rule_following,RF,constant_rule_following,RF,RF,proposed_full,Full,True,True,35.33389961245353,30.15618138862204,38.08984684107621,12.814805080660033,35.33389961245353,30.15618138862204,38.08984684107621,12.814805080660033
B007,I018_L1_v13_SOC064,hcs_i_nlc,HCS-i NLC,hcs_i_nlc,HCS-i,HCS-i NLC,proposed_full,Full,True,True,26.235568109712798,16.656487010697745,39.59427238152162,37.97286495032157,26.235568109712798,16.656487010697745,39.59427238152162,37.97286495032157
B007,I018_L1_v13_SOC064,oeac_i,OEAC-i,oeac_i,OEAC-i,OEAC-i,proposed_full,Full,True,True,29.14818113403491,21.55425096615145,41.94126922945373,35.11447458931503,29.14818113403491,21.55425096615145,41.94126922945373,35.11447458931503
B007,I018_L1_v13_SOC064,kinematic_only_optimization,KINO,kinematic_only_optimization,KINO,KINO,proposed_full,Full,True,True,33.919363098284315,25.369303459090567,25.3689524847454,-0.00047027926961714435,33.919363098284315,25.369303459090567,25.3689524847454,-0.00047027926961714435
B007,I019_L1_v14_SOC056,constant_rule_following,RF,constant_rule_following,RF,RF,proposed_full,Full,True,True,34.960363139327484,29.711913942036645,37.69603625740785,12.814790321138288,34.960363139327484,29.711913942036645,37.69603625740785,12.814790321138288
B007,I019_L1_v14_SOC056,hcs_i_nlc,HCS-i NLC,hcs_i_nlc,HCS-i,HCS-i NLC,proposed_full,Full,True,True,25.80947614552579,16.126349763889444,39.21003145113207,37.972846899379604,25.80947614552579,16.126349763889444,39.21003145113207,37.972846899379604
B007,I019_L1_v14_SOC056,oeac_i,OEAC-i,oeac_i,OEAC-i,OEAC-i,proposed_full,Full,True,True,28.738913552177532,21.055267758880632,41.57195754978303,35.11445691233527,28.738913552177532,21.055267758880632,41.57195754978303,35.11445691233527
B007,I019_L1_v14_SOC056,kinematic_only_optimization,KINO,kinematic_only_optimization,KINO,KINO,proposed_full,Full,True,True,33.53765571370012,24.8945873045572,24.894224271647335,-0.00048336217334193324,33.53765571370012,24.8945873045572,24.894224271647335,-0.00048336217334193324
B007,I020_L1_v14_SOC060,constant_rule_following,RF,constant_rule_following,RF,RF,proposed_full,Full,True,True,51.74028664767585,41.721881607790586,48.34157679167641,12.814357800257467,51.74028664767585,41.721881607790586,48.34157679167641,12.814357800257467
B007,I020_L1_v14_SOC060,hcs_i_nlc,HCS-i NLC,hcs_i_nlc,HCS-i,HCS-i NLC,proposed_full,Full,True,True,44.95028589495925,30.457652319400104,49.59688383403249,37.97231792496853,44.95028589495925,30.457652319400104,49.59688383403249,37.97231792496853
B007,I020_L1_v14_SOC060,oeac_i,OEAC-i,oeac_i,OEAC-i,OEAC-i,proposed_full,Full,True,True,47.12394208912649,34.54437714813861,51.55524042423263,35.113938896712064,47.12394208912649,34.54437714813861,51.55524042423263,35.113938896712064
B007,I020_L1_v14_SOC060,kinematic_only_optimization,KINO,kinematic_only_optimization,KINO,KINO,proposed_full,Full,True,True,50.68463111423427,37.72768077151438,37.72714102116837,-0.0008667505472830902,50.68463111423427,37.72768077151438,37.72714102116837,-0.0008667505472830902
B007,I021_L1_v14_SOC064,constant_rule_following,RF,constant_rule_following,RF,RF,proposed_full,Full,True,True,35.33389961245353,30.15618138862204,38.08984684107621,12.814805080660033,35.33389961245353,30.15618138862204,38.08984684107621,12.814805080660033
B007,I021_L1_v14_SOC064,hcs_i_nlc,HCS-i NLC,hcs_i_nlc,HCS-i,HCS-i NLC,proposed_full,Full,True,True,26.235568109712798,16.656487010697745,39.59427238152162,37.97286495032157,26.235568109712798,16.656487010697745,39.59427238152162,37.97286495032157
B007,I021_L1_v14_SOC064,oeac_i,OEAC-i,oeac_i,OEAC-i,OEAC-i,proposed_full,Full,True,True,29.14818113403491,21.55425096615145,41.94126922945373,35.11447458931503,29.14818113403491,21.55425096615145,41.94126922945373,35.11447458931503
B007,I021_L1_v14_SOC064,kinematic_only_optimization,KINO,kinematic_only_optimization,KINO,KINO,proposed_full,Full,True,True,33.919363098284315,25.369303459090567,25.3689524847454,-0.00047027926961714435,33.919363098284315,25.369303459090567,25.3689524847454,-0.00047027926961714435
B007,I022_L1_v15_SOC056,constant_rule_following,RF,constant_rule_following,RF,RF,proposed_full,Full,True,True,34.960363139327484,29.711913942036645,37.69603625740785,12.814790321138288,34.960363139327484,29.711913942036645,37.69603625740785,12.814790321138288
B007,I022_L1_v15_SOC056,hcs_i_nlc,HCS-i NLC,hcs_i_nlc,HCS-i,HCS-i NLC,proposed_full,Full,True,True,25.80947614552579,16.126349763889444,39.21003145113207,37.972846899379604,25.80947614552579,16.126349763889444,39.21003145113207,37.972846899379604
B007,I022_L1_v15_SOC056,oeac_i,OEAC-i,oeac_i,OEAC-i,OEAC-i,proposed_full,Full,True,True,28.738913552177532,21.055267758880632,41.57195754978303,35.11445691233527,28.738913552177532,21.055267758880632,41.57195754978303,35.11445691233527
B007,I022_L1_v15_SOC056,kinematic_only_optimization,KINO,kinematic_only_optimization,KINO,KINO,proposed_full,Full,True,True,33.53765571370012,24.8945873045572,24.894224271647335,-0.00048336217334193324,33.53765571370012,24.8945873045572,24.894224271647335,-0.00048336217334193324
B007,I023_L1_v15_SOC060,constant_rule_following,RF,constant_rule_following,RF,RF,proposed_full,Full,True,True,51.74028664767585,41.721881607790586,48.34157679167641,12.814357800257467,51.74028664767585,41.721881607790586,48.34157679167641,12.814357800257467
B007,I023_L1_v15_SOC060,hcs_i_nlc,HCS-i NLC,hcs_i_nlc,HCS-i,HCS-i NLC,proposed_full,Full,True,True,44.95028589495925,30.457652319400104,49.59688383403249,37.97231792496853,44.95028589495925,30.457652319400104,49.59688383403249,37.97231792496853
B007,I023_L1_v15_SOC060,oeac_i,OEAC-i,oeac_i,OEAC-i,OEAC-i,proposed_full,Full,True,True,47.12394208912649,34.54437714813861,51.55524042423263,35.113938896712064,47.12394208912649,34.54437714813861,51.55524042423263,35.113938896712064
B007,I023_L1_v15_SOC060,kinematic_only_optimization,KINO,kinematic_only_optimization,KINO,KINO,proposed_full,Full,True,True,50.68463111423427,37.72768077151438,37.72714102116837,-0.0008667505472830902,50.68463111423427,37.72768077151438,37.72714102116837,-0.0008667505472830902
B007,I024_L1_v15_SOC064,constant_rule_following,RF,constant_rule_following,RF,RF,proposed_full,Full,True,True,35.33389961245353,30.15618138862204,38.08984684107621,12.814805080660033,35.33389961245353,30.15618138862204,38.08984684107621,12.814805080660033
B007,I024_L1_v15_SOC064,hcs_i_nlc,HCS-i NLC,hcs_i_nlc,HCS-i,HCS-i NLC,proposed_full,Full,True,True,26.235568109712798,16.656487010697745,39.59427238152162,37.97286495032157,26.235568109712798,16.656487010697745,39.59427238152162,37.97286495032157
B007,I024_L1_v15_SOC064,oeac_i,OEAC-i,oeac_i,OEAC-i,OEAC-i,proposed_full,Full,True,True,29.14818113403491,21.55425096615145,41.94126922945373,35.11447458931503,29.14818113403491,21.55425096615145,41.94126922945373,35.11447458931503
B007,I024_L1_v15_SOC064,kinematic_only_optimization,KINO,kinematic_only_optimization,KINO,KINO,proposed_full,Full,True,True,33.919363098284315,25.369303459090567,25.3689524847454,-0.00047027926961714435,33.919363098284315,25.369303459090567,25.3689524847454,-0.00047027926961714435
B007,I025_L1_v16_SOC056,constant_rule_following,RF,constant_rule_following,RF,RF,proposed_full,Full,True,True,34.960363139327484,29.711913942036645,37.69603625740785,12.814790321138288,34.960363139327484,29.711913942036645,37.69603625740785,12.814790321138288
B007,I025_L1_v16_SOC056,hcs_i_nlc,HCS-i NLC,hcs_i_nlc,HCS-i,HCS-i NLC,proposed_full,Full,True,True,25.80947614552579,16.126349763889444,39.21003145113207,37.972846899379604,25.80947614552579,16.126349763889444,39.21003145113207,37.972846899379604
B007,I025_L1_v16_SOC056,oeac_i,OEAC-i,oeac_i,OEAC-i,OEAC-i,proposed_full,Full,True,True,28.738913552177532,21.055267758880632,41.57195754978303,35.11445691233527,28.738913552177532,21.055267758880632,41.57195754978303,35.11445691233527
B007,I025_L1_v16_SOC056,kinematic_only_optimization,KINO,kinematic_only_optimization,KINO,KINO,proposed_full,Full,True,True,33.53765571370012,24.8945873045572,24.894224271647335,-0.00048336217334193324,33.53765571370012,24.8945873045572,24.894224271647335,-0.00048336217334193324
B007,I026_L1_v16_SOC060,constant_rule_following,RF,constant_rule_following,RF,RF,proposed_full,Full,True,True,51.74028664767585,41.721881607790586,48.34157679167641,12.814357800257467,51.74028664767585,41.721881607790586,48.34157679167641,12.814357800257467
B007,I026_L1_v16_SOC060,hcs_i_nlc,HCS-i NLC,hcs_i_nlc,HCS-i,HCS-i NLC,proposed_full,Full,True,True,44.95028589495925,30.457652319400104,49.59688383403249,37.97231792496853,44.95028589495925,30.457652319400104,49.59688383403249,37.97231792496853
B007,I026_L1_v16_SOC060,oeac_i,OEAC-i,oeac_i,OEAC-i,OEAC-i,proposed_full,Full,True,True,47.12394208912649,34.54437714813861,51.55524042423263,35.113938896712064,47.12394208912649,34.54437714813861,51.55524042423263,35.113938896712064
B007,I026_L1_v16_SOC060,kinematic_only_optimization,KINO,kinematic_only_optimization,KINO,KINO,proposed_full,Full,True,True,50.68463111423427,37.72768077151438,37.72714102116837,-0.0008667505472830902,50.68463111423427,37.72768077151438,37.72714102116837,-0.0008667505472830902
B007,I027_L1_v16_SOC064,constant_rule_following,RF,constant_rule_following,RF,RF,proposed_full,Full,True,True,35.33389961245353,30.15618138862204,38.08984684107621,12.814805080660033,35.33389961245353,30.15618138862204,38.08984684107621,12.814805080660033
B007,I027_L1_v16_SOC064,hcs_i_nlc,HCS-i NLC,hcs_i_nlc,HCS-i,HCS-i NLC,proposed_full,Full,True,True,26.235568109712798,16.656487010697745,39.59427238152162,37.97286495032157,26.235568109712798,16.656487010697745,39.59427238152162,37.97286495032157
B007,I027_L1_v16_SOC064,oeac_i,OEAC-i,oeac_i,OEAC-i,OEAC-i,proposed_full,Full,True,True,29.14818113403491,21.55425096615145,41.94126922945373,35.11447458931503,29.14818113403491,21.55425096615145,41.94126922945373,35.11447458931503
B007,I027_L1_v16_SOC064,kinematic_only_optimization,KINO,kinematic_only_optimization,KINO,KINO,proposed_full,Full,True,True,33.919363098284315,25.369303459090567,25.3689524847454,-0.00047027926961714435,33.919363098284315,25.369303459090567,25.3689524847454,-0.00047027926961714435
B007,I028_L2_v8_SOC056,constant_rule_following,RF,constant_rule_following,RF,RF,proposed_full,Full,True,True,29.178778066736736,21.77466996868794,24.341322264107323,3.392409664333513,29.178778066736736,21.77466996868794,24.341322264107323,3.392409664333513
B007,I028_L2_v8_SOC056,hcs_i_nlc,HCS-i NLC,hcs_i_nlc,HCS-i,HCS-i NLC,proposed_full,Full,True,True,19.305814630387864,10.285940204840227,35.312703453715265,38.68883781681619,19.305814630387864,10.285940204840227,35.312703453715265,38.68883781681619
B007,I028_L2_v8_SOC056,oeac_i,OEAC-i,oeac_i,OEAC-i,OEAC-i,proposed_full,Full,True,True,23.31534962312019,16.51983172752368,38.21412350777881,35.11205636612829,23.31534962312019,16.51983172752368,38.21412350777881,35.11205636612829
B007,I028_L2_v8_SOC056,kinematic_only_optimization,KINO,kinematic_only_optimization,KINO,KINO,proposed_full,Full,True,True,25.179509697616375,17.667762429505867,17.66754075141897,-0.00026924749841888377,25.179509697616375,17.667762429505867,17.66754075141897,-0.00026924749841888377
B007,I029_L2_v8_SOC060,constant_rule_following,RF,constant_rule_following,RF,RF,proposed_full,Full,True,True,44.65338196331075,36.82668784570908,38.899467372404075,3.3924082778925344,44.65338196331075,36.82668784570908,38.899467372404075,3.3924082778925344
B007,I029_L2_v8_SOC060,hcs_i_nlc,HCS-i NLC,hcs_i_nlc,HCS-i,HCS-i NLC,proposed_full,Full,True,True,36.93768430538669,27.548604757567055,47.759749555572775,38.6888359570676,36.93768430538669,27.548604757567055,47.759749555572775,38.6888359570676
B007,I029_L2_v8_SOC060,oeac_i,OEAC-i,oeac_i,OEAC-i,OEAC-i,proposed_full,Full,True,True,40.07112645294821,32.58297885277168,50.102882108040966,35.11205455434257,40.07112645294821,32.58297885277168,50.102882108040966,35.11205455434257
B007,I029_L2_v8_SOC060,kinematic_only_optimization,KINO,kinematic_only_optimization,KINO,KINO,proposed_full,Full,True,True,41.527963157906655,33.51002619841774,33.50984628374456,-0.0002705884452543786,41.527963157906655,33.51002619841774,33.50984628374456,-0.0002705884452543786
B007,I030_L2_v8_SOC064,constant_rule_following,RF,constant_rule_following,RF,RF,proposed_full,Full,True,True,32.23205172505435,24.212557663477266,26.699222640595558,3.3924128320301445,32.23205172505435,24.212557663477266,26.699222640595558,3.3924128320301445
B007,I030_L2_v8_SOC064,hcs_i_nlc,HCS-i NLC,hcs_i_nlc,HCS-i,HCS-i NLC,proposed_full,Full,True,True,22.784735550456244,13.08187347014786,37.32868107115296,38.688842065911125,22.784735550456244,13.08187347014786,37.32868107115296,38.688842065911125
B007,I030_L2_v8_SOC064,oeac_i,OEAC-i,oeac_i,OEAC-i,OEAC-i,proposed_full,Full,True,True,26.621409820918785,19.12148613932289,40.139678458014885,35.11206050563918,26.621409820918785,19.12148613932289,40.139678458014885,35.11206050563918
B007,I030_L2_v8_SOC064,kinematic_only_optimization,KINO,kinematic_only_optimization,KINO,KINO,proposed_full,Full,True,True,28.405201459302557,20.2336416501782,20.233429324532832,-0.00026618374537058803,28.405201459302557,20.2336416501782,20.233429324532832,-0.00026618374537058803
B007,I031_L2_v9_SOC056,constant_rule_following,RF,constant_rule_following,RF,RF,proposed_full,Full,True,True,45.776918904229085,35.614907857415915,37.71148024922568,3.3659049856995527,45.776918904229085,35.614907857415915,37.71148024922568,3.3659049856995527
B007,I031_L2_v9_SOC056,hcs_i_nlc,HCS-i NLC,hcs_i_nlc,HCS-i,HCS-i NLC,proposed_full,Full,True,True,38.4051247905264,26.469461762603174,46.95754141128204,38.62581070673942,38.4051247905264,26.469461762603174,46.95754141128204,38.62581070673942
B007,I031_L2_v9_SOC056,oeac_i,OEAC-i,oeac_i,OEAC-i,OEAC-i,proposed_full,Full,True,True,41.09881503983138,31.090267585301316,48.99847406662533,35.11307976298239,41.09881503983138,31.090267585301316,48.99847406662533,35.11307976298239
B007,I031_L2_v9_SOC056,kinematic_only_optimization,KINO,kinematic_only_optimization,KINO,KINO,proposed_full,Full,True,True,42.74130533713988,32.26183990121454,32.26182428642631,-2.3051681084774513e-05,42.74130533713988,32.26183990121454,32.26182428642631,-2.3051681084774513e-05
B007,I032_L2_v9_SOC060,constant_rule_following,RF,constant_rule_following,RF,RF,proposed_full,Full,True,True,46.26973797078347,34.85831266354326,36.979527112026204,3.365913252116724,46.26973797078347,34.85831266354326,36.979527112026204,3.365913252116724
B007,I032_L2_v9_SOC060,hcs_i_nlc,HCS-i NLC,hcs_i_nlc,HCS-i,HCS-i NLC,proposed_full,Full,True,True,38.96494412007819,25.60539758280699,46.33423884888164,38.62582179297508,38.96494412007819,25.60539758280699,46.33423884888164,38.62582179297508
B007,I032_L2_v9_SOC060,oeac_i,OEAC-i,oeac_i,OEAC-i,OEAC-i,proposed_full,Full,True,True,41.634152139907776,30.2805029236223,48.39915452815724,35.1130905682966,41.634152139907776,30.2805029236223,48.39915452815724,35.1130905682966
B007,I032_L2_v9_SOC060,kinematic_only_optimization,KINO,kinematic_only_optimization,KINO,KINO,proposed_full,Full,True,True,43.26171428265946,31.465842494563006,31.465832177124287,-1.5054445180902469e-05,43.26171428265946,31.465842494563006,31.465832177124287,-1.5054445180902469e-05
B007,I033_L2_v9_SOC064,constant_rule_following,RF,constant_rule_following,RF,RF,proposed_full,Full,True,True,46.02834527414063,34.99553864608473,37.11227853321545,3.365903292026123,46.02834527414063,34.99553864608473,37.11227853321545,3.365903292026123
B007,I033_L2_v9_SOC064,hcs_i_nlc,HCS-i NLC,hcs_i_nlc,HCS-i,HCS-i NLC,proposed_full,Full,True,True,38.69073334625785,25.762115543761134,46.447284748658966,38.625808435324565,38.69073334625785,25.762115543761134,46.447284748658966,38.625808435324565
B007,I033_L2_v9_SOC064,oeac_i,OEAC-i,oeac_i,OEAC-i,OEAC-i,proposed_full,Full,True,True,41.37193325478244,30.427372415030902,48.50785072253729,35.11307754912441,41.37193325478244,30.427372415030902,48.50785072253729,35.11307754912441
B007,I033_L2_v9_SOC064,kinematic_only_optimization,KINO,kinematic_only_optimization,KINO,KINO,proposed_full,Full,True,True,43.006807508060945,31.610214976853197,31.610198091272252,-2.469020303190114e-05,43.006807508060945,31.610214976853197,31.610198091272252,-2.469020303190114e-05
B007,I034_L2_v10_SOC056,constant_rule_following,RF,constant_rule_following,RF,RF,proposed_full,Full,True,True,47.67612983216215,39.63084802520031,41.596789281144005,3.3661527024728723,47.67612983216215,39.63084802520031,41.596789281144005,3.3661527024728723
B007,I034_L2_v10_SOC056,hcs_i_nlc,HCS-i NLC,hcs_i_nlc,HCS-i,HCS-i NLC,proposed_full,Full,True,True,41.221035599665264,31.68573538366957,50.70891189569381,38.59354143647385,41.221035599665264,31.68573538366957,50.70891189569381,38.59354143647385
B007,I034_L2_v10_SOC056,oeac_i,OEAC-i,oeac_i,OEAC-i,OEAC-i,proposed_full,Full,True,True,42.746285505499564,34.78819664988608,51.73554134468082,35.11350829773992,42.746285505499564,34.78819664988608,51.73554134468082,35.11350829773992
B007,I034_L2_v10_SOC056,kinematic_only_optimization,KINO,kinematic_only_optimization,KINO,KINO,proposed_full,Full,True,True,44.3239527984935,35.754991599971795,35.754832228978294,-0.00024806689596234356,44.3239527984935,35.754991599971795,35.754832228978294,-0.00024806689596234356
B007,I035_L2_v10_SOC060,constant_rule_following,RF,constant_rule_following,RF,RF,proposed_full,Full,True,True,47.65414292851459,40.151672433068484,42.1006916955221,3.366222014612361,47.65414292851459,40.151672433068484,42.1006916955221,3.366222014612361
B007,I035_L2_v10_SOC060,hcs_i_nlc,HCS-i NLC,hcs_i_nlc,HCS-i,HCS-i NLC,proposed_full,Full,True,True,41.19633621442049,32.27510487543586,51.134194992245625,38.5936343703272,41.19633621442049,32.27510487543586,51.134194992245625,38.5936343703272
B007,I035_L2_v10_SOC060,oeac_i,OEAC-i,oeac_i,OEAC-i,OEAC-i,proposed_full,Full,True,True,42.722227042315986,35.350800194160094,52.15196669091979,35.11359889805819,42.722227042315986,35.350800194160094,52.15196669091979,35.11359889805819
B007,I035_L2_v10_SOC060,kinematic_only_optimization,KINO,kinematic_only_optimization,KINO,KINO,proposed_full,Full,True,True,44.300557283571365,36.309254288180476,36.30913900001839,-0.00018101209539529364,44.300557283571365,36.309254288180476,36.30913900001839,-0.00018101209539529364
B007,I036_L2_v10_SOC064,constant_rule_following,RF,constant_rule_following,RF,RF,proposed_full,Full,True,True,47.945843245972355,38.96801639937463,40.95559537575035,3.366244420659973,47.945843245972355,38.96801639937463,40.95559537575035,3.366244420659973
B007,I036_L2_v10_SOC064,hcs_i_nlc,HCS-i NLC,hcs_i_nlc,HCS-i,HCS-i NLC,proposed_full,Full,True,True,41.52402303346536,30.935669272062942,50.16775765273883,38.59366441240004,41.52402303346536,30.935669272062942,50.16775765273883,38.59366441240004
B007,I036_L2_v10_SOC064,oeac_i,OEAC-i,oeac_i,OEAC-i,OEAC-i,proposed_full,Full,True,True,43.04141074642867,34.07219444969577,51.20565820373694,35.113628185785565,43.04141074642867,34.07219444969577,51.20565820373694,35.113628185785565
B007,I036_L2_v10_SOC064,kinematic_only_optimization,KINO,kinematic_only_optimization,KINO,KINO,proposed_full,Full,True,True,44.61094565108656,35.04960446140886,35.04950097203641,-0.00015933576185254243,44.61094565108656,35.04960446140886,35.04950097203641,-0.00015933576185254243
B007,I037_L2_v11_SOC056,constant_rule_following,RF,constant_rule_following,RF,RF,proposed_full,Full,True,True,38.4548726875149,30.65141707900389,32.86938645678618,3.303961129976165,38.4548726875149,30.65141707900389,32.86938645678618,3.303961129976165
B007,I037_L2_v11_SOC056,hcs_i_nlc,HCS-i NLC,hcs_i_nlc,HCS-i,HCS-i NLC,proposed_full,Full,True,True,32.10712885232889,23.050889360307835,44.48440223513353,38.608091667509846,32.10712885232889,23.050889360307835,44.48440223513353,38.608091667509846
B007,I037_L2_v11_SOC056,oeac_i,OEAC-i,oeac_i,OEAC-i,OEAC-i,proposed_full,Full,True,True,32.963287106023735,25.539656253313744,44.89081311593512,35.11421226978197,32.963287106023735,25.539656253313744,44.89081311593512,35.11421226978197
B007,I037_L2_v11_SOC056,kinematic_only_optimization,KINO,kinematic_only_optimization,KINO,KINO,proposed_full,Full,True,True,35.31237169621033,26.964943959113988,26.964762438761962,-0.0002485380455827826,35.31237169621033,26.964943959113988,26.964762438761962,-0.0002485380455827826
B007,I038_L2_v11_SOC060,constant_rule_following,RF,constant_rule_following,RF,RF,proposed_full,Full,True,True,27.259577037416147,22.210169779010357,24.69811979154134,3.3039679827961512,27.259577037416147,22.210169779010357,24.69811979154134,3.3039679827961512
B007,I038_L2_v11_SOC060,hcs_i_nlc,HCS-i NLC,hcs_i_nlc,HCS-i,HCS-i NLC,proposed_full,Full,True,True,19.757154155338593,13.684490725108802,37.726937503708456,38.608100862281184,19.757154155338593,13.684490725108802,37.726937503708456,38.608100862281184
B007,I038_L2_v11_SOC060,oeac_i,OEAC-i,oeac_i,OEAC-i,OEAC-i,proposed_full,Full,True,True,20.76905089219101,16.47619526919595,38.182817494166684,35.11422123278168,20.76905089219101,16.47619526919595,38.182817494166684,35.11422123278168
B007,I038_L2_v11_SOC060,kinematic_only_optimization,KINO,kinematic_only_optimization,KINO,KINO,proposed_full,Full,True,True,23.545443014957765,18.074971826412337,18.074773645672632,-0.0002419044151982654,23.545443014957765,18.074971826412337,18.074773645672632,-0.0002419044151982654
B007,I039_L2_v11_SOC064,constant_rule_following,RF,constant_rule_following,RF,RF,proposed_full,Full,True,True,28.49238658357077,23.793671444531192,26.230887499825034,3.3038435365317333,28.49238658357077,23.793671444531192,26.230887499825034,3.3038435365317333
B007,I039_L2_v11_SOC064,hcs_i_nlc,HCS-i NLC,hcs_i_nlc,HCS-i,HCS-i NLC,proposed_full,Full,True,True,21.117115265528962,15.441542415654716,38.99450398446581,38.60793388650371,21.117115265528962,15.441542415654716,38.99450398446581,38.60793388650371
B007,I039_L2_v11_SOC064,oeac_i,OEAC-i,oeac_i,OEAC-i,OEAC-i,proposed_full,Full,True,True,22.11186230890825,18.176418595640214,39.441104550209914,35.114058465944844,22.11186230890825,18.176418595640214,39.441104550209914,35.114058465944844
B007,I039_L2_v11_SOC064,kinematic_only_optimization,KINO,kinematic_only_optimization,KINO,KINO,proposed_full,Full,True,True,24.841199952564043,19.74265021306234,19.742359383268063,-0.00036237022673161654,24.841199952564043,19.74265021306234,19.742359383268063,-0.00036237022673161654
B007,I040_L2_v12_SOC056,constant_rule_following,RF,constant_rule_following,RF,RF,proposed_full,Full,True,True,37.852969577986066,28.135457794271,30.45624549669758,3.3371619335225366,37.852969577986066,28.135457794271,30.45624549669758,3.3371619335225366
B007,I040_L2_v12_SOC056,hcs_i_nlc,HCS-i NLC,hcs_i_nlc,HCS-i,HCS-i NLC,proposed_full,Full,True,True,33.167058805264645,22.442346116387657,43.806359414951444,38.018560598916075,33.167058805264645,22.442346116387657,43.806359414951444,38.018560598916075
B007,I040_L2_v12_SOC056,oeac_i,OEAC-i,oeac_i,OEAC-i,OEAC-i,proposed_full,Full,True,True,33.41723721229277,24.283665171788645,43.96130307712263,35.11437450520149,33.41723721229277,24.283665171788645,43.96130307712263,35.11437450520149
B007,I040_L2_v12_SOC056,kinematic_only_optimization,KINO,kinematic_only_optimization,KINO,KINO,proposed_full,Full,True,True,37.90105880655836,27.98844123773448,27.98806386213028,-0.0005240459074483851,37.90105880655836,27.98844123773448,27.98806386213028,-0.0005240459074483851
B007,I041_L2_v12_SOC060,constant_rule_following,RF,constant_rule_following,RF,RF,proposed_full,Full,True,True,49.20488017723626,40.32488223070126,42.25201285176451,3.337139035021982,49.20488017723626,40.32488223070126,42.25201285176451,3.337139035021982
B007,I041_L2_v12_SOC060,hcs_i_nlc,HCS-i NLC,hcs_i_nlc,HCS-i,HCS-i NLC,proposed_full,Full,True,True,45.37490797159968,35.597417205197004,53.33772734165726,38.01853001535807,45.37490797159968,35.597417205197004,53.33772734165726,38.01853001535807
B007,I041_L2_v12_SOC060,oeac_i,OEAC-i,oeac_i,OEAC-i,OEAC-i,proposed_full,Full,True,True,45.579388251281074,37.126417851542854,53.466390004115866,35.114344565182606,45.579388251281074,37.126417851542854,53.466390004115866,35.114344565182606
B007,I041_L2_v12_SOC060,kinematic_only_optimization,KINO,kinematic_only_optimization,KINO,KINO,proposed_full,Full,True,True,49.24418532361134,40.202802133116585,40.20247551616186,-0.0005462048095582875,49.24418532361134,40.202802133116585,40.20247551616186,-0.0005462048095582875
B007,I042_L2_v12_SOC064,constant_rule_following,RF,constant_rule_following,RF,RF,proposed_full,Full,True,True,49.457240933799106,39.244201354466476,41.20624342986465,3.3371605929919497,49.457240933799106,39.244201354466476,41.20624342986465,3.3371605929919497
B007,I042_L2_v12_SOC064,hcs_i_nlc,HCS-i NLC,hcs_i_nlc,HCS-i,HCS-i NLC,proposed_full,Full,True,True,45.646296829421104,34.431124750181894,52.49271125863453,38.01855880848465,45.646296829421104,34.431124750181894,52.49271125863453,38.01855880848465
B007,I042_L2_v12_SOC064,oeac_i,OEAC-i,oeac_i,OEAC-i,OEAC-i,proposed_full,Full,True,True,45.849761208396636,35.98781468848096,52.62370389802884,35.11437275244431,45.849761208396636,35.98781468848096,52.62370389802884,35.11437275244431
B007,I042_L2_v12_SOC064,kinematic_only_optimization,KINO,kinematic_only_optimization,KINO,KINO,proposed_full,Full,True,True,49.49635080400374,39.119910458951935,39.11959062789754,-0.0005253431402508368,49.49635080400374,39.119910458951935,39.11959062789754,-0.0005253431402508368
B007,I043_L2_v13_SOC056,constant_rule_following,RF,constant_rule_following,RF,RF,proposed_full,Full,True,True,34.737960796795804,26.206258186764607,28.60422442934161,3.3586948575182967,34.737960796795804,26.206258186764607,28.60422442934161,3.3586948575182967
B007,I043_L2_v13_SOC056,hcs_i_nlc,HCS-i NLC,hcs_i_nlc,HCS-i,HCS-i NLC,proposed_full,Full,True,True,27.8889146100296,18.223545819925356,40.73413037857088,37.98237451409341,27.8889146100296,18.223545819925356,40.73413037857088,37.98237451409341
B007,I043_L2_v13_SOC056,oeac_i,OEAC-i,oeac_i,OEAC-i,OEAC-i,proposed_full,Full,True,True,29.78518422437989,21.9727345518969,42.25108386555332,35.11468382617932,29.78518422437989,21.9727345518969,42.25108386555332,35.11468382617932
B007,I043_L2_v13_SOC056,kinematic_only_optimization,KINO,kinematic_only_optimization,KINO,KINO,proposed_full,Full,True,True,34.499097437443496,25.71972078643214,25.719399694498684,-0.0004322688994658661,34.499097437443496,25.71972078643214,25.719399694498684,-0.0004322688994658661
B007,I044_L2_v13_SOC060,constant_rule_following,RF,constant_rule_following,RF,RF,proposed_full,Full,True,True,50.85538716996759,40.04006763586262,41.9885127029279,3.358722828614012,50.85538716996759,40.04006763586262,41.9885127029279,3.358722828614012
B007,I044_L2_v13_SOC060,hcs_i_nlc,HCS-i NLC,hcs_i_nlc,HCS-i,HCS-i NLC,proposed_full,Full,True,True,45.69781429585629,33.55384154355466,51.84447237650812,37.98241185510483,45.69781429585629,33.55384154355466,51.84447237650812,37.98241185510483
B007,I044_L2_v13_SOC060,oeac_i,OEAC-i,oeac_i,OEAC-i,OEAC-i,proposed_full,Full,True,True,47.125772066658286,36.60018527495601,53.07704849515031,35.11472039113169,47.125772066658286,36.60018527495601,53.07704849515031,35.11472039113169
B007,I044_L2_v13_SOC060,kinematic_only_optimization,KINO,kinematic_only_optimization,KINO,KINO,proposed_full,Full,True,True,50.67551465206942,39.64473940206209,39.64449483741714,-0.0004052068561196217,50.67551465206942,39.64473940206209,39.64449483741714,-0.0004052068561196217
B007,I045_L2_v13_SOC064,constant_rule_following,RF,constant_rule_following,RF,RF,proposed_full,Full,True,True,36.49781762373445,28.71613060471756,31.032570466957512,3.35874466820624,36.49781762373445,28.71613060471756,31.032570466957512,3.35874466820624
B007,I045_L2_v13_SOC064,hcs_i_nlc,HCS-i NLC,hcs_i_nlc,HCS-i,HCS-i NLC,proposed_full,Full,True,True,29.833462887571994,21.00492621535274,42.74990846222832,37.982441010647065,29.833462887571994,21.00492621535274,42.74990846222832,37.982441010647065
B007,I045_L2_v13_SOC064,oeac_i,OEAC-i,oeac_i,OEAC-i,OEAC-i,proposed_full,Full,True,True,31.678597675807826,24.626597556867367,44.21526662778007,35.11474894073366,31.678597675807826,24.626597556867367,44.21526662778007,35.11474894073366
B007,I045_L2_v13_SOC064,kinematic_only_optimization,KINO,kinematic_only_optimization,KINO,KINO,proposed_full,Full,True,True,36.26539545621117,28.246141312278677,28.245865721120648,-0.0003840770442032299,36.26539545621117,28.246141312278677,28.245865721120648,-0.0003840770442032299
B007,I046_L2_v14_SOC056,constant_rule_following,RF,constant_rule_following,RF,RF,proposed_full,Full,True,True,34.737960796795804,26.206258186764607,28.60422442934161,3.3586948575182967,34.737960796795804,26.206258186764607,28.60422442934161,3.3586948575182967
B007,I046_L2_v14_SOC056,hcs_i_nlc,HCS-i NLC,hcs_i_nlc,HCS-i,HCS-i NLC,proposed_full,Full,True,True,27.8889146100296,18.223545819925356,40.73413037857088,37.98237451409341,27.8889146100296,18.223545819925356,40.73413037857088,37.98237451409341
B007,I046_L2_v14_SOC056,oeac_i,OEAC-i,oeac_i,OEAC-i,OEAC-i,proposed_full,Full,True,True,29.78518422437989,21.9727345518969,42.25108386555332,35.11468382617932,29.78518422437989,21.9727345518969,42.25108386555332,35.11468382617932
B007,I046_L2_v14_SOC056,kinematic_only_optimization,KINO,kinematic_only_optimization,KINO,KINO,proposed_full,Full,True,True,34.499097437443496,25.71972078643214,25.719399694498684,-0.0004322688994658661,34.499097437443496,25.71972078643214,25.719399694498684,-0.0004322688994658661
B007,I047_L2_v14_SOC060,constant_rule_following,RF,constant_rule_following,RF,RF,proposed_full,Full,True,True,50.85538716996759,40.04006763586262,41.9885127029279,3.358722828614012,50.85538716996759,40.04006763586262,41.9885127029279,3.358722828614012
B007,I047_L2_v14_SOC060,hcs_i_nlc,HCS-i NLC,hcs_i_nlc,HCS-i,HCS-i NLC,proposed_full,Full,True,True,45.69781429585629,33.55384154355466,51.84447237650812,37.98241185510483,45.69781429585629,33.55384154355466,51.84447237650812,37.98241185510483
B007,I047_L2_v14_SOC060,oeac_i,OEAC-i,oeac_i,OEAC-i,OEAC-i,proposed_full,Full,True,True,47.125772066658286,36.60018527495601,53.07704849515031,35.11472039113169,47.125772066658286,36.60018527495601,53.07704849515031,35.11472039113169
B007,I047_L2_v14_SOC060,kinematic_only_optimization,KINO,kinematic_only_optimization,KINO,KINO,proposed_full,Full,True,True,50.67551465206942,39.64473940206209,39.64449483741714,-0.0004052068561196217,50.67551465206942,39.64473940206209,39.64449483741714,-0.0004052068561196217
B007,I048_L2_v14_SOC064,constant_rule_following,RF,constant_rule_following,RF,RF,proposed_full,Full,True,True,36.49781762373445,28.71613060471756,31.032570466957512,3.35874466820624,36.49781762373445,28.71613060471756,31.032570466957512,3.35874466820624
B007,I048_L2_v14_SOC064,hcs_i_nlc,HCS-i NLC,hcs_i_nlc,HCS-i,HCS-i NLC,proposed_full,Full,True,True,29.833462887571994,21.00492621535274,42.74990846222832,37.982441010647065,29.833462887571994,21.00492621535274,42.74990846222832,37.982441010647065
B007,I048_L2_v14_SOC064,oeac_i,OEAC-i,oeac_i,OEAC-i,OEAC-i,proposed_full,Full,True,True,31.678597675807826,24.626597556867367,44.21526662778007,35.11474894073366,31.678597675807826,24.626597556867367,44.21526662778007,35.11474894073366
B007,I048_L2_v14_SOC064,kinematic_only_optimization,KINO,kinematic_only_optimization,KINO,KINO,proposed_full,Full,True,True,36.26539545621117,28.246141312278677,28.245865721120648,-0.0003840770442032299,36.26539545621117,28.246141312278677,28.245865721120648,-0.0003840770442032299
B007,I049_L2_v15_SOC056,constant_rule_following,RF,constant_rule_following,RF,RF,proposed_full,Full,True,True,34.737960796795804,26.206258186764607,28.60422442934161,3.3586948575182967,34.737960796795804,26.206258186764607,28.60422442934161,3.3586948575182967
B007,I049_L2_v15_SOC056,hcs_i_nlc,HCS-i NLC,hcs_i_nlc,HCS-i,HCS-i NLC,proposed_full,Full,True,True,27.8889146100296,18.223545819925356,40.73413037857088,37.98237451409341,27.8889146100296,18.223545819925356,40.73413037857088,37.98237451409341
B007,I049_L2_v15_SOC056,oeac_i,OEAC-i,oeac_i,OEAC-i,OEAC-i,proposed_full,Full,True,True,29.78518422437989,21.9727345518969,42.25108386555332,35.11468382617932,29.78518422437989,21.9727345518969,42.25108386555332,35.11468382617932
B007,I049_L2_v15_SOC056,kinematic_only_optimization,KINO,kinematic_only_optimization,KINO,KINO,proposed_full,Full,True,True,34.499097437443496,25.71972078643214,25.719399694498684,-0.0004322688994658661,34.499097437443496,25.71972078643214,25.719399694498684,-0.0004322688994658661
B007,I050_L2_v15_SOC060,constant_rule_following,RF,constant_rule_following,RF,RF,proposed_full,Full,True,True,50.85538716996759,40.04006763586262,41.9885127029279,3.358722828614012,50.85538716996759,40.04006763586262,41.9885127029279,3.358722828614012
B007,I050_L2_v15_SOC060,hcs_i_nlc,HCS-i NLC,hcs_i_nlc,HCS-i,HCS-i NLC,proposed_full,Full,True,True,45.69781429585629,33.55384154355466,51.84447237650812,37.98241185510483,45.69781429585629,33.55384154355466,51.84447237650812,37.98241185510483
B007,I050_L2_v15_SOC060,oeac_i,OEAC-i,oeac_i,OEAC-i,OEAC-i,proposed_full,Full,True,True,47.125772066658286,36.60018527495601,53.07704849515031,35.11472039113169,47.125772066658286,36.60018527495601,53.07704849515031,35.11472039113169
B007,I050_L2_v15_SOC060,kinematic_only_optimization,KINO,kinematic_only_optimization,KINO,KINO,proposed_full,Full,True,True,50.67551465206942,39.64473940206209,39.64449483741714,-0.0004052068561196217,50.67551465206942,39.64473940206209,39.64449483741714,-0.0004052068561196217
B007,I051_L2_v15_SOC064,constant_rule_following,RF,constant_rule_following,RF,RF,proposed_full,Full,True,True,36.49781762373445,28.71613060471756,31.032570466957512,3.35874466820624,36.49781762373445,28.71613060471756,31.032570466957512,3.35874466820624
B007,I051_L2_v15_SOC064,hcs_i_nlc,HCS-i NLC,hcs_i_nlc,HCS-i,HCS-i NLC,proposed_full,Full,True,True,29.833462887571994,21.00492621535274,42.74990846222832,37.982441010647065,29.833462887571994,21.00492621535274,42.74990846222832,37.982441010647065
B007,I051_L2_v15_SOC064,oeac_i,OEAC-i,oeac_i,OEAC-i,OEAC-i,proposed_full,Full,True,True,31.678597675807826,24.626597556867367,44.21526662778007,35.11474894073366,31.678597675807826,24.626597556867367,44.21526662778007,35.11474894073366
B007,I051_L2_v15_SOC064,kinematic_only_optimization,KINO,kinematic_only_optimization,KINO,KINO,proposed_full,Full,True,True,36.26539545621117,28.246141312278677,28.245865721120648,-0.0003840770442032299,36.26539545621117,28.246141312278677,28.245865721120648,-0.0003840770442032299
B007,I052_L2_v16_SOC056,constant_rule_following,RF,constant_rule_following,RF,RF,proposed_full,Full,True,True,34.737960796795804,26.206258186764607,28.60422442934161,3.3586948575182967,34.737960796795804,26.206258186764607,28.60422442934161,3.3586948575182967
B007,I052_L2_v16_SOC056,hcs_i_nlc,HCS-i NLC,hcs_i_nlc,HCS-i,HCS-i NLC,proposed_full,Full,True,True,27.8889146100296,18.223545819925356,40.73413037857088,37.98237451409341,27.8889146100296,18.223545819925356,40.73413037857088,37.98237451409341
B007,I052_L2_v16_SOC056,oeac_i,OEAC-i,oeac_i,OEAC-i,OEAC-i,proposed_full,Full,True,True,29.78518422437989,21.9727345518969,42.25108386555332,35.11468382617932,29.78518422437989,21.9727345518969,42.25108386555332,35.11468382617932
B007,I052_L2_v16_SOC056,kinematic_only_optimization,KINO,kinematic_only_optimization,KINO,KINO,proposed_full,Full,True,True,34.499097437443496,25.71972078643214,25.719399694498684,-0.0004322688994658661,34.499097437443496,25.71972078643214,25.719399694498684,-0.0004322688994658661
B007,I053_L2_v16_SOC060,constant_rule_following,RF,constant_rule_following,RF,RF,proposed_full,Full,True,True,50.85538716996759,40.04006763586262,41.9885127029279,3.358722828614012,50.85538716996759,40.04006763586262,41.9885127029279,3.358722828614012
B007,I053_L2_v16_SOC060,hcs_i_nlc,HCS-i NLC,hcs_i_nlc,HCS-i,HCS-i NLC,proposed_full,Full,True,True,45.69781429585629,33.55384154355466,51.84447237650812,37.98241185510483,45.69781429585629,33.55384154355466,51.84447237650812,37.98241185510483
B007,I053_L2_v16_SOC060,oeac_i,OEAC-i,oeac_i,OEAC-i,OEAC-i,proposed_full,Full,True,True,47.125772066658286,36.60018527495601,53.07704849515031,35.11472039113169,47.125772066658286,36.60018527495601,53.07704849515031,35.11472039113169
B007,I053_L2_v16_SOC060,kinematic_only_optimization,KINO,kinematic_only_optimization,KINO,KINO,proposed_full,Full,True,True,50.67551465206942,39.64473940206209,39.64449483741714,-0.0004052068561196217,50.67551465206942,39.64473940206209,39.64449483741714,-0.0004052068561196217
B007,I054_L2_v16_SOC064,constant_rule_following,RF,constant_rule_following,RF,RF,proposed_full,Full,True,True,36.49781762373445,28.71613060471756,31.032570466957512,3.35874466820624,36.49781762373445,28.71613060471756,31.032570466957512,3.35874466820624
B007,I054_L2_v16_SOC064,hcs_i_nlc,HCS-i NLC,hcs_i_nlc,HCS-i,HCS-i NLC,proposed_full,Full,True,True,29.833462887571994,21.00492621535274,42.74990846222832,37.982441010647065,29.833462887571994,21.00492621535274,42.74990846222832,37.982441010647065
B007,I054_L2_v16_SOC064,oeac_i,OEAC-i,oeac_i,OEAC-i,OEAC-i,proposed_full,Full,True,True,31.678597675807826,24.626597556867367,44.21526662778007,35.11474894073366,31.678597675807826,24.626597556867367,44.21526662778007,35.11474894073366
B007,I054_L2_v16_SOC064,kinematic_only_optimization,KINO,kinematic_only_optimization,KINO,KINO,proposed_full,Full,True,True,36.26539545621117,28.246141312278677,28.245865721120648,-0.0003840770442032299,36.26539545621117,28.246141312278677,28.245865721120648,-0.0003840770442032299
B007,I055_L3_v8_SOC056,constant_rule_following,RF,constant_rule_following,RF,RF,proposed_full,Full,True,True,31.314946132424424,24.531766610089544,26.948659187641137,3.3084848966149334,31.314946132424424,24.531766610089544,26.948659187641137,3.3084848966149334
B007,I055_L3_v8_SOC056,hcs_i_nlc,HCS-i NLC,hcs_i_nlc,HCS-i,HCS-i NLC,proposed_full,Full,False,True,,,,,34.14583001793823,28.797218381062685,42.04786378466545,
B007,I055_L3_v8_SOC056,oeac_i,OEAC-i,oeac_i,OEAC-i,OEAC-i,proposed_full,Full,True,True,25.032761196282188,18.172836311281298,39.437559884376526,35.112065386562094,25.032761196282188,18.172836311281298,39.437559884376526,35.112065386562094
B007,I055_L3_v8_SOC056,kinematic_only_optimization,KINO,kinematic_only_optimization,KINO,KINO,proposed_full,Full,True,True,26.855171975835617,19.29803664805846,19.297824747343952,-0.00026257125517329777,26.855171975835617,19.29803664805846,19.297824747343952,-0.00026257125517329777
B007,I056_L3_v8_SOC060,constant_rule_following,RF,constant_rule_following,RF,RF,proposed_full,Full,True,True,28.765861418717332,22.71883467113474,25.193784914550385,3.3084821101944057,28.765861418717332,22.71883467113474,25.193784914550385,3.3084821101944057
B007,I056_L3_v8_SOC060,hcs_i_nlc,HCS-i NLC,hcs_i_nlc,HCS-i,HCS-i NLC,proposed_full,Full,False,True,,,,,31.701806921460935,27.08675304828528,40.65570983124019,
B007,I056_L3_v8_SOC060,oeac_i,OEAC-i,oeac_i,OEAC-i,OEAC-i,proposed_full,Full,True,True,22.250527919857568,16.20714728078659,37.98269996130546,35.112061742340295,22.250527919857568,16.20714728078659,37.98269996130546,35.112061742340295
B007,I056_L3_v8_SOC060,kinematic_only_optimization,KINO,kinematic_only_optimization,KINO,KINO,proposed_full,Full,True,True,24.140573202096412,17.35937768752348,17.3591584674584,-0.0002652684326741188,24.140573202096412,17.35937768752348,17.3591584674584,-0.0002652684326741188
B007,I057_L3_v8_SOC064,constant_rule_following,RF,constant_rule_following,RF,RF,proposed_full,Full,True,True,31.14299216107546,24.1922937554376,26.62005783206829,3.3084845870751702,31.14299216107546,24.1922937554376,26.62005783206829,3.3084845870751702
B007,I057_L3_v8_SOC064,hcs_i_nlc,HCS-i NLC,hcs_i_nlc,HCS-i,HCS-i NLC,proposed_full,Full,False,True,,,,,33.98096320309759,28.47693247466738,41.787182046220494,
B007,I057_L3_v8_SOC064,oeac_i,OEAC-i,oeac_i,OEAC-i,OEAC-i,proposed_full,Full,True,True,24.84507968906201,17.804759577565214,39.16513641209679,35.11206498173033,24.84507968906201,17.804759577565214,39.16513641209679,35.11206498173033
B007,I057_L3_v8_SOC064,kinematic_only_optimization,KINO,kinematic_only_optimization,KINO,KINO,proposed_full,Full,True,True,26.67205289891618,18.935021315056602,18.93480821827275,-0.0002628708810467753,26.67205289891618,18.935021315056602,18.93480821827275,-0.0002628708810467753
B007,I058_L3_v9_SOC056,constant_rule_following,RF,constant_rule_following,RF,RF,proposed_full,Full,True,True,46.95929414088565,37.018384245943814,39.02277957269286,3.287121506528096,46.95929414088565,37.018384245943814,39.02277957269286,3.287121506528096
B007,I058_L3_v9_SOC056,hcs_i_nlc,HCS-i NLC,hcs_i_nlc,HCS-i,HCS-i NLC,proposed_full,Full,False,True,,,,,48.92524905205757,40.3595400476337,51.45884211125932,
B007,I058_L3_v9_SOC056,oeac_i,OEAC-i,oeac_i,OEAC-i,OEAC-i,proposed_full,Full,True,True,41.49301150441741,30.96963366823574,48.90920118572878,35.113108297069665,41.49301150441741,30.96963366823574,48.90920118572878,35.113108297069665
B007,I058_L3_v9_SOC056,kinematic_only_optimization,KINO,kinematic_only_optimization,KINO,KINO,proposed_full,Full,True,True,43.12450942748497,32.14325694781755,32.14325563613678,-1.933014593721514e-06,43.12450942748497,32.14325694781755,32.14325563613678,-1.933014593721514e-06
B007,I059_L3_v9_SOC060,constant_rule_following,RF,constant_rule_following,RF,RF,proposed_full,Full,True,True,46.619180249784414,36.67430291112005,38.689641253015544,3.2871090352160466,46.619180249784414,36.67430291112005,38.689641253015544,3.2871090352160466
B007,I059_L3_v9_SOC060,hcs_i_nlc,HCS-i NLC,hcs_i_nlc,HCS-i,HCS-i NLC,proposed_full,Full,False,True,,,,,48.59774148969456,40.033712124290986,51.19364603211819,
B007,I059_L3_v9_SOC060,oeac_i,OEAC-i,oeac_i,OEAC-i,OEAC-i,proposed_full,Full,True,True,41.11784606889881,30.592506782771917,48.63007559179902,35.113091982957016,41.11784606889881,30.592506782771917,48.63007559179902,35.113091982957016
B007,I059_L3_v9_SOC060,kinematic_only_optimization,KINO,kinematic_only_optimization,KINO,KINO,proposed_full,Full,True,True,42.759805676024875,31.77254180425307,31.772532247341125,-1.4007425833141367e-05,42.759805676024875,31.77254180425307,31.772532247341125,-1.4007425833141367e-05
B007,I060_L3_v9_SOC064,constant_rule_following,RF,constant_rule_following,RF,RF,proposed_full,Full,True,True,46.478634287107255,36.953191310178205,38.95964668245124,3.2870965897508824,46.478634287107255,36.953191310178205,38.95964668245124,3.2870965897508824
B007,I060_L3_v9_SOC064,hcs_i_nlc,HCS-i NLC,hcs_i_nlc,HCS-i,HCS-i NLC,proposed_full,Full,False,True,,,,,48.46240486616731,40.297805577532316,51.40858492387498,
B007,I060_L3_v9_SOC064,oeac_i,OEAC-i,oeac_i,OEAC-i,OEAC-i,proposed_full,Full,True,True,40.96281568443722,30.89817960685191,48.85630422238256,35.113075702655486,40.96281568443722,30.89817960685191,48.85630422238256,35.113075702655486
B007,I060_L3_v9_SOC064,kinematic_only_optimization,KINO,kinematic_only_optimization,KINO,KINO,proposed_full,Full,True,True,42.60909839478164,32.07301771628784,32.073000016676644,-2.6056812767688424e-05,42.60909839478164,32.07301771628784,32.073000016676644,-2.6056812767688424e-05
B007,I061_L3_v10_SOC056,constant_rule_following,RF,constant_rule_following,RF,RF,proposed_full,Full,True,True,47.69050010112986,36.51684353249645,38.54685802735701,3.3033534652536645,47.69050010112986,36.51684353249645,38.54685802735701,3.3033534652536645
B007,I061_L3_v10_SOC056,hcs_i_nlc,HCS-i NLC,hcs_i_nlc,HCS-i,HCS-i NLC,proposed_full,Full,False,True,,,,,49.90376763343456,40.26906754716208,51.38564819751521,
B007,I061_L3_v10_SOC056,oeac_i,OEAC-i,oeac_i,OEAC-i,OEAC-i,proposed_full,Full,True,True,42.61436624902534,30.865499771175816,48.832596361738055,35.114340992527545,42.61436624902534,30.865499771175816,48.832596361738055,35.114340992527545
B007,I061_L3_v10_SOC056,kinematic_only_optimization,KINO,kinematic_only_optimization,KINO,KINO,proposed_full,Full,True,True,44.19566867203825,31.89045050500352,31.89070130002507,0.00036822434869486053,44.19566867203825,31.89045050500352,31.89070130002507,0.00036822434869486053
B007,I062_L3_v10_SOC060,constant_rule_following,RF,constant_rule_following,RF,RF,proposed_full,Full,True,True,48.6486835847477,37.69117625976062,39.683971704557486,3.303923519359836,48.6486835847477,37.69117625976062,39.683971704557486,3.303923519359836
B007,I062_L3_v10_SOC060,hcs_i_nlc,HCS-i NLC,hcs_i_nlc,HCS-i,HCS-i NLC,proposed_full,Full,False,True,,,,,50.82140941050997,41.37399037571235,52.285196089915075,
B007,I062_L3_v10_SOC060,oeac_i,OEAC-i,oeac_i,OEAC-i,OEAC-i,proposed_full,Full,True,True,43.665532223913864,32.144372951392036,49.77938529125782,35.1150865877314,43.665532223913864,32.144372951392036,49.77938529125782,35.1150865877314
B007,I062_L3_v10_SOC060,kinematic_only_optimization,KINO,kinematic_only_optimization,KINO,KINO,proposed_full,Full,True,True,45.21786901224731,33.15036380266912,33.15097884825444,0.0009200517445417027,45.21786901224731,33.15036380266912,33.15097884825444,0.0009200517445417027
B007,I063_L3_v10_SOC064,constant_rule_following,RF,constant_rule_following,RF,RF,proposed_full,Full,True,True,29.03984084746629,22.592727971947,25.06760294673054,3.3028103625513867,29.03984084746629,22.592727971947,25.06760294673054,3.3028103625513867
B007,I063_L3_v10_SOC064,hcs_i_nlc,HCS-i NLC,hcs_i_nlc,HCS-i,HCS-i NLC,proposed_full,Full,False,True,,,,,32.04223652402809,27.1679482535991,40.72247903332961,
B007,I063_L3_v10_SOC064,oeac_i,OEAC-i,oeac_i,OEAC-i,OEAC-i,proposed_full,Full,True,True,22.153839896945243,15.701843394074503,37.609435701205186,35.11363064807843,22.153839896945243,15.701843394074503,37.609435701205186,35.11363064807843
B007,I063_L3_v10_SOC064,kinematic_only_optimization,KINO,kinematic_only_optimization,KINO,KINO,proposed_full,Full,True,True,24.298946843526988,16.951602301531583,16.951471488988947,-0.00015751337800584586,24.298946843526988,16.951602301531583,16.951471488988947,-0.00015751337800584586
B007,I064_L3_v11_SOC056,constant_rule_following,RF,constant_rule_following,RF,RF,proposed_full,Full,True,True,48.738848498506776,41.54466858069171,43.42646571852921,3.3262852705559642,48.738848498506776,41.54466858069171,43.42646571852921,3.3262852705559642
B007,I064_L3_v11_SOC056,hcs_i_nlc,HCS-i NLC,hcs_i_nlc,HCS-i,HCS-i NLC,proposed_full,Full,False,True,,,,,51.13213545641177,45.32978722536198,55.50448271818813,
B007,I064_L3_v11_SOC056,oeac_i,OEAC-i,oeac_i,OEAC-i,OEAC-i,proposed_full,Full,True,True,44.02173714042008,36.72326570161661,53.16798019427182,35.11425422365364,44.02173714042008,36.72326570161661,53.16798019427182,35.11425422365364
B007,I064_L3_v11_SOC056,kinematic_only_optimization,KINO,kinematic_only_optimization,KINO,KINO,proposed_full,Full,True,True,45.98331414788504,37.847145375311996,37.84714258667784,-4.4867352321166115e-06,45.98331414788504,37.847145375311996,37.84714258667784,-4.4867352321166115e-06
B007,I065_L3_v11_SOC060,constant_rule_following,RF,constant_rule_following,RF,RF,proposed_full,Full,True,True,48.79323486174844,41.56345476343738,43.44463062820698,3.326255111875947,48.79323486174844,41.56345476343738,43.44463062820698,3.326255111875947
B007,I065_L3_v11_SOC060,hcs_i_nlc,HCS-i NLC,hcs_i_nlc,HCS-i,HCS-i NLC,proposed_full,Full,False,True,,,,,51.1839826224247,45.34735695908844,55.518769558541216,
B007,I065_L3_v11_SOC060,oeac_i,OEAC-i,oeac_i,OEAC-i,OEAC-i,proposed_full,Full,True,True,44.081128200674165,36.743601371010925,53.18301725039007,35.11421478676158,44.081128200674165,36.743601371010925,53.18301725039007,35.11421478676158
B007,I065_L3_v11_SOC060,kinematic_only_optimization,KINO,kinematic_only_optimization,KINO,KINO,proposed_full,Full,True,True,46.04062404069498,37.86711985594181,37.867098932970634,-3.367454410869837e-05,46.04062404069498,37.86711985594181,37.867098932970634,-3.367454410869837e-05
B007,I066_L3_v11_SOC064,constant_rule_following,RF,constant_rule_following,RF,RF,proposed_full,Full,True,True,31.205453602341848,24.42146810974107,26.854472024319314,3.326251080431265,31.205453602341848,24.42146810974107,26.854472024319314,3.326251080431265
B007,I066_L3_v11_SOC064,hcs_i_nlc,HCS-i NLC,hcs_i_nlc,HCS-i,HCS-i NLC,proposed_full,Full,False,True,,,,,34.41734186169374,29.315353804145563,42.47048296582859,
B007,I066_L3_v11_SOC064,oeac_i,OEAC-i,oeac_i,OEAC-i,OEAC-i,proposed_full,Full,True,True,24.874898656119807,18.187741563258758,39.44955254493488,35.11420951505709,24.874898656119807,18.187741563258758,39.44955254493488,35.11420951505709
B007,I066_L3_v11_SOC064,kinematic_only_optimization,KINO,kinematic_only_optimization,KINO,KINO,proposed_full,Full,True,True,27.507414635568626,19.640837007195355,19.640806811257665,-3.757620813434502e-05,27.507414635568626,19.640837007195355,19.640806811257665,-3.757620813434502e-05
B007,I067_L3_v12_SOC056,constant_rule_following,RF,constant_rule_following,RF,RF,proposed_full,Full,True,True,51.63311401975805,40.37228586670495,42.31461758637314,3.3671124960928593,51.63311401975805,40.37228586670495,42.31461758637314,3.3671124960928593
B007,I067_L3_v12_SOC056,hcs_i_nlc,HCS-i NLC,hcs_i_nlc,HCS-i,HCS-i NLC,proposed_full,Full,False,True,,,,,53.98071608272245,44.28209884023242,54.65187292597621,
B007,I067_L3_v12_SOC056,oeac_i,OEAC-i,oeac_i,OEAC-i,OEAC-i,proposed_full,Full,True,True,47.049907171648684,35.2291433777669,52.062260257413314,35.1145401723901,47.049907171648684,35.2291433777669,52.062260257413314,35.1145401723901
B007,I067_L3_v12_SOC056,kinematic_only_optimization,KINO,kinematic_only_optimization,KINO,KINO,proposed_full,Full,True,True,50.61567644438248,38.39495475161944,38.39470306032242,-0.00040855463655908343,50.61567644438248,38.39495475161944,38.39470306032242,-0.00040855463655908343
B007,I068_L3_v12_SOC060,constant_rule_following,RF,constant_rule_following,RF,RF,proposed_full,Full,True,True,50.264893917586065,41.400881153047386,43.309686440760814,3.367074845544447,50.264893917586065,41.400881153047386,43.309686440760814,3.367074845544447
B007,I068_L3_v12_SOC060,hcs_i_nlc,HCS-i NLC,hcs_i_nlc,HCS-i,HCS-i NLC,proposed_full,Full,False,True,,,,,52.67890580349753,45.24324872382035,55.4341249795834,
B007,I068_L3_v12_SOC060,oeac_i,OEAC-i,oeac_i,OEAC-i,OEAC-i,proposed_full,Full,True,True,45.55203564340481,36.34645935712942,52.889182950333215,35.11449095812443,45.55203564340481,36.34645935712942,52.889182950333215,35.11449095812443
B007,I068_L3_v12_SOC060,kinematic_only_optimization,KINO,kinematic_only_optimization,KINO,KINO,proposed_full,Full,True,True,49.218674697183715,39.4576595706528,39.457390168997925,-0.0004449785954764874,49.218674697183715,39.4576595706528,39.457390168997925,-0.0004449785954764874
B007,I069_L3_v12_SOC064,constant_rule_following,RF,constant_rule_following,RF,RF,proposed_full,Full,True,True,45.46613952313003,37.51807457769582,39.528500370333994,3.324583985762274,45.46613952313003,37.51807457769582,39.528500370333994,3.324583985762274
B007,I069_L3_v12_SOC064,hcs_i_nlc,HCS-i NLC,hcs_i_nlc,HCS-i,HCS-i NLC,proposed_full,Full,False,True,,,,,48.11307038837555,41.61503932266317,52.4616265885224,
B007,I069_L3_v12_SOC064,oeac_i,OEAC-i,oeac_i,OEAC-i,OEAC-i,proposed_full,Full,True,True,40.2985551784705,32.12874429561022,49.74693952265341,35.0589497628413,40.2985551784705,32.12874429561022,49.74693952265341,35.0589497628413
B007,I069_L3_v12_SOC064,kinematic_only_optimization,KINO,kinematic_only_optimization,KINO,KINO,proposed_full,Full,True,True,44.31897452263523,35.44609417288289,35.41925986793591,-0.04155155994203477,44.31897452263523,35.44609417288289,35.41925986793591,-0.04155155994203477
B007,I070_L3_v13_SOC056,constant_rule_following,RF,constant_rule_following,RF,RF,proposed_full,Full,True,True,51.15117114221621,41.33152095806365,43.227594707806574,3.3397805500477107,51.15117114221621,41.33152095806365,43.227594707806574,3.3397805500477107
B007,I070_L3_v13_SOC056,hcs_i_nlc,HCS-i NLC,hcs_i_nlc,HCS-i,HCS-i NLC,proposed_full,Full,False,True,,,,,54.14873766103566,46.11702513485353,56.14507156863058,
B007,I070_L3_v13_SOC056,oeac_i,OEAC-i,oeac_i,OEAC-i,OEAC-i,proposed_full,Full,True,True,47.2550554985062,37.37660045375449,53.65143603066915,35.11400177939459,47.2550554985062,37.37660045375449,53.65143603066915,35.11400177939459
B007,I070_L3_v13_SOC056,kinematic_only_optimization,KINO,kinematic_only_optimization,KINO,KINO,proposed_full,Full,True,True,50.79598416065768,40.38368077841788,40.383095474569664,-0.0009817749728454536,50.79598416065768,40.38368077841788,40.383095474569664,-0.0009817749728454536
B007,I071_L3_v13_SOC060,constant_rule_following,RF,constant_rule_following,RF,RF,proposed_full,Full,True,True,50.79467346308209,43.73710912522263,45.55571843164256,3.3403128005951874,50.79467346308209,43.73710912522263,45.55571843164256,3.3403128005951874
B007,I071_L3_v13_SOC060,hcs_i_nlc,HCS-i NLC,hcs_i_nlc,HCS-i,HCS-i NLC,proposed_full,Full,False,True,,,,,53.814116156458766,48.32639290547987,57.9434751902971,
B007,I071_L3_v13_SOC060,oeac_i,OEAC-i,oeac_i,OEAC-i,OEAC-i,proposed_full,Full,True,True,46.87012405305469,39.94435253111847,55.55209869922032,35.11469768276343,46.87012405305469,39.94435253111847,55.55209869922032,35.11469768276343
B007,I071_L3_v13_SOC060,kinematic_only_optimization,KINO,kinematic_only_optimization,KINO,KINO,proposed_full,Full,True,True,50.436894334740416,42.82813330950359,42.82786646943897,-0.0004667309896463683,50.436894334740416,42.82813330950359,42.82786646943897,-0.0004667309896463683
B007,I072_L3_v13_SOC064,constant_rule_following,RF,constant_rule_following,RF,RF,proposed_full,Full,True,True,50.680616288677065,43.99046319482709,45.800881291225025,3.340309103780345,50.680616288677065,43.99046319482709,45.800881291225025,3.340309103780345
B007,I072_L3_v13_SOC064,hcs_i_nlc,HCS-i NLC,hcs_i_nlc,HCS-i,HCS-i NLC,proposed_full,Full,False,True,,,,,53.70705800281274,48.55908124489841,58.13285592211008,
B007,I072_L3_v13_SOC064,oeac_i,OEAC-i,oeac_i,OEAC-i,OEAC-i,proposed_full,Full,True,True,46.74696983473137,40.21478553682442,55.75224781077865,35.1146928492768,46.74696983473137,40.21478553682442,55.75224781077865,35.1146928492768
B007,I072_L3_v13_SOC064,kinematic_only_optimization,KINO,kinematic_only_optimization,KINO,KINO,proposed_full,Full,True,True,50.322007833932915,43.0855805339123,43.08531285941813,-0.0004703082940765288,50.322007833932915,43.0855805339123,43.08531285941813,-0.0004703082940765288
B007,I073_L3_v14_SOC056,constant_rule_following,RF,constant_rule_following,RF,RF,proposed_full,Full,True,True,51.54537355556291,44.04779764179491,45.84957445965151,3.3273548635625447,51.54537355556291,44.04779764179491,45.84957445965151,3.3273548635625447
B007,I073_L3_v14_SOC056,hcs_i_nlc,HCS-i NLC,hcs_i_nlc,HCS-i,HCS-i NLC,proposed_full,Full,False,True,,,,,54.51872132722745,48.611700657349566,58.17568778210697,
B007,I073_L3_v14_SOC056,oeac_i,OEAC-i,oeac_i,OEAC-i,OEAC-i,proposed_full,Full,True,True,47.43506990300704,40.000741464926406,55.59379024315534,35.11456812822322,47.43506990300704,40.000741464926406,55.59379024315534,35.11456812822322
B007,I073_L3_v14_SOC056,kinematic_only_optimization,KINO,kinematic_only_optimization,KINO,KINO,proposed_full,Full,True,True,51.19302191366473,43.143798843086785,43.14350900046777,-0.0005097792950546117,51.19302191366473,43.143798843086785,43.14350900046777,-0.0005097792950546117
B007,I074_L3_v14_SOC060,constant_rule_following,RF,constant_rule_following,RF,RF,proposed_full,Full,True,True,51.667670392295875,44.011221269719506,45.81417400149198,3.3273512003344092,51.667670392295875,44.011221269719506,45.81417400149198,3.3273512003344092
B007,I074_L3_v14_SOC060,hcs_i_nlc,HCS-i NLC,hcs_i_nlc,HCS-i,HCS-i NLC,proposed_full,Full,False,True,,,,,54.63351359620983,48.57810774272136,58.148345433456015,
B007,I074_L3_v14_SOC060,oeac_i,OEAC-i,oeac_i,OEAC-i,OEAC-i,proposed_full,Full,True,True,47.567740922178416,39.961519502037845,55.564759997227725,35.11456333805427,47.567740922178416,39.961519502037845,55.564759997227725,35.11456333805427
B007,I074_L3_v14_SOC060,kinematic_only_optimization,KINO,kinematic_only_optimization,KINO,KINO,proposed_full,Full,True,True,51.31620806674133,43.10663152025299,43.10633947113088,-0.0005133245415827496,51.31620806674133,43.10663152025299,43.10633947113088,-0.0005133245415827496
B007,I075_L3_v14_SOC064,constant_rule_following,RF,constant_rule_following,RF,RF,proposed_full,Full,True,True,51.676307843501945,43.446810534816215,45.267968564520835,3.3274080678907114,51.676307843501945,43.446810534816215,45.267968564520835,3.3274080678907114
B007,I075_L3_v14_SOC064,hcs_i_nlc,HCS-i NLC,hcs_i_nlc,HCS-i,HCS-i NLC,proposed_full,Full,False,True,,,,,54.64162102276849,48.05973479983466,57.726471246817006,
B007,I075_L3_v14_SOC064,oeac_i,OEAC-i,oeac_i,OEAC-i,OEAC-i,proposed_full,Full,True,True,47.57711107013288,39.356284601959466,55.11684268240633,35.11463770011763,47.57711107013288,39.356284601959466,55.11684268240633,35.11463770011763
B007,I075_L3_v14_SOC064,kinematic_only_optimization,KINO,kinematic_only_optimization,KINO,KINO,proposed_full,Full,True,True,51.32490832763839,42.53310181228294,42.53283844687937,-0.000458288518955297,51.32490832763839,42.53310181228294,42.53283844687937,-0.000458288518955297
B007,I076_L3_v15_SOC056,constant_rule_following,RF,constant_rule_following,RF,RF,proposed_full,Full,True,True,51.54537355556291,44.04779764179491,45.84957445965151,3.3273548635625447,51.54537355556291,44.04779764179491,45.84957445965151,3.3273548635625447
B007,I076_L3_v15_SOC056,hcs_i_nlc,HCS-i NLC,hcs_i_nlc,HCS-i,HCS-i NLC,proposed_full,Full,False,True,,,,,54.51872132722745,48.611700657349566,58.17568778210697,
B007,I076_L3_v15_SOC056,oeac_i,OEAC-i,oeac_i,OEAC-i,OEAC-i,proposed_full,Full,True,True,47.43506990300704,40.000741464926406,55.59379024315534,35.11456812822322,47.43506990300704,40.000741464926406,55.59379024315534,35.11456812822322
B007,I076_L3_v15_SOC056,kinematic_only_optimization,KINO,kinematic_only_optimization,KINO,KINO,proposed_full,Full,True,True,51.19302191366473,43.143798843086785,43.14350900046777,-0.0005097792950546117,51.19302191366473,43.143798843086785,43.14350900046777,-0.0005097792950546117
B007,I077_L3_v15_SOC060,constant_rule_following,RF,constant_rule_following,RF,RF,proposed_full,Full,True,True,51.667670392295875,44.011221269719506,45.81417400149198,3.3273512003344092,51.667670392295875,44.011221269719506,45.81417400149198,3.3273512003344092
B007,I077_L3_v15_SOC060,hcs_i_nlc,HCS-i NLC,hcs_i_nlc,HCS-i,HCS-i NLC,proposed_full,Full,False,True,,,,,54.63351359620983,48.57810774272136,58.148345433456015,
B007,I077_L3_v15_SOC060,oeac_i,OEAC-i,oeac_i,OEAC-i,OEAC-i,proposed_full,Full,True,True,47.567740922178416,39.961519502037845,55.564759997227725,35.11456333805427,47.567740922178416,39.961519502037845,55.564759997227725,35.11456333805427
B007,I077_L3_v15_SOC060,kinematic_only_optimization,KINO,kinematic_only_optimization,KINO,KINO,proposed_full,Full,True,True,51.31620806674133,43.10663152025299,43.10633947113088,-0.0005133245415827496,51.31620806674133,43.10663152025299,43.10633947113088,-0.0005133245415827496
B007,I078_L3_v15_SOC064,constant_rule_following,RF,constant_rule_following,RF,RF,proposed_full,Full,True,True,51.676307843501945,43.446810534816215,45.267968564520835,3.3274080678907114,51.676307843501945,43.446810534816215,45.267968564520835,3.3274080678907114
B007,I078_L3_v15_SOC064,hcs_i_nlc,HCS-i NLC,hcs_i_nlc,HCS-i,HCS-i NLC,proposed_full,Full,False,True,,,,,54.64162102276849,48.05973479983466,57.726471246817006,
B007,I078_L3_v15_SOC064,oeac_i,OEAC-i,oeac_i,OEAC-i,OEAC-i,proposed_full,Full,True,True,47.57711107013288,39.356284601959466,55.11684268240633,35.11463770011763,47.57711107013288,39.356284601959466,55.11684268240633,35.11463770011763
B007,I078_L3_v15_SOC064,kinematic_only_optimization,KINO,kinematic_only_optimization,KINO,KINO,proposed_full,Full,True,True,51.32490832763839,42.53310181228294,42.53283844687937,-0.000458288518955297,51.32490832763839,42.53310181228294,42.53283844687937,-0.000458288518955297
B007,I079_L3_v16_SOC056,constant_rule_following,RF,constant_rule_following,RF,RF,proposed_full,Full,True,True,51.54537355556291,44.04779764179491,45.84957445965151,3.3273548635625447,51.54537355556291,44.04779764179491,45.84957445965151,3.3273548635625447
B007,I079_L3_v16_SOC056,hcs_i_nlc,HCS-i NLC,hcs_i_nlc,HCS-i,HCS-i NLC,proposed_full,Full,False,True,,,,,54.51872132722745,48.611700657349566,58.17568778210697,
B007,I079_L3_v16_SOC056,oeac_i,OEAC-i,oeac_i,OEAC-i,OEAC-i,proposed_full,Full,True,True,47.43506990300704,40.000741464926406,55.59379024315534,35.11456812822322,47.43506990300704,40.000741464926406,55.59379024315534,35.11456812822322
B007,I079_L3_v16_SOC056,kinematic_only_optimization,KINO,kinematic_only_optimization,KINO,KINO,proposed_full,Full,True,True,51.19302191366473,43.143798843086785,43.14350900046777,-0.0005097792950546117,51.19302191366473,43.143798843086785,43.14350900046777,-0.0005097792950546117
B007,I080_L3_v16_SOC060,constant_rule_following,RF,constant_rule_following,RF,RF,proposed_full,Full,True,True,51.667670392295875,44.011221269719506,45.81417400149198,3.3273512003344092,51.667670392295875,44.011221269719506,45.81417400149198,3.3273512003344092
B007,I080_L3_v16_SOC060,hcs_i_nlc,HCS-i NLC,hcs_i_nlc,HCS-i,HCS-i NLC,proposed_full,Full,False,True,,,,,54.63351359620983,48.57810774272136,58.148345433456015,
B007,I080_L3_v16_SOC060,oeac_i,OEAC-i,oeac_i,OEAC-i,OEAC-i,proposed_full,Full,True,True,47.567740922178416,39.961519502037845,55.564759997227725,35.11456333805427,47.567740922178416,39.961519502037845,55.564759997227725,35.11456333805427
B007,I080_L3_v16_SOC060,kinematic_only_optimization,KINO,kinematic_only_optimization,KINO,KINO,proposed_full,Full,True,True,51.31620806674133,43.10663152025299,43.10633947113088,-0.0005133245415827496,51.31620806674133,43.10663152025299,43.10633947113088,-0.0005133245415827496
B007,I081_L3_v16_SOC064,constant_rule_following,RF,constant_rule_following,RF,RF,proposed_full,Full,True,True,51.676307843501945,43.446810534816215,45.267968564520835,3.3274080678907114,51.676307843501945,43.446810534816215,45.267968564520835,3.3274080678907114
B007,I081_L3_v16_SOC064,hcs_i_nlc,HCS-i NLC,hcs_i_nlc,HCS-i,HCS-i NLC,proposed_full,Full,False,True,,,,,54.64162102276849,48.05973479983466,57.726471246817006,
B007,I081_L3_v16_SOC064,oeac_i,OEAC-i,oeac_i,OEAC-i,OEAC-i,proposed_full,Full,True,True,47.57711107013288,39.356284601959466,55.11684268240633,35.11463770011763,47.57711107013288,39.356284601959466,55.11684268240633,35.11463770011763
B007,I081_L3_v16_SOC064,kinematic_only_optimization,KINO,kinematic_only_optimization,KINO,KINO,proposed_full,Full,True,True,51.32490832763839,42.53310181228294,42.53283844687937,-0.000458288518955297,51.32490832763839,42.53310181228294,42.53283844687937,-0.000458288518955297
B008,I001_L1_v8_SOC056,constant_rule_following,RF,constant_rule_following,RF,RF,proposed_full,Full,True,True,48.78543028356916,41.01177473748996,47.75455764400095,12.905973425520735,48.78543028356916,41.01177473748996,47.75455764400095,12.905973425520735
B008,I001_L1_v8_SOC056,hcs_i_nlc,HCS-i NLC,hcs_i_nlc,HCS-i,HCS-i NLC,proposed_full,Full,True,True,40.238428519417006,29.74566553206805,49.41110238862991,38.8730290342242,40.238428519417006,29.74566553206805,49.41110238862991,38.8730290342242
B008,I001_L1_v8_SOC056,oeac_i,OEAC-i,oeac_i,OEAC-i,OEAC-i,proposed_full,Full,True,True,42.268652377743074,33.769351418658445,51.2772989668592,35.933860760904835,42.268652377743074,33.769351418658445,51.2772989668592,35.933860760904835
B008,I001_L1_v8_SOC056,kinematic_only_optimization,KINO,kinematic_only_optimization,KINO,KINO,proposed_full,Full,True,True,45.09086381057542,35.69071416691674,35.690900771431984,0.0002901681371266219,45.09086381057542,35.69071416691674,35.690900771431984,0.0002901681371266219
B008,I002_L1_v8_SOC060,constant_rule_following,RF,constant_rule_following,RF,RF,proposed_full,Full,True,True,49.075512777106944,35.65506375339568,43.010229999163286,12.906116739301863,49.075512777106944,35.65506375339568,43.010229999163286,12.906116739301863
B008,I002_L1_v8_SOC060,hcs_i_nlc,HCS-i NLC,hcs_i_nlc,HCS-i,HCS-i NLC,proposed_full,Full,True,True,40.576921760086805,23.365881033554203,44.817203004563815,38.873205308501674,40.576921760086805,23.365881033554203,44.817203004563815,38.873205308501674
B008,I002_L1_v8_SOC060,oeac_i,OEAC-i,oeac_i,OEAC-i,OEAC-i,proposed_full,Full,True,True,42.59564630478934,27.754957170305968,46.85286600163333,35.93403330443799,42.59564630478934,27.754957170305968,46.85286600163333,35.93403330443799
B008,I002_L1_v8_SOC060,kinematic_only_optimization,KINO,kinematic_only_optimization,KINO,KINO,proposed_full,Full,True,True,45.401872557344674,29.850798552091934,29.851091143527285,0.0004171004797044441,45.401872557344674,29.850798552091934,29.851091143527285,0.0004171004797044441
B008,I003_L1_v8_SOC064,constant_rule_following,RF,constant_rule_following,RF,RF,proposed_full,Full,True,True,47.73871766531599,41.312202887239856,48.02028827286173,12.905199283973017,47.73871766531599,41.312202887239856,48.02028827286173,12.905199283973017
B008,I003_L1_v8_SOC064,hcs_i_nlc,HCS-i NLC,hcs_i_nlc,HCS-i,HCS-i NLC,proposed_full,Full,True,True,39.01703407440429,30.103472189620188,49.66840750405113,38.87207684915931,39.01703407440429,30.103472189620188,49.66840750405113,38.87207684915931
B008,I003_L1_v8_SOC064,oeac_i,OEAC-i,oeac_i,OEAC-i,OEAC-i,proposed_full,Full,True,True,41.08875122149867,34.10666536769624,51.525112238246805,35.93292872829253,41.08875122149867,34.10666536769624,51.525112238246805,35.93292872829253
B008,I003_L1_v8_SOC064,kinematic_only_optimization,KINO,kinematic_only_optimization,KINO,KINO,proposed_full,Full,True,True,43.968642418790225,36.018242579046294,36.01798953953992,-0.0003954853943415551,43.968642418790225,36.018242579046294,36.01798953953992,-0.0003954853943415551
B008,I004_L1_v9_SOC056,constant_rule_following,RF,constant_rule_following,RF,RF,proposed_full,Full,True,True,50.346086751259435,37.808550788555856,44.921380222651834,12.91395729023193,50.346086751259435,37.808550788555856,44.921380222651834,12.91395729023193
B008,I004_L1_v9_SOC056,hcs_i_nlc,HCS-i NLC,hcs_i_nlc,HCS-i,HCS-i NLC,proposed_full,Full,True,True,41.9860939969788,25.888056445022993,46.608217583661286,38.80777190966675,41.9860939969788,25.888056445022993,46.608217583661286,38.80777190966675
B008,I004_L1_v9_SOC056,oeac_i,OEAC-i,oeac_i,OEAC-i,OEAC-i,proposed_full,Full,True,True,43.956681094599915,30.10230594014108,48.579902525220994,35.93458101502622,43.956681094599915,30.10230594014108,48.579902525220994,35.93458101502622
B008,I004_L1_v9_SOC056,kinematic_only_optimization,KINO,kinematic_only_optimization,KINO,KINO,proposed_full,Full,True,True,48.27093381397271,33.97159685593937,33.971763797954814,0.0002528342797646709,48.27093381397271,33.97159685593937,33.971763797954814,0.0002528342797646709
B008,I005_L1_v9_SOC060,constant_rule_following,RF,constant_rule_following,RF,RF,proposed_full,Full,True,True,42.80689982369555,38.260249545899214,45.32105176600246,12.91320050613756,42.80689982369555,38.260249545899214,45.32105176600246,12.91320050613756
B008,I005_L1_v9_SOC060,hcs_i_nlc,HCS-i NLC,hcs_i_nlc,HCS-i,HCS-i NLC,proposed_full,Full,True,True,33.17757009345763,26.426334186296852,46.99564878957824,38.8068415772572,33.17757009345763,26.426334186296852,46.99564878957824,38.8068415772572
B008,I005_L1_v9_SOC060,oeac_i,OEAC-i,oeac_i,OEAC-i,OEAC-i,proposed_full,Full,True,True,35.44736068812412,30.609975434072,48.9530264306504,35.93366993962636,35.44736068812412,30.609975434072,48.9530264306504,35.93366993962636
B008,I005_L1_v9_SOC060,kinematic_only_optimization,KINO,kinematic_only_optimization,KINO,KINO,proposed_full,Full,True,True,40.41666666666633,34.45116354923408,34.45088994843335,-0.00041739819276868744,40.41666666666633,34.45116354923408,34.45088994843335,-0.00041739819276868744
B008,I006_L1_v9_SOC064,constant_rule_following,RF,constant_rule_following,RF,RF,proposed_full,Full,True,True,49.936286704873616,38.90427050079921,45.891662572155155,12.913706839863405,49.936286704873616,38.90427050079921,45.891662572155155,12.913706839863405
B008,I006_L1_v9_SOC064,hcs_i_nlc,HCS-i NLC,hcs_i_nlc,HCS-i,HCS-i NLC,proposed_full,Full,True,True,41.50729786963301,27.193797322515064,47.54878407382597,38.80746402516368,41.50729786963301,27.193797322515064,47.54878407382597,38.80746402516368
B008,I006_L1_v9_SOC064,oeac_i,OEAC-i,oeac_i,OEAC-i,OEAC-i,proposed_full,Full,True,True,43.49414847260902,31.333798085650507,49.48573519116658,35.93427950344405,43.49414847260902,31.333798085650507,49.48573519116658,35.93427950344405
B008,I006_L1_v9_SOC064,kinematic_only_optimization,KINO,kinematic_only_optimization,KINO,KINO,proposed_full,Full,True,True,47.84400726708938,35.13491792033393,35.13493804623235,3.102733245484413e-05,47.84400726708938,35.13491792033393,35.13493804623235,3.102733245484413e-05
B008,I007_L1_v10_SOC056,constant_rule_following,RF,constant_rule_following,RF,RF,proposed_full,Full,True,True,50.124831741096855,41.14554449925995,47.842405041534974,12.839665148686331,50.124831741096855,41.14554449925995,47.842405041534974,12.839665148686331
B008,I007_L1_v10_SOC056,hcs_i_nlc,HCS-i NLC,hcs_i_nlc,HCS-i,HCS-i NLC,proposed_full,Full,True,True,43.28907174967247,31.826432091670927,50.869420594727096,38.75995099909691,43.28907174967247,31.826432091670927,50.869420594727096,38.75995099909691
B008,I007_L1_v10_SOC056,oeac_i,OEAC-i,oeac_i,OEAC-i,OEAC-i,proposed_full,Full,True,True,43.94170089888842,34.26064827028625,51.638780834672716,35.93402495701716,43.94170089888842,34.26064827028625,51.638780834672716,35.93402495701716
B008,I007_L1_v10_SOC056,kinematic_only_optimization,KINO,kinematic_only_optimization,KINO,KINO,proposed_full,Full,True,True,48.48757350595245,38.07567581660104,38.07549661736504,-0.0002893834043260448,48.48757350595245,38.07567581660104,38.07549661736504,-0.0002893834043260448
B008,I008_L1_v10_SOC060,constant_rule_following,RF,constant_rule_following,RF,RF,proposed_full,Full,True,True,50.17727324425407,41.08469934485967,47.78848451183523,12.839667847785707,50.17727324425407,41.08469934485967,47.78848451183523,12.839667847785707
B008,I008_L1_v10_SOC060,hcs_i_nlc,HCS-i NLC,hcs_i_nlc,HCS-i,HCS-i NLC,proposed_full,Full,True,True,43.34870074796375,31.755952614287125,50.81862939417237,38.75995431820368,43.34870074796375,31.755952614287125,50.81862939417237,38.75995431820368
B008,I008_L1_v10_SOC060,oeac_i,OEAC-i,oeac_i,OEAC-i,OEAC-i,proposed_full,Full,True,True,44.000643686891415,34.19268534424884,51.588784998852525,35.93402820852842,44.000643686891415,34.19268534424884,51.588784998852525,35.93402820852842
B008,I008_L1_v10_SOC060,kinematic_only_optimization,KINO,kinematic_only_optimization,KINO,KINO,proposed_full,Full,True,True,48.54173651273369,38.01165695797742,38.0114790562324,-0.00028699143376940614,48.54173651273369,38.01165695797742,38.0114790562324,-0.00028699143376940614
B008,I009_L1_v10_SOC064,constant_rule_following,RF,constant_rule_following,RF,RF,proposed_full,Full,True,True,50.15289980534876,41.04333237362413,47.75182440913054,12.839667528369636,50.15289980534876,41.04333237362413,47.75182440913054,12.839667528369636
B008,I009_L1_v10_SOC064,hcs_i_nlc,HCS-i NLC,hcs_i_nlc,HCS-i,HCS-i NLC,proposed_full,Full,True,True,43.32098674933025,31.70803552799869,50.78409689534124,38.75995392541487,43.32098674933025,31.70803552799869,50.78409689534124,38.75995392541487
B008,I009_L1_v10_SOC064,oeac_i,OEAC-i,oeac_i,OEAC-i,OEAC-i,proposed_full,Full,True,True,43.97324862085006,34.146479193008304,51.554793261638864,35.93402782373897,43.97324862085006,34.146479193008304,51.554793261638864,35.93402782373897
B008,I009_L1_v10_SOC064,kinematic_only_optimization,KINO,kinematic_only_optimization,KINO,KINO,proposed_full,Full,True,True,48.516562963974934,37.968132271265425,37.96795406901335,-0.000287274503687819,48.516562963974934,37.968132271265425,37.96795406901335,-0.000287274503687819
B008,I010_L1_v11_SOC056,constant_rule_following,RF,constant_rule_following,RF,RF,proposed_full,Full,True,True,37.72291993825024,30.497585786371463,38.47240806199985,12.961375578723159,37.72291993825024,30.497585786371463,38.47240806199985,12.961375578723159
B008,I010_L1_v11_SOC056,hcs_i_nlc,HCS-i NLC,hcs_i_nlc,HCS-i,HCS-i NLC,proposed_full,Full,True,True,27.454410479141675,17.57718741660124,40.59922710364885,38.75713827363649,27.454410479141675,17.57718741660124,40.59922710364885,38.75713827363649
B008,I010_L1_v11_SOC056,oeac_i,OEAC-i,oeac_i,OEAC-i,OEAC-i,proposed_full,Full,True,True,29.791102558312996,22.15884312124137,42.73099565167518,35.921966453805794,29.791102558312996,22.15884312124137,42.73099565167518,35.921966453805794
B008,I010_L1_v11_SOC056,kinematic_only_optimization,KINO,kinematic_only_optimization,KINO,KINO,proposed_full,Full,True,True,35.31351601056793,26.50632544646937,26.506110970551575,-0.00029182823309644286,35.31351601056793,26.50632544646937,26.506110970551575,-0.00029182823309644286
B008,I011_L1_v11_SOC060,constant_rule_following,RF,constant_rule_following,RF,RF,proposed_full,Full,True,True,51.89692432308321,42.39686692187204,49.00634608416866,12.961375886509407,51.89692432308321,42.39686692187204,49.00634608416866,12.961375886509407
B008,I011_L1_v11_SOC060,hcs_i_nlc,HCS-i NLC,hcs_i_nlc,HCS-i,HCS-i NLC,proposed_full,Full,True,True,43.96548490571055,31.68852772046394,50.76903938542342,38.757138651708544,43.96548490571055,31.68852772046394,50.76903938542342,38.757138651708544
B008,I011_L1_v11_SOC060,oeac_i,OEAC-i,oeac_i,OEAC-i,OEAC-i,proposed_full,Full,True,True,45.77035558697209,35.48577312925434,52.53583480423731,35.921966824152854,45.77035558697209,35.48577312925434,52.53583480423731,35.921966824152854
B008,I011_L1_v11_SOC060,kinematic_only_optimization,KINO,kinematic_only_optimization,KINO,KINO,proposed_full,Full,True,True,50.03589070759185,39.08893721741362,39.08875962718167,-0.00029155576354666647,50.03589070759185,39.08893721741362,39.08875962718167,-0.00029155576354666647
B008,I012_L1_v11_SOC064,constant_rule_following,RF,constant_rule_following,RF,RF,proposed_full,Full,True,True,41.06814197227412,32.82976049164421,40.53701084815295,12.961424352259199,41.06814197227412,32.82976049164421,40.53701084815295,12.961424352259199
B008,I012_L1_v11_SOC064,hcs_i_nlc,HCS-i NLC,hcs_i_nlc,HCS-i,HCS-i NLC,proposed_full,Full,True,True,31.351206929710663,20.342910029539578,42.592462940751574,38.75719818505533,31.351206929710663,20.342910029539578,42.592462940751574,38.75719818505533
B008,I012_L1_v11_SOC064,oeac_i,OEAC-i,oeac_i,OEAC-i,OEAC-i,proposed_full,Full,True,True,33.562383268223904,24.77082687973089,44.65269845546623,35.922025141077405,33.562383268223904,24.77082687973089,44.65269845546623,35.922025141077405
B008,I012_L1_v11_SOC064,kinematic_only_optimization,KINO,kinematic_only_optimization,KINO,KINO,proposed_full,Full,True,True,38.78815951232528,28.97242810967272,28.972251498338313,-0.00024865117947488603,38.78815951232528,28.97242810967272,28.972251498338313,-0.00024865117947488603
B008,I013_L1_v12_SOC056,constant_rule_following,RF,constant_rule_following,RF,RF,proposed_full,Full,True,True,53.08773621915719,42.15416154784249,48.740963357600705,12.850030436018548,53.08773621915719,42.15416154784249,48.740963357600705,12.850030436018548
B008,I013_L1_v12_SOC056,hcs_i_nlc,HCS-i NLC,hcs_i_nlc,HCS-i,HCS-i NLC,proposed_full,Full,True,True,45.917556969213464,32.213835191589396,50.93978467073105,38.16931775260655,45.917556969213464,32.213835191589396,50.93978467073105,38.16931775260655
B008,I013_L1_v12_SOC056,oeac_i,OEAC-i,oeac_i,OEAC-i,OEAC-i,proposed_full,Full,True,True,47.660108169142724,35.98256671320259,52.901325122360426,35.92194144126573,47.660108169142724,35.98256671320259,52.901325122360426,35.92194144126573
B008,I013_L1_v12_SOC056,kinematic_only_optimization,KINO,kinematic_only_optimization,KINO,KINO,proposed_full,Full,True,True,51.77648829754862,39.55733637916715,39.557146645460136,-0.0003139059400351145,51.77648829754862,39.55733637916715,39.557146645460136,-0.0003139059400351145
B008,I014_L1_v12_SOC060,constant_rule_following,RF,constant_rule_following,RF,RF,proposed_full,Full,True,True,38.92685999648661,31.869650919923462,39.62753194066088,12.85003126443716,38.92685999648661,31.869650919923462,39.62753194066088,12.85003126443716
B008,I014_L1_v12_SOC060,hcs_i_nlc,HCS-i NLC,hcs_i_nlc,HCS-i,HCS-i NLC,proposed_full,Full,True,True,29.592299566236726,20.162016926831097,42.217285439565934,38.169318766891024,29.592299566236726,20.162016926831097,42.217285439565934,38.169318766891024
B008,I014_L1_v12_SOC060,oeac_i,OEAC-i,oeac_i,OEAC-i,OEAC-i,proposed_full,Full,True,True,31.86085505300113,24.600797676270098,44.52757150852302,35.921942439052486,31.86085505300113,24.600797676270098,44.52757150852302,35.921942439052486
B008,I014_L1_v12_SOC060,kinematic_only_optimization,KINO,kinematic_only_optimization,KINO,KINO,proposed_full,Full,True,True,37.21980044656102,28.81113175975766,28.81090881556075,-0.00031317185426911346,37.21980044656102,28.81113175975766,28.81090881556075,-0.00031317185426911346
B008,I015_L1_v12_SOC064,constant_rule_following,RF,constant_rule_following,RF,RF,proposed_full,Full,True,True,53.21733635579617,41.8153171311811,48.440702851275695,12.850031102990933,53.21733635579617,41.8153171311811,48.440702851275695,12.850031102990933
B008,I015_L1_v12_SOC064,hcs_i_nlc,HCS-i NLC,hcs_i_nlc,HCS-i,HCS-i NLC,proposed_full,Full,True,True,46.066965491456244,31.816763179378597,50.6524042192031,38.16931856922236,46.066965491456244,31.816763179378597,50.6524042192031,38.16931856922236
B008,I015_L1_v12_SOC064,oeac_i,OEAC-i,oeac_i,OEAC-i,OEAC-i,proposed_full,Full,True,True,47.80470270767613,35.60757085492377,52.62543480345615,35.92194224459898,47.80470270767613,35.60757085492377,52.62543480345615,35.92194224459898
B008,I015_L1_v12_SOC064,kinematic_only_optimization,KINO,kinematic_only_optimization,KINO,KINO,proposed_full,Full,True,True,51.90971089654843,39.20328050161252,39.2030900158248,-0.00031331491645396646,51.90971089654843,39.20328050161252,39.2030900158248,-0.00031331491645396646
B008,I016_L1_v13_SOC056,constant_rule_following,RF,constant_rule_following,RF,RF,proposed_full,Full,True,True,53.38061146136357,41.88640204037423,48.50111633552233,12.8443838477041,53.38061146136357,41.88640204037423,48.50111633552233,12.8443838477041
B008,I016_L1_v13_SOC056,hcs_i_nlc,HCS-i NLC,hcs_i_nlc,HCS-i,HCS-i NLC,proposed_full,Full,True,True,46.50518325531703,32.22420094327146,50.95391878321875,38.18800070318124,46.50518325531703,32.22420094327146,50.95391878321875,38.18800070318124
B008,I016_L1_v13_SOC056,oeac_i,OEAC-i,oeac_i,OEAC-i,OEAC-i,proposed_full,Full,True,True,47.98695164777273,35.69334495606299,52.68853870317574,35.92193790102513,47.98695164777273,35.69334495606299,52.68853870317574,35.92193790102513
B008,I016_L1_v13_SOC056,kinematic_only_optimization,KINO,kinematic_only_optimization,KINO,KINO,proposed_full,Full,True,True,52.07755999955479,39.28418001168063,39.28398963732338,-0.0003135488582317465,52.07755999955479,39.28418001168063,39.28398963732338,-0.0003135488582317465
B008,I017_L1_v13_SOC060,constant_rule_following,RF,constant_rule_following,RF,RF,proposed_full,Full,True,True,53.35769200255639,41.93805417138385,48.54688914382673,12.84438367762939,53.35769200255639,41.93805417138385,48.54688914382673,12.84438367762939
B008,I017_L1_v13_SOC060,hcs_i_nlc,HCS-i NLC,hcs_i_nlc,HCS-i,HCS-i NLC,proposed_full,Full,True,True,46.47888363433936,32.28444096583196,50.9975115121067,38.18800049490961,46.47888363433936,32.28444096583196,50.9975115121067,38.18800049490961
B008,I017_L1_v13_SOC060,oeac_i,OEAC-i,oeac_i,OEAC-i,OEAC-i,proposed_full,Full,True,True,47.96138050759879,35.750501557749,52.730589681652276,35.921937696168825,47.96138050759879,35.750501557749,52.730589681652276,35.921937696168825
B008,I017_L1_v13_SOC060,kinematic_only_optimization,KINO,kinematic_only_optimization,KINO,KINO,proposed_full,Full,True,True,52.05399992242896,39.338145031891074,39.33795473531355,-0.0003136995739083769,52.05399992242896,39.338145031891074,39.33795473531355,-0.0003136995739083769
B008,I018_L1_v13_SOC064,constant_rule_following,RF,constant_rule_following,RF,RF,proposed_full,Full,True,True,53.28553440445504,42.05790435098235,48.65309791551974,12.844384562259316,53.28553440445504,42.05790435098235,48.65309791551974,12.844384562259316
B008,I018_L1_v13_SOC064,hcs_i_nlc,HCS-i NLC,hcs_i_nlc,HCS-i,HCS-i NLC,proposed_full,Full,True,True,46.39608423245596,32.4242179194982,51.09866174433945,38.18800157821776,46.39608423245596,32.4242179194982,51.09866174433945,38.18800157821776
B008,I018_L1_v13_SOC064,oeac_i,OEAC-i,oeac_i,OEAC-i,OEAC-i,proposed_full,Full,True,True,47.880874590282524,35.88312394608829,52.828162518843754,35.92193876171245,47.880874590282524,35.88312394608829,52.828162518843754,35.92193876171245
B008,I018_L1_v13_SOC064,kinematic_only_optimization,KINO,kinematic_only_optimization,KINO,KINO,proposed_full,Full,True,True,51.979825458241756,39.46336188621707,39.46317245701667,-0.00031291563843909525,51.979825458241756,39.46336188621707,39.46317245701667,-0.00031291563843909525
B008,I019_L1_v14_SOC056,constant_rule_following,RF,constant_rule_following,RF,RF,proposed_full,Full,True,True,53.38061146136357,41.88640204037423,48.50111633552233,12.8443838477041,53.38061146136357,41.88640204037423,48.50111633552233,12.8443838477041
B008,I019_L1_v14_SOC056,hcs_i_nlc,HCS-i NLC,hcs_i_nlc,HCS-i,HCS-i NLC,proposed_full,Full,True,True,46.50518325531703,32.22420094327146,50.95391878321875,38.18800070318124,46.50518325531703,32.22420094327146,50.95391878321875,38.18800070318124
B008,I019_L1_v14_SOC056,oeac_i,OEAC-i,oeac_i,OEAC-i,OEAC-i,proposed_full,Full,True,True,47.98695164777273,35.69334495606299,52.68853870317574,35.92193790102513,47.98695164777273,35.69334495606299,52.68853870317574,35.92193790102513
B008,I019_L1_v14_SOC056,kinematic_only_optimization,KINO,kinematic_only_optimization,KINO,KINO,proposed_full,Full,True,True,52.07755999955479,39.28418001168063,39.28398963732338,-0.0003135488582317465,52.07755999955479,39.28418001168063,39.28398963732338,-0.0003135488582317465
B008,I020_L1_v14_SOC060,constant_rule_following,RF,constant_rule_following,RF,RF,proposed_full,Full,True,True,53.35769200255639,41.93805417138385,48.54688914382673,12.84438367762939,53.35769200255639,41.93805417138385,48.54688914382673,12.84438367762939
B008,I020_L1_v14_SOC060,hcs_i_nlc,HCS-i NLC,hcs_i_nlc,HCS-i,HCS-i NLC,proposed_full,Full,True,True,46.47888363433936,32.28444096583196,50.9975115121067,38.18800049490961,46.47888363433936,32.28444096583196,50.9975115121067,38.18800049490961
B008,I020_L1_v14_SOC060,oeac_i,OEAC-i,oeac_i,OEAC-i,OEAC-i,proposed_full,Full,True,True,47.96138050759879,35.750501557749,52.730589681652276,35.921937696168825,47.96138050759879,35.750501557749,52.730589681652276,35.921937696168825
B008,I020_L1_v14_SOC060,kinematic_only_optimization,KINO,kinematic_only_optimization,KINO,KINO,proposed_full,Full,True,True,52.05399992242896,39.338145031891074,39.33795473531355,-0.0003136995739083769,52.05399992242896,39.338145031891074,39.33795473531355,-0.0003136995739083769
B008,I021_L1_v14_SOC064,constant_rule_following,RF,constant_rule_following,RF,RF,proposed_full,Full,True,True,53.28553440445504,42.05790435098235,48.65309791551974,12.844384562259316,53.28553440445504,42.05790435098235,48.65309791551974,12.844384562259316
B008,I021_L1_v14_SOC064,hcs_i_nlc,HCS-i NLC,hcs_i_nlc,HCS-i,HCS-i NLC,proposed_full,Full,True,True,46.39608423245596,32.4242179194982,51.09866174433945,38.18800157821776,46.39608423245596,32.4242179194982,51.09866174433945,38.18800157821776
B008,I021_L1_v14_SOC064,oeac_i,OEAC-i,oeac_i,OEAC-i,OEAC-i,proposed_full,Full,True,True,47.880874590282524,35.88312394608829,52.828162518843754,35.92193876171245,47.880874590282524,35.88312394608829,52.828162518843754,35.92193876171245
B008,I021_L1_v14_SOC064,kinematic_only_optimization,KINO,kinematic_only_optimization,KINO,KINO,proposed_full,Full,True,True,51.979825458241756,39.46336188621707,39.46317245701667,-0.00031291563843909525,51.979825458241756,39.46336188621707,39.46317245701667,-0.00031291563843909525
B008,I022_L1_v15_SOC056,constant_rule_following,RF,constant_rule_following,RF,RF,proposed_full,Full,True,True,53.38061146136357,41.88640204037423,48.50111633552233,12.8443838477041,53.38061146136357,41.88640204037423,48.50111633552233,12.8443838477041
B008,I022_L1_v15_SOC056,hcs_i_nlc,HCS-i NLC,hcs_i_nlc,HCS-i,HCS-i NLC,proposed_full,Full,True,True,46.50518325531703,32.22420094327146,50.95391878321875,38.18800070318124,46.50518325531703,32.22420094327146,50.95391878321875,38.18800070318124
B008,I022_L1_v15_SOC056,oeac_i,OEAC-i,oeac_i,OEAC-i,OEAC-i,proposed_full,Full,True,True,47.98695164777273,35.69334495606299,52.68853870317574,35.92193790102513,47.98695164777273,35.69334495606299,52.68853870317574,35.92193790102513
B008,I022_L1_v15_SOC056,kinematic_only_optimization,KINO,kinematic_only_optimization,KINO,KINO,proposed_full,Full,True,True,52.07755999955479,39.28418001168063,39.28398963732338,-0.0003135488582317465,52.07755999955479,39.28418001168063,39.28398963732338,-0.0003135488582317465
B008,I023_L1_v15_SOC060,constant_rule_following,RF,constant_rule_following,RF,RF,proposed_full,Full,True,True,53.35769200255639,41.93805417138385,48.54688914382673,12.84438367762939,53.35769200255639,41.93805417138385,48.54688914382673,12.84438367762939
B008,I023_L1_v15_SOC060,hcs_i_nlc,HCS-i NLC,hcs_i_nlc,HCS-i,HCS-i NLC,proposed_full,Full,True,True,46.47888363433936,32.28444096583196,50.9975115121067,38.18800049490961,46.47888363433936,32.28444096583196,50.9975115121067,38.18800049490961
B008,I023_L1_v15_SOC060,oeac_i,OEAC-i,oeac_i,OEAC-i,OEAC-i,proposed_full,Full,True,True,47.96138050759879,35.750501557749,52.730589681652276,35.921937696168825,47.96138050759879,35.750501557749,52.730589681652276,35.921937696168825
B008,I023_L1_v15_SOC060,kinematic_only_optimization,KINO,kinematic_only_optimization,KINO,KINO,proposed_full,Full,True,True,52.05399992242896,39.338145031891074,39.33795473531355,-0.0003136995739083769,52.05399992242896,39.338145031891074,39.33795473531355,-0.0003136995739083769
B008,I024_L1_v15_SOC064,constant_rule_following,RF,constant_rule_following,RF,RF,proposed_full,Full,True,True,53.28553440445504,42.05790435098235,48.65309791551974,12.844384562259316,53.28553440445504,42.05790435098235,48.65309791551974,12.844384562259316
B008,I024_L1_v15_SOC064,hcs_i_nlc,HCS-i NLC,hcs_i_nlc,HCS-i,HCS-i NLC,proposed_full,Full,True,True,46.39608423245596,32.4242179194982,51.09866174433945,38.18800157821776,46.39608423245596,32.4242179194982,51.09866174433945,38.18800157821776
B008,I024_L1_v15_SOC064,oeac_i,OEAC-i,oeac_i,OEAC-i,OEAC-i,proposed_full,Full,True,True,47.880874590282524,35.88312394608829,52.828162518843754,35.92193876171245,47.880874590282524,35.88312394608829,52.828162518843754,35.92193876171245
B008,I024_L1_v15_SOC064,kinematic_only_optimization,KINO,kinematic_only_optimization,KINO,KINO,proposed_full,Full,True,True,51.979825458241756,39.46336188621707,39.46317245701667,-0.00031291563843909525,51.979825458241756,39.46336188621707,39.46317245701667,-0.00031291563843909525
B008,I025_L1_v16_SOC056,constant_rule_following,RF,constant_rule_following,RF,RF,proposed_full,Full,True,True,53.38061146136357,41.88640204037423,48.50111633552233,12.8443838477041,53.38061146136357,41.88640204037423,48.50111633552233,12.8443838477041
B008,I025_L1_v16_SOC056,hcs_i_nlc,HCS-i NLC,hcs_i_nlc,HCS-i,HCS-i NLC,proposed_full,Full,True,True,46.50518325531703,32.22420094327146,50.95391878321875,38.18800070318124,46.50518325531703,32.22420094327146,50.95391878321875,38.18800070318124
B008,I025_L1_v16_SOC056,oeac_i,OEAC-i,oeac_i,OEAC-i,OEAC-i,proposed_full,Full,True,True,47.98695164777273,35.69334495606299,52.68853870317574,35.92193790102513,47.98695164777273,35.69334495606299,52.68853870317574,35.92193790102513
B008,I025_L1_v16_SOC056,kinematic_only_optimization,KINO,kinematic_only_optimization,KINO,KINO,proposed_full,Full,True,True,52.07755999955479,39.28418001168063,39.28398963732338,-0.0003135488582317465,52.07755999955479,39.28418001168063,39.28398963732338,-0.0003135488582317465
B008,I026_L1_v16_SOC060,constant_rule_following,RF,constant_rule_following,RF,RF,proposed_full,Full,True,True,53.35769200255639,41.93805417138385,48.54688914382673,12.84438367762939,53.35769200255639,41.93805417138385,48.54688914382673,12.84438367762939
B008,I026_L1_v16_SOC060,hcs_i_nlc,HCS-i NLC,hcs_i_nlc,HCS-i,HCS-i NLC,proposed_full,Full,True,True,46.47888363433936,32.28444096583196,50.9975115121067,38.18800049490961,46.47888363433936,32.28444096583196,50.9975115121067,38.18800049490961
B008,I026_L1_v16_SOC060,oeac_i,OEAC-i,oeac_i,OEAC-i,OEAC-i,proposed_full,Full,True,True,47.96138050759879,35.750501557749,52.730589681652276,35.921937696168825,47.96138050759879,35.750501557749,52.730589681652276,35.921937696168825
B008,I026_L1_v16_SOC060,kinematic_only_optimization,KINO,kinematic_only_optimization,KINO,KINO,proposed_full,Full,True,True,52.05399992242896,39.338145031891074,39.33795473531355,-0.0003136995739083769,52.05399992242896,39.338145031891074,39.33795473531355,-0.0003136995739083769
B008,I027_L1_v16_SOC064,constant_rule_following,RF,constant_rule_following,RF,RF,proposed_full,Full,True,True,53.28553440445504,42.05790435098235,48.65309791551974,12.844384562259316,53.28553440445504,42.05790435098235,48.65309791551974,12.844384562259316
B008,I027_L1_v16_SOC064,hcs_i_nlc,HCS-i NLC,hcs_i_nlc,HCS-i,HCS-i NLC,proposed_full,Full,True,True,46.39608423245596,32.4242179194982,51.09866174433945,38.18800157821776,46.39608423245596,32.4242179194982,51.09866174433945,38.18800157821776
B008,I027_L1_v16_SOC064,oeac_i,OEAC-i,oeac_i,OEAC-i,OEAC-i,proposed_full,Full,True,True,47.880874590282524,35.88312394608829,52.828162518843754,35.92193876171245,47.880874590282524,35.88312394608829,52.828162518843754,35.92193876171245
B008,I027_L1_v16_SOC064,kinematic_only_optimization,KINO,kinematic_only_optimization,KINO,KINO,proposed_full,Full,True,True,51.979825458241756,39.46336188621707,39.46317245701667,-0.00031291563843909525,51.979825458241756,39.46336188621707,39.46317245701667,-0.00031291563843909525
B008,I028_L2_v8_SOC056,constant_rule_following,RF,constant_rule_following,RF,RF,proposed_full,Full,True,True,37.70131875342298,29.93044879002195,32.92410085974902,4.46308153613797,37.70131875342298,29.93044879002195,32.92410085974902,4.46308153613797
B008,I028_L2_v8_SOC056,hcs_i_nlc,HCS-i NLC,hcs_i_nlc,HCS-i,HCS-i NLC,proposed_full,Full,True,True,28.311736760189458,18.643233106123244,41.41730081668289,38.87507408850348,28.311736760189458,18.643233106123244,41.41730081668289,38.87507408850348
B008,I028_L2_v8_SOC056,oeac_i,OEAC-i,oeac_i,OEAC-i,OEAC-i,proposed_full,Full,True,True,31.030185753642108,23.67011476699407,43.84236995254306,35.920773666022036,31.030185753642108,23.67011476699407,43.84236995254306,35.920773666022036
B008,I028_L2_v8_SOC056,kinematic_only_optimization,KINO,kinematic_only_optimization,KINO,KINO,proposed_full,Full,True,True,34.412865546556255,25.892660265454776,25.89230778155293,-0.00047563740184824657,34.412865546556255,25.892660265454776,25.89230778155293,-0.00047563740184824657
B008,I029_L2_v8_SOC060,constant_rule_following,RF,constant_rule_following,RF,RF,proposed_full,Full,True,True,30.545532137168895,23.0280960939865,26.31666555582344,4.463111620346671,30.545532137168895,23.0280960939865,26.31666555582344,4.463111620346671
B008,I029_L2_v8_SOC060,hcs_i_nlc,HCS-i NLC,hcs_i_nlc,HCS-i,HCS-i NLC,proposed_full,Full,True,True,20.077438627881538,10.62900881591955,35.64650385764785,38.87511408298432,20.077438627881538,10.62900881591955,35.64650385764785,38.87511408298432
B008,I029_L2_v8_SOC060,oeac_i,OEAC-i,oeac_i,OEAC-i,OEAC-i,proposed_full,Full,True,True,23.108135658292213,16.151074327484455,38.310458906751435,35.920812809697125,23.108135658292213,16.151074327484455,38.310458906751435,35.920812809697125
B008,I029_L2_v8_SOC060,kinematic_only_optimization,KINO,kinematic_only_optimization,KINO,KINO,proposed_full,Full,True,True,26.879358744657512,18.59255647743576,18.592192715890228,-0.0004468386480999754,26.879358744657512,18.59255647743576,18.592192715890228,-0.0004468386480999754
B008,I030_L2_v8_SOC064,constant_rule_following,RF,constant_rule_following,RF,RF,proposed_full,Full,True,True,47.8123228243829,34.241475173774774,37.05135606292414,4.463767149548353,47.8123228243829,34.241475173774774,37.05135606292414,4.463767149548353
B008,I030_L2_v8_SOC064,hcs_i_nlc,HCS-i NLC,hcs_i_nlc,HCS-i,HCS-i NLC,proposed_full,Full,True,True,39.94665915266943,23.648704991126362,45.021959913608775,38.875985555136126,39.94665915266943,23.648704991126362,45.021959913608775,38.875985555136126
B008,I030_L2_v8_SOC064,oeac_i,OEAC-i,oeac_i,OEAC-i,OEAC-i,proposed_full,Full,True,True,42.223907011691864,28.366307955419334,47.297811829314945,35.921665742952996,42.223907011691864,28.366307955419334,47.297811829314945,35.921665742952996
B008,I030_L2_v8_SOC064,kinematic_only_optimization,KINO,kinematic_only_optimization,KINO,KINO,proposed_full,Full,True,True,45.05758177797412,30.45211142945573,30.452237088864216,0.00018068073396364682,45.05758177797412,30.45211142945573,30.452237088864216,0.00018068073396364682
B008,I031_L2_v9_SOC056,constant_rule_following,RF,constant_rule_following,RF,RF,proposed_full,Full,True,True,48.22971546983115,38.1187183477134,40.70562787273086,4.362824720472511,48.22971546983115,38.1187183477134,40.70562787273086,4.362824720472511
B008,I031_L2_v9_SOC056,hcs_i_nlc,HCS-i NLC,hcs_i_nlc,HCS-i,HCS-i NLC,proposed_full,Full,True,True,40.32682425224857,28.11402399575624,48.211736982002385,38.80746681784196,40.32682425224857,28.11402399575624,48.211736982002385,38.80746681784196
B008,I031_L2_v9_SOC056,oeac_i,OEAC-i,oeac_i,OEAC-i,OEAC-i,proposed_full,Full,True,True,42.51670767093961,32.41572987730832,50.27697590282809,35.921479736659194,42.51670767093961,32.41572987730832,50.27697590282809,35.921479736659194
B008,I031_L2_v9_SOC056,kinematic_only_optimization,KINO,kinematic_only_optimization,KINO,KINO,proposed_full,Full,True,True,46.79141829158826,35.97674533204308,35.97671931390165,-4.06385632789218e-05,46.79141829158826,35.97674533204308,35.97671931390165,-4.06385632789218e-05
B008,I032_L2_v9_SOC060,constant_rule_following,RF,constant_rule_following,RF,RF,proposed_full,Full,True,True,44.10799615450319,38.62012919353224,41.18583283228426,4.362390495874228,44.10799615450319,38.62012919353224,41.18583283228426,4.362390495874228
B008,I032_L2_v9_SOC060,hcs_i_nlc,HCS-i NLC,hcs_i_nlc,HCS-i,HCS-i NLC,proposed_full,Full,True,True,35.57591196118057,28.696500749119824,48.63115251598459,38.80688927869736,35.57591196118057,28.696500749119824,48.63115251598459,38.80688927869736
B008,I032_L2_v9_SOC060,oeac_i,OEAC-i,oeac_i,OEAC-i,OEAC-i,proposed_full,Full,True,True,37.9401441374079,32.96335082408643,50.67966576897939,35.92091420530169,37.9401441374079,32.96335082408643,50.67966576897939,35.92091420530169
B008,I032_L2_v9_SOC060,kinematic_only_optimization,KINO,kinematic_only_optimization,KINO,KINO,proposed_full,Full,True,True,42.55518816538596,36.495512129012766,36.49522209602664,-0.00045671049596490487,42.55518816538596,36.495512129012766,36.49522209602664,-0.00045671049596490487
B008,I033_L2_v9_SOC064,constant_rule_following,RF,constant_rule_following,RF,RF,proposed_full,Full,True,True,46.751042413766385,40.828996444786824,43.30235151176889,4.3623591682033735,46.751042413766385,40.828996444786824,43.30235151176889,4.3623591682033735
B008,I033_L2_v9_SOC064,hcs_i_nlc,HCS-i NLC,hcs_i_nlc,HCS-i,HCS-i NLC,proposed_full,Full,True,True,38.62242726179746,31.262487974666875,50.47973986286444,38.80684761142125,38.62242726179746,31.262487974666875,50.47973986286444,38.80684761142125
B008,I033_L2_v9_SOC064,oeac_i,OEAC-i,oeac_i,OEAC-i,OEAC-i,proposed_full,Full,True,True,40.87485856170121,35.37578762222506,52.45453420128596,35.920873404342245,40.87485856170121,35.37578762222506,52.45453420128596,35.920873404342245
B008,I033_L2_v9_SOC064,kinematic_only_optimization,KINO,kinematic_only_optimization,KINO,KINO,proposed_full,Full,True,True,45.271664308436016,38.780837622906375,38.78053965033288,-0.00048672852030256494,45.271664308436016,38.780837622906375,38.78053965033288,-0.00048672852030256494
B008,I034_L2_v10_SOC056,constant_rule_following,RF,constant_rule_following,RF,RF,proposed_full,Full,True,True,48.83348924335955,40.30731107228603,42.762312705035455,4.289134919267437,48.83348924335955,40.30731107228603,42.762312705035455,4.289134919267437
B008,I034_L2_v10_SOC056,hcs_i_nlc,HCS-i NLC,hcs_i_nlc,HCS-i,HCS-i NLC,proposed_full,Full,True,True,42.15550073816107,32.05594039646603,51.03490984064447,38.76020524502642,42.15550073816107,32.05594039646603,51.03490984064447,38.76020524502642
B008,I034_L2_v10_SOC056,oeac_i,OEAC-i,oeac_i,OEAC-i,OEAC-i,proposed_full,Full,True,True,43.48918204668564,35.21880115926581,52.33947678705819,35.92213109222312,43.48918204668564,35.21880115926581,52.33947678705819,35.92213109222312
B008,I034_L2_v10_SOC056,kinematic_only_optimization,KINO,kinematic_only_optimization,KINO,KINO,proposed_full,Full,True,True,47.69893191742057,38.567246108471316,38.56717633320634,-0.00011357977838324105,47.69893191742057,38.567246108471316,38.56717633320634,-0.00011357977838324105
B008,I035_L2_v10_SOC060,constant_rule_following,RF,constant_rule_following,RF,RF,proposed_full,Full,True,True,49.68487750237577,39.61118339981906,42.09471142814242,4.288948539201927,49.68487750237577,39.61118339981906,42.09471142814242,4.288948539201927
B008,I035_L2_v10_SOC060,hcs_i_nlc,HCS-i NLC,hcs_i_nlc,HCS-i,HCS-i NLC,proposed_full,Full,True,True,43.11800779193375,31.263586409413424,50.46379737509164,38.75995726007417,43.11800779193375,31.263586409413424,50.46379737509164,38.75995726007417
B008,I035_L2_v10_SOC060,oeac_i,OEAC-i,oeac_i,OEAC-i,OEAC-i,proposed_full,Full,True,True,44.42949722943652,34.46333200586194,51.783580354863425,35.92188817932795,44.42949722943652,34.46333200586194,51.783580354863425,35.92188817932795
B008,I035_L2_v10_SOC060,kinematic_only_optimization,KINO,kinematic_only_optimization,KINO,KINO,proposed_full,Full,True,True,48.56919871187338,37.85082604517792,37.850644386138924,-0.0002922943242124926,48.56919871187338,37.85082604517792,37.850644386138924,-0.0002922943242124926
B008,I036_L2_v10_SOC064,constant_rule_following,RF,constant_rule_following,RF,RF,proposed_full,Full,True,True,39.6710568444941,34.68662418512681,37.37267974040018,4.288951761211023,39.6710568444941,34.68662418512681,37.37267974040018,4.288951761211023
B008,I036_L2_v10_SOC064,hcs_i_nlc,HCS-i NLC,hcs_i_nlc,HCS-i,HCS-i NLC,proposed_full,Full,True,True,31.797235023041186,25.658301226007346,46.42424374787908,38.75996154706575,31.797235023041186,25.658301226007346,46.42424374787908,38.75996154706575
B008,I036_L2_v10_SOC064,oeac_i,OEAC-i,oeac_i,OEAC-i,OEAC-i,proposed_full,Full,True,True,33.36973982471164,29.118978192679382,47.85165173402125,35.92189237863734,33.36973982471164,29.118978192679382,47.85165173402125,35.92189237863734
B008,I036_L2_v10_SOC064,kinematic_only_optimization,KINO,kinematic_only_optimization,KINO,KINO,proposed_full,Full,True,True,38.333333333333016,32.78271402518158,32.78251962898087,-0.0002892048312960277,38.333333333333016,32.78271402518158,32.78251962898087,-0.0002892048312960277
B008,I037_L2_v11_SOC056,constant_rule_following,RF,constant_rule_following,RF,RF,proposed_full,Full,True,True,50.86043477960504,40.36428582426363,42.781931880309735,4.225319266265351,50.86043477960504,40.36428582426363,42.781931880309735,4.225319266265351
B008,I037_L2_v11_SOC056,hcs_i_nlc,HCS-i NLC,hcs_i_nlc,HCS-i,HCS-i NLC,proposed_full,Full,True,True,44.18439330746251,31.900119726100773,50.921251686576326,38.75635099535134,44.18439330746251,31.900119726100773,50.921251686576326,38.75635099535134
B008,I037_L2_v11_SOC056,oeac_i,OEAC-i,oeac_i,OEAC-i,OEAC-i,proposed_full,Full,True,True,45.72979338756611,35.385068757838965,52.46174515834506,35.92196738686929,45.72979338756611,35.385068757838965,52.46174515834506,35.92196738686929
B008,I037_L2_v11_SOC056,kinematic_only_optimization,KINO,kinematic_only_optimization,KINO,KINO,proposed_full,Full,True,True,49.998519004601775,38.99385725463189,38.99367963975394,-0.0002911417651419641,49.998519004601775,38.99385725463189,38.99367963975394,-0.0002911417651419641
B008,I038_L2_v11_SOC060,constant_rule_following,RF,constant_rule_following,RF,RF,proposed_full,Full,True,True,38.240467241149815,29.637208464216798,32.489732697965664,4.225319122181747,38.240467241149815,29.637208464216798,32.489732697965664,4.225319122181747
B008,I038_L2_v11_SOC060,hcs_i_nlc,HCS-i NLC,hcs_i_nlc,HCS-i,HCS-i NLC,proposed_full,Full,True,True,29.84989235207644,19.65053583153473,42.093126762727984,38.7563508035312,29.84989235207644,19.65053583153473,42.093126762727984,38.7563508035312
B008,I038_L2_v11_SOC060,oeac_i,OEAC-i,oeac_i,OEAC-i,OEAC-i,proposed_full,Full,True,True,31.792180332131156,23.762346105331886,43.91071916795561,35.921967198967465,31.792180332131156,23.762346105331886,43.91071916795561,35.921967198967465
B008,I038_L2_v11_SOC060,kinematic_only_optimization,KINO,kinematic_only_optimization,KINO,KINO,proposed_full,Full,True,True,37.15719523206842,28.02027168241646,28.02006201924796,-0.0002912800071597468,37.15719523206842,28.02027168241646,28.02006201924796,-0.0002912800071597468
B008,I039_L2_v11_SOC064,constant_rule_following,RF,constant_rule_following,RF,RF,proposed_full,Full,True,True,51.00428931431771,40.19897147593494,42.62331946514813,4.225319357296358,51.00428931431771,40.19897147593494,42.62331946514813,4.225319357296358
B008,I039_L2_v11_SOC064,hcs_i_nlc,HCS-i NLC,hcs_i_nlc,HCS-i,HCS-i NLC,proposed_full,Full,True,True,44.347791744026765,31.711342120527604,50.78520202501109,38.75635111654196,44.347791744026765,31.711342120527604,50.78520202501109,38.75635111654196
B008,I039_L2_v11_SOC064,oeac_i,OEAC-i,oeac_i,OEAC-i,OEAC-i,proposed_full,Full,True,True,45.88866771390531,35.205951673416635,52.32996585050072,35.92196750558433,45.88866771390531,35.205951673416635,52.32996585050072,35.92196750558433
B008,I039_L2_v11_SOC064,kinematic_only_optimization,KINO,kinematic_only_optimization,KINO,KINO,proposed_full,Full,True,True,50.14489677069059,38.82474398297259,38.824565929164834,-0.0002910544248084447,50.14489677069059,38.82474398297259,38.824565929164834,-0.0002910544248084447
B008,I040_L2_v12_SOC056,constant_rule_following,RF,constant_rule_following,RF,RF,proposed_full,Full,True,True,40.26462253709415,30.97170999134521,33.746775649714095,4.188574496686998,40.26462253709415,30.97170999134521,33.746775649714095,4.188574496686998
B008,I040_L2_v12_SOC056,hcs_i_nlc,HCS-i NLC,hcs_i_nlc,HCS-i,HCS-i NLC,proposed_full,Full,True,True,32.313734467772214,21.46845935483053,43.16297068132406,38.16967844124287,32.313734467772214,21.46845935483053,43.16297068132406,38.16967844124287
B008,I040_L2_v12_SOC056,oeac_i,OEAC-i,oeac_i,OEAC-i,OEAC-i,proposed_full,Full,True,True,34.494604572970175,25.834605359797845,45.43530407987761,35.92194254829781,34.494604572970175,25.834605359797845,45.43530407987761,35.92194254829781
B008,I040_L2_v12_SOC056,kinematic_only_optimization,KINO,kinematic_only_optimization,KINO,KINO,proposed_full,Full,True,True,39.64641323376349,29.97604292472382,29.975823684993145,-0.0003130914809646868,39.64641323376349,29.97604292472382,29.975823684993145,-0.0003130914809646868
B008,I041_L2_v12_SOC060,constant_rule_following,RF,constant_rule_following,RF,RF,proposed_full,Full,True,True,37.564018642689106,29.27838285648363,32.12152350578844,4.188574635359208,37.564018642689106,29.27838285648363,32.12152350578844,4.188574635359208
B008,I041_L2_v12_SOC060,hcs_i_nlc,HCS-i NLC,hcs_i_nlc,HCS-i,HCS-i NLC,proposed_full,Full,True,True,29.25367525231688,19.542008783618673,41.76870640723904,38.16967862514303,29.25367525231688,19.542008783618673,41.76870640723904,38.16967862514303
B008,I041_L2_v12_SOC060,oeac_i,OEAC-i,oeac_i,OEAC-i,OEAC-i,proposed_full,Full,True,True,31.533141307677653,24.01526034638051,44.09678222080603,35.921942729206286,31.533141307677653,24.01526034638051,44.09678222080603,35.921942729206286
B008,I041_L2_v12_SOC060,kinematic_only_optimization,KINO,kinematic_only_optimization,KINO,KINO,proposed_full,Full,True,True,36.91786043331582,28.25829116539325,28.258066642997917,-0.00031295838405265806,36.91786043331582,28.25829116539325,28.258066642997917,-0.00031295838405265806
B008,I042_L2_v12_SOC064,constant_rule_following,RF,constant_rule_following,RF,RF,proposed_full,Full,True,True,52.39525642592328,39.742679988960234,42.16513645951657,4.1885747147317955,52.39525642592328,39.742679988960234,42.16513645951657,4.1885747147317955
B008,I042_L2_v12_SOC064,hcs_i_nlc,HCS-i NLC,hcs_i_nlc,HCS-i,HCS-i NLC,proposed_full,Full,True,True,46.058977928958974,31.446944795783857,50.38487761270907,38.16967873040299,46.058977928958974,31.446944795783857,50.38487761270907,38.16967873040299
B008,I042_L2_v12_SOC064,oeac_i,OEAC-i,oeac_i,OEAC-i,OEAC-i,proposed_full,Full,True,True,47.796972506640984,35.25831339557464,52.36848057411362,35.92194283275388,47.796972506640984,35.25831339557464,52.36848057411362,35.92194283275388
B008,I042_L2_v12_SOC064,kinematic_only_optimization,KINO,kinematic_only_optimization,KINO,KINO,proposed_full,Full,True,True,51.9025886533217,38.87352577624055,38.87333452178321,-0.00031288220262892075,51.9025886533217,38.87352577624055,38.87333452178321,-0.00031288220262892075
B008,I043_L2_v13_SOC056,constant_rule_following,RF,constant_rule_following,RF,RF,proposed_full,Full,True,True,53.131911440002185,41.23843688952889,43.58623200867775,4.161741366947867,53.131911440002185,41.23843688952889,43.58623200867775,4.161741366947867
B008,I043_L2_v13_SOC056,hcs_i_nlc,HCS-i NLC,hcs_i_nlc,HCS-i,HCS-i NLC,proposed_full,Full,True,True,47.59802623902871,34.12780557907197,52.362668322203206,38.27851414194614,47.59802623902871,34.12780557907197,52.362668322203206,38.27851414194614
B008,I043_L2_v13_SOC056,oeac_i,OEAC-i,oeac_i,OEAC-i,OEAC-i,proposed_full,Full,True,True,48.81286896125125,37.209213474736885,53.803788803277925,35.92194013027315,48.81286896125125,37.209213474736885,53.803788803277925,35.92194013027315
B008,I043_L2_v13_SOC056,kinematic_only_optimization,KINO,kinematic_only_optimization,KINO,KINO,proposed_full,Full,True,True,52.8382236151258,40.753713637463456,40.75353448099799,-0.0003023918201587741,52.8382236151258,40.753713637463456,40.75353448099799,-0.0003023918201587741
B008,I044_L2_v13_SOC060,constant_rule_following,RF,constant_rule_following,RF,RF,proposed_full,Full,True,True,53.29194429482176,40.7501313024611,43.11743643903508,4.161741293598295,53.29194429482176,40.7501313024611,43.11743643903508,4.161741293598295
B008,I044_L2_v13_SOC060,hcs_i_nlc,HCS-i NLC,hcs_i_nlc,HCS-i,HCS-i NLC,proposed_full,Full,True,True,47.77695475343598,33.58041100912693,51.96680449613181,38.278514044571914,47.77695475343598,33.58041100912693,51.96680449613181,38.278514044571914
B008,I044_L2_v13_SOC060,oeac_i,OEAC-i,oeac_i,OEAC-i,OEAC-i,proposed_full,Full,True,True,48.98764934939676,36.68742524696247,53.41990061579448,35.92194003455838,48.98764934939676,36.68742524696247,53.41990061579448,35.92194003455838
B008,I044_L2_v13_SOC060,kinematic_only_optimization,KINO,kinematic_only_optimization,KINO,KINO,proposed_full,Full,True,True,52.999259278092346,40.26138002493759,40.261199337623644,-0.00030246223886397524,52.999259278092346,40.26138002493759,40.261199337623644,-0.00030246223886397524
B008,I045_L2_v13_SOC064,constant_rule_following,RF,constant_rule_following,RF,RF,proposed_full,Full,True,True,39.2859164977592,30.494564040196433,33.27162568640455,4.161740301295338,39.2859164977592,30.494564040196433,33.27162568640455,4.161740301295338
B008,I045_L2_v13_SOC064,hcs_i_nlc,HCS-i NLC,hcs_i_nlc,HCS-i,HCS-i NLC,proposed_full,Full,True,True,32.117184456263416,22.083835955009263,43.65273207799398,38.27851272725351,32.117184456263416,22.083835955009263,43.65273207799398,38.27851272725351
B008,I045_L2_v13_SOC064,oeac_i,OEAC-i,oeac_i,OEAC-i,OEAC-i,proposed_full,Full,True,True,33.69092182736802,25.72864368001013,45.35734480492501,35.92193873969003,33.69092182736802,25.72864368001013,45.35734480492501,35.92193873969003
B008,I045_L2_v13_SOC064,kinematic_only_optimization,KINO,kinematic_only_optimization,KINO,KINO,proposed_full,Full,True,True,38.90546601063703,29.921214742266365,29.921002112150706,-0.0003034148918662456,38.90546601063703,29.921214742266365,29.921002112150706,-0.0003034148918662456
B008,I046_L2_v14_SOC056,constant_rule_following,RF,constant_rule_following,RF,RF,proposed_full,Full,True,True,53.131911440002185,41.23843688952889,43.58623200867775,4.161741366947867,53.131911440002185,41.23843688952889,43.58623200867775,4.161741366947867
B008,I046_L2_v14_SOC056,hcs_i_nlc,HCS-i NLC,hcs_i_nlc,HCS-i,HCS-i NLC,proposed_full,Full,True,True,47.59802623902871,34.12780557907197,52.362668322203206,38.27851414194614,47.59802623902871,34.12780557907197,52.362668322203206,38.27851414194614
B008,I046_L2_v14_SOC056,oeac_i,OEAC-i,oeac_i,OEAC-i,OEAC-i,proposed_full,Full,True,True,48.81286896125125,37.209213474736885,53.803788803277925,35.92194013027315,48.81286896125125,37.209213474736885,53.803788803277925,35.92194013027315
B008,I046_L2_v14_SOC056,kinematic_only_optimization,KINO,kinematic_only_optimization,KINO,KINO,proposed_full,Full,True,True,52.8382236151258,40.753713637463456,40.75353448099799,-0.0003023918201587741,52.8382236151258,40.753713637463456,40.75353448099799,-0.0003023918201587741
B008,I047_L2_v14_SOC060,constant_rule_following,RF,constant_rule_following,RF,RF,proposed_full,Full,True,True,53.29194429482176,40.7501313024611,43.11743643903508,4.161741293598295,53.29194429482176,40.7501313024611,43.11743643903508,4.161741293598295
B008,I047_L2_v14_SOC060,hcs_i_nlc,HCS-i NLC,hcs_i_nlc,HCS-i,HCS-i NLC,proposed_full,Full,True,True,47.77695475343598,33.58041100912693,51.96680449613181,38.278514044571914,47.77695475343598,33.58041100912693,51.96680449613181,38.278514044571914
B008,I047_L2_v14_SOC060,oeac_i,OEAC-i,oeac_i,OEAC-i,OEAC-i,proposed_full,Full,True,True,48.98764934939676,36.68742524696247,53.41990061579448,35.92194003455838,48.98764934939676,36.68742524696247,53.41990061579448,35.92194003455838
B008,I047_L2_v14_SOC060,kinematic_only_optimization,KINO,kinematic_only_optimization,KINO,KINO,proposed_full,Full,True,True,52.999259278092346,40.26138002493759,40.261199337623644,-0.00030246223886397524,52.999259278092346,40.26138002493759,40.261199337623644,-0.00030246223886397524
B008,I048_L2_v14_SOC064,constant_rule_following,RF,constant_rule_following,RF,RF,proposed_full,Full,True,True,39.2859164977592,30.494564040196433,33.27162568640455,4.161740301295338,39.2859164977592,30.494564040196433,33.27162568640455,4.161740301295338
B008,I048_L2_v14_SOC064,hcs_i_nlc,HCS-i NLC,hcs_i_nlc,HCS-i,HCS-i NLC,proposed_full,Full,True,True,32.117184456263416,22.083835955009263,43.65273207799398,38.27851272725351,32.117184456263416,22.083835955009263,43.65273207799398,38.27851272725351
B008,I048_L2_v14_SOC064,oeac_i,OEAC-i,oeac_i,OEAC-i,OEAC-i,proposed_full,Full,True,True,33.69092182736802,25.72864368001013,45.35734480492501,35.92193873969003,33.69092182736802,25.72864368001013,45.35734480492501,35.92193873969003
B008,I048_L2_v14_SOC064,kinematic_only_optimization,KINO,kinematic_only_optimization,KINO,KINO,proposed_full,Full,True,True,38.90546601063703,29.921214742266365,29.921002112150706,-0.0003034148918662456,38.90546601063703,29.921214742266365,29.921002112150706,-0.0003034148918662456
B008,I049_L2_v15_SOC056,constant_rule_following,RF,constant_rule_following,RF,RF,proposed_full,Full,True,True,53.131911440002185,41.23843688952889,43.58623200867775,4.161741366947867,53.131911440002185,41.23843688952889,43.58623200867775,4.161741366947867
B008,I049_L2_v15_SOC056,hcs_i_nlc,HCS-i NLC,hcs_i_nlc,HCS-i,HCS-i NLC,proposed_full,Full,True,True,47.59802623902871,34.12780557907197,52.362668322203206,38.27851414194614,47.59802623902871,34.12780557907197,52.362668322203206,38.27851414194614
B008,I049_L2_v15_SOC056,oeac_i,OEAC-i,oeac_i,OEAC-i,OEAC-i,proposed_full,Full,True,True,48.81286896125125,37.209213474736885,53.803788803277925,35.92194013027315,48.81286896125125,37.209213474736885,53.803788803277925,35.92194013027315
B008,I049_L2_v15_SOC056,kinematic_only_optimization,KINO,kinematic_only_optimization,KINO,KINO,proposed_full,Full,True,True,52.8382236151258,40.753713637463456,40.75353448099799,-0.0003023918201587741,52.8382236151258,40.753713637463456,40.75353448099799,-0.0003023918201587741
B008,I050_L2_v15_SOC060,constant_rule_following,RF,constant_rule_following,RF,RF,proposed_full,Full,True,True,53.29194429482176,40.7501313024611,43.11743643903508,4.161741293598295,53.29194429482176,40.7501313024611,43.11743643903508,4.161741293598295
B008,I050_L2_v15_SOC060,hcs_i_nlc,HCS-i NLC,hcs_i_nlc,HCS-i,HCS-i NLC,proposed_full,Full,True,True,47.77695475343598,33.58041100912693,51.96680449613181,38.278514044571914,47.77695475343598,33.58041100912693,51.96680449613181,38.278514044571914
B008,I050_L2_v15_SOC060,oeac_i,OEAC-i,oeac_i,OEAC-i,OEAC-i,proposed_full,Full,True,True,48.98764934939676,36.68742524696247,53.41990061579448,35.92194003455838,48.98764934939676,36.68742524696247,53.41990061579448,35.92194003455838
B008,I050_L2_v15_SOC060,kinematic_only_optimization,KINO,kinematic_only_optimization,KINO,KINO,proposed_full,Full,True,True,52.999259278092346,40.26138002493759,40.261199337623644,-0.00030246223886397524,52.999259278092346,40.26138002493759,40.261199337623644,-0.00030246223886397524
B008,I051_L2_v15_SOC064,constant_rule_following,RF,constant_rule_following,RF,RF,proposed_full,Full,True,True,39.2859164977592,30.494564040196433,33.27162568640455,4.161740301295338,39.2859164977592,30.494564040196433,33.27162568640455,4.161740301295338
B008,I051_L2_v15_SOC064,hcs_i_nlc,HCS-i NLC,hcs_i_nlc,HCS-i,HCS-i NLC,proposed_full,Full,True,True,32.117184456263416,22.083835955009263,43.65273207799398,38.27851272725351,32.117184456263416,22.083835955009263,43.65273207799398,38.27851272725351
B008,I051_L2_v15_SOC064,oeac_i,OEAC-i,oeac_i,OEAC-i,OEAC-i,proposed_full,Full,True,True,33.69092182736802,25.72864368001013,45.35734480492501,35.92193873969003,33.69092182736802,25.72864368001013,45.35734480492501,35.92193873969003
B008,I051_L2_v15_SOC064,kinematic_only_optimization,KINO,kinematic_only_optimization,KINO,KINO,proposed_full,Full,True,True,38.90546601063703,29.921214742266365,29.921002112150706,-0.0003034148918662456,38.90546601063703,29.921214742266365,29.921002112150706,-0.0003034148918662456
B008,I052_L2_v16_SOC056,constant_rule_following,RF,constant_rule_following,RF,RF,proposed_full,Full,True,True,53.131911440002185,41.23843688952889,43.58623200867775,4.161741366947867,53.131911440002185,41.23843688952889,43.58623200867775,4.161741366947867
B008,I052_L2_v16_SOC056,hcs_i_nlc,HCS-i NLC,hcs_i_nlc,HCS-i,HCS-i NLC,proposed_full,Full,True,True,47.59802623902871,34.12780557907197,52.362668322203206,38.27851414194614,47.59802623902871,34.12780557907197,52.362668322203206,38.27851414194614
B008,I052_L2_v16_SOC056,oeac_i,OEAC-i,oeac_i,OEAC-i,OEAC-i,proposed_full,Full,True,True,48.81286896125125,37.209213474736885,53.803788803277925,35.92194013027315,48.81286896125125,37.209213474736885,53.803788803277925,35.92194013027315
B008,I052_L2_v16_SOC056,kinematic_only_optimization,KINO,kinematic_only_optimization,KINO,KINO,proposed_full,Full,True,True,52.8382236151258,40.753713637463456,40.75353448099799,-0.0003023918201587741,52.8382236151258,40.753713637463456,40.75353448099799,-0.0003023918201587741
B008,I053_L2_v16_SOC060,constant_rule_following,RF,constant_rule_following,RF,RF,proposed_full,Full,True,True,53.29194429482176,40.7501313024611,43.11743643903508,4.161741293598295,53.29194429482176,40.7501313024611,43.11743643903508,4.161741293598295
B008,I053_L2_v16_SOC060,hcs_i_nlc,HCS-i NLC,hcs_i_nlc,HCS-i,HCS-i NLC,proposed_full,Full,True,True,47.77695475343598,33.58041100912693,51.96680449613181,38.278514044571914,47.77695475343598,33.58041100912693,51.96680449613181,38.278514044571914
B008,I053_L2_v16_SOC060,oeac_i,OEAC-i,oeac_i,OEAC-i,OEAC-i,proposed_full,Full,True,True,48.98764934939676,36.68742524696247,53.41990061579448,35.92194003455838,48.98764934939676,36.68742524696247,53.41990061579448,35.92194003455838
B008,I053_L2_v16_SOC060,kinematic_only_optimization,KINO,kinematic_only_optimization,KINO,KINO,proposed_full,Full,True,True,52.999259278092346,40.26138002493759,40.261199337623644,-0.00030246223886397524,52.999259278092346,40.26138002493759,40.261199337623644,-0.00030246223886397524
B008,I054_L2_v16_SOC064,constant_rule_following,RF,constant_rule_following,RF,RF,proposed_full,Full,True,True,39.2859164977592,30.494564040196433,33.27162568640455,4.161740301295338,39.2859164977592,30.494564040196433,33.27162568640455,4.161740301295338
B008,I054_L2_v16_SOC064,hcs_i_nlc,HCS-i NLC,hcs_i_nlc,HCS-i,HCS-i NLC,proposed_full,Full,True,True,32.117184456263416,22.083835955009263,43.65273207799398,38.27851272725351,32.117184456263416,22.083835955009263,43.65273207799398,38.27851272725351
B008,I054_L2_v16_SOC064,oeac_i,OEAC-i,oeac_i,OEAC-i,OEAC-i,proposed_full,Full,True,True,33.69092182736802,25.72864368001013,45.35734480492501,35.92193873969003,33.69092182736802,25.72864368001013,45.35734480492501,35.92193873969003
B008,I054_L2_v16_SOC064,kinematic_only_optimization,KINO,kinematic_only_optimization,KINO,KINO,proposed_full,Full,True,True,38.90546601063703,29.921214742266365,29.921002112150706,-0.0003034148918662456,38.90546601063703,29.921214742266365,29.921002112150706,-0.0003034148918662456
B008,I055_L3_v8_SOC056,constant_rule_following,RF,constant_rule_following,RF,RF,proposed_full,Full,True,True,48.01283203817157,33.89411537920625,33.9308690488908,0.05562911022964521,48.01283203817157,33.89411537920625,33.9308690488908,0.05562911022964521
B008,I055_L3_v8_SOC056,hcs_i_nlc,HCS-i NLC,hcs_i_nlc,HCS-i,HCS-i NLC,proposed_full,Full,True,True,40.51174126490801,23.63510143480184,45.01096867489928,38.87296561694485,40.51174126490801,23.63510143480184,45.01096867489928,38.87296561694485
B008,I055_L3_v8_SOC056,oeac_i,OEAC-i,oeac_i,OEAC-i,OEAC-i,proposed_full,Full,True,True,42.767560973354456,28.353544937262942,47.288413713773956,35.921644766473,42.767560973354456,28.353544937262942,47.288413713773956,35.921644766473
B008,I055_L3_v8_SOC056,kinematic_only_optimization,KINO,kinematic_only_optimization,KINO,KINO,proposed_full,Full,True,True,45.57457179555409,30.439720040163397,30.439834986899434,0.00016524793467154308,45.57457179555409,30.439720040163397,30.439834986899434,0.00016524793467154308
B008,I056_L3_v8_SOC060,constant_rule_following,RF,constant_rule_following,RF,RF,proposed_full,Full,True,True,48.230799384765696,35.41181744268837,35.44765520819599,0.05551737217788745,48.230799384765696,35.41181744268837,35.44765520819599,0.05551737217788745
B008,I056_L3_v8_SOC060,hcs_i_nlc,HCS-i NLC,hcs_i_nlc,HCS-i,HCS-i NLC,proposed_full,Full,True,True,40.761158542639194,25.38833663912354,46.27338276188391,38.87281052927255,40.761158542639194,25.38833663912354,46.27338276188391,38.87281052927255
B008,I056_L3_v8_SOC060,oeac_i,OEAC-i,oeac_i,OEAC-i,OEAC-i,proposed_full,Full,True,True,43.007520243359465,29.998451034710303,48.498543215449,35.921492974715626,43.007520243359465,29.998451034710303,48.498543215449,35.921492974715626
B008,I056_L3_v8_SOC060,kinematic_only_optimization,KINO,kinematic_only_optimization,KINO,KINO,proposed_full,Full,True,True,45.802762070925176,32.0367303674139,32.03676677655672,5.3571822696394305e-05,45.802762070925176,32.0367303674139,32.03676677655672,5.3571822696394305e-05
B008,I057_L3_v8_SOC064,constant_rule_following,RF,constant_rule_following,RF,RF,proposed_full,Full,True,True,46.849726319708374,39.91558895604781,39.94862085896168,0.05500606878034853,46.849726319708374,39.91558895604781,39.94862085896168,0.05500606878034853
B008,I057_L3_v8_SOC064,hcs_i_nlc,HCS-i NLC,hcs_i_nlc,HCS-i,HCS-i NLC,proposed_full,Full,True,True,39.18081410290128,30.59105129533645,50.01951560183768,38.872100861862755,39.18081410290128,30.59105129533645,50.01951560183768,38.872100861862755
B008,I057_L3_v8_SOC064,oeac_i,OEAC-i,oeac_i,OEAC-i,OEAC-i,proposed_full,Full,True,True,41.487103127249725,34.87969973436454,52.0895249016958,35.92079838911973,41.487103127249725,34.87969973436454,52.0895249016958,35.92079838911973
B008,I057_L3_v8_SOC064,kinematic_only_optimization,KINO,kinematic_only_optimization,KINO,KINO,proposed_full,Full,True,True,44.356915030313885,36.775848664393415,36.775559445363605,-0.0004574481439003172,44.356915030313885,36.775848664393415,36.775559445363605,-0.0004574481439003172
B008,I058_L3_v9_SOC056,constant_rule_following,RF,constant_rule_following,RF,RF,proposed_full,Full,True,True,44.6249908131078,39.04392155343761,39.07335827769344,0.048315028407422037,44.6249908131078,39.04392155343761,39.07335827769344,0.048315028407422037
B008,I058_L3_v9_SOC056,hcs_i_nlc,HCS-i NLC,hcs_i_nlc,HCS-i,HCS-i NLC,proposed_full,Full,True,True,36.529605819310035,29.549805669320815,49.245886070351354,38.806864854998146,36.529605819310035,29.549805669320815,49.245886070351354,38.806864854998146
B008,I058_L3_v9_SOC056,oeac_i,OEAC-i,oeac_i,OEAC-i,OEAC-i,proposed_full,Full,True,True,38.85883938283986,33.76559339530062,51.26988752890901,35.92089828233576,38.85883938283986,33.76559339530062,51.26988752890901,35.92089828233576
B008,I058_L3_v9_SOC056,kinematic_only_optimization,KINO,kinematic_only_optimization,KINO,KINO,proposed_full,Full,True,True,43.40556518888473,37.255484536040036,37.255190623467186,-0.0004684253179893771,43.40556518888473,37.255484536040036,37.255190623467186,-0.0004684253179893771
B008,I059_L3_v9_SOC060,constant_rule_following,RF,constant_rule_following,RF,RF,proposed_full,Full,True,True,47.98317254561521,39.76206753269917,39.79116038325064,0.04831989909895649,47.98317254561521,39.76206753269917,39.79116038325064,0.04831989909895649
B008,I059_L3_v9_SOC060,hcs_i_nlc,HCS-i NLC,hcs_i_nlc,HCS-i,HCS-i NLC,proposed_full,Full,True,True,40.3787269557647,30.37980531966127,49.84384139522286,38.80687161258743,40.3787269557647,30.37980531966127,49.84384139522286,38.80687161258743
B008,I059_L3_v9_SOC060,oeac_i,OEAC-i,oeac_i,OEAC-i,OEAC-i,proposed_full,Full,True,True,42.56670565146435,34.54592529991352,51.843997250813835,35.9209048994264,42.56670565146435,34.54592529991352,51.843997250813835,35.9209048994264
B008,I059_L3_v9_SOC060,kinematic_only_optimization,KINO,kinematic_only_optimization,KINO,KINO,proposed_full,Full,True,True,46.837698202223464,37.99470074957416,37.99441331833584,-0.0004635570013990247,46.837698202223464,37.99470074957416,37.99441331833584,-0.0004635570013990247
B008,I060_L3_v9_SOC064,constant_rule_following,RF,constant_rule_following,RF,RF,proposed_full,Full,True,True,48.237293545062904,39.725474174218846,39.754608731997735,0.048359811706227766,48.237293545062904,39.725474174218846,39.754608731997735,0.048359811706227766
B008,I060_L3_v9_SOC064,hcs_i_nlc,HCS-i NLC,hcs_i_nlc,HCS-i,HCS-i NLC,proposed_full,Full,True,True,40.66999841993908,30.337512421531166,49.81339253706222,38.806926987271964,40.66999841993908,30.337512421531166,49.81339253706222,38.806926987271964
B008,I060_L3_v9_SOC064,oeac_i,OEAC-i,oeac_i,OEAC-i,OEAC-i,proposed_full,Full,True,True,42.847288049039875,34.50616323768142,51.81476264955883,35.920959122802685,42.847288049039875,34.50616323768142,51.81476264955883,35.920959122802685
B008,I060_L3_v9_SOC064,kinematic_only_optimization,KINO,kinematic_only_optimization,KINO,KINO,proposed_full,Full,True,True,47.097415257778955,37.95703375055518,37.95677089581871,-0.0004236638554732895,47.097415257778955,37.95703375055518,37.95677089581871,-0.0004236638554732895
B008,I061_L3_v10_SOC056,constant_rule_following,RF,constant_rule_following,RF,RF,proposed_full,Full,True,True,49.94313107661298,40.995818496852166,41.03508034051457,0.06658508803051641,49.94313107661298,40.995818496852166,41.03508034051457,0.06658508803051641
B008,I061_L3_v10_SOC056,hcs_i_nlc,HCS-i NLC,hcs_i_nlc,HCS-i,HCS-i NLC,proposed_full,Full,False,True,,,,,52.021822275202865,44.59161119544374,54.29158657194938,
B008,I061_L3_v10_SOC056,oeac_i,OEAC-i,oeac_i,OEAC-i,OEAC-i,proposed_full,Full,True,True,44.36936245928892,35.354527814013004,52.439250028273456,35.92189405006608,44.36936245928892,35.354527814013004,52.439250028273456,35.92189405006608
B008,I061_L3_v10_SOC056,kinematic_only_optimization,KINO,kinematic_only_optimization,KINO,KINO,proposed_full,Full,True,True,48.5135436564074,38.69595725193293,38.69578071102352,-0.00028797513689153857,48.5135436564074,38.69595725193293,38.69578071102352,-0.00028797513689153857
B008,I062_L3_v10_SOC060,constant_rule_following,RF,constant_rule_following,RF,RF,proposed_full,Full,True,True,35.18441874068147,31.133498721405477,31.17932463592771,0.06658742344477271,35.18441874068147,31.133498721405477,31.17932463592771,0.06658742344477271
B008,I062_L3_v10_SOC060,hcs_i_nlc,HCS-i NLC,hcs_i_nlc,HCS-i,HCS-i NLC,proposed_full,Full,False,True,,,,,37.87598897255998,35.33031420408285,46.651604036695375,
B008,I062_L3_v10_SOC060,oeac_i,OEAC-i,oeac_i,OEAC-i,OEAC-i,proposed_full,Full,True,True,27.967286296985627,24.549288210800555,44.48965668437974,35.92189722229313,27.967286296985627,24.549288210800555,44.48965668437974,35.92189722229313
B008,I062_L3_v10_SOC060,kinematic_only_optimization,KINO,kinematic_only_optimization,KINO,KINO,proposed_full,Full,True,True,33.33333333333306,28.44922460169125,28.44902022255436,-0.00028564128335908733,33.33333333333306,28.44922460169125,28.44902022255436,-0.00028564128335908733
B008,I063_L3_v10_SOC064,constant_rule_following,RF,constant_rule_following,RF,RF,proposed_full,Full,True,True,36.804808272164415,32.76256486088411,32.80730429994469,0.0665837835414369,36.804808272164415,32.76256486088411,32.80730429994469,0.0665837835414369
B008,I063_L3_v10_SOC064,hcs_i_nlc,HCS-i NLC,hcs_i_nlc,HCS-i,HCS-i NLC,proposed_full,Full,False,True,,,,,39.42908924824596,36.86010290286778,47.91358095390426,
B008,I063_L3_v10_SOC064,oeac_i,OEAC-i,oeac_i,OEAC-i,OEAC-i,proposed_full,Full,True,True,29.768104139560958,26.334106627494997,45.80277530145754,35.92189227815964,29.768104139560958,26.334106627494997,45.80277530145754,35.92189227815964
B008,I063_L3_v10_SOC064,kinematic_only_optimization,KINO,kinematic_only_optimization,KINO,KINO,proposed_full,Full,True,True,34.9999999999997,30.141788377848354,30.14158629229947,-0.0002892787541997205,34.9999999999997,30.141788377848354,30.14158629229947,-0.0002892787541997205
B008,I064_L3_v11_SOC056,constant_rule_following,RF,constant_rule_following,RF,RF,proposed_full,Full,True,True,51.10375324108067,39.85087473646299,39.825769165245475,-0.04172146593190424,51.10375324108067,39.85087473646299,39.825769165245475,-0.04172146593190424
B008,I064_L3_v11_SOC056,hcs_i_nlc,HCS-i NLC,hcs_i_nlc,HCS-i,HCS-i NLC,proposed_full,Full,False,True,,,,,53.535127653792976,44.078265841759105,53.86814250963008,
B008,I064_L3_v11_SOC056,oeac_i,OEAC-i,oeac_i,OEAC-i,OEAC-i,proposed_full,Full,True,True,45.8806454665208,34.46798164188182,51.78702924884367,35.921967340181965,45.8806454665208,34.46798164188182,51.78702924884367,35.921967340181965
B008,I064_L3_v11_SOC056,kinematic_only_optimization,KINO,kinematic_only_optimization,KINO,KINO,proposed_full,Full,True,True,50.13750552832806,38.127990086928186,38.12780992988971,-0.0002911761136471617,50.13750552832806,38.127990086928186,38.12780992988971,-0.0002911761136471617
B008,I065_L3_v11_SOC060,constant_rule_following,RF,constant_rule_following,RF,RF,proposed_full,Full,True,True,35.813104742243844,28.373433355669032,28.343537158751626,-0.041721563878528115,35.813104742243844,28.373433355669032,28.343537158751626,-0.041721563878528115
B008,I065_L3_v11_SOC060,hcs_i_nlc,HCS-i NLC,hcs_i_nlc,HCS-i,HCS-i NLC,proposed_full,Full,False,True,,,,,39.004809322978055,33.40748014202688,45.06542607691742,
B008,I065_L3_v11_SOC060,oeac_i,OEAC-i,oeac_i,OEAC-i,OEAC-i,proposed_full,Full,True,True,28.956646550297013,21.963395814989184,42.587202209802506,35.92196720699542,28.956646550297013,21.963395814989184,42.587202209802506,35.92196720699542
B008,I065_L3_v11_SOC060,kinematic_only_optimization,KINO,kinematic_only_optimization,KINO,KINO,proposed_full,Full,True,True,34.54469571614238,26.32179400713792,26.321579400980784,-0.00029127410086754685,34.54469571614238,26.32179400713792,26.321579400980784,-0.00029127410086754685
B008,I066_L3_v11_SOC064,constant_rule_following,RF,constant_rule_following,RF,RF,proposed_full,Full,True,True,50.86498526037515,40.871421347470715,40.8467416612177,-0.04172160071330574,50.86498526037515,40.871421347470715,40.8467416612177,-0.04172160071330574
B008,I066_L3_v11_SOC064,hcs_i_nlc,HCS-i NLC,hcs_i_nlc,HCS-i,HCS-i NLC,proposed_full,Full,False,True,,,,,53.30823245264301,45.02708656071085,54.65085891551349,
B008,I066_L3_v11_SOC064,oeac_i,OEAC-i,oeac_i,OEAC-i,OEAC-i,proposed_full,Full,True,True,45.6163722378872,35.579859478090626,52.60505577619919,35.92196715690797,45.6163722378872,35.579859478090626,52.60505577619919,35.92196715690797
B008,I066_L3_v11_SOC064,kinematic_only_optimization,KINO,kinematic_only_optimization,KINO,KINO,proposed_full,Full,True,True,49.89401920970241,39.17776877874401,39.177591596407716,-0.0002913109509122897,49.89401920970241,39.17776877874401,39.177591596407716,-0.0002913109509122897
B008,I067_L3_v12_SOC056,constant_rule_following,RF,constant_rule_following,RF,RF,proposed_full,Full,True,True,37.167779778156316,28.656892736029125,28.69277101913701,0.05031507130574572,37.167779778156316,28.656892736029125,28.69277101913701,0.05031507130574572
B008,I067_L3_v12_SOC056,hcs_i_nlc,HCS-i NLC,hcs_i_nlc,HCS-i,HCS-i NLC,proposed_full,Full,False,True,,,,,41.235963575629064,34.856084432692256,46.26044539187775,
B008,I067_L3_v12_SOC056,oeac_i,OEAC-i,oeac_i,OEAC-i,OEAC-i,proposed_full,Full,True,True,31.55608240639868,23.66176485182551,43.83671060738939,35.921944696882875,31.55608240639868,23.66176485182551,43.83671060738939,35.921944696882875
B008,I067_L3_v12_SOC056,kinematic_only_optimization,KINO,kinematic_only_optimization,KINO,KINO,proposed_full,Full,True,True,36.93899728140515,27.924535059097213,27.924310535586002,-0.00031151073667778976,36.93899728140515,27.924535059097213,27.924310535586002,-0.00031151073667778976
B008,I068_L3_v12_SOC060,constant_rule_following,RF,constant_rule_following,RF,RF,proposed_full,Full,True,True,52.02311756472831,39.56762067759371,39.59801110628513,0.05031362252805906,52.02311756472831,39.56762067759371,39.59801110628513,0.05031362252805906
B008,I068_L3_v12_SOC060,hcs_i_nlc,HCS-i NLC,hcs_i_nlc,HCS-i,HCS-i NLC,proposed_full,Full,False,True,,,,,55.12946610831476,44.81875030275726,54.47900546711584,
B008,I068_L3_v12_SOC060,oeac_i,OEAC-i,oeac_i,OEAC-i,OEAC-i,proposed_full,Full,True,True,47.738186296717174,35.33641356258531,52.4259401099798,35.92194272866638,47.738186296717174,35.33641356258531,52.4259401099798,35.92194272866638
B008,I068_L3_v12_SOC060,kinematic_only_optimization,KINO,kinematic_only_optimization,KINO,KINO,proposed_full,Full,True,True,51.84842580767875,38.94726478577266,38.94707371527863,-0.0003129587812666932,51.84842580767875,38.94726478577266,38.94707371527863,-0.0003129587812666932
B008,I069_L3_v12_SOC064,constant_rule_following,RF,constant_rule_following,RF,RF,proposed_full,Full,True,True,52.09250341281138,39.54076656201906,39.57117048546839,0.05031360642526686,52.09250341281138,39.54076656201906,39.57117048546839,0.05031360642526686
B008,I069_L3_v12_SOC064,hcs_i_nlc,HCS-i NLC,hcs_i_nlc,HCS-i,HCS-i NLC,proposed_full,Full,False,True,,,,,55.194359446313854,44.79422961246608,54.45877746178297,
B008,I069_L3_v12_SOC064,oeac_i,OEAC-i,oeac_i,OEAC-i,OEAC-i,proposed_full,Full,True,True,47.81376916250789,35.30767924096613,52.40479979116567,35.92194270679016,47.81376916250789,35.30767924096613,52.40479979116567,35.92194270679016
B008,I069_L3_v12_SOC064,kinematic_only_optimization,KINO,kinematic_only_optimization,KINO,KINO,proposed_full,Full,True,True,51.9180643011006,38.920135004917185,38.919943839687214,-0.00031297487591069184,51.9180643011006,38.920135004917185,38.919943839687214,-0.00031297487591069184
B008,I070_L3_v13_SOC056,constant_rule_following,RF,constant_rule_following,RF,RF,proposed_full,Full,True,True,53.45451334039751,41.6887339859641,41.67491518015699,-0.023692731609056893,53.45451334039751,41.6887339859641,41.67491518015699,-0.023692731609056893
B008,I070_L3_v13_SOC056,hcs_i_nlc,HCS-i NLC,hcs_i_nlc,HCS-i,HCS-i NLC,proposed_full,Full,False,True,,,,,56.43866530131098,46.74816088748026,56.07066166560911,
B008,I070_L3_v13_SOC056,oeac_i,OEAC-i,oeac_i,OEAC-i,OEAC-i,proposed_full,Full,True,True,49.26359072838175,37.59805304611255,54.08986285773353,35.92193541159789,49.26359072838175,37.59805304611255,54.08986285773353,35.92193541159789
B008,I070_L3_v13_SOC056,kinematic_only_optimization,KINO,kinematic_only_optimization,KINO,KINO,proposed_full,Full,True,True,53.253356763621,41.08197166890631,41.081799439483376,-0.0002923195571295703,53.253356763621,41.08197166890631,41.081799439483376,-0.0002923195571295703
B008,I071_L3_v13_SOC060,constant_rule_following,RF,constant_rule_following,RF,RF,proposed_full,Full,True,True,53.59720699326794,41.39101237860579,41.37712285417497,-0.02369301048847567,53.59720699326794,41.39101237860579,41.37712285417497,-0.02369301048847567
B008,I071_L3_v13_SOC060,hcs_i_nlc,HCS-i NLC,hcs_i_nlc,HCS-i,HCS-i NLC,proposed_full,Full,False,True,,,,,56.572210493727276,46.476271350190004,55.84637018138998,
B008,I071_L3_v13_SOC060,oeac_i,OEAC-i,oeac_i,OEAC-i,OEAC-i,proposed_full,Full,True,True,49.41913241656824,37.279445524455795,53.85545794314183,35.92193503244976,49.41913241656824,37.279445524455795,53.85545794314183,35.92193503244976
B008,I071_L3_v13_SOC060,kinematic_only_optimization,KINO,kinematic_only_optimization,KINO,KINO,proposed_full,Full,True,True,53.396667098554474,40.78115209670061,40.78097882273184,-0.00029259850182274604,53.396667098554474,40.78115209670061,40.78097882273184,-0.00029259850182274604
B008,I072_L3_v13_SOC064,constant_rule_following,RF,constant_rule_following,RF,RF,proposed_full,Full,True,True,53.46177126465785,41.70609251134486,41.692277728609746,-0.02369288697441684,53.46177126465785,41.70609251134486,41.692277728609746,-0.02369288697441684
B008,I072_L3_v13_SOC064,hcs_i_nlc,HCS-i NLC,hcs_i_nlc,HCS-i,HCS-i NLC,proposed_full,Full,False,True,,,,,56.44545790120868,46.76401328555003,56.08373880501979,
B008,I072_L3_v13_SOC064,oeac_i,OEAC-i,oeac_i,OEAC-i,OEAC-i,proposed_full,Full,True,True,49.27150215099568,37.61662931540067,54.10352965278521,35.92193520037224,49.27150215099568,37.61662931540067,54.10352965278521,35.92193520037224
B008,I072_L3_v13_SOC064,kinematic_only_optimization,KINO,kinematic_only_optimization,KINO,KINO,proposed_full,Full,True,True,53.260646054600294,41.099510819744225,41.09933855005888,-0.0002924749588542653,53.260646054600294,41.099510819744225,41.09933855005888,-0.0002924749588542653
B008,I073_L3_v14_SOC056,constant_rule_following,RF,constant_rule_following,RF,RF,proposed_full,Full,True,True,53.68634637652678,43.234427412229316,43.21461522423515,-0.03488959011617654,53.68634637652678,43.234427412229316,43.21461522423515,-0.03488959011617654
B008,I073_L3_v14_SOC056,hcs_i_nlc,HCS-i NLC,hcs_i_nlc,HCS-i,HCS-i NLC,proposed_full,Full,False,True,,,,,56.655673093186074,48.15979474292085,57.23517089621401,
B008,I073_L3_v14_SOC056,oeac_i,OEAC-i,oeac_i,OEAC-i,OEAC-i,proposed_full,Full,True,True,49.294619309590736,38.99082987145675,55.114330041608234,35.92126437033845,49.294619309590736,38.99082987145675,55.114330041608234,35.92126437033845
B008,I073_L3_v14_SOC056,kinematic_only_optimization,KINO,kinematic_only_optimization,KINO,KINO,proposed_full,Full,True,True,53.486232682058024,42.643808496968575,42.64364229403359,-0.00028977247098477477,53.486232682058024,42.643808496968575,42.64364229403359,-0.00028977247098477477
B008,I074_L3_v14_SOC060,constant_rule_following,RF,constant_rule_following,RF,RF,proposed_full,Full,True,True,53.51969540602476,43.56458954239799,43.54489262781658,-0.03488951752681042,53.51969540602476,43.56458954239799,43.54489262781658,-0.03488951752681042
B008,I074_L3_v14_SOC060,hcs_i_nlc,HCS-i NLC,hcs_i_nlc,HCS-i,HCS-i NLC,proposed_full,Full,False,True,,,,,56.499706686313864,48.4613097601365,57.48390138869505,
B008,I074_L3_v14_SOC060,oeac_i,OEAC-i,oeac_i,OEAC-i,OEAC-i,proposed_full,Full,True,True,49.11216553536619,39.34567377862104,55.375395852651174,35.92126446903727,49.11216553536619,39.34567377862104,55.375395852651174,35.92126446903727
B008,I074_L3_v14_SOC060,kinematic_only_optimization,KINO,kinematic_only_optimization,KINO,KINO,proposed_full,Full,True,True,53.318861640069834,42.97740580783376,42.97724061298166,-0.0002896998564940947,53.318861640069834,42.97740580783376,42.97724061298166,-0.0002896998564940947
B008,I075_L3_v14_SOC064,constant_rule_following,RF,constant_rule_following,RF,RF,proposed_full,Full,True,True,53.66321790421189,43.180142387184574,43.16031112690347,-0.03488981145793286,53.66321790421189,43.180142387184574,43.16031112690347,-0.03488981145793286
B008,I075_L3_v14_SOC064,hcs_i_nlc,HCS-i NLC,hcs_i_nlc,HCS-i,HCS-i NLC,proposed_full,Full,False,True,,,,,56.63402746632577,48.11021985602345,57.1942747140151,
B008,I075_L3_v14_SOC064,oeac_i,OEAC-i,oeac_i,OEAC-i,OEAC-i,proposed_full,Full,True,True,49.269297662478884,38.93248668601163,55.071405690565385,35.92126406938293,49.269297662478884,38.93248668601163,55.071405690565385,35.92126406938293
B008,I075_L3_v14_SOC064,kinematic_only_optimization,KINO,kinematic_only_optimization,KINO,KINO,proposed_full,Full,True,True,53.46300427541102,42.5889586619317,42.58879217293721,-0.00028999388935166946,53.46300427541102,42.5889586619317,42.58879217293721,-0.00028999388935166946
B008,I076_L3_v15_SOC056,constant_rule_following,RF,constant_rule_following,RF,RF,proposed_full,Full,True,True,53.68634637652678,43.234427412229316,43.21461522423515,-0.03488959011617654,53.68634637652678,43.234427412229316,43.21461522423515,-0.03488959011617654
B008,I076_L3_v15_SOC056,hcs_i_nlc,HCS-i NLC,hcs_i_nlc,HCS-i,HCS-i NLC,proposed_full,Full,False,True,,,,,56.655673093186074,48.15979474292085,57.23517089621401,
B008,I076_L3_v15_SOC056,oeac_i,OEAC-i,oeac_i,OEAC-i,OEAC-i,proposed_full,Full,True,True,49.294619309590736,38.99082987145675,55.114330041608234,35.92126437033845,49.294619309590736,38.99082987145675,55.114330041608234,35.92126437033845
B008,I076_L3_v15_SOC056,kinematic_only_optimization,KINO,kinematic_only_optimization,KINO,KINO,proposed_full,Full,True,True,53.486232682058024,42.643808496968575,42.64364229403359,-0.00028977247098477477,53.486232682058024,42.643808496968575,42.64364229403359,-0.00028977247098477477
B008,I077_L3_v15_SOC060,constant_rule_following,RF,constant_rule_following,RF,RF,proposed_full,Full,True,True,53.51969540602476,43.56458954239799,43.54489262781658,-0.03488951752681042,53.51969540602476,43.56458954239799,43.54489262781658,-0.03488951752681042
B008,I077_L3_v15_SOC060,hcs_i_nlc,HCS-i NLC,hcs_i_nlc,HCS-i,HCS-i NLC,proposed_full,Full,False,True,,,,,56.499706686313864,48.4613097601365,57.48390138869505,
B008,I077_L3_v15_SOC060,oeac_i,OEAC-i,oeac_i,OEAC-i,OEAC-i,proposed_full,Full,True,True,49.11216553536619,39.34567377862104,55.375395852651174,35.92126446903727,49.11216553536619,39.34567377862104,55.375395852651174,35.92126446903727
B008,I077_L3_v15_SOC060,kinematic_only_optimization,KINO,kinematic_only_optimization,KINO,KINO,proposed_full,Full,True,True,53.318861640069834,42.97740580783376,42.97724061298166,-0.0002896998564940947,53.318861640069834,42.97740580783376,42.97724061298166,-0.0002896998564940947
B008,I078_L3_v15_SOC064,constant_rule_following,RF,constant_rule_following,RF,RF,proposed_full,Full,True,True,53.66321790421189,43.180142387184574,43.16031112690347,-0.03488981145793286,53.66321790421189,43.180142387184574,43.16031112690347,-0.03488981145793286
B008,I078_L3_v15_SOC064,hcs_i_nlc,HCS-i NLC,hcs_i_nlc,HCS-i,HCS-i NLC,proposed_full,Full,False,True,,,,,56.63402746632577,48.11021985602345,57.1942747140151,
B008,I078_L3_v15_SOC064,oeac_i,OEAC-i,oeac_i,OEAC-i,OEAC-i,proposed_full,Full,True,True,49.269297662478884,38.93248668601163,55.071405690565385,35.92126406938293,49.269297662478884,38.93248668601163,55.071405690565385,35.92126406938293
B008,I078_L3_v15_SOC064,kinematic_only_optimization,KINO,kinematic_only_optimization,KINO,KINO,proposed_full,Full,True,True,53.46300427541102,42.5889586619317,42.58879217293721,-0.00028999388935166946,53.46300427541102,42.5889586619317,42.58879217293721,-0.00028999388935166946
B008,I079_L3_v16_SOC056,constant_rule_following,RF,constant_rule_following,RF,RF,proposed_full,Full,True,True,53.68634637652678,43.234427412229316,43.21461522423515,-0.03488959011617654,53.68634637652678,43.234427412229316,43.21461522423515,-0.03488959011617654
B008,I079_L3_v16_SOC056,hcs_i_nlc,HCS-i NLC,hcs_i_nlc,HCS-i,HCS-i NLC,proposed_full,Full,False,True,,,,,56.655673093186074,48.15979474292085,57.23517089621401,
B008,I079_L3_v16_SOC056,oeac_i,OEAC-i,oeac_i,OEAC-i,OEAC-i,proposed_full,Full,True,True,49.294619309590736,38.99082987145675,55.114330041608234,35.92126437033845,49.294619309590736,38.99082987145675,55.114330041608234,35.92126437033845
B008,I079_L3_v16_SOC056,kinematic_only_optimization,KINO,kinematic_only_optimization,KINO,KINO,proposed_full,Full,True,True,53.486232682058024,42.643808496968575,42.64364229403359,-0.00028977247098477477,53.486232682058024,42.643808496968575,42.64364229403359,-0.00028977247098477477
B008,I080_L3_v16_SOC060,constant_rule_following,RF,constant_rule_following,RF,RF,proposed_full,Full,True,True,53.51969540602476,43.56458954239799,43.54489262781658,-0.03488951752681042,53.51969540602476,43.56458954239799,43.54489262781658,-0.03488951752681042
B008,I080_L3_v16_SOC060,hcs_i_nlc,HCS-i NLC,hcs_i_nlc,HCS-i,HCS-i NLC,proposed_full,Full,False,True,,,,,56.499706686313864,48.4613097601365,57.48390138869505,
B008,I080_L3_v16_SOC060,oeac_i,OEAC-i,oeac_i,OEAC-i,OEAC-i,proposed_full,Full,True,True,49.11216553536619,39.34567377862104,55.375395852651174,35.92126446903727,49.11216553536619,39.34567377862104,55.375395852651174,35.92126446903727
B008,I080_L3_v16_SOC060,kinematic_only_optimization,KINO,kinematic_only_optimization,KINO,KINO,proposed_full,Full,True,True,53.318861640069834,42.97740580783376,42.97724061298166,-0.0002896998564940947,53.318861640069834,42.97740580783376,42.97724061298166,-0.0002896998564940947
B008,I081_L3_v16_SOC064,constant_rule_following,RF,constant_rule_following,RF,RF,proposed_full,Full,True,True,53.66321790421189,43.180142387184574,43.16031112690347,-0.03488981145793286,53.66321790421189,43.180142387184574,43.16031112690347,-0.03488981145793286
B008,I081_L3_v16_SOC064,hcs_i_nlc,HCS-i NLC,hcs_i_nlc,HCS-i,HCS-i NLC,proposed_full,Full,False,True,,,,,56.63402746632577,48.11021985602345,57.1942747140151,
B008,I081_L3_v16_SOC064,oeac_i,OEAC-i,oeac_i,OEAC-i,OEAC-i,proposed_full,Full,True,True,49.269297662478884,38.93248668601163,55.071405690565385,35.92126406938293,49.269297662478884,38.93248668601163,55.071405690565385,35.92126406938293
B008,I081_L3_v16_SOC064,kinematic_only_optimization,KINO,kinematic_only_optimization,KINO,KINO,proposed_full,Full,True,True,53.46300427541102,42.5889586619317,42.58879217293721,-0.00028999388935166946,53.46300427541102,42.5889586619317,42.58879217293721,-0.00028999388935166946
B009,I001_L1_v8_SOC056,constant_rule_following,RF,constant_rule_following,RF,RF,proposed_full,Full,True,True,46.22025601792495,40.43134489568727,45.21113450178575,8.724016390254102,46.22025601792495,40.43134489568727,45.21113450178575,8.724016390254102
B009,I001_L1_v8_SOC056,hcs_i_nlc,HCS-i NLC,hcs_i_nlc,HCS-i,HCS-i NLC,proposed_full,Full,False,True,,,,,48.269964747188304,43.87620612835428,54.15207742642836,
B009,I001_L1_v8_SOC056,oeac_i,OEAC-i,oeac_i,OEAC-i,OEAC-i,proposed_full,Full,True,True,40.12445756854749,34.57797004240483,51.8573751702259,35.89211263182833,40.12445756854749,34.57797004240483,51.8573751702259,35.89211263182833
B009,I001_L1_v8_SOC056,kinematic_only_optimization,KINO,kinematic_only_optimization,KINO,KINO,proposed_full,Full,True,True,42.57311176271019,36.33304298397397,36.3329348087313,-0.00016990769455840088,42.57311176271019,36.33304298397397,36.3329348087313,-0.00016990769455840088
B009,I002_L1_v8_SOC060,constant_rule_following,RF,constant_rule_following,RF,RF,proposed_full,Full,True,True,46.1318378926058,39.69375164200385,44.53272185344149,8.724008772617006,46.1318378926058,39.69375164200385,44.53272185344149,8.724008772617006
B009,I002_L1_v8_SOC060,hcs_i_nlc,HCS-i NLC,hcs_i_nlc,HCS-i,HCS-i NLC,proposed_full,Full,False,True,,,,,48.18491650409381,43.18126796568546,53.58437429384144,
B009,I002_L1_v8_SOC060,oeac_i,OEAC-i,oeac_i,OEAC-i,OEAC-i,proposed_full,Full,True,True,40.02601747154702,33.767898909281286,51.26125832582663,35.892103110686335,40.02601747154702,33.767898909281286,51.26125832582663,35.892103110686335
B009,I002_L1_v8_SOC060,kinematic_only_optimization,KINO,kinematic_only_optimization,KINO,KINO,proposed_full,Full,True,True,42.47869744562929,35.544703581391545,35.54458955069482,-0.00017691408045696338,42.47869744562929,35.544703581391545,35.54458955069482,-0.00017691408045696338
B009,I003_L1_v8_SOC064,constant_rule_following,RF,constant_rule_following,RF,RF,proposed_full,Full,True,True,29.061145705276104,21.242783067393304,27.56225822196172,8.724009058609774,29.061145705276104,21.242783067393304,27.56225822196172,8.724009058609774
B009,I003_L1_v8_SOC064,hcs_i_nlc,HCS-i NLC,hcs_i_nlc,HCS-i,HCS-i NLC,proposed_full,Full,False,True,,,,,31.76484003562287,25.79732073370098,39.383304504596445,
B009,I003_L1_v8_SOC064,oeac_i,OEAC-i,oeac_i,OEAC-i,OEAC-i,proposed_full,Full,True,True,21.020405344843724,13.503888974508977,36.34942074042737,35.89210346814334,21.020405344843724,13.503888974508977,36.34942074042737,35.89210346814334
B009,I003_L1_v8_SOC064,kinematic_only_optimization,KINO,kinematic_only_optimization,KINO,KINO,proposed_full,Full,True,True,24.25033375721713,15.824315046738727,15.824166349256336,-0.00017665103619852375,24.25033375721713,15.824315046738727,15.824166349256336,-0.00017665103619852375
B009,I004_L1_v9_SOC056,constant_rule_following,RF,constant_rule_following,RF,RF,proposed_full,Full,True,True,48.725411305259854,35.86208540487854,40.96373245744821,8.641547416412381,48.725411305259854,35.86208540487854,40.96373245744821,8.641547416412381
B009,I004_L1_v9_SOC056,hcs_i_nlc,HCS-i NLC,hcs_i_nlc,HCS-i,HCS-i NLC,proposed_full,Full,False,True,,,,,50.8708539887008,39.84699832079,50.860856770665926,
B009,I004_L1_v9_SOC056,oeac_i,OEAC-i,oeac_i,OEAC-i,OEAC-i,proposed_full,Full,True,True,42.87841728065658,29.544090338730314,48.15333219884713,35.89284065754949,42.87841728065658,29.544090338730314,48.15333219884713,35.89284065754949
B009,I004_L1_v9_SOC056,kinematic_only_optimization,KINO,kinematic_only_optimization,KINO,KINO,proposed_full,Full,True,True,45.69450351349087,31.808082048117743,31.808036469942987,-6.68380442304868e-05,45.69450351349087,31.808082048117743,31.808036469942987,-6.68380442304868e-05
B009,I005_L1_v9_SOC060,constant_rule_following,RF,constant_rule_following,RF,RF,proposed_full,Full,True,True,48.43938411890972,36.193308881316675,41.26861496180467,8.641556941296948,48.43938411890972,36.193308881316675,41.26861496180467,8.641556941296948
B009,I005_L1_v9_SOC060,hcs_i_nlc,HCS-i NLC,hcs_i_nlc,HCS-i,HCS-i NLC,proposed_full,Full,False,True,,,,,50.596794815158596,40.1576427572384,51.114627303142285,
B009,I005_L1_v9_SOC060,oeac_i,OEAC-i,oeac_i,OEAC-i,OEAC-i,proposed_full,Full,True,True,42.55977356256944,29.907941447406557,48.421085269624506,35.8928525716252,42.55977356256944,29.907941447406557,48.421085269624506,35.8928525716252
B009,I005_L1_v9_SOC060,kinematic_only_optimization,KINO,kinematic_only_optimization,KINO,KINO,proposed_full,Full,True,True,45.39156888722098,32.16024136404792,32.16020196893973,-5.8070792264821535e-05,45.39156888722098,32.16024136404792,32.16020196893973,-5.8070792264821535e-05
B009,I006_L1_v9_SOC064,constant_rule_following,RF,constant_rule_following,RF,RF,proposed_full,Full,True,True,48.605586294073866,36.387092389406256,41.44697133687341,8.641532407449285,48.605586294073866,36.387092389406256,41.44697133687341,8.641532407449285
B009,I006_L1_v9_SOC064,hcs_i_nlc,HCS-i NLC,hcs_i_nlc,HCS-i,HCS-i NLC,proposed_full,Full,False,True,,,,,50.756042722141274,40.33938642260544,51.263083156216844,
B009,I006_L1_v9_SOC064,oeac_i,OEAC-i,oeac_i,OEAC-i,OEAC-i,proposed_full,Full,True,True,42.74492826665286,30.120813871244952,48.57772091265091,35.892821883786795,42.74492826665286,30.120813871244952,48.57772091265091,35.892821883786795
B009,I006_L1_v9_SOC064,kinematic_only_optimization,KINO,kinematic_only_optimization,KINO,KINO,proposed_full,Full,True,True,45.567595489660654,32.36627346171574,32.36621891293562,-8.065315771101873e-05,45.567595489660654,32.36627346171574,32.36621891293562,-8.065315771101873e-05
B009,I007_L1_v10_SOC056,constant_rule_following,RF,constant_rule_following,RF,RF,proposed_full,Full,True,True,48.10550988419261,40.02768179857856,44.75764446794738,8.562203084595843,48.10550988419261,40.02768179857856,44.75764446794738,8.562203084595843
B009,I007_L1_v10_SOC056,hcs_i_nlc,HCS-i NLC,hcs_i_nlc,HCS-i,HCS-i NLC,proposed_full,Full,False,True,,,,,50.502579718412335,44.0909315392724,54.327631417947636,
B009,I007_L1_v10_SOC056,oeac_i,OEAC-i,oeac_i,OEAC-i,OEAC-i,proposed_full,Full,True,True,42.450475323086955,34.515236248947474,51.81135346574747,35.89251506473813,42.450475323086955,34.515236248947474,51.81135346574747,35.89251506473813
B009,I007_L1_v10_SOC056,kinematic_only_optimization,KINO,kinematic_only_optimization,KINO,KINO,proposed_full,Full,True,True,46.883210465676484,38.25149093670929,38.25115772727096,-0.000539620543596266,46.883210465676484,38.25149093670929,38.25115772727096,-0.000539620543596266
B009,I008_L1_v10_SOC060,constant_rule_following,RF,constant_rule_following,RF,RF,proposed_full,Full,True,True,35.804514415750596,27.3157757742925,33.04828738485855,8.56215828789659,35.804514415750596,27.3157757742925,33.04828738485855,8.56215828789659
B009,I008_L1_v10_SOC060,hcs_i_nlc,HCS-i NLC,hcs_i_nlc,HCS-i,HCS-i NLC,proposed_full,Full,False,True,,,,,38.76978224367784,32.24028368218655,44.64676123406488,
B009,I008_L1_v10_SOC060,oeac_i,OEAC-i,oeac_i,OEAC-i,OEAC-i,proposed_full,Full,True,True,28.809018577256765,20.634896322280706,41.597124470879194,35.892458990561714,28.809018577256765,20.634896322280706,41.597124470879194,35.892458990561714
B009,I008_L1_v10_SOC060,kinematic_only_optimization,KINO,kinematic_only_optimization,KINO,KINO,proposed_full,Full,True,True,34.29248289706945,25.16309836005343,25.162663641981744,-0.0005808839448961676,34.29248289706945,25.16309836005343,25.162663641981744,-0.0005808839448961676
B009,I009_L1_v10_SOC064,constant_rule_following,RF,constant_rule_following,RF,RF,proposed_full,Full,True,True,47.88044824027967,40.877316624232996,45.54025755302079,8.562179546345684,47.88044824027967,40.877316624232996,45.54025755302079,8.562179546345684
B009,I009_L1_v10_SOC064,hcs_i_nlc,HCS-i NLC,hcs_i_nlc,HCS-i,HCS-i NLC,proposed_full,Full,False,True,,,,,50.287913946513164,44.88300183201299,54.97466742744348,
B009,I009_L1_v10_SOC064,oeac_i,OEAC-i,oeac_i,OEAC-i,OEAC-i,proposed_full,Full,True,True,42.20088831295756,35.44296653353949,52.49403734058337,35.89248560078177,42.20088831295756,35.44296653353949,52.49403734058337,35.89248560078177
B009,I009_L1_v10_SOC064,kinematic_only_optimization,KINO,kinematic_only_optimization,KINO,KINO,proposed_full,Full,True,True,46.652847821293726,39.126289265435005,39.12594757801751,-0.0005613022361856391,46.652847821293726,39.126289265435005,39.12594757801751,-0.0005613022361856391
B009,I010_L1_v11_SOC056,constant_rule_following,RF,constant_rule_following,RF,RF,proposed_full,Full,True,True,50.78404875557557,37.51487598805726,42.420535848122576,8.519808116181204,50.78404875557557,37.51487598805726,42.420535848122576,8.519808116181204
B009,I010_L1_v11_SOC056,hcs_i_nlc,HCS-i NLC,hcs_i_nlc,HCS-i,HCS-i NLC,proposed_full,Full,False,True,,,,,53.3135308680881,42.12333001291955,52.720652655889396,
B009,I010_L1_v11_SOC056,oeac_i,OEAC-i,oeac_i,OEAC-i,OEAC-i,proposed_full,Full,True,True,45.47317762775556,31.911202353328854,49.895481696122424,35.89352807210156,45.47317762775556,31.911202353328854,49.895481696122424,35.89352807210156
B009,I010_L1_v11_SOC056,kinematic_only_optimization,KINO,kinematic_only_optimization,KINO,KINO,proposed_full,Full,True,True,49.899705057903404,35.965041980935744,35.965122372104304,0.00012554278471766083,49.899705057903404,35.965041980935744,35.965122372104304,0.00012554278471766083
B009,I011_L1_v11_SOC060,constant_rule_following,RF,constant_rule_following,RF,RF,proposed_full,Full,True,True,49.31440975196792,39.330153066439784,44.09294303256604,8.519121242423116,49.31440975196792,39.330153066439784,44.09294303256604,8.519121242423116
B009,I011_L1_v11_SOC060,hcs_i_nlc,HCS-i NLC,hcs_i_nlc,HCS-i,HCS-i NLC,proposed_full,Full,False,True,,,,,51.91942480608741,43.80472528998703,54.093890863968674,
B009,I011_L1_v11_SOC060,oeac_i,OEAC-i,oeac_i,OEAC-i,OEAC-i,proposed_full,Full,True,True,43.8449505413165,33.88927370418356,51.3507775662517,35.892667936980175,43.8449505413165,33.88927370418356,51.3507775662517,35.892667936980175
B009,I011_L1_v11_SOC060,kinematic_only_optimization,KINO,kinematic_only_optimization,KINO,KINO,proposed_full,Full,True,True,48.40365864048313,37.8253438262994,37.82502834686943,-0.0005074058283810606,48.40365864048313,37.8253438262994,37.82502834686943,-0.0005074058283810606
B009,I012_L1_v11_SOC064,constant_rule_following,RF,constant_rule_following,RF,RF,proposed_full,Full,True,True,50.31449196808721,38.81180226899006,43.6155674320715,8.51966570257518,50.31449196808721,38.81180226899006,43.6155674320715,8.51966570257518
B009,I012_L1_v11_SOC064,hcs_i_nlc,HCS-i NLC,hcs_i_nlc,HCS-i,HCS-i NLC,proposed_full,Full,False,True,,,,,52.86810722167959,43.324604324942555,53.70191071684796,
B009,I012_L1_v11_SOC064,oeac_i,OEAC-i,oeac_i,OEAC-i,OEAC-i,proposed_full,Full,True,True,44.95295117885685,33.32443714323188,50.93537469883854,35.893349735190505,44.95295117885685,33.32443714323188,50.93537469883854,35.893349735190505
B009,I012_L1_v11_SOC064,kinematic_only_optimization,KINO,kinematic_only_optimization,KINO,KINO,proposed_full,Full,True,True,49.42171097366033,37.29413624563592,37.29413267754573,-5.690201487064435e-06,49.42171097366033,37.29413624563592,37.29413267754573,-5.690201487064435e-06
B009,I013_L1_v12_SOC056,constant_rule_following,RF,constant_rule_following,RF,RF,proposed_full,Full,True,True,37.855616818511415,29.35683588326627,34.8790449842126,8.4799264685347,37.855616818511415,29.35683588326627,34.8790449842126,8.4799264685347
B009,I013_L1_v12_SOC056,hcs_i_nlc,HCS-i NLC,hcs_i_nlc,HCS-i,HCS-i NLC,proposed_full,Full,False,True,,,,,41.41022464695398,35.0824312848188,46.96875515388676,
B009,I013_L1_v12_SOC056,oeac_i,OEAC-i,oeac_i,OEAC-i,OEAC-i,proposed_full,Full,True,True,31.550753056734322,23.65791517169954,43.81625970203697,35.87932099826451,31.550753056734322,23.65791517169954,43.81625970203697,35.87932099826451
B009,I013_L1_v12_SOC056,kinematic_only_optimization,KINO,kinematic_only_optimization,KINO,KINO,proposed_full,Full,True,True,37.12600073728089,28.174966038918722,28.17472718612973,-0.0003325469986249885,37.12600073728089,28.174966038918722,28.17472718612973,-0.0003325469986249885
B009,I014_L1_v12_SOC060,constant_rule_following,RF,constant_rule_following,RF,RF,proposed_full,Full,True,True,50.857735282865285,39.66963511985621,44.38568236791563,8.479915692319304,50.857735282865285,39.66963511985621,44.38568236791563,8.479915692319304
B009,I014_L1_v12_SOC060,hcs_i_nlc,HCS-i NLC,hcs_i_nlc,HCS-i,HCS-i NLC,proposed_full,Full,False,True,,,,,53.66863258247768,44.5593829680831,54.71048459621676,
B009,I014_L1_v12_SOC060,oeac_i,OEAC-i,oeac_i,OEAC-i,OEAC-i,proposed_full,Full,True,True,45.87200257260785,34.80266787326331,52.01820400312086,35.87930750023885,45.87200257260785,34.80266787326331,52.01820400312086,35.87930750023885
B009,I014_L1_v12_SOC060,kinematic_only_optimization,KINO,kinematic_only_optimization,KINO,KINO,proposed_full,Full,True,True,50.28077265534999,38.66029982405175,38.660089746636885,-0.0003424807992001666,50.28077265534999,38.66029982405175,38.660089746636885,-0.0003424807992001666
B009,I015_L1_v12_SOC064,constant_rule_following,RF,constant_rule_following,RF,RF,proposed_full,Full,True,True,50.82617475584612,39.635506209781305,44.35421649867919,8.479906278587835,50.82617475584612,39.635506209781305,44.35421649867919,8.479906278587835
B009,I015_L1_v12_SOC064,hcs_i_nlc,HCS-i NLC,hcs_i_nlc,HCS-i,HCS-i NLC,proposed_full,Full,False,True,,,,,53.638877291759336,44.528020190202696,54.68486036795769,
B009,I015_L1_v12_SOC064,oeac_i,OEAC-i,oeac_i,OEAC-i,OEAC-i,proposed_full,Full,True,True,45.837240069594735,34.765785717988805,51.99105651695453,35.87929570882746,45.837240069594735,34.765785717988805,51.99105651695453,35.87929570882746
B009,I015_L1_v12_SOC064,kinematic_only_optimization,KINO,kinematic_only_optimization,KINO,KINO,proposed_full,Full,True,True,50.24884158690991,38.62559993262086,38.625384410364035,-0.00035115862602976163,50.24884158690991,38.62559993262086,38.625384410364035,-0.00035115862602976163
B009,I016_L1_v13_SOC056,constant_rule_following,RF,constant_rule_following,RF,RF,proposed_full,Full,True,True,51.11619588192848,39.704526177763114,44.41595406381429,8.476223359955153,51.11619588192848,39.704526177763114,44.41595406381429,8.476223359955153
B009,I016_L1_v13_SOC056,hcs_i_nlc,HCS-i NLC,hcs_i_nlc,HCS-i,HCS-i NLC,proposed_full,Full,False,True,,,,,53.91230944692577,44.59144612207028,54.73668994681245,
B009,I016_L1_v13_SOC056,oeac_i,OEAC-i,oeac_i,OEAC-i,OEAC-i,proposed_full,Full,True,True,46.15673416491746,34.84044079042133,52.046015284508265,35.879342657688646,46.15673416491746,34.84044079042133,52.046015284508265,35.879342657688646
B009,I016_L1_v13_SOC056,kinematic_only_optimization,KINO,kinematic_only_optimization,KINO,KINO,proposed_full,Full,True,True,50.542267752460894,38.695774614152604,38.69557829080153,-0.0003202433782280079,50.542267752460894,38.695774614152604,38.69557829080153,-0.0003202433782280079
B009,I017_L1_v13_SOC060,constant_rule_following,RF,constant_rule_following,RF,RF,proposed_full,Full,True,True,51.156794439090504,39.7979537922191,44.50208501353378,8.476230543907551,51.156794439090504,39.7979537922191,44.50208501353378,8.476230543907551
B009,I017_L1_v13_SOC060,hcs_i_nlc,HCS-i NLC,hcs_i_nlc,HCS-i,HCS-i NLC,proposed_full,Full,False,True,,,,,53.95058579986396,44.67730147208433,54.80682827187797,
B009,I017_L1_v13_SOC060,oeac_i,OEAC-i,oeac_i,OEAC-i,OEAC-i,proposed_full,Full,True,True,46.20145161163081,34.9414052872574,52.12032297796262,35.87935165644155,46.20145161163081,34.9414052872574,52.12032297796262,35.87935165644155
B009,I017_L1_v13_SOC060,kinematic_only_optimization,KINO,kinematic_only_optimization,KINO,KINO,proposed_full,Full,True,True,50.58334296348388,38.79076528543844,38.79057331994856,-0.0003136207938790359,50.58334296348388,38.79076528543844,38.79057331994856,-0.0003136207938790359
B009,I018_L1_v13_SOC064,constant_rule_following,RF,constant_rule_following,RF,RF,proposed_full,Full,True,True,51.176301100206835,39.729268753953534,44.438765521268536,8.476227735936599,51.176301100206835,39.729268753953534,44.438765521268536,8.476227735936599
B009,I018_L1_v13_SOC064,hcs_i_nlc,HCS-i NLC,hcs_i_nlc,HCS-i,HCS-i NLC,proposed_full,Full,False,True,,,,,53.96897669593829,44.61418332403618,54.75526581789426,
B009,I018_L1_v13_SOC064,oeac_i,OEAC-i,oeac_i,OEAC-i,OEAC-i,proposed_full,Full,True,True,46.222937303241565,34.86717937055142,52.06569539709587,35.87934813912471,46.222937303241565,34.86717937055142,52.06569539709587,35.87934813912471
B009,I018_L1_v13_SOC064,kinematic_only_optimization,KINO,kinematic_only_optimization,KINO,KINO,proposed_full,Full,True,True,50.60307864567844,38.72093113704313,38.720737366288446,-0.00031620934450444436,50.60307864567844,38.72093113704313,38.720737366288446,-0.00031620934450444436
B009,I019_L1_v14_SOC056,constant_rule_following,RF,constant_rule_following,RF,RF,proposed_full,Full,True,True,51.11619588192848,39.704526177763114,44.41595406381429,8.476223359955153,51.11619588192848,39.704526177763114,44.41595406381429,8.476223359955153
B009,I019_L1_v14_SOC056,hcs_i_nlc,HCS-i NLC,hcs_i_nlc,HCS-i,HCS-i NLC,proposed_full,Full,False,True,,,,,53.91230944692577,44.59144612207028,54.73668994681245,
B009,I019_L1_v14_SOC056,oeac_i,OEAC-i,oeac_i,OEAC-i,OEAC-i,proposed_full,Full,True,True,46.15673416491746,34.84044079042133,52.046015284508265,35.879342657688646,46.15673416491746,34.84044079042133,52.046015284508265,35.879342657688646
B009,I019_L1_v14_SOC056,kinematic_only_optimization,KINO,kinematic_only_optimization,KINO,KINO,proposed_full,Full,True,True,50.542267752460894,38.695774614152604,38.69557829080153,-0.0003202433782280079,50.542267752460894,38.695774614152604,38.69557829080153,-0.0003202433782280079
B009,I020_L1_v14_SOC060,constant_rule_following,RF,constant_rule_following,RF,RF,proposed_full,Full,True,True,51.156794439090504,39.7979537922191,44.50208501353378,8.476230543907551,51.156794439090504,39.7979537922191,44.50208501353378,8.476230543907551
B009,I020_L1_v14_SOC060,hcs_i_nlc,HCS-i NLC,hcs_i_nlc,HCS-i,HCS-i NLC,proposed_full,Full,False,True,,,,,53.95058579986396,44.67730147208433,54.80682827187797,
B009,I020_L1_v14_SOC060,oeac_i,OEAC-i,oeac_i,OEAC-i,OEAC-i,proposed_full,Full,True,True,46.20145161163081,34.9414052872574,52.12032297796262,35.87935165644155,46.20145161163081,34.9414052872574,52.12032297796262,35.87935165644155
B009,I020_L1_v14_SOC060,kinematic_only_optimization,KINO,kinematic_only_optimization,KINO,KINO,proposed_full,Full,True,True,50.58334296348388,38.79076528543844,38.79057331994856,-0.0003136207938790359,50.58334296348388,38.79076528543844,38.79057331994856,-0.0003136207938790359
B009,I021_L1_v14_SOC064,constant_rule_following,RF,constant_rule_following,RF,RF,proposed_full,Full,True,True,51.176301100206835,39.729268753953534,44.438765521268536,8.476227735936599,51.176301100206835,39.729268753953534,44.438765521268536,8.476227735936599
B009,I021_L1_v14_SOC064,hcs_i_nlc,HCS-i NLC,hcs_i_nlc,HCS-i,HCS-i NLC,proposed_full,Full,False,True,,,,,53.96897669593829,44.61418332403618,54.75526581789426,
B009,I021_L1_v14_SOC064,oeac_i,OEAC-i,oeac_i,OEAC-i,OEAC-i,proposed_full,Full,True,True,46.222937303241565,34.86717937055142,52.06569539709587,35.87934813912471,46.222937303241565,34.86717937055142,52.06569539709587,35.87934813912471
B009,I021_L1_v14_SOC064,kinematic_only_optimization,KINO,kinematic_only_optimization,KINO,KINO,proposed_full,Full,True,True,50.60307864567844,38.72093113704313,38.720737366288446,-0.00031620934450444436,50.60307864567844,38.72093113704313,38.720737366288446,-0.00031620934450444436
B009,I022_L1_v15_SOC056,constant_rule_following,RF,constant_rule_following,RF,RF,proposed_full,Full,True,True,51.11619588192848,39.704526177763114,44.41595406381429,8.476223359955153,51.11619588192848,39.704526177763114,44.41595406381429,8.476223359955153
B009,I022_L1_v15_SOC056,hcs_i_nlc,HCS-i NLC,hcs_i_nlc,HCS-i,HCS-i NLC,proposed_full,Full,False,True,,,,,53.91230944692577,44.59144612207028,54.73668994681245,
B009,I022_L1_v15_SOC056,oeac_i,OEAC-i,oeac_i,OEAC-i,OEAC-i,proposed_full,Full,True,True,46.15673416491746,34.84044079042133,52.046015284508265,35.879342657688646,46.15673416491746,34.84044079042133,52.046015284508265,35.879342657688646
B009,I022_L1_v15_SOC056,kinematic_only_optimization,KINO,kinematic_only_optimization,KINO,KINO,proposed_full,Full,True,True,50.542267752460894,38.695774614152604,38.69557829080153,-0.0003202433782280079,50.542267752460894,38.695774614152604,38.69557829080153,-0.0003202433782280079
B009,I023_L1_v15_SOC060,constant_rule_following,RF,constant_rule_following,RF,RF,proposed_full,Full,True,True,51.156794439090504,39.7979537922191,44.50208501353378,8.476230543907551,51.156794439090504,39.7979537922191,44.50208501353378,8.476230543907551
B009,I023_L1_v15_SOC060,hcs_i_nlc,HCS-i NLC,hcs_i_nlc,HCS-i,HCS-i NLC,proposed_full,Full,False,True,,,,,53.95058579986396,44.67730147208433,54.80682827187797,
B009,I023_L1_v15_SOC060,oeac_i,OEAC-i,oeac_i,OEAC-i,OEAC-i,proposed_full,Full,True,True,46.20145161163081,34.9414052872574,52.12032297796262,35.87935165644155,46.20145161163081,34.9414052872574,52.12032297796262,35.87935165644155
B009,I023_L1_v15_SOC060,kinematic_only_optimization,KINO,kinematic_only_optimization,KINO,KINO,proposed_full,Full,True,True,50.58334296348388,38.79076528543844,38.79057331994856,-0.0003136207938790359,50.58334296348388,38.79076528543844,38.79057331994856,-0.0003136207938790359
B009,I024_L1_v15_SOC064,constant_rule_following,RF,constant_rule_following,RF,RF,proposed_full,Full,True,True,51.176301100206835,39.729268753953534,44.438765521268536,8.476227735936599,51.176301100206835,39.729268753953534,44.438765521268536,8.476227735936599
B009,I024_L1_v15_SOC064,hcs_i_nlc,HCS-i NLC,hcs_i_nlc,HCS-i,HCS-i NLC,proposed_full,Full,False,True,,,,,53.96897669593829,44.61418332403618,54.75526581789426,
B009,I024_L1_v15_SOC064,oeac_i,OEAC-i,oeac_i,OEAC-i,OEAC-i,proposed_full,Full,True,True,46.222937303241565,34.86717937055142,52.06569539709587,35.87934813912471,46.222937303241565,34.86717937055142,52.06569539709587,35.87934813912471
B009,I024_L1_v15_SOC064,kinematic_only_optimization,KINO,kinematic_only_optimization,KINO,KINO,proposed_full,Full,True,True,50.60307864567844,38.72093113704313,38.720737366288446,-0.00031620934450444436,50.60307864567844,38.72093113704313,38.720737366288446,-0.00031620934450444436
B009,I025_L1_v16_SOC056,constant_rule_following,RF,constant_rule_following,RF,RF,proposed_full,Full,True,True,51.11619588192848,39.704526177763114,44.41595406381429,8.476223359955153,51.11619588192848,39.704526177763114,44.41595406381429,8.476223359955153
B009,I025_L1_v16_SOC056,hcs_i_nlc,HCS-i NLC,hcs_i_nlc,HCS-i,HCS-i NLC,proposed_full,Full,False,True,,,,,53.91230944692577,44.59144612207028,54.73668994681245,
B009,I025_L1_v16_SOC056,oeac_i,OEAC-i,oeac_i,OEAC-i,OEAC-i,proposed_full,Full,True,True,46.15673416491746,34.84044079042133,52.046015284508265,35.879342657688646,46.15673416491746,34.84044079042133,52.046015284508265,35.879342657688646
B009,I025_L1_v16_SOC056,kinematic_only_optimization,KINO,kinematic_only_optimization,KINO,KINO,proposed_full,Full,True,True,50.542267752460894,38.695774614152604,38.69557829080153,-0.0003202433782280079,50.542267752460894,38.695774614152604,38.69557829080153,-0.0003202433782280079
B009,I026_L1_v16_SOC060,constant_rule_following,RF,constant_rule_following,RF,RF,proposed_full,Full,True,True,51.156794439090504,39.7979537922191,44.50208501353378,8.476230543907551,51.156794439090504,39.7979537922191,44.50208501353378,8.476230543907551
B009,I026_L1_v16_SOC060,hcs_i_nlc,HCS-i NLC,hcs_i_nlc,HCS-i,HCS-i NLC,proposed_full,Full,False,True,,,,,53.95058579986396,44.67730147208433,54.80682827187797,
B009,I026_L1_v16_SOC060,oeac_i,OEAC-i,oeac_i,OEAC-i,OEAC-i,proposed_full,Full,True,True,46.20145161163081,34.9414052872574,52.12032297796262,35.87935165644155,46.20145161163081,34.9414052872574,52.12032297796262,35.87935165644155
B009,I026_L1_v16_SOC060,kinematic_only_optimization,KINO,kinematic_only_optimization,KINO,KINO,proposed_full,Full,True,True,50.58334296348388,38.79076528543844,38.79057331994856,-0.0003136207938790359,50.58334296348388,38.79076528543844,38.79057331994856,-0.0003136207938790359
B009,I027_L1_v16_SOC064,constant_rule_following,RF,constant_rule_following,RF,RF,proposed_full,Full,True,True,51.176301100206835,39.729268753953534,44.438765521268536,8.476227735936599,51.176301100206835,39.729268753953534,44.438765521268536,8.476227735936599
B009,I027_L1_v16_SOC064,hcs_i_nlc,HCS-i NLC,hcs_i_nlc,HCS-i,HCS-i NLC,proposed_full,Full,False,True,,,,,53.96897669593829,44.61418332403618,54.75526581789426,
B009,I027_L1_v16_SOC064,oeac_i,OEAC-i,oeac_i,OEAC-i,OEAC-i,proposed_full,Full,True,True,46.222937303241565,34.86717937055142,52.06569539709587,35.87934813912471,46.222937303241565,34.86717937055142,52.06569539709587,35.87934813912471
B009,I027_L1_v16_SOC064,kinematic_only_optimization,KINO,kinematic_only_optimization,KINO,KINO,proposed_full,Full,True,True,50.60307864567844,38.72093113704313,38.720737366288446,-0.00031620934450444436,50.60307864567844,38.72093113704313,38.720737366288446,-0.00031620934450444436
B009,I028_L2_v8_SOC056,constant_rule_following,RF,constant_rule_following,RF,RF,proposed_full,Full,True,True,46.15342313816275,39.81837131622332,43.42849425061773,6.38152173355193,46.15342313816275,39.81837131622332,43.42849425061773,6.38152173355193
B009,I028_L2_v8_SOC056,hcs_i_nlc,HCS-i NLC,hcs_i_nlc,HCS-i,HCS-i NLC,proposed_full,Full,True,True,38.86014646765809,31.061576546717703,50.80867308904759,40.14345166593422,38.86014646765809,31.061576546717703,50.80867308904759,40.14345166593422
B009,I028_L2_v8_SOC056,oeac_i,OEAC-i,oeac_i,OEAC-i,OEAC-i,proposed_full,Full,True,True,40.27005647949142,34.19549080233164,51.57090334942719,35.87804388023836,40.27005647949142,34.19549080233164,51.57090334942719,35.87804388023836
B009,I028_L2_v8_SOC056,kinematic_only_optimization,KINO,kinematic_only_optimization,KINO,KINO,proposed_full,Full,True,True,42.40246308076317,35.54662558278748,35.546511932336635,-0.00017632940318291964,42.40246308076317,35.54662558278748,35.546511932336635,-0.00017632940318291964
B009,I029_L2_v8_SOC060,constant_rule_following,RF,constant_rule_following,RF,RF,proposed_full,Full,True,True,32.37779807296776,23.93098280129986,28.494144829335127,6.381522208418103,32.37779807296776,23.93098280129986,28.494144829335127,6.381522208418103
B009,I029_L2_v8_SOC060,hcs_i_nlc,HCS-i NLC,hcs_i_nlc,HCS-i,HCS-i NLC,proposed_full,Full,True,True,23.218674940813433,12.862475908155938,37.82262198693904,40.143452291507,23.218674940813433,12.862475908155938,37.82262198693904,40.143452291507
B009,I029_L2_v8_SOC060,oeac_i,OEAC-i,oeac_i,OEAC-i,OEAC-i,proposed_full,Full,True,True,24.989283679113925,16.823714289758797,38.78607392061851,35.8780444867712,24.989283679113925,16.823714289758797,38.78607392061851,35.8780444867712
B009,I029_L2_v8_SOC060,kinematic_only_optimization,KINO,kinematic_only_optimization,KINO,KINO,proposed_full,Full,True,True,27.667226051416005,18.53153604699821,18.531392757548453,-0.00017588302365382523,27.667226051416005,18.53153604699821,18.531392757548453,-0.00017588302365382523
B009,I030_L2_v8_SOC064,constant_rule_following,RF,constant_rule_following,RF,RF,proposed_full,Full,True,True,29.827932066780313,22.4751462273923,27.125639342455734,6.381521667019926,29.827932066780313,22.4751462273923,27.125639342455734,6.381521667019926
B009,I030_L2_v8_SOC064,hcs_i_nlc,HCS-i NLC,hcs_i_nlc,HCS-i,HCS-i NLC,proposed_full,Full,True,True,20.323441051658115,11.19480621549656,36.63264834397567,40.143451578287184,20.323441051658115,11.19480621549656,36.63264834397567,40.143451578287184
B009,I030_L2_v8_SOC064,oeac_i,OEAC-i,oeac_i,OEAC-i,OEAC-i,proposed_full,Full,True,True,22.160815066796566,15.231856220888904,37.61453917688147,35.87804379525895,22.160815066796566,15.231856220888904,37.61453917688147,35.87804379525895
B009,I030_L2_v8_SOC064,kinematic_only_optimization,KINO,kinematic_only_optimization,KINO,KINO,proposed_full,Full,True,True,24.93973602345516,16.972362893320653,16.97221643899915,-0.00017639194401346806,24.93973602345516,16.972362893320653,16.97221643899915,-0.00017639194401346806
B009,I031_L2_v9_SOC056,constant_rule_following,RF,constant_rule_following,RF,RF,proposed_full,Full,True,True,48.7222545209429,36.114282788082406,39.88921704343389,6.279961879849618,48.7222545209429,36.114282788082406,39.88921704343389,6.279961879849618
B009,I031_L2_v9_SOC056,hcs_i_nlc,HCS-i NLC,hcs_i_nlc,HCS-i,HCS-i NLC,proposed_full,Full,True,True,41.260426580629975,26.1570194266186,47.118745552033346,39.639237654697446,41.260426580629975,26.1570194266186,47.118745552033346,39.639237654697446
B009,I031_L2_v9_SOC056,oeac_i,OEAC-i,oeac_i,OEAC-i,OEAC-i,proposed_full,Full,True,True,42.96868421536581,29.988381575386665,48.47494011185529,35.87877156591558,42.96868421536581,29.988381575386665,48.47494011185529,35.87877156591558
B009,I031_L2_v9_SOC056,kinematic_only_optimization,KINO,kinematic_only_optimization,KINO,KINO,proposed_full,Full,True,True,45.546146529682694,31.905233423210866,31.90518664606051,-6.869414576843997e-05,45.546146529682694,31.905233423210866,31.90518664606051,-6.869414576843997e-05
B009,I032_L2_v9_SOC060,constant_rule_following,RF,constant_rule_following,RF,RF,proposed_full,Full,True,True,48.834238190953414,35.522026344856954,39.331974342749376,6.279993384681848,48.834238190953414,35.522026344856954,39.331974342749376,6.279993384681848
B009,I032_L2_v9_SOC060,hcs_i_nlc,HCS-i NLC,hcs_i_nlc,HCS-i,HCS-i NLC,proposed_full,Full,True,True,41.38870587498859,25.472453565262054,46.628522473996554,39.63927904830239,41.38870587498859,25.472453565262054,46.628522473996554,39.63927904830239
B009,I032_L2_v9_SOC060,oeac_i,OEAC-i,oeac_i,OEAC-i,OEAC-i,proposed_full,Full,True,True,43.09323290578553,29.339334590830244,47.997289312567794,35.878811844796246,43.09323290578553,29.339334590830244,47.997289312567794,35.878811844796246
B009,I032_L2_v9_SOC060,kinematic_only_optimization,KINO,kinematic_only_optimization,KINO,KINO,proposed_full,Full,True,True,45.665066390547324,31.273956730781194,31.273929892619538,-3.90509185491224e-05,45.665066390547324,31.273956730781194,31.273929892619538,-3.90509185491224e-05
B009,I033_L2_v9_SOC064,constant_rule_following,RF,constant_rule_following,RF,RF,proposed_full,Full,True,True,48.8849125221804,35.58847494220012,39.394787880039125,6.280504274623864,48.8849125221804,35.58847494220012,39.394787880039125,6.280504274623864
B009,I033_L2_v9_SOC064,hcs_i_nlc,HCS-i NLC,hcs_i_nlc,HCS-i,HCS-i NLC,proposed_full,Full,True,True,41.44675422660343,25.54925887788715,46.68378142230531,39.63995029696269,41.44675422660343,25.54925887788715,46.68378142230531,39.63995029696269
B009,I033_L2_v9_SOC064,oeac_i,OEAC-i,oeac_i,OEAC-i,OEAC-i,proposed_full,Full,True,True,43.14959310180003,29.412154839941778,48.05113108789417,35.87946501681944,43.14959310180003,29.412154839941778,48.05113108789417,35.87946501681944
B009,I033_L2_v9_SOC064,kinematic_only_optimization,KINO,kinematic_only_optimization,KINO,KINO,proposed_full,Full,True,True,45.718879454705295,31.34478323039501,31.3450864453621,0.0004416507885531101,45.718879454705295,31.34478323039501,31.3450864453621,0.0004416507885531101
B009,I034_L2_v10_SOC056,constant_rule_following,RF,constant_rule_following,RF,RF,proposed_full,Full,True,True,20.28634125181025,16.91315142784147,21.76671845989984,6.203967079625278,20.28634125181025,16.91315142784147,21.76671845989984,6.203967079625278
B009,I034_L2_v10_SOC056,hcs_i_nlc,HCS-i NLC,hcs_i_nlc,HCS-i,HCS-i NLC,proposed_full,Full,True,True,9.185070955825541,4.581929246080668,31.681487906554874,39.66649423425353,9.185070955825541,4.581929246080668,31.681487906554874,39.66649423425353
B009,I034_L2_v10_SOC056,oeac_i,OEAC-i,oeac_i,OEAC-i,OEAC-i,proposed_full,Full,True,True,11.826540098857345,9.533186104029665,33.420738540236115,35.87836799698134,11.826540098857345,9.533186104029665,33.420738540236115,35.87836799698134
B009,I034_L2_v10_SOC056,kinematic_only_optimization,KINO,kinematic_only_optimization,KINO,KINO,proposed_full,Full,True,True,18.26656386024291,14.275735672991043,14.275226352156578,-0.0005941349423086684,18.26656386024291,14.275735672991043,14.275226352156578,-0.0005941349423086684
B009,I035_L2_v10_SOC060,constant_rule_following,RF,constant_rule_following,RF,RF,proposed_full,Full,True,True,47.96988649546934,40.59585511935086,44.06600246186052,6.204003817434062,47.96988649546934,40.59585511935086,44.06600246186052,6.204003817434062
B009,I035_L2_v10_SOC060,hcs_i_nlc,HCS-i NLC,hcs_i_nlc,HCS-i,HCS-i NLC,proposed_full,Full,True,True,40.723946933603784,31.77946935398373,51.15470791947532,39.666542547335425,40.723946933603784,31.77946935398373,51.15470791947532,39.666542547335425
B009,I035_L2_v10_SOC060,oeac_i,OEAC-i,oeac_i,OEAC-i,OEAC-i,proposed_full,Full,True,True,42.4480672598933,35.31944210280535,52.398209901591066,35.878414999684146,42.4480672598933,35.31944210280535,52.398209901591066,35.878414999684146
B009,I035_L2_v10_SOC060,kinematic_only_optimization,KINO,kinematic_only_optimization,KINO,KINO,proposed_full,Full,True,True,46.651552240243355,38.71019655479988,38.70985360983108,-0.0005595433997124429,46.651552240243355,38.71019655479988,38.70985360983108,-0.0005595433997124429
B009,I036_L2_v10_SOC064,constant_rule_following,RF,constant_rule_following,RF,RF,proposed_full,Full,True,True,49.67897631776494,36.906962467227316,40.59293064341669,6.204595204090655,49.67897631776494,36.906962467227316,40.59293064341669,6.204595204090655
B009,I036_L2_v10_SOC064,hcs_i_nlc,HCS-i NLC,hcs_i_nlc,HCS-i,HCS-i NLC,proposed_full,Full,True,True,42.67105202674969,27.543094691413064,48.121790286995115,39.66732026688145,42.67105202674969,27.543094691413064,48.121790286995115,39.66732026688145
B009,I036_L2_v10_SOC064,oeac_i,OEAC-i,oeac_i,OEAC-i,OEAC-i,proposed_full,Full,True,True,44.33853829434515,31.30289350604343,49.442504195315855,35.879171625410684,44.33853829434515,31.30289350604343,49.442504195315855,35.879171625410684
B009,I036_L2_v10_SOC064,kinematic_only_optimization,KINO,kinematic_only_optimization,KINO,KINO,proposed_full,Full,True,True,48.40394682407468,34.904207830724424,34.90420606906936,-2.70625019758737e-06,48.40394682407468,34.904207830724424,34.90420606906936,-2.70625019758737e-06
B009,I037_L2_v11_SOC056,constant_rule_following,RF,constant_rule_following,RF,RF,proposed_full,Full,True,True,39.9942943836514,34.84812359930199,38.61710455636651,6.1401159554708435,39.9942943836514,34.84812359930199,38.61710455636651,6.1401159554708435
B009,I037_L2_v11_SOC056,hcs_i_nlc,HCS-i NLC,hcs_i_nlc,HCS-i,HCS-i NLC,proposed_full,Full,True,True,29.326923076922807,22.761820599582105,44.71805614296527,39.71682978472036,29.326923076922807,22.761820599582105,44.71805614296527,39.71682978472036
B009,I037_L2_v11_SOC056,oeac_i,OEAC-i,oeac_i,OEAC-i,OEAC-i,proposed_full,Full,True,True,33.62598724100167,29.171553819223828,47.87372489291773,35.87858721014363,33.62598724100167,29.171553819223828,47.87372489291773,35.87858721014363
B009,I037_L2_v11_SOC056,kinematic_only_optimization,KINO,kinematic_only_optimization,KINO,KINO,proposed_full,Full,True,True,38.74999999999968,33.06024451963774,33.05989737707502,-0.0005185868397542702,38.74999999999968,33.06024451963774,33.05989737707502,-0.0005185868397542702
B009,I038_L2_v11_SOC060,constant_rule_following,RF,constant_rule_following,RF,RF,proposed_full,Full,True,True,50.81139469635167,37.801056894883125,41.39959045807654,6.140799341374854,50.81139469635167,37.801056894883125,41.39959045807654,6.140799341374854
B009,I038_L2_v11_SOC060,hcs_i_nlc,HCS-i NLC,hcs_i_nlc,HCS-i,HCS-i NLC,proposed_full,Full,True,True,42.0670076177473,26.26255157222251,47.223985983674304,39.71772935517183,42.0670076177473,26.26255157222251,47.223985983674304,39.71772935517183
B009,I038_L2_v11_SOC060,oeac_i,OEAC-i,oeac_i,OEAC-i,OEAC-i,proposed_full,Full,True,True,45.5910886725382,32.381771061704505,50.236608307684335,35.879462067970195,45.5910886725382,32.381771061704505,50.236608307684335,35.879462067970195
B009,I038_L2_v11_SOC060,kinematic_only_optimization,KINO,kinematic_only_optimization,KINO,KINO,proposed_full,Full,True,True,49.791406602047594,36.094211362592766,36.09429141243538,0.00012526242864928816,49.791406602047594,36.094211362592766,36.09429141243538,0.00012526242864928816
B009,I039_L2_v11_SOC064,constant_rule_following,RF,constant_rule_following,RF,RF,proposed_full,Full,True,True,42.85170893681081,37.31629042798701,40.94249819453379,6.140130645030331,42.85170893681081,37.31629042798701,40.94249819453379,6.140130645030331
B009,I039_L2_v11_SOC064,hcs_i_nlc,HCS-i NLC,hcs_i_nlc,HCS-i,HCS-i NLC,proposed_full,Full,True,True,32.69230769230738,25.68785623870442,46.81232490662625,39.716849121223476,32.69230769230738,25.68785623870442,46.81232490662625,39.716849121223476
B009,I039_L2_v11_SOC064,oeac_i,OEAC-i,oeac_i,OEAC-i,OEAC-i,proposed_full,Full,True,True,36.78665451523963,31.854767734898882,49.84844615100297,35.87860601544238,36.78665451523963,31.854767734898882,49.84844615100297,35.87860601544238
B009,I039_L2_v11_SOC064,kinematic_only_optimization,KINO,kinematic_only_optimization,KINO,KINO,proposed_full,Full,True,True,41.666666666666316,35.596142073543746,35.595816995278035,-0.0005047471306327445,41.666666666666316,35.596142073543746,35.595816995278035,-0.0005047471306327445
B009,I040_L2_v12_SOC056,constant_rule_following,RF,constant_rule_following,RF,RF,proposed_full,Full,True,True,50.95213506988987,39.588307502726394,43.062967927065074,6.102637067361936,50.95213506988987,39.588307502726394,43.062967927065074,6.102637067361936
B009,I040_L2_v12_SOC056,hcs_i_nlc,HCS-i NLC,hcs_i_nlc,HCS-i,HCS-i NLC,proposed_full,Full,True,True,43.18704759502124,29.65577926114894,49.44476777313331,39.14330454102407,43.18704759502124,29.65577926114894,49.44476777313331,39.14330454102407
B009,I040_L2_v12_SOC056,oeac_i,OEAC-i,oeac_i,OEAC-i,OEAC-i,proposed_full,Full,True,True,46.130642169478634,34.87410314770816,52.07063149973063,35.87889615513256,46.130642169478634,34.87410314770816,52.07063149973063,35.87889615513256
B009,I040_L2_v12_SOC056,kinematic_only_optimization,KINO,kinematic_only_optimization,KINO,KINO,proposed_full,Full,True,True,50.288666645643524,38.44880685350525,38.448601424882206,-0.0003337513489566128,50.288666645643524,38.44880685350525,38.448601424882206,-0.0003337513489566128
B009,I041_L2_v12_SOC060,constant_rule_following,RF,constant_rule_following,RF,RF,proposed_full,Full,True,True,51.136842312864395,39.49696074983066,42.97687409016584,6.102635176187425,51.136842312864395,39.49696074983066,42.97687409016584,6.102635176187425
B009,I041_L2_v12_SOC060,hcs_i_nlc,HCS-i NLC,hcs_i_nlc,HCS-i,HCS-i NLC,proposed_full,Full,True,True,43.400997046621626,29.549413822872815,49.36832378300458,39.143302060932356,43.400997046621626,29.549413822872815,49.36832378300458,39.143302060932356
B009,I041_L2_v12_SOC060,oeac_i,OEAC-i,oeac_i,OEAC-i,OEAC-i,proposed_full,Full,True,True,46.33350646499613,34.775628184320105,51.99815804819807,35.878893733225695,46.33350646499613,34.775628184320105,51.99815804819807,35.878893733225695
B009,I041_L2_v12_SOC060,kinematic_only_optimization,KINO,kinematic_only_optimization,KINO,KINO,proposed_full,Full,True,True,50.47587241579385,38.355737095013644,38.35553025701631,-0.00033553374405121046,50.47587241579385,38.355737095013644,38.35553025701631,-0.00033553374405121046
B009,I042_L2_v12_SOC064,constant_rule_following,RF,constant_rule_following,RF,RF,proposed_full,Full,True,True,51.020514487286015,39.55946020467443,43.035771946377665,6.102622400905479,51.020514487286015,39.55946020467443,43.035771946377665,6.102622400905479
B009,I042_L2_v12_SOC064,hcs_i_nlc,HCS-i NLC,hcs_i_nlc,HCS-i,HCS-i NLC,proposed_full,Full,True,True,43.26625260407807,29.62218906332459,49.42062005996259,39.143285307390734,43.26625260407807,29.62218906332459,49.42062005996259,39.143285307390734
B009,I042_L2_v12_SOC064,oeac_i,OEAC-i,oeac_i,OEAC-i,OEAC-i,proposed_full,Full,True,True,46.20574340597903,34.84300476129092,52.047738030706405,35.878877372734976,46.20574340597903,34.84300476129092,52.047738030706405,35.878877372734976
B009,I042_L2_v12_SOC064,kinematic_only_optimization,KINO,kinematic_only_optimization,KINO,KINO,proposed_full,Full,True,True,50.357971028568244,38.41941543040895,38.41920139144197,-0.0003475741981453838,50.357971028568244,38.41941543040895,38.41920139144197,-0.0003475741981453838
B009,I043_L2_v13_SOC056,constant_rule_following,RF,constant_rule_following,RF,RF,proposed_full,Full,True,True,52.008540858954255,40.61481865814356,44.01664686989708,6.076499569162664,52.008540858954255,40.61481865814356,44.01664686989708,6.076499569162664
B009,I043_L2_v13_SOC056,hcs_i_nlc,HCS-i NLC,hcs_i_nlc,HCS-i,HCS-i NLC,proposed_full,Full,True,True,45.39684496177776,32.16817591601786,51.29078992258659,39.2587233013576,45.39684496177776,32.16817591601786,51.29078992258659,39.2587233013576
B009,I043_L2_v13_SOC056,oeac_i,OEAC-i,oeac_i,OEAC-i,OEAC-i,proposed_full,Full,True,True,47.24880964127412,36.02185381418301,52.91532955720762,35.87892956275461,47.24880964127412,36.02185381418301,52.91532955720762,35.87892956275461
B009,I043_L2_v13_SOC056,kinematic_only_optimization,KINO,kinematic_only_optimization,KINO,KINO,proposed_full,Full,True,True,51.539699903577706,39.79925612546579,39.799068831093244,-0.00031111540788107786,51.539699903577706,39.79925612546579,39.799068831093244,-0.00031111540788107786
B009,I044_L2_v13_SOC060,constant_rule_following,RF,constant_rule_following,RF,RF,proposed_full,Full,True,True,51.96831993827215,40.62474400626516,44.02601905322025,6.076528753938416,51.96831993827215,40.62474400626516,44.02601905322025,6.076528753938416
B009,I044_L2_v13_SOC060,hcs_i_nlc,HCS-i NLC,hcs_i_nlc,HCS-i,HCS-i NLC,proposed_full,Full,True,True,45.35108287812595,32.17951299460454,51.29894434029914,39.25876161554243,45.35108287812595,32.17951299460454,51.29894434029914,39.25876161554243
B009,I044_L2_v13_SOC060,oeac_i,OEAC-i,oeac_i,OEAC-i,OEAC-i,proposed_full,Full,True,True,47.204599661388556,36.03254680793533,52.923212010444665,35.87896694705843,47.204599661388556,36.03254680793533,52.923212010444665,35.87896694705843
B009,I044_L2_v13_SOC060,kinematic_only_optimization,KINO,kinematic_only_optimization,KINO,KINO,proposed_full,Full,True,True,51.49908605433672,39.80931778271147,39.80914707992248,-0.0002836025420983366,51.49908605433672,39.80931778271147,39.80914707992248,-0.0002836025420983366
B009,I045_L2_v13_SOC064,constant_rule_following,RF,constant_rule_following,RF,RF,proposed_full,Full,True,True,52.06910262116189,40.6726385463726,44.07115440998385,6.076499215671119,52.06910262116189,40.6726385463726,44.07115440998385,6.076499215671119
B009,I045_L2_v13_SOC064,hcs_i_nlc,HCS-i NLC,hcs_i_nlc,HCS-i,HCS-i NLC,proposed_full,Full,True,True,45.46575020763603,32.234219807747856,51.3382150779666,39.25872283728892,45.46575020763603,32.234219807747856,51.3382150779666,39.25872283728892
B009,I045_L2_v13_SOC064,oeac_i,OEAC-i,oeac_i,OEAC-i,OEAC-i,proposed_full,Full,True,True,47.31537784119664,36.084145604457596,52.96117299848325,35.87892910994882,47.31537784119664,36.084145604457596,52.96117299848325,35.87892910994882
B009,I045_L2_v13_SOC064,kinematic_only_optimization,KINO,kinematic_only_optimization,KINO,KINO,proposed_full,Full,True,True,51.60085330927692,39.85787007937616,39.85768276694171,-0.00031144864893407074,51.60085330927692,39.85787007937616,39.85768276694171,-0.00031144864893407074
B009,I046_L2_v14_SOC056,constant_rule_following,RF,constant_rule_following,RF,RF,proposed_full,Full,True,True,52.008540858954255,40.61481865814356,44.01664686989708,6.076499569162664,52.008540858954255,40.61481865814356,44.01664686989708,6.076499569162664
B009,I046_L2_v14_SOC056,hcs_i_nlc,HCS-i NLC,hcs_i_nlc,HCS-i,HCS-i NLC,proposed_full,Full,True,True,45.39684496177776,32.16817591601786,51.29078992258659,39.2587233013576,45.39684496177776,32.16817591601786,51.29078992258659,39.2587233013576
B009,I046_L2_v14_SOC056,oeac_i,OEAC-i,oeac_i,OEAC-i,OEAC-i,proposed_full,Full,True,True,47.24880964127412,36.02185381418301,52.91532955720762,35.87892956275461,47.24880964127412,36.02185381418301,52.91532955720762,35.87892956275461
B009,I046_L2_v14_SOC056,kinematic_only_optimization,KINO,kinematic_only_optimization,KINO,KINO,proposed_full,Full,True,True,51.539699903577706,39.79925612546579,39.799068831093244,-0.00031111540788107786,51.539699903577706,39.79925612546579,39.799068831093244,-0.00031111540788107786
B009,I047_L2_v14_SOC060,constant_rule_following,RF,constant_rule_following,RF,RF,proposed_full,Full,True,True,51.96831993827215,40.62474400626516,44.02601905322025,6.076528753938416,51.96831993827215,40.62474400626516,44.02601905322025,6.076528753938416
B009,I047_L2_v14_SOC060,hcs_i_nlc,HCS-i NLC,hcs_i_nlc,HCS-i,HCS-i NLC,proposed_full,Full,True,True,45.35108287812595,32.17951299460454,51.29894434029914,39.25876161554243,45.35108287812595,32.17951299460454,51.29894434029914,39.25876161554243
B009,I047_L2_v14_SOC060,oeac_i,OEAC-i,oeac_i,OEAC-i,OEAC-i,proposed_full,Full,True,True,47.204599661388556,36.03254680793533,52.923212010444665,35.87896694705843,47.204599661388556,36.03254680793533,52.923212010444665,35.87896694705843
B009,I047_L2_v14_SOC060,kinematic_only_optimization,KINO,kinematic_only_optimization,KINO,KINO,proposed_full,Full,True,True,51.49908605433672,39.80931778271147,39.80914707992248,-0.0002836025420983366,51.49908605433672,39.80931778271147,39.80914707992248,-0.0002836025420983366
B009,I048_L2_v14_SOC064,constant_rule_following,RF,constant_rule_following,RF,RF,proposed_full,Full,True,True,52.06910262116189,40.6726385463726,44.07115440998385,6.076499215671119,52.06910262116189,40.6726385463726,44.07115440998385,6.076499215671119
B009,I048_L2_v14_SOC064,hcs_i_nlc,HCS-i NLC,hcs_i_nlc,HCS-i,HCS-i NLC,proposed_full,Full,True,True,45.46575020763603,32.234219807747856,51.3382150779666,39.25872283728892,45.46575020763603,32.234219807747856,51.3382150779666,39.25872283728892
B009,I048_L2_v14_SOC064,oeac_i,OEAC-i,oeac_i,OEAC-i,OEAC-i,proposed_full,Full,True,True,47.31537784119664,36.084145604457596,52.96117299848325,35.87892910994882,47.31537784119664,36.084145604457596,52.96117299848325,35.87892910994882
B009,I048_L2_v14_SOC064,kinematic_only_optimization,KINO,kinematic_only_optimization,KINO,KINO,proposed_full,Full,True,True,51.60085330927692,39.85787007937616,39.85768276694171,-0.00031144864893407074,51.60085330927692,39.85787007937616,39.85768276694171,-0.00031144864893407074
B009,I049_L2_v15_SOC056,constant_rule_following,RF,constant_rule_following,RF,RF,proposed_full,Full,True,True,52.008540858954255,40.61481865814356,44.01664686989708,6.076499569162664,52.008540858954255,40.61481865814356,44.01664686989708,6.076499569162664
B009,I049_L2_v15_SOC056,hcs_i_nlc,HCS-i NLC,hcs_i_nlc,HCS-i,HCS-i NLC,proposed_full,Full,True,True,45.39684496177776,32.16817591601786,51.29078992258659,39.2587233013576,45.39684496177776,32.16817591601786,51.29078992258659,39.2587233013576
B009,I049_L2_v15_SOC056,oeac_i,OEAC-i,oeac_i,OEAC-i,OEAC-i,proposed_full,Full,True,True,47.24880964127412,36.02185381418301,52.91532955720762,35.87892956275461,47.24880964127412,36.02185381418301,52.91532955720762,35.87892956275461
B009,I049_L2_v15_SOC056,kinematic_only_optimization,KINO,kinematic_only_optimization,KINO,KINO,proposed_full,Full,True,True,51.539699903577706,39.79925612546579,39.799068831093244,-0.00031111540788107786,51.539699903577706,39.79925612546579,39.799068831093244,-0.00031111540788107786
B009,I050_L2_v15_SOC060,constant_rule_following,RF,constant_rule_following,RF,RF,proposed_full,Full,True,True,51.96831993827215,40.62474400626516,44.02601905322025,6.076528753938416,51.96831993827215,40.62474400626516,44.02601905322025,6.076528753938416
B009,I050_L2_v15_SOC060,hcs_i_nlc,HCS-i NLC,hcs_i_nlc,HCS-i,HCS-i NLC,proposed_full,Full,True,True,45.35108287812595,32.17951299460454,51.29894434029914,39.25876161554243,45.35108287812595,32.17951299460454,51.29894434029914,39.25876161554243
B009,I050_L2_v15_SOC060,oeac_i,OEAC-i,oeac_i,OEAC-i,OEAC-i,proposed_full,Full,True,True,47.204599661388556,36.03254680793533,52.923212010444665,35.87896694705843,47.204599661388556,36.03254680793533,52.923212010444665,35.87896694705843
B009,I050_L2_v15_SOC060,kinematic_only_optimization,KINO,kinematic_only_optimization,KINO,KINO,proposed_full,Full,True,True,51.49908605433672,39.80931778271147,39.80914707992248,-0.0002836025420983366,51.49908605433672,39.80931778271147,39.80914707992248,-0.0002836025420983366
B009,I051_L2_v15_SOC064,constant_rule_following,RF,constant_rule_following,RF,RF,proposed_full,Full,True,True,52.06910262116189,40.6726385463726,44.07115440998385,6.076499215671119,52.06910262116189,40.6726385463726,44.07115440998385,6.076499215671119
B009,I051_L2_v15_SOC064,hcs_i_nlc,HCS-i NLC,hcs_i_nlc,HCS-i,HCS-i NLC,proposed_full,Full,True,True,45.46575020763603,32.234219807747856,51.3382150779666,39.25872283728892,45.46575020763603,32.234219807747856,51.3382150779666,39.25872283728892
B009,I051_L2_v15_SOC064,oeac_i,OEAC-i,oeac_i,OEAC-i,OEAC-i,proposed_full,Full,True,True,47.31537784119664,36.084145604457596,52.96117299848325,35.87892910994882,47.31537784119664,36.084145604457596,52.96117299848325,35.87892910994882
B009,I051_L2_v15_SOC064,kinematic_only_optimization,KINO,kinematic_only_optimization,KINO,KINO,proposed_full,Full,True,True,51.60085330927692,39.85787007937616,39.85768276694171,-0.00031144864893407074,51.60085330927692,39.85787007937616,39.85768276694171,-0.00031144864893407074
B009,I052_L2_v16_SOC056,constant_rule_following,RF,constant_rule_following,RF,RF,proposed_full,Full,True,True,52.008540858954255,40.61481865814356,44.01664686989708,6.076499569162664,52.008540858954255,40.61481865814356,44.01664686989708,6.076499569162664
B009,I052_L2_v16_SOC056,hcs_i_nlc,HCS-i NLC,hcs_i_nlc,HCS-i,HCS-i NLC,proposed_full,Full,True,True,45.39684496177776,32.16817591601786,51.29078992258659,39.2587233013576,45.39684496177776,32.16817591601786,51.29078992258659,39.2587233013576
B009,I052_L2_v16_SOC056,oeac_i,OEAC-i,oeac_i,OEAC-i,OEAC-i,proposed_full,Full,True,True,47.24880964127412,36.02185381418301,52.91532955720762,35.87892956275461,47.24880964127412,36.02185381418301,52.91532955720762,35.87892956275461
B009,I052_L2_v16_SOC056,kinematic_only_optimization,KINO,kinematic_only_optimization,KINO,KINO,proposed_full,Full,True,True,51.539699903577706,39.79925612546579,39.799068831093244,-0.00031111540788107786,51.539699903577706,39.79925612546579,39.799068831093244,-0.00031111540788107786
B009,I053_L2_v16_SOC060,constant_rule_following,RF,constant_rule_following,RF,RF,proposed_full,Full,True,True,51.96831993827215,40.62474400626516,44.02601905322025,6.076528753938416,51.96831993827215,40.62474400626516,44.02601905322025,6.076528753938416
B009,I053_L2_v16_SOC060,hcs_i_nlc,HCS-i NLC,hcs_i_nlc,HCS-i,HCS-i NLC,proposed_full,Full,True,True,45.35108287812595,32.17951299460454,51.29894434029914,39.25876161554243,45.35108287812595,32.17951299460454,51.29894434029914,39.25876161554243
B009,I053_L2_v16_SOC060,oeac_i,OEAC-i,oeac_i,OEAC-i,OEAC-i,proposed_full,Full,True,True,47.204599661388556,36.03254680793533,52.923212010444665,35.87896694705843,47.204599661388556,36.03254680793533,52.923212010444665,35.87896694705843
B009,I053_L2_v16_SOC060,kinematic_only_optimization,KINO,kinematic_only_optimization,KINO,KINO,proposed_full,Full,True,True,51.49908605433672,39.80931778271147,39.80914707992248,-0.0002836025420983366,51.49908605433672,39.80931778271147,39.80914707992248,-0.0002836025420983366
B009,I054_L2_v16_SOC064,constant_rule_following,RF,constant_rule_following,RF,RF,proposed_full,Full,True,True,52.06910262116189,40.6726385463726,44.07115440998385,6.076499215671119,52.06910262116189,40.6726385463726,44.07115440998385,6.076499215671119
B009,I054_L2_v16_SOC064,hcs_i_nlc,HCS-i NLC,hcs_i_nlc,HCS-i,HCS-i NLC,proposed_full,Full,True,True,45.46575020763603,32.234219807747856,51.3382150779666,39.25872283728892,45.46575020763603,32.234219807747856,51.3382150779666,39.25872283728892
B009,I054_L2_v16_SOC064,oeac_i,OEAC-i,oeac_i,OEAC-i,OEAC-i,proposed_full,Full,True,True,47.31537784119664,36.084145604457596,52.96117299848325,35.87892910994882,47.31537784119664,36.084145604457596,52.96117299848325,35.87892910994882
B009,I054_L2_v16_SOC064,kinematic_only_optimization,KINO,kinematic_only_optimization,KINO,KINO,proposed_full,Full,True,True,51.60085330927692,39.85787007937616,39.85768276694171,-0.00031144864893407074,51.60085330927692,39.85787007937616,39.85768276694171,-0.00031144864893407074
B009,I055_L3_v8_SOC056,constant_rule_following,RF,constant_rule_following,RF,RF,proposed_full,Full,True,True,28.7768030897584,21.24121381939024,21.619761475186873,0.4829631332096428,28.7768030897584,21.24121381939024,21.619761475186873,0.4829631332096428
B009,I055_L3_v8_SOC056,hcs_i_nlc,HCS-i NLC,hcs_i_nlc,HCS-i,HCS-i NLC,proposed_full,Full,True,True,19.68881124398888,10.621276277936527,36.02047765116609,39.698954354091825,19.68881124398888,10.621276277936527,36.02047765116609,39.698954354091825
B009,I055_L3_v8_SOC056,oeac_i,OEAC-i,oeac_i,OEAC-i,OEAC-i,proposed_full,Full,True,True,21.741277293071377,15.014883504831916,37.454857993976404,35.87804547151455,21.741277293071377,15.014883504831916,37.454857993976404,35.87804547151455
B009,I055_L3_v8_SOC056,kinematic_only_optimization,KINO,kinematic_only_optimization,KINO,KINO,proposed_full,Full,True,True,24.535176082713647,16.7598451817408,16.759699379446108,-0.0001751582990362445,24.535176082713647,16.7598451817408,16.759699379446108,-0.0001751582990362445
B009,I056_L3_v8_SOC060,constant_rule_following,RF,constant_rule_following,RF,RF,proposed_full,Full,True,True,30.03310275141635,21.99856310267836,22.373470484572863,0.4829629563949347,30.03310275141635,21.99856310267836,22.373470484572863,0.4829629563949347
B009,I056_L3_v8_SOC060,hcs_i_nlc,HCS-i NLC,hcs_i_nlc,HCS-i,HCS-i NLC,proposed_full,Full,True,True,21.10541318883947,11.480747527237945,36.63570852208596,39.698954108270755,21.10541318883947,11.480747527237945,36.63570852208596,39.698954108270755
B009,I056_L3_v8_SOC060,oeac_i,OEAC-i,oeac_i,OEAC-i,OEAC-i,proposed_full,Full,True,True,23.121675971080744,15.832105559526548,38.05629577868463,35.87804523241693,23.121675971080744,15.832105559526548,38.05629577868463,35.87804523241693
B009,I056_L3_v8_SOC060,kinematic_only_optimization,KINO,kinematic_only_optimization,KINO,KINO,proposed_full,Full,True,True,25.866293427443942,17.560287578705033,17.560143033388908,-0.0001753342635906985,25.866293427443942,17.560287578705033,17.560143033388908,-0.0001753342635906985
B009,I057_L3_v8_SOC064,constant_rule_following,RF,constant_rule_following,RF,RF,proposed_full,Full,True,True,45.6483281256397,39.25203717560758,39.544021229985574,0.4829696918624801,45.6483281256397,39.25203717560758,39.544021229985574,0.4829696918624801
B009,I057_L3_v8_SOC064,hcs_i_nlc,HCS-i NLC,hcs_i_nlc,HCS-i,HCS-i NLC,proposed_full,Full,True,True,38.71312200984824,31.060702567095912,50.65153261032401,39.69896347242308,38.71312200984824,31.060702567095912,50.65153261032401,39.69896347242308
B009,I057_L3_v8_SOC064,oeac_i,OEAC-i,oeac_i,OEAC-i,OEAC-i,proposed_full,Full,True,True,40.27939488262567,34.44956495855483,51.75789397366196,35.87805434045014,40.27939488262567,34.44956495855483,51.75789397366196,35.87805434045014
B009,I057_L3_v8_SOC064,kinematic_only_optimization,KINO,kinematic_only_optimization,KINO,KINO,proposed_full,Full,True,True,42.41146809546082,35.79548294713028,35.79537467811217,-0.0001686311812594728,42.41146809546082,35.79548294713028,35.79537467811217,-0.0001686311812594728
B009,I058_L3_v9_SOC056,constant_rule_following,RF,constant_rule_following,RF,RF,proposed_full,Full,True,True,48.013537343561566,35.743407345491484,35.99456143989572,0.3923949277660106,48.013537343561566,35.743407345491484,35.99456143989572,0.3923949277660106
B009,I058_L3_v9_SOC056,hcs_i_nlc,HCS-i NLC,hcs_i_nlc,HCS-i,HCS-i NLC,proposed_full,Full,True,True,41.0128774788063,26.708854402357062,47.50932677090422,39.62698721306811,41.0128774788063,26.708854402357062,47.50932677090422,39.62698721306811
B009,I058_L3_v9_SOC056,oeac_i,OEAC-i,oeac_i,OEAC-i,OEAC-i,proposed_full,Full,True,True,42.728334308540425,30.51158445066015,48.859999943704274,35.87879443262788,42.728334308540425,30.51158445066015,48.859999943704274,35.87879443262788
B009,I058_L3_v9_SOC056,kinematic_only_optimization,KINO,kinematic_only_optimization,KINO,KINO,proposed_full,Full,True,True,45.31665895030967,32.41411149896076,32.41407644525297,-5.186539730844713e-05,45.31665895030967,32.41411149896076,32.41407644525297,-5.186539730844713e-05
B009,I059_L3_v9_SOC060,constant_rule_following,RF,constant_rule_following,RF,RF,proposed_full,Full,True,True,47.82542126770115,33.63859766259132,33.89820589520019,0.39274007025783253,47.82542126770115,33.63859766259132,33.89820589520019,0.39274007025783253
B009,I059_L3_v9_SOC060,hcs_i_nlc,HCS-i NLC,hcs_i_nlc,HCS-i,HCS-i NLC,proposed_full,Full,True,True,40.799429103056696,24.308105988039447,45.79011171130762,39.62746724152373,40.799429103056696,24.308105988039447,45.79011171130762,39.62746724152373
B009,I059_L3_v9_SOC060,oeac_i,OEAC-i,oeac_i,OEAC-i,OEAC-i,proposed_full,Full,True,True,42.52109341432788,28.235399488845516,47.18502317476811,35.8792615750417,42.52109341432788,28.235399488845516,47.18502317476811,35.8792615750417
B009,I059_L3_v9_SOC060,kinematic_only_optimization,KINO,kinematic_only_optimization,KINO,KINO,proposed_full,Full,True,True,45.11878406120273,30.2002463270356,30.20045009138753,0.0002919278880900452,45.11878406120273,30.2002463270356,30.20045009138753,0.0002919278880900452
B009,I060_L3_v9_SOC064,constant_rule_following,RF,constant_rule_following,RF,RF,proposed_full,Full,True,True,28.65148918112189,21.359312241434655,21.666421723788236,0.39205343239993884,28.65148918112189,21.359312241434655,21.666421723788236,0.39205343239993884
B009,I060_L3_v9_SOC064,hcs_i_nlc,HCS-i NLC,hcs_i_nlc,HCS-i,HCS-i NLC,proposed_full,Full,True,True,19.043475275641892,10.302338510204432,35.75886123643601,39.62651225708021,19.043475275641892,10.302338510204432,35.75886123643601,39.62651225708021
B009,I060_L3_v9_SOC064,oeac_i,OEAC-i,oeac_i,OEAC-i,OEAC-i,proposed_full,Full,True,True,21.3978437770049,14.956324879612929,37.41189362067252,35.87833222651476,21.3978437770049,14.956324879612929,37.41189362067252,35.87833222651476
B009,I060_L3_v9_SOC064,kinematic_only_optimization,KINO,kinematic_only_optimization,KINO,KINO,proposed_full,Full,True,True,24.95017450445767,17.28474021221671,17.28441594577498,-0.0003920258140407448,24.95017450445767,17.28474021221671,17.28441594577498,-0.0003920258140407448
B009,I061_L3_v10_SOC056,constant_rule_following,RF,constant_rule_following,RF,RF,proposed_full,Full,True,True,47.548035359210985,39.743564295106204,39.93850596729231,0.3245701348686989,47.548035359210985,39.743564295106204,39.93850596729231,0.3245701348686989
B009,I061_L3_v10_SOC056,hcs_i_nlc,HCS-i NLC,hcs_i_nlc,HCS-i,HCS-i NLC,proposed_full,Full,False,True,,,,,50.36114067612142,44.458015143386355,54.6274874218212,
B009,I061_L3_v10_SOC056,oeac_i,OEAC-i,oeac_i,OEAC-i,OEAC-i,proposed_full,Full,True,True,42.53423781907354,35.263212525739675,52.356820070198516,35.87839344402483,42.53423781907354,35.263212525739675,52.356820070198516,35.87839344402483
B009,I061_L3_v10_SOC056,kinematic_only_optimization,KINO,kinematic_only_optimization,KINO,KINO,proposed_full,Full,True,True,46.73142906376579,38.65691470569121,38.65656173110438,-0.0005754072428718988,46.73142906376579,38.65691470569121,38.65656173110438,-0.0005754072428718988
B009,I062_L3_v10_SOC060,constant_rule_following,RF,constant_rule_following,RF,RF,proposed_full,Full,True,True,47.259600358683606,40.69442669712451,40.88627691222976,0.3245442937512205,47.259600358683606,40.69442669712451,40.88627691222976,0.3245442937512205
B009,I062_L3_v10_SOC060,hcs_i_nlc,HCS-i NLC,hcs_i_nlc,HCS-i,HCS-i NLC,proposed_full,Full,False,True,,,,,50.08817503006195,45.33448227118454,55.34346610022353,
B009,I062_L3_v10_SOC060,oeac_i,OEAC-i,oeac_i,OEAC-i,OEAC-i,proposed_full,Full,True,True,42.218231788442,36.28477605694809,53.108629900924726,35.87835844512552,42.218231788442,36.28477605694809,53.108629900924726,35.87835844512552
B009,I062_L3_v10_SOC060,kinematic_only_optimization,KINO,kinematic_only_optimization,KINO,KINO,proposed_full,Full,True,True,46.43850351957868,39.62492472400404,39.6245617682357,-0.0006011646109343367,46.43850351957868,39.62492472400404,39.6245617682357,-0.0006011646109343367
B009,I063_L3_v10_SOC064,constant_rule_following,RF,constant_rule_following,RF,RF,proposed_full,Full,True,True,48.6602358146502,37.876266166494695,38.07774324942945,0.3253710273291938,48.6602358146502,37.876266166494695,38.07774324942945,0.3253710273291938
B009,I063_L3_v10_SOC064,hcs_i_nlc,HCS-i NLC,hcs_i_nlc,HCS-i,HCS-i NLC,proposed_full,Full,False,True,,,,,51.413691563882985,42.736814027375104,53.221803444408614,
B009,I063_L3_v10_SOC064,oeac_i,OEAC-i,oeac_i,OEAC-i,OEAC-i,proposed_full,Full,True,True,43.752751697581076,33.257071925339226,50.88078863938647,35.87947816315901,43.752751697581076,33.257071925339226,50.88078863938647,35.87947816315901
B009,I063_L3_v10_SOC064,kinematic_only_optimization,KINO,kinematic_only_optimization,KINO,KINO,proposed_full,Full,True,True,47.860944979167805,36.755942186601175,36.756083150699396,0.00022288957616760935,47.860944979167805,36.755942186601175,36.756083150699396,0.00022288957616760935
B009,I064_L3_v11_SOC056,constant_rule_following,RF,constant_rule_following,RF,RF,proposed_full,Full,True,True,48.70125096826049,39.871437771090804,40.03189064779738,0.26756367415923543,48.70125096826049,39.871437771090804,40.03189064779738,0.26756367415923543
B009,I064_L3_v11_SOC056,hcs_i_nlc,HCS-i NLC,hcs_i_nlc,HCS-i,HCS-i NLC,proposed_full,Full,False,True,,,,,51.672480419901696,44.90905546184788,54.99600856833508,
B009,I064_L3_v11_SOC056,oeac_i,OEAC-i,oeac_i,OEAC-i,OEAC-i,proposed_full,Full,True,True,43.80007451705574,35.50628338781841,52.53576753307408,35.87856215124132,43.80007451705574,35.50628338781841,52.53576753307408,35.87856215124132
B009,I064_L3_v11_SOC056,kinematic_only_optimization,KINO,kinematic_only_optimization,KINO,KINO,proposed_full,Full,True,True,48.1386570926633,39.04717874199307,39.04685140598695,-0.0005370288716304133,48.1386570926633,39.04717874199307,39.04685140598695,-0.0005370288716304133
B009,I065_L3_v11_SOC060,constant_rule_following,RF,constant_rule_following,RF,RF,proposed_full,Full,True,True,48.936087127044175,38.973394040239604,39.13626627595224,0.2676014528637073,48.936087127044175,38.973394040239604,39.13626627595224,0.2676014528637073
B009,I065_L3_v11_SOC060,hcs_i_nlc,HCS-i NLC,hcs_i_nlc,HCS-i,HCS-i NLC,proposed_full,Full,False,True,,,,,51.893714841324176,44.08625053295549,54.32387346199412,
B009,I065_L3_v11_SOC060,oeac_i,OEAC-i,oeac_i,OEAC-i,OEAC-i,proposed_full,Full,True,True,44.05734735262096,34.54304435904586,51.826888699849015,35.878613347419375,44.05734735262096,34.54304435904586,51.826888699849015,35.878613347419375
B009,I065_L3_v11_SOC060,kinematic_only_optimization,KINO,kinematic_only_optimization,KINO,KINO,proposed_full,Full,True,True,48.37606870186623,38.13682437828721,38.13651546224602,-0.0004993511818521975,48.37606870186623,38.13682437828721,38.13651546224602,-0.0004993511818521975
B009,I066_L3_v11_SOC064,constant_rule_following,RF,constant_rule_following,RF,RF,proposed_full,Full,True,True,47.633207760645654,41.45521890430893,41.611450473384664,0.2675722728897876,47.633207760645654,41.45521890430893,41.611450473384664,0.2675722728897876
B009,I066_L3_v11_SOC064,hcs_i_nlc,HCS-i NLC,hcs_i_nlc,HCS-i,HCS-i NLC,proposed_full,Full,False,True,,,,,50.66629839787108,46.36014618040726,56.18141357150151,
B009,I066_L3_v11_SOC064,oeac_i,OEAC-i,oeac_i,OEAC-i,OEAC-i,proposed_full,Full,True,True,42.62998850495084,37.2050423102857,53.785975277940025,35.87857380389448,42.62998850495084,37.2050423102857,53.785975277940025,35.87857380389448
B009,I066_L3_v11_SOC064,kinematic_only_optimization,KINO,kinematic_only_optimization,KINO,KINO,proposed_full,Full,True,True,47.05890064488533,40.6526707868109,40.65235716233307,-0.0005284531328177747,47.05890064488533,40.6526707868109,40.65235716233307,-0.0005284531328177747
B009,I067_L3_v12_SOC056,constant_rule_following,RF,constant_rule_following,RF,RF,proposed_full,Full,True,True,50.441102740027745,38.78095006796793,38.9239571635908,0.23414597439770368,50.441102740027745,38.78095006796793,38.9239571635908,0.23414597439770368
B009,I067_L3_v12_SOC056,hcs_i_nlc,HCS-i NLC,hcs_i_nlc,HCS-i,HCS-i NLC,proposed_full,Full,False,True,,,,,53.64449983678623,44.38464462497634,54.567742793269545,
B009,I067_L3_v12_SOC056,oeac_i,OEAC-i,oeac_i,OEAC-i,OEAC-i,proposed_full,Full,True,True,46.09402436407113,34.89331976367586,52.084772081642164,35.87889083457684,46.09402436407113,34.89331976367586,52.084772081642164,35.87889083457684
B009,I067_L3_v12_SOC056,kinematic_only_optimization,KINO,kinematic_only_optimization,KINO,KINO,proposed_full,Full,True,True,50.25487526581968,38.466968686174255,38.46676090873428,-0.0003376669959981002,50.25487526581968,38.466968686174255,38.46676090873428,-0.0003376669959981002
B009,I068_L3_v12_SOC060,constant_rule_following,RF,constant_rule_following,RF,RF,proposed_full,Full,True,True,50.46126435440359,38.93493191384291,39.07757709919253,0.23414233800561296,50.46126435440359,38.93493191384291,39.07757709919253,0.23414233800561296
B009,I068_L3_v12_SOC060,hcs_i_nlc,HCS-i NLC,hcs_i_nlc,HCS-i,HCS-i NLC,proposed_full,Full,False,True,,,,,53.66335824103174,44.52453172040083,54.682015102054066,
B009,I068_L3_v12_SOC060,oeac_i,OEAC-i,oeac_i,OEAC-i,OEAC-i,proposed_full,Full,True,True,46.11595446246747,35.057080011714866,52.20528961822973,35.87888590502994,46.11595446246747,35.057080011714866,52.20528961822973,35.87888590502994
B009,I068_L3_v12_SOC060,kinematic_only_optimization,KINO,kinematic_only_optimization,KINO,KINO,proposed_full,Full,True,True,50.27511264149629,38.62174027695369,38.6215307953801,-0.00034129488126263753,50.27511264149629,38.62174027695369,38.6215307953801,-0.00034129488126263753
B009,I069_L3_v12_SOC064,constant_rule_following,RF,constant_rule_following,RF,RF,proposed_full,Full,True,True,50.41549470040849,38.952130324418164,39.09473674248596,0.23414465423924358,50.41549470040849,38.952130324418164,39.09473674248596,0.23414465423924358
B009,I069_L3_v12_SOC064,hcs_i_nlc,HCS-i NLC,hcs_i_nlc,HCS-i,HCS-i NLC,proposed_full,Full,False,True,,,,,53.6205470543318,44.54015587198584,54.69477953949103,
B009,I069_L3_v12_SOC064,oeac_i,OEAC-i,oeac_i,OEAC-i,OEAC-i,proposed_full,Full,True,True,46.066170105075855,35.07537058334476,52.21875165966559,35.878889044950505,46.066170105075855,35.07537058334476,52.21875165966559,35.878889044950505
B009,I069_L3_v12_SOC064,kinematic_only_optimization,KINO,kinematic_only_optimization,KINO,KINO,proposed_full,Full,True,True,50.22917099886687,38.63902689505132,38.63881889042457,-0.00033898406613377296,50.22917099886687,38.63902689505132,38.63881889042457,-0.00033898406613377296
B009,I070_L3_v13_SOC056,constant_rule_following,RF,constant_rule_following,RF,RF,proposed_full,Full,True,True,51.89116436491854,40.262423382156264,40.38197995137889,0.20053763799117974,51.89116436491854,40.262423382156264,40.38197995137889,0.20053763799117974
B009,I070_L3_v13_SOC056,hcs_i_nlc,HCS-i NLC,hcs_i_nlc,HCS-i,HCS-i NLC,proposed_full,Full,False,True,,,,,55.356087082053115,46.23239819493194,56.077204814182764,
B009,I070_L3_v13_SOC056,oeac_i,OEAC-i,oeac_i,OEAC-i,OEAC-i,proposed_full,Full,True,True,47.84983424019163,36.77893462637489,53.47249678237765,35.878912474460996,47.84983424019163,36.77893462637489,53.47249678237765,35.878912474460996
B009,I070_L3_v13_SOC056,kinematic_only_optimization,KINO,kinematic_only_optimization,KINO,KINO,proposed_full,Full,True,True,52.091617846731374,40.51132995139728,40.511139158287016,-0.0003207207325309926,52.091617846731374,40.51132995139728,40.511139158287016,-0.0003207207325309926
B009,I071_L3_v13_SOC060,constant_rule_following,RF,constant_rule_following,RF,RF,proposed_full,Full,True,True,39.74895397489506,33.99651372405546,34.12861004273815,0.20053671065449824,39.74895397489506,33.99651372405546,34.12861004273815,0.20053671065449824
B009,I071_L3_v13_SOC060,hcs_i_nlc,HCS-i NLC,hcs_i_nlc,HCS-i,HCS-i NLC,proposed_full,Full,False,True,,,,,44.0883900753039,40.59268271737672,51.470116462466656,
B009,I071_L3_v13_SOC060,oeac_i,OEAC-i,oeac_i,OEAC-i,OEAC-i,proposed_full,Full,True,True,34.68763074532171,30.14763977733522,48.592199041728435,35.878911216927825,34.68763074532171,30.14763977733522,48.592199041728435,35.878911216927825
B009,I071_L3_v13_SOC060,kinematic_only_optimization,KINO,kinematic_only_optimization,KINO,KINO,proposed_full,Full,True,True,39.999999999999666,34.27152825020522,34.27131683638674,-0.00032164621030707663,39.999999999999666,34.27152825020522,34.27131683638674,-0.00032164621030707663
B009,I072_L3_v13_SOC064,constant_rule_following,RF,constant_rule_following,RF,RF,proposed_full,Full,True,True,38.91213389121307,33.222463117947086,33.35610955119821,0.2005381623898052,38.91213389121307,33.222463117947086,33.35610955119821,0.2005381623898052
B009,I072_L3_v13_SOC064,hcs_i_nlc,HCS-i NLC,hcs_i_nlc,HCS-i,HCS-i NLC,proposed_full,Full,False,True,,,,,43.31183993746091,39.895988155552544,50.90098684623351,
B009,I072_L3_v13_SOC064,oeac_i,OEAC-i,oeac_i,OEAC-i,OEAC-i,proposed_full,Full,True,True,33.780514505673416,29.328451809863278,47.98931892131473,35.878913185582086,33.780514505673416,29.328451809863278,47.98931892131473,35.878913185582086
B009,I072_L3_v13_SOC064,kinematic_only_optimization,KINO,kinematic_only_optimization,KINO,KINO,proposed_full,Full,True,True,39.16666666666634,33.50070285495564,33.50048992526329,-0.0003201973850959659,39.16666666666634,33.50070285495564,33.50048992526329,-0.0003201973850959659
B009,I073_L3_v14_SOC056,constant_rule_following,RF,constant_rule_following,RF,RF,proposed_full,Full,True,True,52.675822039372,40.384905044675165,40.49836589300731,0.19068526442168382,52.675822039372,40.384905044675165,40.49836589300731,0.19068526442168382
B009,I073_L3_v14_SOC056,hcs_i_nlc,HCS-i NLC,hcs_i_nlc,HCS-i,HCS-i NLC,proposed_full,Full,False,True,,,,,56.08423168223452,46.34263944728251,56.167285630126386,
B009,I073_L3_v14_SOC056,oeac_i,OEAC-i,oeac_i,OEAC-i,OEAC-i,proposed_full,Full,True,True,48.46699329478651,36.62838901902775,53.36172047826948,35.87896387010813,48.46699329478651,36.62838901902775,53.36172047826948,35.87896387010813
B009,I073_L3_v14_SOC056,kinematic_only_optimization,KINO,kinematic_only_optimization,KINO,KINO,proposed_full,Full,True,True,52.873006114207946,40.63330127365569,40.633142857701166,-0.00026684241366313623,52.873006114207946,40.63330127365569,40.633142857701166,-0.00026684241366313623
B009,I074_L3_v14_SOC060,constant_rule_following,RF,constant_rule_following,RF,RF,proposed_full,Full,True,True,52.59975943413007,40.50955603758881,40.6227594992582,0.19065126758120435,52.59975943413007,40.50955603758881,40.6227594992582,0.19065126758120435
B009,I074_L3_v14_SOC060,hcs_i_nlc,HCS-i NLC,hcs_i_nlc,HCS-i,HCS-i NLC,proposed_full,Full,False,True,,,,,56.01364730246507,46.45483323435999,56.25892192707967,
B009,I074_L3_v14_SOC060,oeac_i,OEAC-i,oeac_i,OEAC-i,OEAC-i,proposed_full,Full,True,True,48.384165976598126,36.760894624147305,53.45922206568158,35.8789177634721,48.384165976598126,36.760894624147305,53.45922206568158,35.8789177634721
B009,I074_L3_v14_SOC060,kinematic_only_optimization,KINO,kinematic_only_optimization,KINO,KINO,proposed_full,Full,True,True,52.79726043648785,40.75743288743219,40.7572547003849,-0.0003007744600123083,52.79726043648785,40.75743288743219,40.7572547003849,-0.0003007744600123083
B009,I075_L3_v14_SOC064,constant_rule_following,RF,constant_rule_following,RF,RF,proposed_full,Full,True,True,36.79434096766769,28.23747871940664,28.374028320540518,0.19064258108074175,36.79434096766769,28.23747871940664,28.374028320540518,0.19064258108074175
B009,I075_L3_v14_SOC064,hcs_i_nlc,HCS-i NLC,hcs_i_nlc,HCS-i,HCS-i NLC,proposed_full,Full,False,True,,,,,41.346575935351915,35.409186525485445,47.23572209050575,
B009,I075_L3_v14_SOC064,oeac_i,OEAC-i,oeac_i,OEAC-i,OEAC-i,proposed_full,Full,True,True,31.173074925242812,23.715518946744496,43.85848156379281,35.878905982809265,31.173074925242812,23.715518946744496,43.85848156379281,35.878905982809265
B009,I075_L3_v14_SOC064,kinematic_only_optimization,KINO,kinematic_only_optimization,KINO,KINO,proposed_full,Full,True,True,37.05769788030239,28.536489224742446,28.536268084222424,-0.00030944440498813973,37.05769788030239,28.536489224742446,28.536268084222424,-0.00030944440498813973
B009,I076_L3_v15_SOC056,constant_rule_following,RF,constant_rule_following,RF,RF,proposed_full,Full,True,True,52.675822039372,40.384905044675165,40.49836589300731,0.19068526442168382,52.675822039372,40.384905044675165,40.49836589300731,0.19068526442168382
B009,I076_L3_v15_SOC056,hcs_i_nlc,HCS-i NLC,hcs_i_nlc,HCS-i,HCS-i NLC,proposed_full,Full,False,True,,,,,56.08423168223452,46.34263944728251,56.167285630126386,
B009,I076_L3_v15_SOC056,oeac_i,OEAC-i,oeac_i,OEAC-i,OEAC-i,proposed_full,Full,True,True,48.46699329478651,36.62838901902775,53.36172047826948,35.87896387010813,48.46699329478651,36.62838901902775,53.36172047826948,35.87896387010813
B009,I076_L3_v15_SOC056,kinematic_only_optimization,KINO,kinematic_only_optimization,KINO,KINO,proposed_full,Full,True,True,52.873006114207946,40.63330127365569,40.633142857701166,-0.00026684241366313623,52.873006114207946,40.63330127365569,40.633142857701166,-0.00026684241366313623
B009,I077_L3_v15_SOC060,constant_rule_following,RF,constant_rule_following,RF,RF,proposed_full,Full,True,True,52.59975943413007,40.50955603758881,40.6227594992582,0.19065126758120435,52.59975943413007,40.50955603758881,40.6227594992582,0.19065126758120435
B009,I077_L3_v15_SOC060,hcs_i_nlc,HCS-i NLC,hcs_i_nlc,HCS-i,HCS-i NLC,proposed_full,Full,False,True,,,,,56.01364730246507,46.45483323435999,56.25892192707967,
B009,I077_L3_v15_SOC060,oeac_i,OEAC-i,oeac_i,OEAC-i,OEAC-i,proposed_full,Full,True,True,48.384165976598126,36.760894624147305,53.45922206568158,35.8789177634721,48.384165976598126,36.760894624147305,53.45922206568158,35.8789177634721
B009,I077_L3_v15_SOC060,kinematic_only_optimization,KINO,kinematic_only_optimization,KINO,KINO,proposed_full,Full,True,True,52.79726043648785,40.75743288743219,40.7572547003849,-0.0003007744600123083,52.79726043648785,40.75743288743219,40.7572547003849,-0.0003007744600123083
B009,I078_L3_v15_SOC064,constant_rule_following,RF,constant_rule_following,RF,RF,proposed_full,Full,True,True,36.79434096766769,28.23747871940664,28.374028320540518,0.19064258108074175,36.79434096766769,28.23747871940664,28.374028320540518,0.19064258108074175
B009,I078_L3_v15_SOC064,hcs_i_nlc,HCS-i NLC,hcs_i_nlc,HCS-i,HCS-i NLC,proposed_full,Full,False,True,,,,,41.346575935351915,35.409186525485445,47.23572209050575,
B009,I078_L3_v15_SOC064,oeac_i,OEAC-i,oeac_i,OEAC-i,OEAC-i,proposed_full,Full,True,True,31.173074925242812,23.715518946744496,43.85848156379281,35.878905982809265,31.173074925242812,23.715518946744496,43.85848156379281,35.878905982809265
B009,I078_L3_v15_SOC064,kinematic_only_optimization,KINO,kinematic_only_optimization,KINO,KINO,proposed_full,Full,True,True,37.05769788030239,28.536489224742446,28.536268084222424,-0.00030944440498813973,37.05769788030239,28.536489224742446,28.536268084222424,-0.00030944440498813973
B009,I079_L3_v16_SOC056,constant_rule_following,RF,constant_rule_following,RF,RF,proposed_full,Full,True,True,52.675822039372,40.384905044675165,40.49836589300731,0.19068526442168382,52.675822039372,40.384905044675165,40.49836589300731,0.19068526442168382
B009,I079_L3_v16_SOC056,hcs_i_nlc,HCS-i NLC,hcs_i_nlc,HCS-i,HCS-i NLC,proposed_full,Full,False,True,,,,,56.08423168223452,46.34263944728251,56.167285630126386,
B009,I079_L3_v16_SOC056,oeac_i,OEAC-i,oeac_i,OEAC-i,OEAC-i,proposed_full,Full,True,True,48.46699329478651,36.62838901902775,53.36172047826948,35.87896387010813,48.46699329478651,36.62838901902775,53.36172047826948,35.87896387010813
B009,I079_L3_v16_SOC056,kinematic_only_optimization,KINO,kinematic_only_optimization,KINO,KINO,proposed_full,Full,True,True,52.873006114207946,40.63330127365569,40.633142857701166,-0.00026684241366313623,52.873006114207946,40.63330127365569,40.633142857701166,-0.00026684241366313623
B009,I080_L3_v16_SOC060,constant_rule_following,RF,constant_rule_following,RF,RF,proposed_full,Full,True,True,52.59975943413007,40.50955603758881,40.6227594992582,0.19065126758120435,52.59975943413007,40.50955603758881,40.6227594992582,0.19065126758120435
B009,I080_L3_v16_SOC060,hcs_i_nlc,HCS-i NLC,hcs_i_nlc,HCS-i,HCS-i NLC,proposed_full,Full,False,True,,,,,56.01364730246507,46.45483323435999,56.25892192707967,
B009,I080_L3_v16_SOC060,oeac_i,OEAC-i,oeac_i,OEAC-i,OEAC-i,proposed_full,Full,True,True,48.384165976598126,36.760894624147305,53.45922206568158,35.8789177634721,48.384165976598126,36.760894624147305,53.45922206568158,35.8789177634721
B009,I080_L3_v16_SOC060,kinematic_only_optimization,KINO,kinematic_only_optimization,KINO,KINO,proposed_full,Full,True,True,52.79726043648785,40.75743288743219,40.7572547003849,-0.0003007744600123083,52.79726043648785,40.75743288743219,40.7572547003849,-0.0003007744600123083
B009,I081_L3_v16_SOC064,constant_rule_following,RF,constant_rule_following,RF,RF,proposed_full,Full,True,True,36.79434096766769,28.23747871940664,28.374028320540518,0.19064258108074175,36.79434096766769,28.23747871940664,28.374028320540518,0.19064258108074175
B009,I081_L3_v16_SOC064,hcs_i_nlc,HCS-i NLC,hcs_i_nlc,HCS-i,HCS-i NLC,proposed_full,Full,False,True,,,,,41.346575935351915,35.409186525485445,47.23572209050575,
B009,I081_L3_v16_SOC064,oeac_i,OEAC-i,oeac_i,OEAC-i,OEAC-i,proposed_full,Full,True,True,31.173074925242812,23.715518946744496,43.85848156379281,35.878905982809265,31.173074925242812,23.715518946744496,43.85848156379281,35.878905982809265
B009,I081_L3_v16_SOC064,kinematic_only_optimization,KINO,kinematic_only_optimization,KINO,KINO,proposed_full,Full,True,True,37.05769788030239,28.536489224742446,28.536268084222424,-0.00030944440498813973,37.05769788030239,28.536489224742446,28.536268084222424,-0.00030944440498813973
B010,I001_L1_v8_SOC056,constant_rule_following,RF,constant_rule_following,RF,RF,proposed_full,Full,True,True,39.464239184047194,30.710161581317426,37.91512623126557,11.605024239537896,39.464239184047194,30.710161581317426,37.91512623126557,11.605024239537896
B010,I001_L1_v8_SOC056,hcs_i_nlc,HCS-i NLC,hcs_i_nlc,HCS-i,HCS-i NLC,proposed_full,Full,False,True,,,,,39.464239184047194,30.971806329926476,42.80117785004897,
B010,I001_L1_v8_SOC056,oeac_i,OEAC-i,oeac_i,OEAC-i,OEAC-i,proposed_full,Full,False,True,,,,,39.464239184047194,30.971806329926476,42.80117785004897,
B010,I001_L1_v8_SOC056,kinematic_only_optimization,KINO,kinematic_only_optimization,KINO,KINO,proposed_full,Full,True,True,35.10313144593094,25.00356981284086,25.00360594151079,4.8173876074162624e-05,35.10313144593094,25.00356981284086,25.00360594151079,4.8173876074162624e-05
B010,I002_L1_v8_SOC060,constant_rule_following,RF,constant_rule_following,RF,RF,proposed_full,Full,True,True,40.16338906049389,27.937238452777894,35.43057125713642,11.605078363321763,40.16338906049389,27.937238452777894,35.43057125713642,11.605078363321763
B010,I002_L1_v8_SOC060,hcs_i_nlc,HCS-i NLC,hcs_i_nlc,HCS-i,HCS-i NLC,proposed_full,Full,False,True,,,,,40.16338906049389,28.209354011991163,40.512156233988975,
B010,I002_L1_v8_SOC060,oeac_i,OEAC-i,oeac_i,OEAC-i,OEAC-i,proposed_full,Full,False,True,,,,,40.16338906049389,28.209354011991163,40.512156233988975,
B010,I002_L1_v8_SOC060,kinematic_only_optimization,KINO,kinematic_only_optimization,KINO,KINO,proposed_full,Full,True,True,35.85264936756576,22.00227351067194,22.002348910790932,9.666973036843758e-05,35.85264936756576,22.00227351067194,22.002348910790932,9.666973036843758e-05
B010,I003_L1_v8_SOC064,constant_rule_following,RF,constant_rule_following,RF,RF,proposed_full,Full,True,True,40.13081600186717,31.313306990311496,38.455563090521174,11.605039316087485,40.13081600186717,31.313306990311496,38.455563090521174,11.605039316087485
B010,I003_L1_v8_SOC064,hcs_i_nlc,HCS-i NLC,hcs_i_nlc,HCS-i,HCS-i NLC,proposed_full,Full,False,True,,,,,40.13081600186717,31.57267420685361,43.29908257175281,
B010,I003_L1_v8_SOC064,oeac_i,OEAC-i,oeac_i,OEAC-i,OEAC-i,proposed_full,Full,False,True,,,,,40.13081600186717,31.57267420685361,43.29908257175281,
B010,I003_L1_v8_SOC064,kinematic_only_optimization,KINO,kinematic_only_optimization,KINO,KINO,proposed_full,Full,True,True,35.817729685784116,25.65638923904597,25.656435096184484,6.168272744990694e-05,35.817729685784116,25.65638923904597,25.656435096184484,6.168272744990694e-05
B010,I004_L1_v9_SOC056,constant_rule_following,RF,constant_rule_following,RF,RF,proposed_full,Full,True,True,40.394487253056745,29.92299080817016,37.202130796045424,11.591380535912961,40.394487253056745,29.92299080817016,37.202130796045424,11.591380535912961
B010,I004_L1_v9_SOC056,hcs_i_nlc,HCS-i NLC,hcs_i_nlc,HCS-i,HCS-i NLC,proposed_full,Full,False,True,,,,,41.236531102707694,31.36513027128813,43.125258380396275,
B010,I004_L1_v9_SOC056,oeac_i,OEAC-i,oeac_i,OEAC-i,OEAC-i,proposed_full,Full,False,True,,,,,41.236531102707694,31.36513027128813,43.125258380396275,
B010,I004_L1_v9_SOC056,kinematic_only_optimization,KINO,kinematic_only_optimization,KINO,KINO,proposed_full,Full,True,True,36.72971219369429,25.033047626947805,25.033147834318136,0.0001336689049128094,36.72971219369429,25.033047626947805,25.033147834318136,0.0001336689049128094
B010,I005_L1_v9_SOC060,constant_rule_following,RF,constant_rule_following,RF,RF,proposed_full,Full,True,True,39.94441067541496,30.617561671272092,37.82452225136931,11.591323205000913,39.94441067541496,30.617561671272092,37.82452225136931,11.591323205000913
B010,I005_L1_v9_SOC060,hcs_i_nlc,HCS-i NLC,hcs_i_nlc,HCS-i,HCS-i NLC,proposed_full,Full,False,True,,,,,40.792812732496884,32.04540731587294,43.68894555094069,
B010,I005_L1_v9_SOC060,oeac_i,OEAC-i,oeac_i,OEAC-i,OEAC-i,proposed_full,Full,False,True,,,,,40.792812732496884,32.04540731587294,43.68894555094069,
B010,I005_L1_v9_SOC060,kinematic_only_optimization,KINO,kinematic_only_optimization,KINO,KINO,proposed_full,Full,True,True,36.25196318542435,25.776085342375072,25.776146423472678,8.22930832277833e-05,36.25196318542435,25.776085342375072,25.776146423472678,8.22930832277833e-05
B010,I006_L1_v9_SOC064,constant_rule_following,RF,constant_rule_following,RF,RF,proposed_full,Full,True,True,39.975256255462625,29.571990047946557,36.88756847696916,11.591343024635337,39.975256255462625,29.571990047946557,36.88756847696916,11.591343024635337
B010,I006_L1_v9_SOC064,hcs_i_nlc,HCS-i NLC,hcs_i_nlc,HCS-i,HCS-i NLC,proposed_full,Full,False,True,,,,,40.82322255870618,31.02135287938091,42.84036574235754,
B010,I006_L1_v9_SOC064,oeac_i,OEAC-i,oeac_i,OEAC-i,OEAC-i,proposed_full,Full,False,True,,,,,40.82322255870618,31.02135287938091,42.84036574235754,
B010,I006_L1_v9_SOC064,kinematic_only_optimization,KINO,kinematic_only_optimization,KINO,KINO,proposed_full,Full,True,True,36.28470526979252,24.657554186544882,24.657629569606062,0.0001000540077916772,36.28470526979252,24.657554186544882,24.657629569606062,0.0001000540077916772
B010,I007_L1_v10_SOC056,constant_rule_following,RF,constant_rule_following,RF,RF,proposed_full,Full,True,True,40.78498638830777,28.738825517499972,36.08783335124959,11.49860538156752,40.78498638830777,28.738825517499972,36.08783335124959,11.49860538156752
B010,I007_L1_v10_SOC056,hcs_i_nlc,HCS-i NLC,hcs_i_nlc,HCS-i,HCS-i NLC,proposed_full,Full,False,True,,,,,41.58276707220945,30.08764039128543,42.063445302674914,
B010,I007_L1_v10_SOC056,oeac_i,OEAC-i,oeac_i,OEAC-i,OEAC-i,proposed_full,Full,False,True,,,,,41.58276707220945,30.08764039128543,42.063445302674914,
B010,I007_L1_v10_SOC056,kinematic_only_optimization,KINO,kinematic_only_optimization,KINO,KINO,proposed_full,Full,True,True,36.50967054466886,22.829527088951895,22.827606288015907,-0.0024889741572168543,36.50967054466886,22.829527088951895,22.827606288015907,-0.0024889741572168543
B010,I008_L1_v10_SOC060,constant_rule_following,RF,constant_rule_following,RF,RF,proposed_full,Full,True,True,41.46487239714588,30.287055109023143,37.47642807800819,11.498660022103252,41.46487239714588,30.287055109023143,37.47642807800819,11.498660022103252
B010,I008_L1_v10_SOC060,hcs_i_nlc,HCS-i NLC,hcs_i_nlc,HCS-i,HCS-i NLC,proposed_full,Full,False,True,,,,,42.253493243161465,31.60656545455396,43.32221023833118,
B010,I008_L1_v10_SOC060,oeac_i,OEAC-i,oeac_i,OEAC-i,OEAC-i,proposed_full,Full,False,True,,,,,42.253493243161465,31.60656545455396,43.32221023833118,
B010,I008_L1_v10_SOC060,kinematic_only_optimization,KINO,kinematic_only_optimization,KINO,KINO,proposed_full,Full,True,True,37.2386442298945,24.50614287055205,24.50430079829183,-0.0024399697992190067,37.2386442298945,24.50614287055205,24.50430079829183,-0.0024399697992190067
B010,I009_L1_v10_SOC064,constant_rule_following,RF,constant_rule_following,RF,RF,proposed_full,Full,True,True,40.806257539623324,27.485074825069045,34.963381280687244,11.498608941976721,40.806257539623324,27.485074825069045,34.963381280687244,11.498608941976721
B010,I009_L1_v10_SOC064,hcs_i_nlc,HCS-i NLC,hcs_i_nlc,HCS-i,HCS-i NLC,proposed_full,Full,False,True,,,,,41.60375164563523,28.857620399256934,41.04412641072292,
B010,I009_L1_v10_SOC064,oeac_i,OEAC-i,oeac_i,OEAC-i,OEAC-i,proposed_full,Full,False,True,,,,,41.60375164563523,28.857620399256934,41.04412641072292,
B010,I009_L1_v10_SOC064,kinematic_only_optimization,KINO,kinematic_only_optimization,KINO,KINO,proposed_full,Full,True,True,36.53247747018566,21.47180972672671,21.46985763936499,-0.002485781004648185,36.53247747018566,21.47180972672671,21.46985763936499,-0.002485781004648185
B010,I010_L1_v11_SOC056,constant_rule_following,RF,constant_rule_following,RF,RF,proposed_full,Full,True,True,42.015334621598356,30.34885714088198,37.775371855881815,11.935008591452455,42.015334621598356,30.34885714088198,37.775371855881815,11.935008591452455
B010,I010_L1_v11_SOC056,hcs_i_nlc,HCS-i NLC,hcs_i_nlc,HCS-i,HCS-i NLC,proposed_full,Full,False,True,,,,,43.1392101758945,32.13540130035265,43.96256943668969,
B010,I010_L1_v11_SOC056,oeac_i,OEAC-i,oeac_i,OEAC-i,OEAC-i,proposed_full,Full,False,True,,,,,43.1392101758945,32.13540130035265,43.96256943668969,
B010,I010_L1_v11_SOC056,kinematic_only_optimization,KINO,kinematic_only_optimization,KINO,KINO,proposed_full,Full,True,True,39.19753094739588,26.125714378187396,26.125736845627692,3.0413082093689016e-05,39.19753094739588,26.125714378187396,26.125736845627692,3.0413082093689016e-05
B010,I011_L1_v11_SOC060,constant_rule_following,RF,constant_rule_following,RF,RF,proposed_full,Full,True,True,41.55933401951654,29.703066375121658,37.19836234706843,11.93487343971659,41.55933401951654,29.703066375121658,37.19836234706843,11.93487343971659
B010,I011_L1_v11_SOC060,hcs_i_nlc,HCS-i NLC,hcs_i_nlc,HCS-i,HCS-i NLC,proposed_full,Full,False,True,,,,,42.69204790936365,31.50617499675977,43.44293386394491,
B010,I011_L1_v11_SOC060,oeac_i,OEAC-i,oeac_i,OEAC-i,OEAC-i,proposed_full,Full,False,True,,,,,42.69204790936365,31.50617499675977,43.44293386394491,
B010,I011_L1_v11_SOC060,kinematic_only_optimization,KINO,kinematic_only_optimization,KINO,KINO,proposed_full,Full,True,True,38.719370690453616,25.4407675198393,25.440700171757516,-9.032821115468805e-05,38.719370690453616,25.4407675198393,25.440700171757516,-9.032821115468805e-05
B010,I012_L1_v11_SOC064,constant_rule_following,RF,constant_rule_following,RF,RF,proposed_full,Full,True,True,41.84558541397945,30.280859302823632,37.71454885471049,11.934873096683134,41.84558541397945,30.280859302823632,37.71454885471049,11.934873096683134
B010,I012_L1_v11_SOC064,hcs_i_nlc,HCS-i NLC,hcs_i_nlc,HCS-i,HCS-i NLC,proposed_full,Full,False,True,,,,,42.97275109651139,32.069147599367334,43.907794264761044,
B010,I012_L1_v11_SOC064,oeac_i,OEAC-i,oeac_i,OEAC-i,OEAC-i,proposed_full,Full,False,True,,,,,42.97275109651139,32.069147599367334,43.907794264761044,
B010,I012_L1_v11_SOC064,kinematic_only_optimization,KINO,kinematic_only_optimization,KINO,KINO,proposed_full,Full,True,True,39.01953266327028,26.053593641840703,26.053526620699348,-9.063466894915895e-05,39.01953266327028,26.053593641840703,26.053526620699348,-9.063466894915895e-05
B010,I013_L1_v12_SOC056,constant_rule_following,RF,constant_rule_following,RF,RF,proposed_full,Full,True,True,41.9295145181923,30.989723495229452,38.34341202625998,11.926849624183772,41.9295145181923,30.989723495229452,38.34341202625998,11.926849624183772
B010,I013_L1_v12_SOC056,hcs_i_nlc,HCS-i NLC,hcs_i_nlc,HCS-i,HCS-i NLC,proposed_full,Full,False,True,,,,,43.89388555526205,33.6656864821708,45.24693773459501,
B010,I013_L1_v12_SOC056,oeac_i,OEAC-i,oeac_i,OEAC-i,OEAC-i,proposed_full,Full,False,True,,,,,43.89388555526205,33.6656864821708,45.24693773459501,
B010,I013_L1_v12_SOC056,kinematic_only_optimization,KINO,kinematic_only_optimization,KINO,KINO,proposed_full,Full,True,True,39.56017223798913,27.16156407157058,27.16153014321758,-4.6580265999454605e-05,39.56017223798913,27.16156407157058,27.16153014321758,-4.6580265999454605e-05
B010,I014_L1_v12_SOC060,constant_rule_following,RF,constant_rule_following,RF,RF,proposed_full,Full,True,True,42.06199171254489,30.660978099851828,38.049691069076296,11.926837971805895,42.06199171254489,30.660978099851828,38.049691069076296,11.926837971805895
B010,I014_L1_v12_SOC060,hcs_i_nlc,HCS-i NLC,hcs_i_nlc,HCS-i,HCS-i NLC,proposed_full,Full,False,True,,,,,44.021881396281714,33.34968861592527,44.986103939118316,
B010,I014_L1_v12_SOC060,oeac_i,OEAC-i,oeac_i,OEAC-i,OEAC-i,proposed_full,Full,False,True,,,,,44.021881396281714,33.34968861592527,44.986103939118316,
B010,I014_L1_v12_SOC060,kinematic_only_optimization,KINO,kinematic_only_optimization,KINO,KINO,proposed_full,Full,True,True,39.698054653516245,26.814582409841933,26.81454070073916,-5.699096949741369e-05,39.698054653516245,26.814582409841933,26.81454070073916,-5.699096949741369e-05
B010,I015_L1_v12_SOC064,constant_rule_following,RF,constant_rule_following,RF,RF,proposed_full,Full,True,True,41.63427936276154,31.556750183486955,38.850016732992316,11.926849624242351,41.63427936276154,31.556750183486955,38.850016732992316,11.926849624242351
B010,I015_L1_v12_SOC064,hcs_i_nlc,HCS-i NLC,hcs_i_nlc,HCS-i,HCS-i NLC,proposed_full,Full,False,True,,,,,43.608637424800015,34.210725975082404,45.69681924706982,
B010,I015_L1_v12_SOC064,oeac_i,OEAC-i,oeac_i,OEAC-i,OEAC-i,proposed_full,Full,False,True,,,,,43.608637424800015,34.210725975082404,45.69681924706982,
B010,I015_L1_v12_SOC064,kinematic_only_optimization,KINO,kinematic_only_optimization,KINO,KINO,proposed_full,Full,True,True,39.25289115026486,27.760045039828963,27.76001139028793,-4.658021366327104e-05,39.25289115026486,27.760045039828963,27.76001139028793,-4.658021366327104e-05
B010,I016_L1_v13_SOC056,constant_rule_following,RF,constant_rule_following,RF,RF,proposed_full,Full,True,True,42.24469602679022,31.69428982482575,39.019698376871176,12.012745685185354,42.24469602679022,31.69428982482575,39.019698376871176,12.012745685185354
B010,I016_L1_v13_SOC056,hcs_i_nlc,HCS-i NLC,hcs_i_nlc,HCS-i,HCS-i NLC,proposed_full,Full,False,True,,,,,43.94137561210869,34.21995760077447,45.705519695330686,
B010,I016_L1_v13_SOC056,oeac_i,OEAC-i,oeac_i,OEAC-i,OEAC-i,proposed_full,Full,False,True,,,,,43.94137561210869,34.21995760077447,45.705519695330686,
B010,I016_L1_v13_SOC056,kinematic_only_optimization,KINO,kinematic_only_optimization,KINO,KINO,proposed_full,Full,True,True,39.57388582310985,27.71944443237148,27.71940855036666,-4.964265524493089e-05,39.57388582310985,27.71944443237148,27.71940855036666,-4.964265524493089e-05
B010,I017_L1_v13_SOC060,constant_rule_following,RF,constant_rule_following,RF,RF,proposed_full,Full,True,True,42.4641860266278,30.871309236038048,38.28497376259973,12.012738191252497,42.4641860266278,30.871309236038048,38.28497376259973,12.012738191252497
B010,I017_L1_v13_SOC060,hcs_i_nlc,HCS-i NLC,hcs_i_nlc,HCS-i,HCS-i NLC,proposed_full,Full,False,True,,,,,44.154417646542456,33.42740749207403,45.05134957748748,
B010,I017_L1_v13_SOC060,oeac_i,OEAC-i,oeac_i,OEAC-i,OEAC-i,proposed_full,Full,False,True,,,,,44.154417646542456,33.42740749207403,45.05134957748748,
B010,I017_L1_v13_SOC060,kinematic_only_optimization,KINO,kinematic_only_optimization,KINO,KINO,proposed_full,Full,True,True,39.80352581941258,26.848572963113714,26.848531754768764,-5.633290204903025e-05,39.80352581941258,26.848572963113714,26.848531754768764,-5.633290204903025e-05
B010,I018_L1_v13_SOC064,constant_rule_following,RF,constant_rule_following,RF,RF,proposed_full,Full,True,True,42.38368527197335,30.0956661900767,37.59251885984549,12.01274676177427,42.38368527197335,30.0956661900767,37.59251885984549,12.01274676177427
B010,I018_L1_v13_SOC064,hcs_i_nlc,HCS-i NLC,hcs_i_nlc,HCS-i,HCS-i NLC,proposed_full,Full,False,True,,,,,44.07628176537371,32.68044457610181,44.43481476085414,
B010,I018_L1_v13_SOC064,oeac_i,OEAC-i,oeac_i,OEAC-i,OEAC-i,proposed_full,Full,False,True,,,,,44.07628176537371,32.68044457610181,44.43481476085414,
B010,I018_L1_v13_SOC064,kinematic_only_optimization,KINO,kinematic_only_optimization,KINO,KINO,proposed_full,Full,True,True,39.71930242420143,26.02779370263206,26.027757691816426,-4.868152499802991e-05,39.71930242420143,26.02779370263206,26.027757691816426,-4.868152499802991e-05
B010,I019_L1_v14_SOC056,constant_rule_following,RF,constant_rule_following,RF,RF,proposed_full,Full,True,True,42.24469602679022,31.69428982482575,39.019698376871176,12.012745685185354,42.24469602679022,31.69428982482575,39.019698376871176,12.012745685185354
B010,I019_L1_v14_SOC056,hcs_i_nlc,HCS-i NLC,hcs_i_nlc,HCS-i,HCS-i NLC,proposed_full,Full,False,True,,,,,43.94137561210869,34.21995760077447,45.705519695330686,
B010,I019_L1_v14_SOC056,oeac_i,OEAC-i,oeac_i,OEAC-i,OEAC-i,proposed_full,Full,False,True,,,,,43.94137561210869,34.21995760077447,45.705519695330686,
B010,I019_L1_v14_SOC056,kinematic_only_optimization,KINO,kinematic_only_optimization,KINO,KINO,proposed_full,Full,True,True,39.57388582310985,27.71944443237148,27.71940855036666,-4.964265524493089e-05,39.57388582310985,27.71944443237148,27.71940855036666,-4.964265524493089e-05
B010,I020_L1_v14_SOC060,constant_rule_following,RF,constant_rule_following,RF,RF,proposed_full,Full,True,True,42.4641860266278,30.871309236038048,38.28497376259973,12.012738191252497,42.4641860266278,30.871309236038048,38.28497376259973,12.012738191252497
B010,I020_L1_v14_SOC060,hcs_i_nlc,HCS-i NLC,hcs_i_nlc,HCS-i,HCS-i NLC,proposed_full,Full,False,True,,,,,44.154417646542456,33.42740749207403,45.05134957748748,
B010,I020_L1_v14_SOC060,oeac_i,OEAC-i,oeac_i,OEAC-i,OEAC-i,proposed_full,Full,False,True,,,,,44.154417646542456,33.42740749207403,45.05134957748748,
B010,I020_L1_v14_SOC060,kinematic_only_optimization,KINO,kinematic_only_optimization,KINO,KINO,proposed_full,Full,True,True,39.80352581941258,26.848572963113714,26.848531754768764,-5.633290204903025e-05,39.80352581941258,26.848572963113714,26.848531754768764,-5.633290204903025e-05
B010,I021_L1_v14_SOC064,constant_rule_following,RF,constant_rule_following,RF,RF,proposed_full,Full,True,True,42.38368527197335,30.0956661900767,37.59251885984549,12.01274676177427,42.38368527197335,30.0956661900767,37.59251885984549,12.01274676177427
B010,I021_L1_v14_SOC064,hcs_i_nlc,HCS-i NLC,hcs_i_nlc,HCS-i,HCS-i NLC,proposed_full,Full,False,True,,,,,44.07628176537371,32.68044457610181,44.43481476085414,
B010,I021_L1_v14_SOC064,oeac_i,OEAC-i,oeac_i,OEAC-i,OEAC-i,proposed_full,Full,False,True,,,,,44.07628176537371,32.68044457610181,44.43481476085414,
B010,I021_L1_v14_SOC064,kinematic_only_optimization,KINO,kinematic_only_optimization,KINO,KINO,proposed_full,Full,True,True,39.71930242420143,26.02779370263206,26.027757691816426,-4.868152499802991e-05,39.71930242420143,26.02779370263206,26.027757691816426,-4.868152499802991e-05
B010,I022_L1_v15_SOC056,constant_rule_following,RF,constant_rule_following,RF,RF,proposed_full,Full,True,True,42.24469602679022,31.69428982482575,39.019698376871176,12.012745685185354,42.24469602679022,31.69428982482575,39.019698376871176,12.012745685185354
B010,I022_L1_v15_SOC056,hcs_i_nlc,HCS-i NLC,hcs_i_nlc,HCS-i,HCS-i NLC,proposed_full,Full,False,True,,,,,43.94137561210869,34.21995760077447,45.705519695330686,
B010,I022_L1_v15_SOC056,oeac_i,OEAC-i,oeac_i,OEAC-i,OEAC-i,proposed_full,Full,False,True,,,,,43.94137561210869,34.21995760077447,45.705519695330686,
B010,I022_L1_v15_SOC056,kinematic_only_optimization,KINO,kinematic_only_optimization,KINO,KINO,proposed_full,Full,True,True,39.57388582310985,27.71944443237148,27.71940855036666,-4.964265524493089e-05,39.57388582310985,27.71944443237148,27.71940855036666,-4.964265524493089e-05
B010,I023_L1_v15_SOC060,constant_rule_following,RF,constant_rule_following,RF,RF,proposed_full,Full,True,True,42.4641860266278,30.871309236038048,38.28497376259973,12.012738191252497,42.4641860266278,30.871309236038048,38.28497376259973,12.012738191252497
B010,I023_L1_v15_SOC060,hcs_i_nlc,HCS-i NLC,hcs_i_nlc,HCS-i,HCS-i NLC,proposed_full,Full,False,True,,,,,44.154417646542456,33.42740749207403,45.05134957748748,
B010,I023_L1_v15_SOC060,oeac_i,OEAC-i,oeac_i,OEAC-i,OEAC-i,proposed_full,Full,False,True,,,,,44.154417646542456,33.42740749207403,45.05134957748748,
B010,I023_L1_v15_SOC060,kinematic_only_optimization,KINO,kinematic_only_optimization,KINO,KINO,proposed_full,Full,True,True,39.80352581941258,26.848572963113714,26.848531754768764,-5.633290204903025e-05,39.80352581941258,26.848572963113714,26.848531754768764,-5.633290204903025e-05
B010,I024_L1_v15_SOC064,constant_rule_following,RF,constant_rule_following,RF,RF,proposed_full,Full,True,True,42.38368527197335,30.0956661900767,37.59251885984549,12.01274676177427,42.38368527197335,30.0956661900767,37.59251885984549,12.01274676177427
B010,I024_L1_v15_SOC064,hcs_i_nlc,HCS-i NLC,hcs_i_nlc,HCS-i,HCS-i NLC,proposed_full,Full,False,True,,,,,44.07628176537371,32.68044457610181,44.43481476085414,
B010,I024_L1_v15_SOC064,oeac_i,OEAC-i,oeac_i,OEAC-i,OEAC-i,proposed_full,Full,False,True,,,,,44.07628176537371,32.68044457610181,44.43481476085414,
B010,I024_L1_v15_SOC064,kinematic_only_optimization,KINO,kinematic_only_optimization,KINO,KINO,proposed_full,Full,True,True,39.71930242420143,26.02779370263206,26.027757691816426,-4.868152499802991e-05,39.71930242420143,26.02779370263206,26.027757691816426,-4.868152499802991e-05
B010,I025_L1_v16_SOC056,constant_rule_following,RF,constant_rule_following,RF,RF,proposed_full,Full,True,True,42.24469602679022,31.69428982482575,39.019698376871176,12.012745685185354,42.24469602679022,31.69428982482575,39.019698376871176,12.012745685185354
B010,I025_L1_v16_SOC056,hcs_i_nlc,HCS-i NLC,hcs_i_nlc,HCS-i,HCS-i NLC,proposed_full,Full,False,True,,,,,43.94137561210869,34.21995760077447,45.705519695330686,
B010,I025_L1_v16_SOC056,oeac_i,OEAC-i,oeac_i,OEAC-i,OEAC-i,proposed_full,Full,False,True,,,,,43.94137561210869,34.21995760077447,45.705519695330686,
B010,I025_L1_v16_SOC056,kinematic_only_optimization,KINO,kinematic_only_optimization,KINO,KINO,proposed_full,Full,True,True,39.57388582310985,27.71944443237148,27.71940855036666,-4.964265524493089e-05,39.57388582310985,27.71944443237148,27.71940855036666,-4.964265524493089e-05
B010,I026_L1_v16_SOC060,constant_rule_following,RF,constant_rule_following,RF,RF,proposed_full,Full,True,True,42.4641860266278,30.871309236038048,38.28497376259973,12.012738191252497,42.4641860266278,30.871309236038048,38.28497376259973,12.012738191252497
B010,I026_L1_v16_SOC060,hcs_i_nlc,HCS-i NLC,hcs_i_nlc,HCS-i,HCS-i NLC,proposed_full,Full,False,True,,,,,44.154417646542456,33.42740749207403,45.05134957748748,
B010,I026_L1_v16_SOC060,oeac_i,OEAC-i,oeac_i,OEAC-i,OEAC-i,proposed_full,Full,False,True,,,,,44.154417646542456,33.42740749207403,45.05134957748748,
B010,I026_L1_v16_SOC060,kinematic_only_optimization,KINO,kinematic_only_optimization,KINO,KINO,proposed_full,Full,True,True,39.80352581941258,26.848572963113714,26.848531754768764,-5.633290204903025e-05,39.80352581941258,26.848572963113714,26.848531754768764,-5.633290204903025e-05
B010,I027_L1_v16_SOC064,constant_rule_following,RF,constant_rule_following,RF,RF,proposed_full,Full,True,True,42.38368527197335,30.0956661900767,37.59251885984549,12.01274676177427,42.38368527197335,30.0956661900767,37.59251885984549,12.01274676177427
B010,I027_L1_v16_SOC064,hcs_i_nlc,HCS-i NLC,hcs_i_nlc,HCS-i,HCS-i NLC,proposed_full,Full,False,True,,,,,44.07628176537371,32.68044457610181,44.43481476085414,
B010,I027_L1_v16_SOC064,oeac_i,OEAC-i,oeac_i,OEAC-i,OEAC-i,proposed_full,Full,False,True,,,,,44.07628176537371,32.68044457610181,44.43481476085414,
B010,I027_L1_v16_SOC064,kinematic_only_optimization,KINO,kinematic_only_optimization,KINO,KINO,proposed_full,Full,True,True,39.71930242420143,26.02779370263206,26.027757691816426,-4.868152499802991e-05,39.71930242420143,26.02779370263206,26.027757691816426,-4.868152499802991e-05
B010,I028_L2_v8_SOC056,constant_rule_following,RF,constant_rule_following,RF,RF,proposed_full,Full,True,True,37.4223066935661,26.42850480959787,30.39440223609016,5.697670236155326,37.4223066935661,26.42850480959787,30.39440223609016,5.697670236155326
B010,I028_L2_v8_SOC056,hcs_i_nlc,HCS-i NLC,hcs_i_nlc,HCS-i,HCS-i NLC,proposed_full,Full,False,True,,,,,40.02304114231409,30.92326520112726,42.760982814522336,
B010,I028_L2_v8_SOC056,oeac_i,OEAC-i,oeac_i,OEAC-i,OEAC-i,proposed_full,Full,False,True,,,,,40.02304114231409,30.92326520112726,42.760982814522336,
B010,I028_L2_v8_SOC056,kinematic_only_optimization,KINO,kinematic_only_optimization,KINO,KINO,proposed_full,Full,True,True,35.70219052678822,24.95083177663206,24.95090410937067,9.638055963777953e-05,35.70219052678822,24.95083177663206,24.95090410937067,9.638055963777953e-05
B010,I029_L2_v8_SOC060,constant_rule_following,RF,constant_rule_following,RF,RF,proposed_full,Full,True,True,36.94727267769818,26.188469311283008,30.16728207852268,5.697634125759794,36.94727267769818,26.188469311283008,30.16728207852268,5.697634125759794
B010,I029_L2_v8_SOC060,hcs_i_nlc,HCS-i NLC,hcs_i_nlc,HCS-i,HCS-i NLC,proposed_full,Full,False,True,,,,,39.56774958201009,30.697894377597034,42.57421429273954,
B010,I029_L2_v8_SOC060,oeac_i,OEAC-i,oeac_i,OEAC-i,OEAC-i,proposed_full,Full,False,True,,,,,39.56774958201009,30.697894377597034,42.57421429273954,
B010,I029_L2_v8_SOC060,kinematic_only_optimization,KINO,kinematic_only_optimization,KINO,KINO,proposed_full,Full,True,True,35.214098923666924,24.705975199421133,24.706022044830533,6.221667480013113e-05,35.214098923666924,24.705975199421133,24.706022044830533,6.221667480013113e-05
B010,I030_L2_v8_SOC064,constant_rule_following,RF,constant_rule_following,RF,RF,proposed_full,Full,True,True,37.81684004408019,26.824825772152085,30.7693369748546,5.697636033429031,37.81684004408019,26.824825772152085,30.7693369748546,5.697636033429031
B010,I030_L2_v8_SOC064,hcs_i_nlc,HCS-i NLC,hcs_i_nlc,HCS-i,HCS-i NLC,proposed_full,Full,False,True,,,,,40.40117765201084,31.295373419870696,43.069304223216534,
B010,I030_L2_v8_SOC064,oeac_i,OEAC-i,oeac_i,OEAC-i,OEAC-i,proposed_full,Full,False,True,,,,,40.40117765201084,31.295373419870696,43.069304223216534,
B010,I030_L2_v8_SOC064,kinematic_only_optimization,KINO,kinematic_only_optimization,KINO,KINO,proposed_full,Full,True,True,36.10756868730879,25.355112789437396,25.355160578192358,6.402151219323488e-05,36.10756868730879,25.355112789437396,25.355160578192358,6.402151219323488e-05
B010,I031_L2_v9_SOC056,constant_rule_following,RF,constant_rule_following,RF,RF,proposed_full,Full,True,True,37.66418014036616,25.657789552241525,29.595428849994185,5.592874487315644,37.66418014036616,25.657789552241525,29.595428849994185,5.592874487315644
B010,I031_L2_v9_SOC056,hcs_i_nlc,HCS-i NLC,hcs_i_nlc,HCS-i,HCS-i NLC,proposed_full,Full,False,True,,,,,40.429596634631416,30.48422221220395,42.3952639315652,
B010,I031_L2_v9_SOC056,oeac_i,OEAC-i,oeac_i,OEAC-i,OEAC-i,proposed_full,Full,False,True,,,,,40.429596634631416,30.48422221220395,42.3952639315652,
B010,I031_L2_v9_SOC056,kinematic_only_optimization,KINO,kinematic_only_optimization,KINO,KINO,proposed_full,Full,True,True,35.83278992987897,24.041691594067288,24.041548305518237,-0.0001886406921901864,35.83278992987897,24.041691594067288,24.041548305518237,-0.0001886406921901864
B010,I032_L2_v9_SOC060,constant_rule_following,RF,constant_rule_following,RF,RF,proposed_full,Full,True,True,38.47917004504325,27.62127882543121,31.45492245179204,5.592879552385974,38.47917004504325,27.62127882543121,31.45492245179204,5.592879552385974
B010,I032_L2_v9_SOC060,hcs_i_nlc,HCS-i NLC,hcs_i_nlc,HCS-i,HCS-i NLC,proposed_full,Full,False,True,,,,,41.20843097850688,32.32023816036696,43.91669409444887,
B010,I032_L2_v9_SOC060,oeac_i,OEAC-i,oeac_i,OEAC-i,OEAC-i,proposed_full,Full,False,True,,,,,41.20843097850688,32.32023816036696,43.91669409444887,
B010,I032_L2_v9_SOC060,kinematic_only_optimization,KINO,kinematic_only_optimization,KINO,KINO,proposed_full,Full,True,True,36.6717237649709,26.047864438086883,26.047728481339796,-0.00018384390945253864,36.6717237649709,26.047864438086883,26.047728481339796,-0.00018384390945253864
B010,I033_L2_v9_SOC064,constant_rule_following,RF,constant_rule_following,RF,RF,proposed_full,Full,True,True,37.338928314186184,30.46626347582194,34.1491705934171,5.5928029316924315,37.338928314186184,30.46626347582194,34.1491705934171,5.5928029316924315
B010,I033_L2_v9_SOC064,hcs_i_nlc,HCS-i NLC,hcs_i_nlc,HCS-i,HCS-i NLC,proposed_full,Full,False,True,,,,,40.118774020531,34.98052118901365,46.121117054010774,
B010,I033_L2_v9_SOC064,oeac_i,OEAC-i,oeac_i,OEAC-i,OEAC-i,proposed_full,Full,False,True,,,,,40.118774020531,34.98052118901365,46.121117054010774,
B010,I033_L2_v9_SOC064,kinematic_only_optimization,KINO,kinematic_only_optimization,KINO,KINO,proposed_full,Full,True,True,35.49798239380779,28.954695162959947,28.95451299796641,-0.00025640614376762827,35.49798239380779,28.954695162959947,28.95451299796641,-0.00025640614376762827
B010,I034_L2_v10_SOC056,constant_rule_following,RF,constant_rule_following,RF,RF,proposed_full,Full,True,True,38.672341890779734,27.522911582130426,31.310426974108793,5.513959725081912,38.672341890779734,27.522911582130426,31.310426974108793,5.513959725081912
B010,I034_L2_v10_SOC056,hcs_i_nlc,HCS-i NLC,hcs_i_nlc,HCS-i,HCS-i NLC,proposed_full,Full,False,True,,,,,41.71556321183146,32.66859330540773,44.203707528796215,
B010,I034_L2_v10_SOC056,oeac_i,OEAC-i,oeac_i,OEAC-i,OEAC-i,proposed_full,Full,False,True,,,,,41.71556321183146,32.66859330540773,44.203707528796215,
B010,I034_L2_v10_SOC056,kinematic_only_optimization,KINO,kinematic_only_optimization,KINO,KINO,proposed_full,Full,True,True,36.65399902844725,25.678427598943248,25.67846892601715,5.5605789204983165e-05,36.65399902844725,25.678427598943248,25.67846892601715,5.5605789204983165e-05
B010,I035_L2_v10_SOC060,constant_rule_following,RF,constant_rule_following,RF,RF,proposed_full,Full,True,True,38.81538341145186,27.71744240425805,31.494799656133857,5.513971542182383,38.81538341145186,27.71744240425805,31.494799656133857,5.513971542182383
B010,I035_L2_v10_SOC060,hcs_i_nlc,HCS-i NLC,hcs_i_nlc,HCS-i,HCS-i NLC,proposed_full,Full,False,True,,,,,41.85150667888591,32.8493129533024,44.35347279354889,
B010,I035_L2_v10_SOC060,oeac_i,OEAC-i,oeac_i,OEAC-i,OEAC-i,proposed_full,Full,False,True,,,,,41.85150667888591,32.8493129533024,44.35347279354889,
B010,I035_L2_v10_SOC060,kinematic_only_optimization,KINO,kinematic_only_optimization,KINO,KINO,proposed_full,Full,True,True,36.80174816133166,25.877909075042812,25.8779585925369,6.68053566109818e-05,36.80174816133166,25.877909075042812,25.8779585925369,6.68053566109818e-05
B010,I036_L2_v10_SOC064,constant_rule_following,RF,constant_rule_following,RF,RF,proposed_full,Full,True,True,39.40990054530494,26.86564289892639,30.687518737690002,5.513979256203341,39.40990054530494,26.86564289892639,30.687518737690002,5.513979256203341
B010,I036_L2_v10_SOC064,hcs_i_nlc,HCS-i NLC,hcs_i_nlc,HCS-i,HCS-i NLC,proposed_full,Full,False,True,,,,,42.41652248701985,32.05798896157321,43.69772141458869,
B010,I036_L2_v10_SOC064,oeac_i,OEAC-i,oeac_i,OEAC-i,OEAC-i,proposed_full,Full,False,True,,,,,42.41652248701985,32.05798896157321,43.69772141458869,
B010,I036_L2_v10_SOC064,kinematic_only_optimization,KINO,kinematic_only_optimization,KINO,KINO,proposed_full,Full,True,True,37.41583133521694,25.00443195298057,25.004487536850718,7.411626150759303e-05,37.41583133521694,25.00443195298057,25.004487536850718,7.411626150759303e-05
B010,I037_L2_v11_SOC056,constant_rule_following,RF,constant_rule_following,RF,RF,proposed_full,Full,True,True,37.08358323726625,29.56563500323513,33.34307771473514,5.66699238727835,37.08358323726625,29.56563500323513,33.34307771473514,5.66699238727835
B010,I037_L2_v11_SOC056,hcs_i_nlc,HCS-i NLC,hcs_i_nlc,HCS-i,HCS-i NLC,proposed_full,Full,False,True,,,,,40.47355420051885,34.95405650027709,46.20789703527039,
B010,I037_L2_v11_SOC056,oeac_i,OEAC-i,oeac_i,OEAC-i,OEAC-i,proposed_full,Full,False,True,,,,,40.47355420051885,34.95405650027709,46.20789703527039,
B010,I037_L2_v11_SOC056,kinematic_only_optimization,KINO,kinematic_only_optimization,KINO,KINO,proposed_full,Full,True,True,36.3470875144258,29.193972988693123,29.085756964644204,-0.15260125387640633,36.3470875144258,29.193972988693123,29.085756964644204,-0.15260125387640633
B010,I038_L2_v11_SOC060,constant_rule_following,RF,constant_rule_following,RF,RF,proposed_full,Full,True,True,38.041943609695224,28.776358391066825,32.45619902950947,5.448080483433761,38.041943609695224,28.776358391066825,32.45619902950947,5.448080483433761
B010,I038_L2_v11_SOC060,hcs_i_nlc,HCS-i NLC,hcs_i_nlc,HCS-i,HCS-i NLC,proposed_full,Full,False,True,,,,,41.380277591663315,34.225161706902995,45.49218637961311,
B010,I038_L2_v11_SOC060,oeac_i,OEAC-i,oeac_i,OEAC-i,OEAC-i,proposed_full,Full,False,True,,,,,41.380277591663315,34.225161706902995,45.49218637961311,
B010,I038_L2_v11_SOC060,kinematic_only_optimization,KINO,kinematic_only_optimization,KINO,KINO,proposed_full,Full,True,True,37.31666639470299,28.400531589410985,28.14223409453904,-0.3594566176908054,37.31666639470299,28.400531589410985,28.14223409453904,-0.3594566176908054
B010,I039_L2_v11_SOC064,constant_rule_following,RF,constant_rule_following,RF,RF,proposed_full,Full,True,True,38.90464351911587,28.490279096664278,32.18494060057504,5.448143136098307,38.90464351911587,28.490279096664278,32.18494060057504,5.448143136098307
B010,I039_L2_v11_SOC064,hcs_i_nlc,HCS-i NLC,hcs_i_nlc,HCS-i,HCS-i NLC,proposed_full,Full,False,True,,,,,42.19649475789206,33.960968260692425,45.27328096305568,
B010,I039_L2_v11_SOC064,oeac_i,OEAC-i,oeac_i,OEAC-i,OEAC-i,proposed_full,Full,False,True,,,,,42.19649475789206,33.960968260692425,45.27328096305568,
B010,I039_L2_v11_SOC064,kinematic_only_optimization,KINO,kinematic_only_optimization,KINO,KINO,proposed_full,Full,True,True,38.18946501644826,28.11294273633092,27.853650621204913,-0.3593974156122932,38.18946501644826,28.11294273633092,27.853650621204913,-0.3593974156122932
B010,I040_L2_v12_SOC056,constant_rule_following,RF,constant_rule_following,RF,RF,proposed_full,Full,True,True,39.52950474244931,24.96415562726884,29.105414095205518,5.841431210978558,39.52950474244931,24.96415562726884,29.105414095205518,5.841431210978558
B010,I040_L2_v12_SOC056,hcs_i_nlc,HCS-i NLC,hcs_i_nlc,HCS-i,HCS-i NLC,proposed_full,Full,False,True,,,,,43.19469934236866,31.287644955595663,43.28981840515245,
B010,I040_L2_v12_SOC056,oeac_i,OEAC-i,oeac_i,OEAC-i,OEAC-i,proposed_full,Full,False,True,,,,,43.19469934236866,31.287644955595663,43.28981840515245,
B010,I040_L2_v12_SOC056,kinematic_only_optimization,KINO,kinematic_only_optimization,KINO,KINO,proposed_full,Full,True,True,38.84705551534794,24.608411275674815,24.608436956661816,3.406347602119239e-05,38.84705551534794,24.608411275674815,24.608436956661816,3.406347602119239e-05
B010,I041_L2_v12_SOC060,constant_rule_following,RF,constant_rule_following,RF,RF,proposed_full,Full,True,True,39.7343344542754,24.815533453613604,28.96499442877744,5.84143119550179,39.7343344542754,24.815533453613604,28.96499442877744,5.84143119550179
B010,I041_L2_v12_SOC060,hcs_i_nlc,HCS-i NLC,hcs_i_nlc,HCS-i,HCS-i NLC,proposed_full,Full,False,True,,,,,43.387114061552616,31.151547605735214,43.17749354027041,
B010,I041_L2_v12_SOC060,oeac_i,OEAC-i,oeac_i,OEAC-i,OEAC-i,proposed_full,Full,False,True,,,,,43.387114061552616,31.151547605735214,43.17749354027041,
B010,I041_L2_v12_SOC060,kinematic_only_optimization,KINO,kinematic_only_optimization,KINO,KINO,proposed_full,Full,True,True,39.054196864906245,24.459084485456103,24.459110206262938,3.4048853416806424e-05,39.054196864906245,24.459084485456103,24.459110206262938,3.4048853416806424e-05
B010,I042_L2_v12_SOC064,constant_rule_following,RF,constant_rule_following,RF,RF,proposed_full,Full,True,True,39.55807806904936,24.318878666822748,28.495657659906524,5.841294187726274,39.55807806904936,24.318878666822748,28.495657659906524,5.841294187726274
B010,I042_L2_v12_SOC064,hcs_i_nlc,HCS-i NLC,hcs_i_nlc,HCS-i,HCS-i NLC,proposed_full,Full,False,True,,,,,43.22154080284275,30.696747365533238,42.802060451098384,
B010,I042_L2_v12_SOC064,oeac_i,OEAC-i,oeac_i,OEAC-i,OEAC-i,proposed_full,Full,False,True,,,,,43.22154080284275,30.696747365533238,42.802060451098384,
B010,I042_L2_v12_SOC064,kinematic_only_optimization,KINO,kinematic_only_optimization,KINO,KINO,proposed_full,Full,True,True,38.87595131069198,23.960075062203565,23.960002521983547,-9.53974518890776e-05,38.87595131069198,23.960075062203565,23.960002521983547,-9.53974518890776e-05
B010,I043_L2_v13_SOC056,constant_rule_following,RF,constant_rule_following,RF,RF,proposed_full,Full,True,True,40.38861683091529,25.078224267198088,29.210052801052417,5.836744760159607,40.38861683091529,25.078224267198088,29.210052801052417,5.836744760159607
B010,I043_L2_v13_SOC056,hcs_i_nlc,HCS-i NLC,hcs_i_nlc,HCS-i,HCS-i NLC,proposed_full,Full,False,True,,,,,44.197012953152395,31.71982484466872,43.65751004134928,
B010,I043_L2_v13_SOC056,oeac_i,OEAC-i,oeac_i,OEAC-i,OEAC-i,proposed_full,Full,False,True,,,,,44.197012953152395,31.71982484466872,43.65751004134928,
B010,I043_L2_v13_SOC056,kinematic_only_optimization,KINO,kinematic_only_optimization,KINO,KINO,proposed_full,Full,True,True,39.64045934807504,24.634246090483455,24.63413602026064,-0.00014604784847266106,39.64045934807504,24.634246090483455,24.63413602026064,-0.00014604784847266106
B010,I044_L2_v13_SOC060,constant_rule_following,RF,constant_rule_following,RF,RF,proposed_full,Full,True,True,40.2793140733908,29.32967927770623,33.22704615762676,5.836744753153809,40.2793140733908,29.32967927770623,33.22704615762676,5.836744753153809
B010,I044_L2_v13_SOC060,hcs_i_nlc,HCS-i NLC,hcs_i_nlc,HCS-i,HCS-i NLC,proposed_full,Full,False,True,,,,,44.09469322765595,35.59440055971565,46.8546788034715,
B010,I044_L2_v13_SOC060,oeac_i,OEAC-i,oeac_i,OEAC-i,OEAC-i,proposed_full,Full,False,True,,,,,44.09469322765595,35.59440055971565,46.8546788034715,
B010,I044_L2_v13_SOC060,kinematic_only_optimization,KINO,kinematic_only_optimization,KINO,KINO,proposed_full,Full,True,True,39.52978477745732,28.910894754311848,28.910790925345804,-0.00014605446790086482,39.52978477745732,28.910894754311848,28.910790925345804,-0.00014605446790086482
B010,I045_L2_v13_SOC064,constant_rule_following,RF,constant_rule_following,RF,RF,proposed_full,Full,True,True,40.40340970149144,29.029043927297717,32.94299020370266,5.836744418360661,40.40340970149144,29.029043927297717,32.94299020370266,5.836744418360661
B010,I045_L2_v13_SOC064,hcs_i_nlc,HCS-i NLC,hcs_i_nlc,HCS-i,HCS-i NLC,proposed_full,Full,False,True,,,,,44.210860750691424,35.32041567103675,46.628595576051026,
B010,I045_L2_v13_SOC064,oeac_i,OEAC-i,oeac_i,OEAC-i,OEAC-i,proposed_full,Full,False,True,,,,,44.210860750691424,35.32041567103675,46.628595576051026,
B010,I045_L2_v13_SOC064,kinematic_only_optimization,KINO,kinematic_only_optimization,KINO,KINO,proposed_full,Full,True,True,39.65543787776906,28.60847787198655,28.608373375493514,-0.00014637079722402765,39.65543787776906,28.60847787198655,28.608373375493514,-0.00014637079722402765
B010,I046_L2_v14_SOC056,constant_rule_following,RF,constant_rule_following,RF,RF,proposed_full,Full,True,True,40.38861683091529,25.078224267198088,29.210052801052417,5.836744760159607,40.38861683091529,25.078224267198088,29.210052801052417,5.836744760159607
B010,I046_L2_v14_SOC056,hcs_i_nlc,HCS-i NLC,hcs_i_nlc,HCS-i,HCS-i NLC,proposed_full,Full,False,True,,,,,44.197012953152395,31.71982484466872,43.65751004134928,
B010,I046_L2_v14_SOC056,oeac_i,OEAC-i,oeac_i,OEAC-i,OEAC-i,proposed_full,Full,False,True,,,,,44.197012953152395,31.71982484466872,43.65751004134928,
B010,I046_L2_v14_SOC056,kinematic_only_optimization,KINO,kinematic_only_optimization,KINO,KINO,proposed_full,Full,True,True,39.64045934807504,24.634246090483455,24.63413602026064,-0.00014604784847266106,39.64045934807504,24.634246090483455,24.63413602026064,-0.00014604784847266106
B010,I047_L2_v14_SOC060,constant_rule_following,RF,constant_rule_following,RF,RF,proposed_full,Full,True,True,40.2793140733908,29.32967927770623,33.22704615762676,5.836744753153809,40.2793140733908,29.32967927770623,33.22704615762676,5.836744753153809
B010,I047_L2_v14_SOC060,hcs_i_nlc,HCS-i NLC,hcs_i_nlc,HCS-i,HCS-i NLC,proposed_full,Full,False,True,,,,,44.09469322765595,35.59440055971565,46.8546788034715,
B010,I047_L2_v14_SOC060,oeac_i,OEAC-i,oeac_i,OEAC-i,OEAC-i,proposed_full,Full,False,True,,,,,44.09469322765595,35.59440055971565,46.8546788034715,
B010,I047_L2_v14_SOC060,kinematic_only_optimization,KINO,kinematic_only_optimization,KINO,KINO,proposed_full,Full,True,True,39.52978477745732,28.910894754311848,28.910790925345804,-0.00014605446790086482,39.52978477745732,28.910894754311848,28.910790925345804,-0.00014605446790086482
B010,I048_L2_v14_SOC064,constant_rule_following,RF,constant_rule_following,RF,RF,proposed_full,Full,True,True,40.40340970149144,29.029043927297717,32.94299020370266,5.836744418360661,40.40340970149144,29.029043927297717,32.94299020370266,5.836744418360661
B010,I048_L2_v14_SOC064,hcs_i_nlc,HCS-i NLC,hcs_i_nlc,HCS-i,HCS-i NLC,proposed_full,Full,False,True,,,,,44.210860750691424,35.32041567103675,46.628595576051026,
B010,I048_L2_v14_SOC064,oeac_i,OEAC-i,oeac_i,OEAC-i,OEAC-i,proposed_full,Full,False,True,,,,,44.210860750691424,35.32041567103675,46.628595576051026,
B010,I048_L2_v14_SOC064,kinematic_only_optimization,KINO,kinematic_only_optimization,KINO,KINO,proposed_full,Full,True,True,39.65543787776906,28.60847787198655,28.608373375493514,-0.00014637079722402765,39.65543787776906,28.60847787198655,28.608373375493514,-0.00014637079722402765
B010,I049_L2_v15_SOC056,constant_rule_following,RF,constant_rule_following,RF,RF,proposed_full,Full,True,True,40.38861683091529,25.078224267198088,29.210052801052417,5.836744760159607,40.38861683091529,25.078224267198088,29.210052801052417,5.836744760159607
B010,I049_L2_v15_SOC056,hcs_i_nlc,HCS-i NLC,hcs_i_nlc,HCS-i,HCS-i NLC,proposed_full,Full,False,True,,,,,44.197012953152395,31.71982484466872,43.65751004134928,
B010,I049_L2_v15_SOC056,oeac_i,OEAC-i,oeac_i,OEAC-i,OEAC-i,proposed_full,Full,False,True,,,,,44.197012953152395,31.71982484466872,43.65751004134928,
B010,I049_L2_v15_SOC056,kinematic_only_optimization,KINO,kinematic_only_optimization,KINO,KINO,proposed_full,Full,True,True,39.64045934807504,24.634246090483455,24.63413602026064,-0.00014604784847266106,39.64045934807504,24.634246090483455,24.63413602026064,-0.00014604784847266106
B010,I050_L2_v15_SOC060,constant_rule_following,RF,constant_rule_following,RF,RF,proposed_full,Full,True,True,40.2793140733908,29.32967927770623,33.22704615762676,5.836744753153809,40.2793140733908,29.32967927770623,33.22704615762676,5.836744753153809
B010,I050_L2_v15_SOC060,hcs_i_nlc,HCS-i NLC,hcs_i_nlc,HCS-i,HCS-i NLC,proposed_full,Full,False,True,,,,,44.09469322765595,35.59440055971565,46.8546788034715,
B010,I050_L2_v15_SOC060,oeac_i,OEAC-i,oeac_i,OEAC-i,OEAC-i,proposed_full,Full,False,True,,,,,44.09469322765595,35.59440055971565,46.8546788034715,
B010,I050_L2_v15_SOC060,kinematic_only_optimization,KINO,kinematic_only_optimization,KINO,KINO,proposed_full,Full,True,True,39.52978477745732,28.910894754311848,28.910790925345804,-0.00014605446790086482,39.52978477745732,28.910894754311848,28.910790925345804,-0.00014605446790086482
B010,I051_L2_v15_SOC064,constant_rule_following,RF,constant_rule_following,RF,RF,proposed_full,Full,True,True,40.40340970149144,29.029043927297717,32.94299020370266,5.836744418360661,40.40340970149144,29.029043927297717,32.94299020370266,5.836744418360661
B010,I051_L2_v15_SOC064,hcs_i_nlc,HCS-i NLC,hcs_i_nlc,HCS-i,HCS-i NLC,proposed_full,Full,False,True,,,,,44.210860750691424,35.32041567103675,46.628595576051026,
B010,I051_L2_v15_SOC064,oeac_i,OEAC-i,oeac_i,OEAC-i,OEAC-i,proposed_full,Full,False,True,,,,,44.210860750691424,35.32041567103675,46.628595576051026,
B010,I051_L2_v15_SOC064,kinematic_only_optimization,KINO,kinematic_only_optimization,KINO,KINO,proposed_full,Full,True,True,39.65543787776906,28.60847787198655,28.608373375493514,-0.00014637079722402765,39.65543787776906,28.60847787198655,28.608373375493514,-0.00014637079722402765
B010,I052_L2_v16_SOC056,constant_rule_following,RF,constant_rule_following,RF,RF,proposed_full,Full,True,True,40.38861683091529,25.078224267198088,29.210052801052417,5.836744760159607,40.38861683091529,25.078224267198088,29.210052801052417,5.836744760159607
B010,I052_L2_v16_SOC056,hcs_i_nlc,HCS-i NLC,hcs_i_nlc,HCS-i,HCS-i NLC,proposed_full,Full,False,True,,,,,44.197012953152395,31.71982484466872,43.65751004134928,
B010,I052_L2_v16_SOC056,oeac_i,OEAC-i,oeac_i,OEAC-i,OEAC-i,proposed_full,Full,False,True,,,,,44.197012953152395,31.71982484466872,43.65751004134928,
B010,I052_L2_v16_SOC056,kinematic_only_optimization,KINO,kinematic_only_optimization,KINO,KINO,proposed_full,Full,True,True,39.64045934807504,24.634246090483455,24.63413602026064,-0.00014604784847266106,39.64045934807504,24.634246090483455,24.63413602026064,-0.00014604784847266106
B010,I053_L2_v16_SOC060,constant_rule_following,RF,constant_rule_following,RF,RF,proposed_full,Full,True,True,40.2793140733908,29.32967927770623,33.22704615762676,5.836744753153809,40.2793140733908,29.32967927770623,33.22704615762676,5.836744753153809
B010,I053_L2_v16_SOC060,hcs_i_nlc,HCS-i NLC,hcs_i_nlc,HCS-i,HCS-i NLC,proposed_full,Full,False,True,,,,,44.09469322765595,35.59440055971565,46.8546788034715,
B010,I053_L2_v16_SOC060,oeac_i,OEAC-i,oeac_i,OEAC-i,OEAC-i,proposed_full,Full,False,True,,,,,44.09469322765595,35.59440055971565,46.8546788034715,
B010,I053_L2_v16_SOC060,kinematic_only_optimization,KINO,kinematic_only_optimization,KINO,KINO,proposed_full,Full,True,True,39.52978477745732,28.910894754311848,28.910790925345804,-0.00014605446790086482,39.52978477745732,28.910894754311848,28.910790925345804,-0.00014605446790086482
B010,I054_L2_v16_SOC064,constant_rule_following,RF,constant_rule_following,RF,RF,proposed_full,Full,True,True,40.40340970149144,29.029043927297717,32.94299020370266,5.836744418360661,40.40340970149144,29.029043927297717,32.94299020370266,5.836744418360661
B010,I054_L2_v16_SOC064,hcs_i_nlc,HCS-i NLC,hcs_i_nlc,HCS-i,HCS-i NLC,proposed_full,Full,False,True,,,,,44.210860750691424,35.32041567103675,46.628595576051026,
B010,I054_L2_v16_SOC064,oeac_i,OEAC-i,oeac_i,OEAC-i,OEAC-i,proposed_full,Full,False,True,,,,,44.210860750691424,35.32041567103675,46.628595576051026,
B010,I054_L2_v16_SOC064,kinematic_only_optimization,KINO,kinematic_only_optimization,KINO,KINO,proposed_full,Full,True,True,39.65543787776906,28.60847787198655,28.608373375493514,-0.00014637079722402765,39.65543787776906,28.60847787198655,28.608373375493514,-0.00014637079722402765
B010,I055_L3_v8_SOC056,constant_rule_following,RF,constant_rule_following,RF,RF,proposed_full,Full,True,True,37.57966941891221,23.869399506427914,23.234724167895607,-0.8267739959932147,37.57966941891221,23.869399506427914,23.234724167895607,-0.8267739959932147
B010,I055_L3_v8_SOC056,hcs_i_nlc,HCS-i NLC,hcs_i_nlc,HCS-i,HCS-i NLC,proposed_full,Full,False,True,,,,,40.43932334045308,29.09328055630334,41.24459082834489,
B010,I055_L3_v8_SOC056,oeac_i,OEAC-i,oeac_i,OEAC-i,OEAC-i,proposed_full,Full,False,True,,,,,40.43932334045308,29.09328055630334,41.24459082834489,
B010,I055_L3_v8_SOC056,kinematic_only_optimization,KINO,kinematic_only_optimization,KINO,KINO,proposed_full,Full,True,True,36.14846246142469,22.962625098139632,22.962682557458965,7.458634497039861e-05,36.14846246142469,22.962625098139632,22.962682557458965,7.458634497039861e-05
B010,I056_L3_v8_SOC060,constant_rule_following,RF,constant_rule_following,RF,RF,proposed_full,Full,True,True,37.395767475576996,22.961297317176516,22.31906780644612,-0.8267530944790682,37.395767475576996,22.961297317176516,22.31906780644612,-0.8267530944790682
B010,I056_L3_v8_SOC060,hcs_i_nlc,HCS-i NLC,hcs_i_nlc,HCS-i,HCS-i NLC,proposed_full,Full,False,True,,,,,40.26384647126506,28.247489944617673,40.543756191923336,
B010,I056_L3_v8_SOC060,oeac_i,OEAC-i,oeac_i,OEAC-i,OEAC-i,proposed_full,Full,False,True,,,,,40.26384647126506,28.247489944617673,40.543756191923336,
B010,I056_L3_v8_SOC060,kinematic_only_optimization,KINO,kinematic_only_optimization,KINO,KINO,proposed_full,Full,True,True,35.960343915288014,22.043706708569506,22.04378128314393,9.566212376498065e-05,35.960343915288014,22.043706708569506,22.04378128314393,9.566212376498065e-05
B010,I057_L3_v8_SOC064,constant_rule_following,RF,constant_rule_following,RF,RF,proposed_full,Full,True,True,37.67069651716649,25.991878671466516,25.374888102113626,-0.8267867928923879,37.67069651716649,25.991878671466516,25.374888102113626,-0.8267867928923879
B010,I057_L3_v8_SOC064,hcs_i_nlc,HCS-i NLC,hcs_i_nlc,HCS-i,HCS-i NLC,proposed_full,Full,False,True,,,,,40.52618022691794,31.070120798003398,42.88265186943882,
B010,I057_L3_v8_SOC064,oeac_i,OEAC-i,oeac_i,OEAC-i,OEAC-i,proposed_full,Full,False,True,,,,,40.52618022691794,31.070120798003398,42.88265186943882,
B010,I057_L3_v8_SOC064,kinematic_only_optimization,KINO,kinematic_only_optimization,KINO,KINO,proposed_full,Full,True,True,36.241576678012514,25.110384633706044,25.110430827653797,6.168275270700791e-05,36.241576678012514,25.110384633706044,25.110430827653797,6.168275270700791e-05
B010,I058_L3_v9_SOC056,constant_rule_following,RF,constant_rule_following,RF,RF,proposed_full,Full,True,True,37.727857586413506,22.96079929000902,22.246093874923087,-0.9191890809141348,37.727857586413506,22.96079929000902,22.246093874923087,-0.9191890809141348
B010,I058_L3_v9_SOC056,hcs_i_nlc,HCS-i NLC,hcs_i_nlc,HCS-i,HCS-i NLC,proposed_full,Full,False,True,,,,,40.75527841627705,28.541936692182976,40.78579313824692,
B010,I058_L3_v9_SOC056,oeac_i,OEAC-i,oeac_i,OEAC-i,OEAC-i,proposed_full,Full,False,True,,,,,40.75527841627705,28.541936692182976,40.78579313824692,
B010,I058_L3_v9_SOC056,kinematic_only_optimization,KINO,kinematic_only_optimization,KINO,KINO,proposed_full,Full,True,True,36.21155020378172,21.949393218901587,21.94948819981927,0.00012169160137416651,36.21155020378172,21.949393218901587,21.94948819981927,0.00012169160137416651
B010,I059_L3_v9_SOC060,constant_rule_following,RF,constant_rule_following,RF,RF,proposed_full,Full,True,True,38.04425756317927,24.903137949997255,24.20645360005895,-0.9191869005074765,38.04425756317927,24.903137949997255,24.20645360005895,-0.9191869005074765
B010,I059_L3_v9_SOC060,hcs_i_nlc,HCS-i NLC,hcs_i_nlc,HCS-i,HCS-i NLC,proposed_full,Full,False,True,,,,,41.05629630013413,30.343561808377356,42.27872323105684,
B010,I059_L3_v9_SOC060,oeac_i,OEAC-i,oeac_i,OEAC-i,OEAC-i,proposed_full,Full,False,True,,,,,41.05629630013413,30.343561808377356,42.27872323105684,
B010,I059_L3_v9_SOC060,kinematic_only_optimization,KINO,kinematic_only_optimization,KINO,KINO,proposed_full,Full,True,True,36.53565442199542,23.917231794449094,23.917326054977114,0.00012389223870379554,36.53565442199542,23.917231794449094,23.917326054977114,0.00012389223870379554
B010,I060_L3_v9_SOC064,constant_rule_following,RF,constant_rule_following,RF,RF,proposed_full,Full,True,True,38.135074204376444,24.276243440103308,23.573743300024592,-0.9191869004346368,38.135074204376444,24.276243440103308,23.573743300024592,-0.9191869004346368
B010,I060_L3_v9_SOC064,hcs_i_nlc,HCS-i NLC,hcs_i_nlc,HCS-i,HCS-i NLC,proposed_full,Full,False,True,,,,,41.14269780190294,29.762082935771204,41.79687684600798,
B010,I060_L3_v9_SOC064,oeac_i,OEAC-i,oeac_i,OEAC-i,OEAC-i,proposed_full,Full,False,True,,,,,41.14269780190294,29.762082935771204,41.79687684600798,
B010,I060_L3_v9_SOC064,kinematic_only_optimization,KINO,kinematic_only_optimization,KINO,KINO,proposed_full,Full,True,True,36.62868242028061,23.282107125007705,23.28220217246132,0.00012389231221940274,36.62868242028061,23.282107125007705,23.28220217246132,0.00012389231221940274
B010,I061_L3_v10_SOC056,constant_rule_following,RF,constant_rule_following,RF,RF,proposed_full,Full,True,True,37.8288995267846,26.04849469213623,25.30798200291459,-0.9914214518217243,37.8288995267846,26.04849469213623,25.30798200291459,-0.9914214518217243
B010,I061_L3_v10_SOC056,hcs_i_nlc,HCS-i NLC,hcs_i_nlc,HCS-i,HCS-i NLC,proposed_full,Full,False,True,,,,,41.17837398611468,31.85523675802985,43.52824658228183,
B010,I061_L3_v10_SOC056,oeac_i,OEAC-i,oeac_i,OEAC-i,OEAC-i,proposed_full,Full,False,True,,,,,41.17837398611468,31.85523675802985,43.52824658228183,
B010,I061_L3_v10_SOC056,kinematic_only_optimization,KINO,kinematic_only_optimization,KINO,KINO,proposed_full,Full,True,True,36.070158965999056,24.78063056051194,24.77874441920445,-0.0025074578893190085,36.070158965999056,24.78063056051194,24.77874441920445,-0.0025074578893190085
B010,I062_L3_v10_SOC060,constant_rule_following,RF,constant_rule_following,RF,RF,proposed_full,Full,True,True,38.68939609032178,29.2030163560656,28.495913975091145,-0.9888978662396188,38.68939609032178,29.2030163560656,28.495913975091145,-0.9888978662396188
B010,I062_L3_v10_SOC060,hcs_i_nlc,HCS-i NLC,hcs_i_nlc,HCS-i,HCS-i NLC,proposed_full,Full,False,True,,,,,41.992511208415,34.7620624005266,45.938518965767834,
B010,I062_L3_v10_SOC060,oeac_i,OEAC-i,oeac_i,OEAC-i,OEAC-i,proposed_full,Full,False,True,,,,,41.992511208415,34.7620624005266,45.938518965767834,
B010,I062_L3_v10_SOC060,kinematic_only_optimization,KINO,kinematic_only_optimization,KINO,KINO,proposed_full,Full,True,True,36.954997871833385,27.989235029834898,27.98926479452273,4.133368133429865e-05,36.954997871833385,27.989235029834898,27.98926479452273,4.133368133429865e-05
B010,I063_L3_v10_SOC064,constant_rule_following,RF,constant_rule_following,RF,RF,proposed_full,Full,True,True,38.03884064892523,29.878533551125887,29.17817807609118,-0.9888978509860675,38.03884064892523,29.878533551125887,29.17817807609118,-0.9888978509860675
B010,I063_L3_v10_SOC064,hcs_i_nlc,HCS-i NLC,hcs_i_nlc,HCS-i,HCS-i NLC,proposed_full,Full,False,True,,,,,41.37700450861623,35.38453734720451,46.45435253286919,
B010,I063_L3_v10_SOC064,oeac_i,OEAC-i,oeac_i,OEAC-i,OEAC-i,proposed_full,Full,False,True,,,,,41.37700450861623,35.38453734720451,46.45435253286919,
B010,I063_L3_v10_SOC064,kinematic_only_optimization,KINO,kinematic_only_optimization,KINO,KINO,proposed_full,Full,True,True,36.28603905277237,28.676333652728836,28.67636314440167,4.1349087240639016e-05,36.28603905277237,28.676333652728836,28.67636314440167,4.1349087240639016e-05
B010,I064_L3_v11_SOC056,constant_rule_following,RF,constant_rule_following,RF,RF,proposed_full,Full,True,True,39.57375494105248,27.087095073954234,26.580378032143432,-0.690165691717464,39.57375494105248,27.087095073954234,26.580378032143432,-0.690165691717464
B010,I064_L3_v11_SOC056,hcs_i_nlc,HCS-i NLC,hcs_i_nlc,HCS-i,HCS-i NLC,proposed_full,Full,False,True,,,,,43.086533179212815,33.21369829130615,44.85287966386385,
B010,I064_L3_v11_SOC056,oeac_i,OEAC-i,oeac_i,OEAC-i,OEAC-i,proposed_full,Full,False,True,,,,,43.086533179212815,33.21369829130615,44.85287966386385,
B010,I064_L3_v11_SOC056,kinematic_only_optimization,KINO,kinematic_only_optimization,KINO,KINO,proposed_full,Full,True,True,39.14120229859538,27.29949896427756,27.299434699903625,-8.839597556789137e-05,39.14120229859538,27.29949896427756,27.299434699903625,-8.839597556789137e-05
B010,I065_L3_v11_SOC060,constant_rule_following,RF,constant_rule_following,RF,RF,proposed_full,Full,True,True,39.77507743200797,26.399311630033502,25.88790167761435,-0.6900492146296151,39.77507743200797,26.399311630033502,25.88790167761435,-0.6900492146296151
B010,I065_L3_v11_SOC060,hcs_i_nlc,HCS-i NLC,hcs_i_nlc,HCS-i,HCS-i NLC,proposed_full,Full,False,True,,,,,43.27615212538589,32.583706760417,44.33274518442098,
B010,I065_L3_v11_SOC060,oeac_i,OEAC-i,oeac_i,OEAC-i,OEAC-i,proposed_full,Full,False,True,,,,,43.27615212538589,32.583706760417,44.33274518442098,
B010,I065_L3_v11_SOC060,kinematic_only_optimization,KINO,kinematic_only_optimization,KINO,KINO,proposed_full,Full,True,True,39.34396592784043,26.61371911463602,26.613740316278847,2.8890480198652407e-05,39.34396592784043,26.61371911463602,26.613740316278847,2.8890480198652407e-05
B010,I066_L3_v11_SOC064,constant_rule_following,RF,constant_rule_following,RF,RF,proposed_full,Full,True,True,39.15840417794498,24.68427928532071,24.160744900352984,-0.6903211065032622,39.15840417794498,24.68427928532071,24.160744900352984,-0.6903211065032622
B010,I066_L3_v11_SOC064,hcs_i_nlc,HCS-i NLC,hcs_i_nlc,HCS-i,HCS-i NLC,proposed_full,Full,False,True,,,,,42.69532813491382,31.01278227550814,43.03543909536613,
B010,I066_L3_v11_SOC064,oeac_i,OEAC-i,oeac_i,OEAC-i,OEAC-i,proposed_full,Full,False,True,,,,,42.69532813491382,31.01278227550814,43.03543909536613,
B010,I066_L3_v11_SOC064,kinematic_only_optimization,KINO,kinematic_only_optimization,KINO,KINO,proposed_full,Full,True,True,38.72287830638927,24.903682861389015,24.903498957044295,-0.0002448906968613671,38.72287830638927,24.903682861389015,24.903498957044295,-0.0002448906968613671
B010,I067_L3_v12_SOC056,constant_rule_following,RF,constant_rule_following,RF,RF,proposed_full,Full,True,True,38.65710186115677,30.1541203016156,29.67894678149089,-0.6757201412330959,38.65710186115677,30.1541203016156,29.67894678149089,-0.6757201412330959
B010,I067_L3_v12_SOC056,hcs_i_nlc,HCS-i NLC,hcs_i_nlc,HCS-i,HCS-i NLC,proposed_full,Full,False,True,,,,,42.63605132949978,36.565727784205265,47.64597378571674,
B010,I067_L3_v12_SOC056,oeac_i,OEAC-i,oeac_i,OEAC-i,OEAC-i,proposed_full,Full,False,True,,,,,42.63605132949978,36.565727784205265,47.64597378571674,
B010,I067_L3_v12_SOC056,kinematic_only_optimization,KINO,kinematic_only_optimization,KINO,KINO,proposed_full,Full,True,True,38.24565088370337,30.399553925497507,30.399590392682715,5.239507269352142e-05,38.24565088370337,30.399553925497507,30.399590392682715,5.239507269352142e-05
B010,I068_L3_v12_SOC060,constant_rule_following,RF,constant_rule_following,RF,RF,proposed_full,Full,True,True,38.63818836400363,28.48013068315248,27.993523084530572,-0.6757830954473136,38.63818836400363,28.48013068315248,27.993523084530572,-0.6757830954473136
B010,I068_L3_v12_SOC060,hcs_i_nlc,HCS-i NLC,hcs_i_nlc,HCS-i,HCS-i NLC,proposed_full,Full,False,True,,,,,42.618364638574015,35.04540455823178,46.391175793163214,
B010,I068_L3_v12_SOC060,oeac_i,OEAC-i,oeac_i,OEAC-i,OEAC-i,proposed_full,Full,False,True,,,,,42.618364638574015,35.04540455823178,46.391175793163214,
B010,I068_L3_v12_SOC060,kinematic_only_optimization,KINO,kinematic_only_optimization,KINO,KINO,proposed_full,Full,True,True,38.22661052627584,28.731446591575356,28.731438760968512,-1.0987463069256646e-05,38.22661052627584,28.731446591575356,28.731438760968512,-1.0987463069256646e-05
B010,I069_L3_v12_SOC064,constant_rule_following,RF,constant_rule_following,RF,RF,proposed_full,Full,True,True,39.97819386232627,25.305224758769,24.796952224770326,-0.675866934964948,39.97819386232627,25.305224758769,24.796952224770326,-0.675866934964948
B010,I069_L3_v12_SOC064,hcs_i_nlc,HCS-i NLC,hcs_i_nlc,HCS-i,HCS-i NLC,proposed_full,Full,False,True,,,,,43.871451938916195,32.16194389402971,44.01132869292592,
B010,I069_L3_v12_SOC064,oeac_i,OEAC-i,oeac_i,OEAC-i,OEAC-i,proposed_full,Full,False,True,,,,,43.871451938916195,32.16194389402971,44.01132869292592,
B010,I069_L3_v12_SOC064,kinematic_only_optimization,KINO,kinematic_only_optimization,KINO,KINO,proposed_full,Full,True,True,39.575603969231125,25.56769706854111,25.567626061991923,-9.539739957355593e-05,39.575603969231125,25.56769706854111,25.567626061991923,-9.539739957355593e-05
B010,I070_L3_v13_SOC056,constant_rule_following,RF,constant_rule_following,RF,RF,proposed_full,Full,True,True,41.121878249723835,28.036330790374606,27.536547731163857,-0.689703627915195,41.121878249723835,28.036330790374606,27.536547731163857,-0.689703627915195
B010,I070_L3_v13_SOC056,hcs_i_nlc,HCS-i NLC,hcs_i_nlc,HCS-i,HCS-i NLC,proposed_full,Full,False,True,,,,,45.36243279446911,35.22814065177523,46.5524831749064,
B010,I070_L3_v13_SOC056,oeac_i,OEAC-i,oeac_i,OEAC-i,OEAC-i,proposed_full,Full,False,True,,,,,45.36243279446911,35.22814065177523,46.5524831749064,
B010,I070_L3_v13_SOC056,kinematic_only_optimization,KINO,kinematic_only_optimization,KINO,KINO,proposed_full,Full,True,True,40.54998300289744,28.04288427019507,28.042819096226346,-9.057326580173743e-05,40.54998300289744,28.04288427019507,28.042819096226346,-9.057326580173743e-05
B010,I071_L3_v13_SOC060,constant_rule_following,RF,constant_rule_following,RF,RF,proposed_full,Full,True,True,41.137052501496676,27.424033810827773,26.91999682014137,-0.6897057591061091,41.137052501496676,27.424033810827773,26.91999682014137,-0.6897057591061091
B010,I071_L3_v13_SOC060,hcs_i_nlc,HCS-i NLC,hcs_i_nlc,HCS-i,HCS-i NLC,proposed_full,Full,False,True,,,,,45.376514157399605,34.67703459681541,46.09772820314289,
B010,I071_L3_v13_SOC060,oeac_i,OEAC-i,oeac_i,OEAC-i,OEAC-i,proposed_full,Full,False,True,,,,,45.376514157399605,34.67703459681541,46.09772820314289,
B010,I071_L3_v13_SOC060,kinematic_only_optimization,KINO,kinematic_only_optimization,KINO,KINO,proposed_full,Full,True,True,40.565304645283376,27.430643050394004,27.43057576456395,-9.271925575610448e-05,40.565304645283376,27.430643050394004,27.43057576456395,-9.271925575610448e-05
B010,I072_L3_v13_SOC064,constant_rule_following,RF,constant_rule_following,RF,RF,proposed_full,Full,True,True,39.88065395296843,29.182109924616253,28.690285253242088,-0.6897021999327755,39.88065395296843,29.182109924616253,28.690285253242088,-0.6897021999327755
B010,I072_L3_v13_SOC064,hcs_i_nlc,HCS-i NLC,hcs_i_nlc,HCS-i,HCS-i NLC,proposed_full,Full,False,True,,,,,44.21060468047541,36.25941442842286,47.40345568162945,
B010,I072_L3_v13_SOC064,oeac_i,OEAC-i,oeac_i,OEAC-i,OEAC-i,proposed_full,Full,False,True,,,,,44.21060468047541,36.25941442842286,47.40345568162945,
B010,I072_L3_v13_SOC064,kinematic_only_optimization,KINO,kinematic_only_optimization,KINO,KINO,proposed_full,Full,True,True,39.296702440513,29.188559062335802,29.188495944241474,-8.913536743838116e-05,39.296702440513,29.188559062335802,29.188495944241474,-8.913536743838116e-05
B010,I073_L3_v14_SOC056,constant_rule_following,RF,constant_rule_following,RF,RF,proposed_full,Full,True,True,40.14580437365561,31.622039052812312,31.141045773511852,-0.6985195820987947,40.14580437365561,31.622039052812312,31.141045773511852,-0.6985195820987947
B010,I073_L3_v14_SOC056,hcs_i_nlc,HCS-i NLC,hcs_i_nlc,HCS-i,HCS-i NLC,proposed_full,Full,False,True,,,,,44.45665828237725,38.455505150962246,49.21566505185927,
B010,I073_L3_v14_SOC056,oeac_i,OEAC-i,oeac_i,OEAC-i,OEAC-i,proposed_full,Full,False,True,,,,,44.45665828237725,38.455505150962246,49.21566505185927,
B010,I073_L3_v14_SOC056,kinematic_only_optimization,KINO,kinematic_only_optimization,KINO,KINO,proposed_full,Full,True,True,39.53278553645911,31.541811282063776,31.541845502117496,4.998681890661386e-05,39.53278553645911,31.541811282063776,31.541845502117496,4.998681890661386e-05
B010,I074_L3_v14_SOC060,constant_rule_following,RF,constant_rule_following,RF,RF,proposed_full,Full,True,True,41.022892193818976,25.648854528508046,25.12573864292124,-0.6986591601779365,41.022892193818976,25.648854528508046,25.12573864292124,-0.6986591601779365
B010,I074_L3_v14_SOC060,hcs_i_nlc,HCS-i NLC,hcs_i_nlc,HCS-i,HCS-i NLC,proposed_full,Full,False,True,,,,,45.270575970216946,33.07926083048115,44.779301247508286,
B010,I074_L3_v14_SOC060,oeac_i,OEAC-i,oeac_i,OEAC-i,OEAC-i,proposed_full,Full,False,True,,,,,45.270575970216946,33.07926083048115,44.779301247508286,
B010,I074_L3_v14_SOC060,kinematic_only_optimization,KINO,kinematic_only_optimization,KINO,KINO,proposed_full,Full,True,True,40.41885637527321,25.561618428291705,25.56155100702946,-9.05731690463314e-05,40.41885637527321,25.561618428291705,25.56155100702946,-9.05731690463314e-05
B010,I075_L3_v14_SOC064,constant_rule_following,RF,constant_rule_following,RF,RF,proposed_full,Full,True,True,40.29462403190548,31.058351445193217,30.573393025932102,-0.6985195451684004,40.29462403190548,31.058351445193217,30.573393025932102,-0.6985195451684004
B010,I075_L3_v14_SOC064,hcs_i_nlc,HCS-i NLC,hcs_i_nlc,HCS-i,HCS-i NLC,proposed_full,Full,False,True,,,,,44.594759564099846,37.948150608898985,48.79701409221061,
B010,I075_L3_v14_SOC064,oeac_i,OEAC-i,oeac_i,OEAC-i,OEAC-i,proposed_full,Full,False,True,,,,,44.594759564099846,37.948150608898985,48.79701409221061,
B010,I075_L3_v14_SOC064,kinematic_only_optimization,KINO,kinematic_only_optimization,KINO,KINO,proposed_full,Full,True,True,39.68312938616955,30.977462300523445,30.977496828346712,5.0024009100090826e-05,39.68312938616955,30.977462300523445,30.977496828346712,5.0024009100090826e-05
B010,I076_L3_v15_SOC056,constant_rule_following,RF,constant_rule_following,RF,RF,proposed_full,Full,True,True,40.14580437365561,31.622039052812312,31.141045773511852,-0.6985195820987947,40.14580437365561,31.622039052812312,31.141045773511852,-0.6985195820987947
B010,I076_L3_v15_SOC056,hcs_i_nlc,HCS-i NLC,hcs_i_nlc,HCS-i,HCS-i NLC,proposed_full,Full,False,True,,,,,44.45665828237725,38.455505150962246,49.21566505185927,
B010,I076_L3_v15_SOC056,oeac_i,OEAC-i,oeac_i,OEAC-i,OEAC-i,proposed_full,Full,False,True,,,,,44.45665828237725,38.455505150962246,49.21566505185927,
B010,I076_L3_v15_SOC056,kinematic_only_optimization,KINO,kinematic_only_optimization,KINO,KINO,proposed_full,Full,True,True,39.53278553645911,31.541811282063776,31.541845502117496,4.998681890661386e-05,39.53278553645911,31.541811282063776,31.541845502117496,4.998681890661386e-05
B010,I077_L3_v15_SOC060,constant_rule_following,RF,constant_rule_following,RF,RF,proposed_full,Full,True,True,41.022892193818976,25.648854528508046,25.12573864292124,-0.6986591601779365,41.022892193818976,25.648854528508046,25.12573864292124,-0.6986591601779365
B010,I077_L3_v15_SOC060,hcs_i_nlc,HCS-i NLC,hcs_i_nlc,HCS-i,HCS-i NLC,proposed_full,Full,False,True,,,,,45.270575970216946,33.07926083048115,44.779301247508286,
B010,I077_L3_v15_SOC060,oeac_i,OEAC-i,oeac_i,OEAC-i,OEAC-i,proposed_full,Full,False,True,,,,,45.270575970216946,33.07926083048115,44.779301247508286,
B010,I077_L3_v15_SOC060,kinematic_only_optimization,KINO,kinematic_only_optimization,KINO,KINO,proposed_full,Full,True,True,40.41885637527321,25.561618428291705,25.56155100702946,-9.05731690463314e-05,40.41885637527321,25.561618428291705,25.56155100702946,-9.05731690463314e-05
B010,I078_L3_v15_SOC064,constant_rule_following,RF,constant_rule_following,RF,RF,proposed_full,Full,True,True,40.29462403190548,31.058351445193217,30.573393025932102,-0.6985195451684004,40.29462403190548,31.058351445193217,30.573393025932102,-0.6985195451684004
B010,I078_L3_v15_SOC064,hcs_i_nlc,HCS-i NLC,hcs_i_nlc,HCS-i,HCS-i NLC,proposed_full,Full,False,True,,,,,44.594759564099846,37.948150608898985,48.79701409221061,
B010,I078_L3_v15_SOC064,oeac_i,OEAC-i,oeac_i,OEAC-i,OEAC-i,proposed_full,Full,False,True,,,,,44.594759564099846,37.948150608898985,48.79701409221061,
B010,I078_L3_v15_SOC064,kinematic_only_optimization,KINO,kinematic_only_optimization,KINO,KINO,proposed_full,Full,True,True,39.68312938616955,30.977462300523445,30.977496828346712,5.0024009100090826e-05,39.68312938616955,30.977462300523445,30.977496828346712,5.0024009100090826e-05
B010,I079_L3_v16_SOC056,constant_rule_following,RF,constant_rule_following,RF,RF,proposed_full,Full,True,True,40.14580437365561,31.622039052812312,31.141045773511852,-0.6985195820987947,40.14580437365561,31.622039052812312,31.141045773511852,-0.6985195820987947
B010,I079_L3_v16_SOC056,hcs_i_nlc,HCS-i NLC,hcs_i_nlc,HCS-i,HCS-i NLC,proposed_full,Full,False,True,,,,,44.45665828237725,38.455505150962246,49.21566505185927,
B010,I079_L3_v16_SOC056,oeac_i,OEAC-i,oeac_i,OEAC-i,OEAC-i,proposed_full,Full,False,True,,,,,44.45665828237725,38.455505150962246,49.21566505185927,
B010,I079_L3_v16_SOC056,kinematic_only_optimization,KINO,kinematic_only_optimization,KINO,KINO,proposed_full,Full,True,True,39.53278553645911,31.541811282063776,31.541845502117496,4.998681890661386e-05,39.53278553645911,31.541811282063776,31.541845502117496,4.998681890661386e-05
B010,I080_L3_v16_SOC060,constant_rule_following,RF,constant_rule_following,RF,RF,proposed_full,Full,True,True,41.022892193818976,25.648854528508046,25.12573864292124,-0.6986591601779365,41.022892193818976,25.648854528508046,25.12573864292124,-0.6986591601779365
B010,I080_L3_v16_SOC060,hcs_i_nlc,HCS-i NLC,hcs_i_nlc,HCS-i,HCS-i NLC,proposed_full,Full,False,True,,,,,45.270575970216946,33.07926083048115,44.779301247508286,
B010,I080_L3_v16_SOC060,oeac_i,OEAC-i,oeac_i,OEAC-i,OEAC-i,proposed_full,Full,False,True,,,,,45.270575970216946,33.07926083048115,44.779301247508286,
B010,I080_L3_v16_SOC060,kinematic_only_optimization,KINO,kinematic_only_optimization,KINO,KINO,proposed_full,Full,True,True,40.41885637527321,25.561618428291705,25.56155100702946,-9.05731690463314e-05,40.41885637527321,25.561618428291705,25.56155100702946,-9.05731690463314e-05
B010,I081_L3_v16_SOC064,constant_rule_following,RF,constant_rule_following,RF,RF,proposed_full,Full,True,True,40.29462403190548,31.058351445193217,30.573393025932102,-0.6985195451684004,40.29462403190548,31.058351445193217,30.573393025932102,-0.6985195451684004
B010,I081_L3_v16_SOC064,hcs_i_nlc,HCS-i NLC,hcs_i_nlc,HCS-i,HCS-i NLC,proposed_full,Full,False,True,,,,,44.594759564099846,37.948150608898985,48.79701409221061,
B010,I081_L3_v16_SOC064,oeac_i,OEAC-i,oeac_i,OEAC-i,OEAC-i,proposed_full,Full,False,True,,,,,44.594759564099846,37.948150608898985,48.79701409221061,
B010,I081_L3_v16_SOC064,kinematic_only_optimization,KINO,kinematic_only_optimization,KINO,KINO,proposed_full,Full,True,True,39.68312938616955,30.977462300523445,30.977496828346712,5.0024009100090826e-05,39.68312938616955,30.977462300523445,30.977496828346712,5.0024009100090826e-05
